year,gdp_per_capita,county_code,gdp,gdp_density,county,economy_unit,match_status,gb,year_display
2024,,110101,,,东城区,亿元,no_data,156110101,2024
2024,,110102,,,西城区,亿元,no_data,156110102,2024
2024,,110105,,,朝阳区,亿元,no_data,156110105,2024
2024,,110106,,,丰台区,亿元,no_data,156110106,2024
2024,,110107,,,石景山区,亿元,no_data,156110107,2024
2024,,110108,,,海淀区,亿元,no_data,156110108,2024
2024,,110109,,,门头沟区,亿元,no_data,156110109,2024
2024,,110111,,,房山区,亿元,no_data,156110111,2024
2024,,110112,1787.9,,通州区,亿元,matched,156110112,2024
2024,,110113,,,顺义区,亿元,no_data,156110113,2024
2024,,110114,,,昌平区,亿元,no_data,156110114,2024
2024,,110115,4290.5649,,大兴区,亿元,matched,156110115,2024
2024,,110116,564.4621,,怀柔区,亿元,matched,156110116,2024
2024,,110117,,,平谷区,亿元,no_data,156110117,2024
2024,,110118,,,密云区,亿元,no_data,156110118,2024
2024,,110119,,,延庆区,亿元,no_data,156110119,2024
2024,,120101,,,和平区,亿元,no_data,156120101,2024
2024,,120102,,,河东区,亿元,no_data,156120102,2024
2024,,120103,,,河西区,亿元,no_data,156120103,2024
2024,,120104,,,南开区,亿元,no_data,156120104,2024
2024,,120105,,,河北区,亿元,no_data,156120105,2024
2024,,120106,,,红桥区,亿元,no_data,156120106,2024
2024,,120110,,,东丽区,亿元,no_data,156120110,2024
2024,,120111,,,西青区,亿元,no_data,156120111,2024
2024,,120112,,,津南区,亿元,no_data,156120112,2024
2024,,120113,,,北辰区,亿元,no_data,156120113,2024
2024,,120114,,,武清区,亿元,no_data,156120114,2024
2024,,120115,,,宝坻区,亿元,no_data,156120115,2024
2024,,120116,,,滨海新区,亿元,no_data,156120116,2024
2024,,120117,,,宁河区,亿元,no_data,156120117,2024
2024,,120118,,,静海区,亿元,no_data,156120118,2024
2024,,120119,,,蓟州区,亿元,no_data,156120119,2024
2024,,130102,1593.02,,长安区,亿元,matched,156130102,2024
2024,,130104,,,桥西区,亿元,no_data,156130104,2024
2024,,130105,,,新华区,亿元,no_data,156130105,2024
2024,,130107,,,井陉矿区,亿元,no_data,156130107,2024
2024,,130108,,,裕华区,亿元,no_data,156130108,2024
2024,,130109,672.7384,,藁城区,亿元,matched,156130109,2024
2024,,130110,461.8638,,鹿泉区,亿元,matched,156130110,2024
2024,,130111,238.4233,,栾城区,亿元,matched,156130111,2024
2024,,130121,133.0988,,井陉县,亿元,matched,156130121,2024
2024,,130123,387.6713,,正定县,亿元,matched,156130123,2024
2024,,130125,172.9279,,行唐县,亿元,matched,156130125,2024
2024,,130126,170.4988,,灵寿县,亿元,matched,156130126,2024
2024,,130127,110.0424,,高邑县,亿元,matched,156130127,2024
2024,,130128,115.7634,,深泽县,亿元,matched,156130128,2024
2024,,130129,113.8165,,赞皇县,亿元,matched,156130129,2024
2024,,130130,182.8326,,无极县,亿元,matched,156130130,2024
2024,,130131,337.9657,,平山县,亿元,matched,156130131,2024
2024,,130132,225.3513,,元氏县,亿元,matched,156130132,2024
2024,,130133,196.7656,,赵县,亿元,matched,156130133,2024
2024,,130181,352.8198,,辛集市,亿元,matched,156130181,2024
2024,,130183,227.1307,,晋州市,亿元,matched,156130183,2024
2024,,130184,208.1279,,新乐市,亿元,matched,156130184,2024
2024,,130202,,,路南区,亿元,no_data,156130202,2024
2024,,130203,,,路北区,亿元,no_data,156130203,2024
2024,,130204,,,古冶区,亿元,no_data,156130204,2024
2024,,130205,,,开平区,亿元,no_data,156130205,2024
2024,,130207,1101.0657,,丰南区,亿元,matched,156130207,2024
2024,,130208,1031.5378,,丰润区,亿元,matched,156130208,2024
2024,,130209,1220.7896,,曹妃甸区,亿元,matched,156130209,2024
2024,,130224,348.6575,,滦南县,亿元,matched,156130224,2024
2024,,130225,545.2423,,乐亭县,亿元,matched,156130225,2024
2024,,130227,341.6099,,迁西县,亿元,matched,156130227,2024
2024,,130229,368.801,,玉田县,亿元,matched,156130229,2024
2024,,130281,627.2042,,遵化市,亿元,matched,156130281,2024
2024,,130283,1344.0626,,迁安市,亿元,matched,156130283,2024
2024,,130284,,,滦州市,亿元,no_data,156130284,2024
2024,,130302,,,海港区,亿元,no_data,156130302,2024
2024,,130303,,,山海关区,亿元,no_data,156130303,2024
2024,,130304,,,北戴河区,亿元,no_data,156130304,2024
2024,,130306,150.4517,,抚宁区,亿元,matched,156130306,2024
2024,,130321,148.4645,,青龙满族自治县,亿元,matched,156130321,2024
2024,,130322,362.8991,,昌黎县,亿元,matched,156130322,2024
2024,,130324,137.48,,卢龙县,亿元,matched,156130324,2024
2024,,130402,,,邯山区,亿元,no_data,156130402,2024
2024,,130403,,,丛台区,亿元,no_data,156130403,2024
2024,,130404,,,复兴区,亿元,no_data,156130404,2024
2024,,130406,,,峰峰矿区,亿元,no_data,156130406,2024
2024,,130407,198.3919,,肥乡区,亿元,matched,156130407,2024
2024,,130408,287.0142,,永年区,亿元,matched,156130408,2024
2024,,130423,196.977,,临漳县,亿元,matched,156130423,2024
2024,,130424,211.1485,,成安县,亿元,matched,156130424,2024
2024,,130425,202.7815,,大名县,亿元,matched,156130425,2024
2024,,130426,233.5843,,涉县,亿元,matched,156130426,2024
2024,,130427,139.2794,,磁县,亿元,matched,156130427,2024
2024,,130430,124.0213,,邱县,亿元,matched,156130430,2024
2024,,130431,138.8694,,鸡泽县,亿元,matched,156130431,2024
2024,,130432,102.7,,广平县,亿元,matched,156130432,2024
2024,,130433,128.6815,,馆陶县,亿元,matched,156130433,2024
2024,,130434,238.3743,,魏县,亿元,matched,156130434,2024
2024,,130435,144.9546,,曲周县,亿元,matched,156130435,2024
2024,,130481,830.4465,,武安市,亿元,matched,156130481,2024
2024,,130502,,,襄都区,亿元,no_data,156130502,2024
2024,,130503,388.0049,,信都区,亿元,matched,156130503,2024
2024,,130505,,,任泽区,亿元,no_data,156130505,2024
2024,,130506,105.5695,,南和区,亿元,matched,156130506,2024
2024,,130522,68.9621,,临城县,亿元,matched,156130522,2024
2024,,130523,78.1387,,内丘县,亿元,matched,156130523,2024
2024,,130524,62.0099,,柏乡县,亿元,matched,156130524,2024
2024,,130525,154.2538,,隆尧县,亿元,matched,156130525,2024
2024,,130528,347.9899,,宁晋县,亿元,matched,156130528,2024
2024,,130529,125.905,,巨鹿县,亿元,matched,156130529,2024
2024,,130530,66.4819,,新河县,亿元,matched,156130530,2024
2024,,130531,81.7997,,广宗县,亿元,matched,156130531,2024
2024,,130532,128.7171,,平乡县,亿元,matched,156130532,2024
2024,,130533,140.0017,,威县,亿元,matched,156130533,2024
2024,,130534,187.7798,,清河县,亿元,matched,156130534,2024
2024,,130535,111.2451,,临西县,亿元,matched,156130535,2024
2024,,130581,133.5193,,南宫市,亿元,matched,156130581,2024
2024,,130582,183.7738,,沙河市,亿元,matched,156130582,2024
2024,,130602,,,竞秀区,亿元,no_data,156130602,2024
2024,,130606,,,莲池区,亿元,no_data,156130606,2024
2024,,130607,168.9731,,满城区,亿元,matched,156130607,2024
2024,,130608,191.1745,,清苑区,亿元,matched,156130608,2024
2024,,130609,224.9778,,徐水区,亿元,matched,156130609,2024
2024,,130623,117.7708,,涞水县,亿元,matched,156130623,2024
2024,,130624,81.0727,,阜平县,亿元,matched,156130624,2024
2024,,130626,220.1825,,定兴县,亿元,matched,156130626,2024
2024,,130627,171.1959,,唐县,亿元,matched,156130627,2024
2024,,130628,135.2792,,高阳县,亿元,matched,156130628,2024
2024,,130629,219.4751,,容城县,亿元,matched,156130629,2024
2024,,130630,,,涞源县,亿元,no_data,156130630,2024
2024,,130631,,,望都县,亿元,no_data,156130631,2024
2024,,130632,,,安新县,亿元,no_data,156130632,2024
2024,,130633,,,易县,亿元,no_data,156130633,2024
2024,,130634,,,曲阳县,亿元,no_data,156130634,2024
2024,,130635,,,蠡县,亿元,no_data,156130635,2024
2024,,130636,,,顺平县,亿元,no_data,156130636,2024
2024,,130637,,,博野县,亿元,no_data,156130637,2024
2024,,130638,,,雄县,亿元,no_data,156130638,2024
2024,,130681,,,涿州市,亿元,no_data,156130681,2024
2024,,130682,,,定州市,亿元,no_data,156130682,2024
2024,,130683,,,安国市,亿元,no_data,156130683,2024
2024,,130684,,,高碑店市,亿元,no_data,156130684,2024
2024,,130702,,,桥东区,亿元,no_data,156130702,2024
2024,,130703,,,桥西区,亿元,no_data,156130703,2024
2024,,130705,,,宣化区,亿元,no_data,156130705,2024
2024,,130706,,,下花园区,亿元,no_data,156130706,2024
2024,,130708,90.4142,,万全区,亿元,matched,156130708,2024
2024,,130709,44.9669,,崇礼区,亿元,matched,156130709,2024
2024,,130722,191.0555,,张北县,亿元,matched,156130722,2024
2024,,130723,88.1381,,康保县,亿元,matched,156130723,2024
2024,,130724,93.7109,,沽源县,亿元,matched,156130724,2024
2024,,130725,81.2986,,尚义县,亿元,matched,156130725,2024
2024,,130726,95.4683,,蔚县,亿元,matched,156130726,2024
2024,,130727,66.3799,,阳原县,亿元,matched,156130727,2024
2024,,130728,68.0441,,怀安县,亿元,matched,156130728,2024
2024,,130730,148.1059,,怀来县,亿元,matched,156130730,2024
2024,,130731,87.0689,,涿鹿县,亿元,matched,156130731,2024
2024,,130732,77.921,,赤城县,亿元,matched,156130732,2024
2024,,130802,,,双桥区,亿元,no_data,156130802,2024
2024,,130803,,,双滦区,亿元,no_data,156130803,2024
2024,,130804,,,鹰手营子矿区,亿元,no_data,156130804,2024
2024,,130821,168.312,,承德县,亿元,matched,156130821,2024
2024,,130822,128.3153,,兴隆县,亿元,matched,156130822,2024
2024,,130824,211.385,,滦平县,亿元,matched,156130824,2024
2024,,130825,196.3042,,隆化县,亿元,matched,156130825,2024
2024,,130826,201.2,,丰宁满族自治县,亿元,matched,156130826,2024
2024,,130827,141.0432,,宽城满族自治县,亿元,matched,156130827,2024
2024,,130828,216.1093,,围场满族蒙古族自治县,亿元,matched,156130828,2024
2024,,130881,180.6417,,平泉市,亿元,matched,156130881,2024
2024,,130902,,,新华区,亿元,no_data,156130902,2024
2024,,130903,,,运河区,亿元,no_data,156130903,2024
2024,,130921,284.1482,,沧县,亿元,matched,156130921,2024
2024,,130922,252.4079,,青县,亿元,matched,156130922,2024
2024,,130923,200.0584,,东光县,亿元,matched,156130923,2024
2024,,130924,88.7557,,海兴县,亿元,matched,156130924,2024
2024,,130925,149.9678,,盐山县,亿元,matched,156130925,2024
2024,,130926,169.3539,,肃宁县,亿元,matched,156130926,2024
2024,,130927,145.2529,,南皮县,亿元,matched,156130927,2024
2024,,130928,104.8535,,吴桥县,亿元,matched,156130928,2024
2024,,130929,273.9536,,献县,亿元,matched,156130929,2024
2024,,130930,114.5281,,孟村回族自治县,亿元,matched,156130930,2024
2024,,130981,303.2596,,泊头市,亿元,matched,156130981,2024
2024,,130982,702.2141,,任丘市,亿元,matched,156130982,2024
2024,,130983,908.8587,,黄骅市,亿元,matched,156130983,2024
2024,,130984,314.7566,,河间市,亿元,matched,156130984,2024
2024,,131002,,,安次区,亿元,no_data,156131002,2024
2024,,131003,,,广阳区,亿元,no_data,156131003,2024
2024,,131022,394.7015,,固安县,亿元,matched,156131022,2024
2024,,131023,249.5426,,永清县,亿元,matched,156131023,2024
2024,,131024,275.3605,,香河县,亿元,matched,156131024,2024
2024,,131025,235.9917,,大城县,亿元,matched,156131025,2024
2024,,131026,261.8603,,文安县,亿元,matched,156131026,2024
2024,,131028,175.0313,,大厂回族自治县,亿元,matched,156131028,2024
2024,,131081,481.7041,,霸州市,亿元,matched,156131081,2024
2024,,131082,673.8944,,三河市,亿元,matched,156131082,2024
2024,,131102,,,桃城区,亿元,no_data,156131102,2024
2024,,131103,,,冀州区,亿元,no_data,156131103,2024
2024,,131121,,,枣强县,亿元,no_data,156131121,2024
2024,,131122,,,武邑县,亿元,no_data,156131122,2024
2024,,131123,,,武强县,亿元,no_data,156131123,2024
2024,,131124,,,饶阳县,亿元,no_data,156131124,2024
2024,,131125,,,安平县,亿元,no_data,156131125,2024
2024,,131126,,,故城县,亿元,no_data,156131126,2024
2024,,131127,,,景县,亿元,no_data,156131127,2024
2024,,131128,,,阜城县,亿元,no_data,156131128,2024
2024,,131182,,,深州市,亿元,no_data,156131182,2024
2024,,140105,,,小店区,亿元,no_data,156140105,2024
2024,,140106,,,迎泽区,亿元,no_data,156140106,2024
2024,,140107,,,杏花岭区,亿元,no_data,156140107,2024
2024,,140108,,,尖草坪区,亿元,no_data,156140108,2024
2024,,140109,,,万柏林区,亿元,no_data,156140109,2024
2024,,140110,,,晋源区,亿元,no_data,156140110,2024
2024,,140121,392.7131,,清徐县,亿元,matched,156140121,2024
2024,,140122,118.5949,,阳曲县,亿元,matched,156140122,2024
2024,,140123,43.854,,娄烦县,亿元,matched,156140123,2024
2024,,140181,90.5773,,古交市,亿元,matched,156140181,2024
2024,,140212,,,新荣区,亿元,no_data,156140212,2024
2024,,140213,,,平城区,亿元,no_data,156140213,2024
2024,,140214,,,云冈区,亿元,no_data,156140214,2024
2024,,140215,121.8332,,云州区,亿元,matched,156140215,2024
2024,,140221,93.5622,,阳高县,亿元,matched,156140221,2024
2024,,140222,62.6045,,天镇县,亿元,matched,156140222,2024
2024,,140223,65.9178,,广灵县,亿元,matched,156140223,2024
2024,,140224,86.6191,,灵丘县,亿元,matched,156140224,2024
2024,,140225,65.9923,,浑源县,亿元,matched,156140225,2024
2024,,140226,151.4542,,左云县,亿元,matched,156140226,2024
2024,,140302,,,城区,亿元,no_data,156140302,2024
2024,,140303,,,矿区,亿元,no_data,156140303,2024
2024,,140311,,,郊区,亿元,no_data,156140311,2024
2024,,140321,146.271,,平定县,亿元,matched,156140321,2024
2024,,140322,155.1808,,盂县,亿元,matched,156140322,2024
2024,,140403,,,潞州区,亿元,no_data,156140403,2024
2024,,140404,,,上党区,亿元,no_data,156140404,2024
2024,,140405,,,屯留区,亿元,matched,156140405,2024
2024,,140406,,,潞城区,亿元,matched,156140406,2024
2024,,140423,472.5287,,襄垣县,亿元,matched,156140423,2024
2024,,140425,37.9025,,平顺县,亿元,matched,156140425,2024
2024,,140426,60.2284,,黎城县,亿元,matched,156140426,2024
2024,,140427,69.06,,壶关县,亿元,matched,156140427,2024
2024,,140428,268.1949,,长子县,亿元,matched,156140428,2024
2024,,140429,87.7242,,武乡县,亿元,matched,156140429,2024
2024,,140430,45.7804,,沁县,亿元,matched,156140430,2024
2024,,140431,291.4669,,沁源县,亿元,matched,156140431,2024
2024,,140502,,,城区,亿元,no_data,156140502,2024
2024,,140521,433.2963,,沁水县,亿元,matched,156140521,2024
2024,,140522,411.5111,,阳城县,亿元,matched,156140522,2024
2024,,140524,82.8411,,陵川县,亿元,matched,156140524,2024
2024,,140525,585.3587,,泽州县,亿元,matched,156140525,2024
2024,,140581,447.1964,,高平市,亿元,matched,156140581,2024
2024,,140602,,,朔城区,亿元,no_data,156140602,2024
2024,,140603,,,平鲁区,亿元,no_data,156140603,2024
2024,,140621,174.3129,,山阴县,亿元,matched,156140621,2024
2024,,140622,99.1118,,应县,亿元,matched,156140622,2024
2024,,140623,101.6733,,右玉县,亿元,matched,156140623,2024
2024,,140681,235.604,,怀仁市,亿元,matched,156140681,2024
2024,,140702,,,榆次区,亿元,no_data,156140702,2024
2024,,140703,,,太谷区,亿元,no_data,156140703,2024
2024,,140721,56.3642,,榆社县,亿元,matched,156140721,2024
2024,,140722,80.3512,,左权县,亿元,matched,156140722,2024
2024,,140723,106.8589,,和顺县,亿元,matched,156140723,2024
2024,,140724,180.349,,昔阳县,亿元,matched,156140724,2024
2024,,140725,264.0412,,寿阳县,亿元,matched,156140725,2024
2024,,140727,137.1491,,祁县,亿元,matched,156140727,2024
2024,,140728,175.8197,,平遥县,亿元,matched,156140728,2024
2024,,140729,375.5674,,灵石县,亿元,matched,156140729,2024
2024,,140781,429.8452,,介休市,亿元,matched,156140781,2024
2024,,140802,,,盐湖区,亿元,no_data,156140802,2024
2024,,140821,190.7023,,临猗县,亿元,matched,156140821,2024
2024,,140822,96.7318,,万荣县,亿元,matched,156140822,2024
2024,,140823,165.029,,闻喜县,亿元,matched,156140823,2024
2024,,140824,120.8376,,稷山县,亿元,matched,156140824,2024
2024,,140825,158.8658,,新绛县,亿元,matched,156140825,2024
2024,,140826,79.625,,绛县,亿元,matched,156140826,2024
2024,,140827,98.1107,,垣曲县,亿元,matched,156140827,2024
2024,,140828,78.1615,,夏县,亿元,matched,156140828,2024
2024,,140829,69.0052,,平陆县,亿元,matched,156140829,2024
2024,,140830,141.7487,,芮城县,亿元,matched,156140830,2024
2024,,140881,172.2048,,永济市,亿元,matched,156140881,2024
2024,,140882,419.5153,,河津市,亿元,matched,156140882,2024
2024,,140902,,,忻府区,亿元,no_data,156140902,2024
2024,,140921,72.1398,,定襄县,亿元,matched,156140921,2024
2024,,140922,62.4106,,五台县,亿元,matched,156140922,2024
2024,,140923,42.3238,,代县,亿元,matched,156140923,2024
2024,,140924,74.1318,,繁峙县,亿元,matched,156140924,2024
2024,,140925,128.0021,,宁武县,亿元,matched,156140925,2024
2024,,140926,52.923,,静乐县,亿元,matched,156140926,2024
2024,,140927,38.7932,,神池县,亿元,matched,156140927,2024
2024,,140928,43.0646,,五寨县,亿元,matched,156140928,2024
2024,,140929,48.2634,,岢岚县,亿元,matched,156140929,2024
2024,,140930,193.1824,,河曲县,亿元,matched,156140930,2024
2024,,140931,126.3704,,保德县,亿元,matched,156140931,2024
2024,,140932,34.2141,,偏关县,亿元,matched,156140932,2024
2024,,140981,171.3569,,原平市,亿元,matched,156140981,2024
2024,,141002,,,尧都区,亿元,no_data,156141002,2024
2024,,141021,152.1661,,曲沃县,亿元,matched,156141021,2024
2024,,141022,114.7474,,翼城县,亿元,matched,156141022,2024
2024,,141023,148.9781,,襄汾县,亿元,matched,156141023,2024
2024,,141024,228.7773,,洪洞县,亿元,matched,156141024,2024
2024,,141025,84.4557,,古县,亿元,matched,156141025,2024
2024,,141026,123.0242,,安泽县,亿元,matched,156141026,2024
2024,,141027,49.3286,,浮山县,亿元,matched,156141027,2024
2024,,141028,83.1275,,吉县,亿元,matched,156141028,2024
2024,,141029,233.2497,,乡宁县,亿元,matched,156141029,2024
2024,,141030,28.097,,大宁县,亿元,matched,156141030,2024
2024,,141031,49.3145,,隰县,亿元,matched,156141031,2024
2024,,141032,35.2902,,永和县,亿元,matched,156141032,2024
2024,,141033,189.1752,,蒲县,亿元,matched,156141033,2024
2024,,141034,45.1048,,汾西县,亿元,matched,156141034,2024
2024,,141081,212.1274,,侯马市,亿元,matched,156141081,2024
2024,,141082,128.1299,,霍州市,亿元,matched,156141082,2024
2024,,141102,322.1821,,离石区,亿元,matched,156141102,2024
2024,,141121,129.2001,,文水县,亿元,matched,156141121,2024
2024,,141122,107.483,,交城县,亿元,matched,156141122,2024
2024,,141123,202.4019,,兴县,亿元,matched,156141123,2024
2024,,141124,186.9268,,临县,亿元,matched,156141124,2024
2024,,141125,343.9523,,柳林县,亿元,matched,156141125,2024
2024,,141126,35.8842,,石楼县,亿元,matched,156141126,2024
2024,,141127,93.8487,,岚县,亿元,matched,156141127,2024
2024,,141128,80.209,,方山县,亿元,matched,156141128,2024
2024,,141129,201.0566,,中阳县,亿元,matched,156141129,2024
2024,,141130,58.2437,,交口县,亿元,matched,156141130,2024
2024,,141181,505.5819,,孝义市,亿元,matched,156141181,2024
2024,,141182,376.2709,,汾阳市,亿元,matched,156141182,2024
2024,,150102,,,新城区,亿元,no_data,156150102,2024
2024,,150103,,,回民区,亿元,no_data,156150103,2024
2024,,150104,,,玉泉区,亿元,no_data,156150104,2024
2024,,150105,,,赛罕区,亿元,no_data,156150105,2024
2024,,150121,,,土默特左旗,亿元,no_data,156150121,2024
2024,,150122,,,托克托县,亿元,no_data,156150122,2024
2024,,150123,,,和林格尔县,亿元,no_data,156150123,2024
2024,,150124,,,清水河县,亿元,no_data,156150124,2024
2024,,150125,,,武川县,亿元,no_data,156150125,2024
2024,,150202,,,东河区,亿元,no_data,156150202,2024
2024,,150203,,,昆都仑区,亿元,no_data,156150203,2024
2024,,150204,,,青山区,亿元,no_data,156150204,2024
2024,,150205,,,石拐区,亿元,no_data,156150205,2024
2024,,150206,,,白云鄂博矿区,亿元,no_data,156150206,2024
2024,,150207,,,九原区,亿元,no_data,156150207,2024
2024,,150221,,,土默特右旗,亿元,no_data,156150221,2024
2024,,150222,,,固阳县,亿元,no_data,156150222,2024
2024,,150223,,,达尔罕茂明安联合旗,亿元,no_data,156150223,2024
2024,,150302,,,海勃湾区,亿元,no_data,156150302,2024
2024,,150303,,,海南区,亿元,no_data,156150303,2024
2024,,150304,,,乌达区,亿元,no_data,156150304,2024
2024,,150402,,,红山区,亿元,no_data,156150402,2024
2024,,150403,,,元宝山区,亿元,no_data,156150403,2024
2024,,150404,,,松山区,亿元,no_data,156150404,2024
2024,,150421,122.2743,,阿鲁科尔沁旗,亿元,matched,156150421,2024
2024,,150422,179.7975,,巴林左旗,亿元,matched,156150422,2024
2024,,150423,78.3054,,巴林右旗,亿元,matched,156150423,2024
2024,,150424,114.6225,,林西县,亿元,matched,156150424,2024
2024,,150425,169.6744,,克什克腾旗,亿元,matched,156150425,2024
2024,,150426,194.2085,,翁牛特旗,亿元,matched,156150426,2024
2024,,150428,135.115,,喀喇沁旗,亿元,matched,156150428,2024
2024,,150429,219.0878,,宁城县,亿元,matched,156150429,2024
2024,,150430,191.5974,,敖汉旗,亿元,matched,156150430,2024
2024,,150502,,,科尔沁区,亿元,no_data,156150502,2024
2024,,150521,160.2479,,科尔沁左翼中旗,亿元,matched,156150521,2024
2024,,150522,,,科尔沁左翼后旗,亿元,no_data,156150522,2024
2024,,150523,,,开鲁县,亿元,no_data,156150523,2024
2024,,150524,,,库伦旗,亿元,no_data,156150524,2024
2024,,150525,,,奈曼旗,亿元,no_data,156150525,2024
2024,,150526,,,扎鲁特旗,亿元,no_data,156150526,2024
2024,,150581,,,霍林郭勒市,亿元,no_data,156150581,2024
2024,,150602,1120.8249,,东胜区,亿元,matched,156150602,2024
2024,,150603,,,康巴什区,亿元,no_data,156150603,2024
2024,,150621,522.7946,,达拉特旗,亿元,matched,156150621,2024
2024,,150622,1600.3666,,准格尔旗,亿元,matched,156150622,2024
2024,,150623,280.2926,,鄂托克前旗,亿元,matched,156150623,2024
2024,,150624,556.2766,,鄂托克旗,亿元,matched,156150624,2024
2024,,150625,177.1967,,杭锦旗,亿元,matched,156150625,2024
2024,,150626,602.4582,,乌审旗,亿元,matched,156150626,2024
2024,,150627,1310.3773,,伊金霍洛旗,亿元,matched,156150627,2024
2024,,150702,243.5232,,海拉尔区,亿元,matched,156150702,2024
2024,,150703,,,扎赉诺尔区,亿元,no_data,156150703,2024
2024,,150721,134.8653,,阿荣旗,亿元,matched,156150721,2024
2024,,150722,129.4587,,莫力达瓦达斡尔族自治旗,亿元,matched,156150722,2024
2024,,150723,104.0468,,鄂伦春自治旗,亿元,matched,156150723,2024
2024,,150724,185.7837,,鄂温克族自治旗,亿元,matched,156150724,2024
2024,,150725,150.3025,,陈巴尔虎旗,亿元,matched,156150725,2024
2024,,150726,37.4006,,新巴尔虎左旗,亿元,matched,156150726,2024
2024,,150727,89.5668,,新巴尔虎右旗,亿元,matched,156150727,2024
2024,,150781,118.6206,,满洲里市,亿元,matched,156150781,2024
2024,,150782,143.563,,牙克石市,亿元,matched,156150782,2024
2024,,150783,221.5795,,扎兰屯市,亿元,matched,156150783,2024
2024,,150784,60.1549,,额尔古纳市,亿元,matched,156150784,2024
2024,,150785,36.4649,,根河市,亿元,matched,156150785,2024
2024,,150802,425.5167,,临河区,亿元,matched,156150802,2024
2024,,150821,143.4024,,五原县,亿元,matched,156150821,2024
2024,,150822,82.0046,,磴口县,亿元,matched,156150822,2024
2024,,150823,177.875,,乌拉特前旗,亿元,matched,156150823,2024
2024,,150824,154.866,,乌拉特中旗,亿元,matched,156150824,2024
2024,,150825,108.8763,,乌拉特后旗,亿元,matched,156150825,2024
2024,,150826,149.7897,,杭锦后旗,亿元,matched,156150826,2024
2024,,150902,293.9057,,集宁区,亿元,matched,156150902,2024
2024,,150921,80.8979,,卓资县,亿元,matched,156150921,2024
2024,,150922,68.5015,,化德县,亿元,matched,156150922,2024
2024,,150923,94.2789,,商都县,亿元,matched,156150923,2024
2024,,150924,94.1657,,兴和县,亿元,matched,156150924,2024
2024,,150925,68.7014,,凉城县,亿元,matched,156150925,2024
2024,,150926,118.9869,,察哈尔右翼前旗,亿元,matched,156150926,2024
2024,,150927,70.9094,,察哈尔右翼中旗,亿元,matched,156150927,2024
2024,,150928,95.2632,,察哈尔右翼后旗,亿元,matched,156150928,2024
2024,,150929,85.1968,,四子王旗,亿元,matched,156150929,2024
2024,,150981,143.3778,,丰镇市,亿元,matched,156150981,2024
2024,,152201,240.2647,,乌兰浩特市,亿元,matched,156152201,2024
2024,,152202,28.5383,,阿尔山市,亿元,matched,156152202,2024
2024,,152221,165.7445,,科尔沁右翼前旗,亿元,matched,156152221,2024
2024,,152222,119.5133,,科尔沁右翼中旗,亿元,matched,156152222,2024
2024,,152223,144.6276,,扎赉特旗,亿元,matched,156152223,2024
2024,,152224,109.0162,,突泉县,亿元,matched,156152224,2024
2024,,152501,76.5002,,二连浩特市,亿元,matched,156152501,2024
2024,,152502,368.1843,,锡林浩特市,亿元,matched,156152502,2024
2024,,152522,58.8665,,阿巴嘎旗,亿元,matched,156152522,2024
2024,,152523,43.1425,,苏尼特左旗,亿元,matched,156152523,2024
2024,,152524,50.9945,,苏尼特右旗,亿元,matched,156152524,2024
2024,,152525,132.9071,,东乌珠穆沁旗,亿元,matched,156152525,2024
2024,,152526,220.1285,,西乌珠穆沁旗,亿元,matched,156152526,2024
2024,,152527,67.1336,,太仆寺旗,亿元,matched,156152527,2024
2024,,152528,33.4346,,镶黄旗,亿元,matched,156152528,2024
2024,,152529,43.687,,正镶白旗,亿元,matched,156152529,2024
2024,,152530,72.0881,,正蓝旗,亿元,matched,156152530,2024
2024,,152531,68.889,,多伦县,亿元,matched,156152531,2024
2024,,152921,322.3173,,阿拉善左旗,亿元,matched,156152921,2024
2024,,152922,39.9888,,阿拉善右旗,亿元,matched,156152922,2024
2024,,152923,51.2607,,额济纳旗,亿元,matched,156152923,2024
2024,,210102,,,和平区,亿元,no_data,156210102,2024
2024,,210103,,,沈河区,亿元,no_data,156210103,2024
2024,,210104,,,大东区,亿元,no_data,156210104,2024
2024,,210105,,,皇姑区,亿元,no_data,156210105,2024
2024,,210106,,,铁西区,亿元,no_data,156210106,2024
2024,,210111,,,苏家屯区,亿元,no_data,156210111,2024
2024,,210112,,,浑南区,亿元,no_data,156210112,2024
2024,,210113,,,沈北新区,亿元,no_data,156210113,2024
2024,,210114,,,于洪区,亿元,no_data,156210114,2024
2024,,210115,,,辽中区,亿元,no_data,156210115,2024
2024,,210123,,,康平县,亿元,no_data,156210123,2024
2024,,210124,,,法库县,亿元,no_data,156210124,2024
2024,,210181,,,新民市,亿元,no_data,156210181,2024
2024,,210202,,,中山区,亿元,no_data,156210202,2024
2024,,210203,,,西岗区,亿元,no_data,156210203,2024
2024,,210204,,,沙河口区,亿元,no_data,156210204,2024
2024,,210211,,,甘井子区,亿元,no_data,156210211,2024
2024,,210212,,,旅顺口区,亿元,no_data,156210212,2024
2024,,210213,,,金州区,亿元,no_data,156210213,2024
2024,,210214,,,普兰店区,亿元,matched,156210214,2024
2024,,210224,116.8998,,长海县,亿元,matched,156210224,2024
2024,,210281,1235.7533,,瓦房店市,亿元,matched,156210281,2024
2024,,210283,701.4994,,庄河市,亿元,matched,156210283,2024
2024,,210302,,,铁东区,亿元,no_data,156210302,2024
2024,,210303,,,铁西区,亿元,no_data,156210303,2024
2024,,210304,,,立山区,亿元,no_data,156210304,2024
2024,,210311,,,千山区,亿元,no_data,156210311,2024
2024,,210321,183.4858,,台安县,亿元,matched,156210321,2024
2024,,210323,178.4653,,岫岩满族自治县,亿元,matched,156210323,2024
2024,,210381,726.616,,海城市,亿元,matched,156210381,2024
2024,,210402,,,新抚区,亿元,no_data,156210402,2024
2024,,210403,,,东洲区,亿元,no_data,156210403,2024
2024,,210404,,,望花区,亿元,no_data,156210404,2024
2024,,210411,,,顺城区,亿元,no_data,156210411,2024
2024,,210421,33.8369,,抚顺县,亿元,matched,156210421,2024
2024,,210422,63.4886,,新宾满族自治县,亿元,matched,156210422,2024
2024,,210423,72.9686,,清原满族自治县,亿元,matched,156210423,2024
2024,,210502,,,平山区,亿元,no_data,156210502,2024
2024,,210503,,,溪湖区,亿元,no_data,156210503,2024
2024,,210504,,,明山区,亿元,no_data,156210504,2024
2024,,210505,,,南芬区,亿元,no_data,156210505,2024
2024,,210521,164.6528,,本溪满族自治县,亿元,matched,156210521,2024
2024,,210522,158.3746,,桓仁满族自治县,亿元,matched,156210522,2024
2024,,210602,,,元宝区,亿元,no_data,156210602,2024
2024,,210603,,,振兴区,亿元,no_data,156210603,2024
2024,,210604,,,振安区,亿元,no_data,156210604,2024
2024,,210624,124.7112,,宽甸满族自治县,亿元,matched,156210624,2024
2024,,210681,301.709,,东港市,亿元,matched,156210681,2024
2024,,210682,211.909,,凤城市,亿元,matched,156210682,2024
2024,,210702,,,古塔区,亿元,no_data,156210702,2024
2024,,210703,,,凌河区,亿元,no_data,156210703,2024
2024,,210711,,,太和区,亿元,no_data,156210711,2024
2024,,210726,153.5102,,黑山县,亿元,matched,156210726,2024
2024,,210727,130.0679,,义县,亿元,matched,156210727,2024
2024,,210781,185.7206,,凌海市,亿元,matched,156210781,2024
2024,,210782,144.5927,,北镇市,亿元,matched,156210782,2024
2024,,210802,,,站前区,亿元,no_data,156210802,2024
2024,,210803,,,西市区,亿元,no_data,156210803,2024
2024,,210804,,,鲅鱼圈区,亿元,no_data,156210804,2024
2024,,210811,,,老边区,亿元,no_data,156210811,2024
2024,,210881,200.3456,,盖州市,亿元,matched,156210881,2024
2024,,210882,321.0134,,大石桥市,亿元,matched,156210882,2024
2024,,210902,,,海州区,亿元,no_data,156210902,2024
2024,,210903,,,新邱区,亿元,no_data,156210903,2024
2024,,210904,,,太平区,亿元,no_data,156210904,2024
2024,,210905,,,清河门区,亿元,no_data,156210905,2024
2024,,210911,,,细河区,亿元,no_data,156210911,2024
2024,,210921,197.7835,,阜新蒙古族自治县,亿元,matched,156210921,2024
2024,,210922,144.9385,,彰武县,亿元,matched,156210922,2024
2024,,211002,,,白塔区,亿元,no_data,156211002,2024
2024,,211003,,,文圣区,亿元,no_data,156211003,2024
2024,,211004,,,宏伟区,亿元,no_data,156211004,2024
2024,,211005,,,弓长岭区,亿元,no_data,156211005,2024
2024,,211011,,,太子河区,亿元,no_data,156211011,2024
2024,,211021,159.4173,,辽阳县,亿元,matched,156211021,2024
2024,,211081,170.6763,,灯塔市,亿元,matched,156211081,2024
2024,,211102,,,双台子区,亿元,no_data,156211102,2024
2024,,211103,,,兴隆台区,亿元,no_data,156211103,2024
2024,,211104,321.5964,,大洼区,亿元,matched,156211104,2024
2024,,211122,169.1029,,盘山县,亿元,matched,156211122,2024
2024,,211202,,,银州区,亿元,no_data,156211202,2024
2024,,211204,,,清河区,亿元,no_data,156211204,2024
2024,,211221,128.8466,,铁岭县,亿元,matched,156211221,2024
2024,,211223,62.1305,,西丰县,亿元,matched,156211223,2024
2024,,211224,165.6395,,昌图县,亿元,matched,156211224,2024
2024,,211281,107.7579,,调兵山市,亿元,matched,156211281,2024
2024,,211282,123.8419,,开原市,亿元,matched,156211282,2024
2024,,211302,,,双塔区,亿元,no_data,156211302,2024
2024,,211303,,,龙城区,亿元,no_data,156211303,2024
2024,,211321,138.1271,,朝阳县,亿元,matched,156211321,2024
2024,,211322,174.622,,建平县,亿元,matched,156211322,2024
2024,,211324,130.438,,喀喇沁左翼蒙古族自治县,亿元,matched,156211324,2024
2024,,211381,179.3642,,北票市,亿元,matched,156211381,2024
2024,,211382,208.0915,,凌源市,亿元,matched,156211382,2024
2024,,211402,,,连山区,亿元,no_data,156211402,2024
2024,,211403,,,龙港区,亿元,matched,156211403,2024
2024,,211404,,,南票区,亿元,no_data,156211404,2024
2024,,211421,218.6884,,绥中县,亿元,matched,156211421,2024
2024,,211422,119.1516,,建昌县,亿元,matched,156211422,2024
2024,,211481,175.2539,,兴城市,亿元,matched,156211481,2024
2024,,220102,,,南关区,亿元,no_data,156220102,2024
2024,,220103,,,宽城区,亿元,no_data,156220103,2024
2024,,220104,,,朝阳区,亿元,no_data,156220104,2024
2024,,220105,,,二道区,亿元,no_data,156220105,2024
2024,,220106,,,绿园区,亿元,no_data,156220106,2024
2024,,220112,,,双阳区,亿元,no_data,156220112,2024
2024,,220113,276.2876,,九台区,亿元,matched,156220113,2024
2024,,220122,320.219,,农安县,亿元,matched,156220122,2024
2024,,220182,300.4231,,榆树市,亿元,matched,156220182,2024
2024,,220183,274.8422,,德惠市,亿元,matched,156220183,2024
2024,,220184,500.6985,,公主岭市,亿元,matched,156220184,2024
2024,,220202,,,昌邑区,亿元,no_data,156220202,2024
2024,,220203,,,龙潭区,亿元,no_data,156220203,2024
2024,,220204,,,船营区,亿元,no_data,156220204,2024
2024,,220211,,,丰满区,亿元,no_data,156220211,2024
2024,,220221,79.2463,,永吉县,亿元,matched,156220221,2024
2024,,220281,106.6361,,蛟河市,亿元,matched,156220281,2024
2024,,220282,,,桦甸市,亿元,no_data,156220282,2024
2024,,220283,,,舒兰市,亿元,no_data,156220283,2024
2024,,220284,,,磐石市,亿元,no_data,156220284,2024
2024,,220302,,,铁西区,亿元,no_data,156220302,2024
2024,,220303,,,铁东区,亿元,no_data,156220303,2024
2024,,220322,162.8862,,梨树县,亿元,matched,156220322,2024
2024,,220323,101.0457,,伊通满族自治县,亿元,matched,156220323,2024
2024,,220382,110.7467,,双辽市,亿元,matched,156220382,2024
2024,,220402,,,龙山区,亿元,no_data,156220402,2024
2024,,220403,,,西安区,亿元,no_data,156220403,2024
2024,,220421,148.2617,,东丰县,亿元,matched,156220421,2024
2024,,220422,119.0237,,东辽县,亿元,matched,156220422,2024
2024,,220502,,,东昌区,亿元,no_data,156220502,2024
2024,,220503,,,二道江区,亿元,no_data,156220503,2024
2024,,220521,90.2129,,通化县,亿元,matched,156220521,2024
2024,,220523,93.4953,,辉南县,亿元,matched,156220523,2024
2024,,220524,90.114,,柳河县,亿元,matched,156220524,2024
2024,,220581,189.0502,,梅河口市,亿元,matched,156220581,2024
2024,,220582,71.0354,,集安市,亿元,matched,156220582,2024
2024,,220602,,,浑江区,亿元,no_data,156220602,2024
2024,,220605,79.0157,,江源区,亿元,matched,156220605,2024
2024,,220621,144.7722,,抚松县,亿元,matched,156220621,2024
2024,,220622,73.2093,,靖宇县,亿元,matched,156220622,2024
2024,,220623,42.3114,,长白朝鲜族自治县,亿元,matched,156220623,2024
2024,,220681,77.6693,,临江市,亿元,matched,156220681,2024
2024,,220702,,,宁江区,亿元,no_data,156220702,2024
2024,,220721,200.2668,,前郭尔罗斯蒙古族自治县,亿元,matched,156220721,2024
2024,,220722,194.0399,,长岭县,亿元,matched,156220722,2024
2024,,220723,97.2702,,乾安县,亿元,matched,156220723,2024
2024,,220781,184.5964,,扶余市,亿元,matched,156220781,2024
2024,,220802,,,洮北区,亿元,no_data,156220802,2024
2024,,220821,90.0915,,镇赉县,亿元,matched,156220821,2024
2024,,220822,114.4754,,通榆县,亿元,matched,156220822,2024
2024,,220881,103.8,,洮南市,亿元,matched,156220881,2024
2024,,220882,107.8136,,大安市,亿元,matched,156220882,2024
2024,,222401,451.121,,延吉市,亿元,matched,156222401,2024
2024,,222402,31.0154,,图们市,亿元,matched,156222402,2024
2024,,222403,183.979,,敦化市,亿元,matched,156222403,2024
2024,,222404,137.1996,,珲春市,亿元,matched,156222404,2024
2024,,222405,44.8382,,龙井市,亿元,matched,156222405,2024
2024,,222406,43.7066,,和龙市,亿元,matched,156222406,2024
2024,,222424,70.0876,,汪清县,亿元,matched,156222424,2024
2024,,222426,56.1502,,安图县,亿元,matched,156222426,2024
2024,,230102,,,道里区,亿元,no_data,156230102,2024
2024,,230103,,,南岗区,亿元,no_data,156230103,2024
2024,,230104,,,道外区,亿元,no_data,156230104,2024
2024,,230108,,,平房区,亿元,no_data,156230108,2024
2024,,230109,,,松北区,亿元,no_data,156230109,2024
2024,,230110,,,香坊区,亿元,no_data,156230110,2024
2024,,230111,142.2007,,呼兰区,亿元,matched,156230111,2024
2024,,230112,218.2661,,阿城区,亿元,matched,156230112,2024
2024,,230113,248.9569,,双城区,亿元,matched,156230113,2024
2024,,230123,126.9555,,依兰县,亿元,matched,156230123,2024
2024,,230124,78.2312,,方正县,亿元,matched,156230124,2024
2024,,230125,209.0431,,宾县,亿元,matched,156230125,2024
2024,,230126,138.3037,,巴彦县,亿元,matched,156230126,2024
2024,,230127,91.203,,木兰县,亿元,matched,156230127,2024
2024,,230128,94.0234,,通河县,亿元,matched,156230128,2024
2024,,230129,78.6853,,延寿县,亿元,matched,156230129,2024
2024,,230183,201.4355,,尚志市,亿元,matched,156230183,2024
2024,,230184,339.4942,,五常市,亿元,matched,156230184,2024
2024,,230202,,,龙沙区,亿元,no_data,156230202,2024
2024,,230203,,,建华区,亿元,no_data,156230203,2024
2024,,230204,,,铁锋区,亿元,no_data,156230204,2024
2024,,230205,,,昂昂溪区,亿元,no_data,156230205,2024
2024,,230206,,,富拉尔基区,亿元,no_data,156230206,2024
2024,,230207,,,碾子山区,亿元,no_data,156230207,2024
2024,,230208,,,梅里斯达斡尔族区,亿元,no_data,156230208,2024
2024,,230221,118.706,,龙江县,亿元,matched,156230221,2024
2024,,230223,81.4525,,依安县,亿元,matched,156230223,2024
2024,,230224,84.1332,,泰来县,亿元,matched,156230224,2024
2024,,230225,106.3761,,甘南县,亿元,matched,156230225,2024
2024,,230227,90.1531,,富裕县,亿元,matched,156230227,2024
2024,,230229,73.1064,,克山县,亿元,matched,156230229,2024
2024,,230230,79.7856,,克东县,亿元,matched,156230230,2024
2024,,230231,75.0544,,拜泉县,亿元,matched,156230231,2024
2024,,230281,122.2215,,讷河市,亿元,matched,156230281,2024
2024,,230302,,,鸡冠区,亿元,no_data,156230302,2024
2024,,230303,,,恒山区,亿元,no_data,156230303,2024
2024,,230304,,,滴道区,亿元,no_data,156230304,2024
2024,,230305,,,梨树区,亿元,no_data,156230305,2024
2024,,230306,,,城子河区,亿元,no_data,156230306,2024
2024,,230307,,,麻山区,亿元,no_data,156230307,2024
2024,,230321,96.9451,,鸡东县,亿元,matched,156230321,2024
2024,,230381,156.6238,,虎林市,亿元,matched,156230381,2024
2024,,230382,145.1264,,密山市,亿元,matched,156230382,2024
2024,,230402,,,向阳区,亿元,no_data,156230402,2024
2024,,230403,,,工农区,亿元,no_data,156230403,2024
2024,,230404,,,南山区,亿元,no_data,156230404,2024
2024,,230405,,,兴安区,亿元,no_data,156230405,2024
2024,,230406,,,东山区,亿元,no_data,156230406,2024
2024,,230407,,,兴山区,亿元,no_data,156230407,2024
2024,,230421,114.8424,,萝北县,亿元,matched,156230421,2024
2024,,230422,64.6739,,绥滨县,亿元,matched,156230422,2024
2024,,230502,,,尖山区,亿元,no_data,156230502,2024
2024,,230503,,,岭东区,亿元,no_data,156230503,2024
2024,,230505,,,四方台区,亿元,no_data,156230505,2024
2024,,230506,,,宝山区,亿元,no_data,156230506,2024
2024,,230521,78.4603,,集贤县,亿元,matched,156230521,2024
2024,,230522,43.3437,,友谊县,亿元,matched,156230522,2024
2024,,230523,174.5108,,宝清县,亿元,matched,156230523,2024
2024,,230524,75.3353,,饶河县,亿元,matched,156230524,2024
2024,,230602,,,萨尔图区,亿元,no_data,156230602,2024
2024,,230603,,,龙凤区,亿元,no_data,156230603,2024
2024,,230604,,,让胡路区,亿元,no_data,156230604,2024
2024,,230605,,,红岗区,亿元,no_data,156230605,2024
2024,,230606,,,大同区,亿元,no_data,156230606,2024
2024,,230621,128.3169,,肇州县,亿元,matched,156230621,2024
2024,,230622,134.4247,,肇源县,亿元,matched,156230622,2024
2024,,230623,104.0757,,林甸县,亿元,matched,156230623,2024
2024,,230624,123.0729,,杜尔伯特蒙古族自治县,亿元,matched,156230624,2024
2024,,230717,,,伊美区,亿元,no_data,156230717,2024
2024,,230718,,,乌翠区,亿元,no_data,156230718,2024
2024,,230719,,,友好区,亿元,no_data,156230719,2024
2024,,230722,32.5858,,嘉荫县,亿元,matched,156230722,2024
2024,,230723,21.2222,,汤旺县,亿元,matched,156230723,2024
2024,,230724,29.0399,,丰林县,亿元,matched,156230724,2024
2024,,230725,18.6577,,大箐山县,亿元,matched,156230725,2024
2024,,230726,23.0753,,南岔县,亿元,matched,156230726,2024
2024,,230751,,,金林区,亿元,no_data,156230751,2024
2024,,230781,105.2155,,铁力市,亿元,matched,156230781,2024
2024,,230803,,,向阳区,亿元,no_data,156230803,2024
2024,,230804,,,前进区,亿元,no_data,156230804,2024
2024,,230805,,,东风区,亿元,no_data,156230805,2024
2024,,230811,,,郊区,亿元,no_data,156230811,2024
2024,,230822,151.5452,,桦南县,亿元,matched,156230822,2024
2024,,230826,79.0074,,桦川县,亿元,matched,156230826,2024
2024,,230828,96.5534,,汤原县,亿元,matched,156230828,2024
2024,,230881,119.7685,,同江市,亿元,matched,156230881,2024
2024,,230882,198.1234,,富锦市,亿元,matched,156230882,2024
2024,,230883,86.6923,,抚远市,亿元,matched,156230883,2024
2024,,230902,,,新兴区,亿元,no_data,156230902,2024
2024,,230903,,,桃山区,亿元,no_data,156230903,2024
2024,,230904,,,茄子河区,亿元,no_data,156230904,2024
2024,,230921,61.9316,,勃利县,亿元,matched,156230921,2024
2024,,231002,,,东安区,亿元,no_data,156231002,2024
2024,,231003,,,阳明区,亿元,no_data,156231003,2024
2024,,231004,,,爱民区,亿元,no_data,156231004,2024
2024,,231005,,,西安区,亿元,no_data,156231005,2024
2024,,231025,78.369,,林口县,亿元,matched,156231025,2024
2024,,231081,120.7996,,绥芬河市,亿元,matched,156231081,2024
2024,,231083,138.8662,,海林市,亿元,matched,156231083,2024
2024,,231084,132.6745,,宁安市,亿元,matched,156231084,2024
2024,,231085,151.3971,,穆棱市,亿元,matched,156231085,2024
2024,,231086,85.9235,,东宁市,亿元,matched,156231086,2024
2024,,231102,,,爱辉区,亿元,no_data,156231102,2024
2024,,231123,50.9249,,逊克县,亿元,matched,156231123,2024
2024,,231124,27.4764,,孙吴县,亿元,matched,156231124,2024
2024,,231181,160.5631,,北安市,亿元,matched,156231181,2024
2024,,231182,118.0988,,五大连池市,亿元,matched,156231182,2024
2024,,231183,,,嫩江市,亿元,no_data,156231183,2024
2024,,231202,,,北林区,亿元,no_data,156231202,2024
2024,,231221,82.064,,望奎县,亿元,matched,156231221,2024
2024,,231222,83.7257,,兰西县,亿元,matched,156231222,2024
2024,,231223,89.8024,,青冈县,亿元,matched,156231223,2024
2024,,231224,96.1219,,庆安县,亿元,matched,156231224,2024
2024,,231225,55.8409,,明水县,亿元,matched,156231225,2024
2024,,231226,60.6542,,绥棱县,亿元,matched,156231226,2024
2024,,231281,191.0158,,安达市,亿元,matched,156231281,2024
2024,,231282,228.1241,,肇东市,亿元,matched,156231282,2024
2024,,231283,135.211,,海伦市,亿元,matched,156231283,2024
2024,,232701,35.1358,,漠河市,亿元,matched,156232701,2024
2024,,232721,20.5351,,呼玛县,亿元,matched,156232721,2024
2024,,232722,,,塔河县,亿元,no_data,156232722,2024
2024,,310101,,,黄浦区,亿元,no_data,156310101,2024
2024,,310104,,,徐汇区,亿元,no_data,156310104,2024
2024,,310105,,,长宁区,亿元,no_data,156310105,2024
2024,,310106,,,静安区,亿元,no_data,156310106,2024
2024,,310107,,,普陀区,亿元,no_data,156310107,2024
2024,,310109,,,虹口区,亿元,no_data,156310109,2024
2024,,310110,,,杨浦区,亿元,no_data,156310110,2024
2024,,310112,,,闵行区,亿元,no_data,156310112,2024
2024,,310113,,,宝山区,亿元,no_data,156310113,2024
2024,,310114,,,嘉定区,亿元,no_data,156310114,2024
2024,,310115,,,浦东新区,亿元,no_data,156310115,2024
2024,,310116,,,金山区,亿元,no_data,156310116,2024
2024,,310117,,,松江区,亿元,no_data,156310117,2024
2024,,310118,,,青浦区,亿元,no_data,156310118,2024
2024,,310120,,,奉贤区,亿元,no_data,156310120,2024
2024,,310151,,,崇明区,亿元,no_data,156310151,2024
2024,,320102,,,玄武区,亿元,no_data,156320102,2024
2024,,320104,,,秦淮区,亿元,no_data,156320104,2024
2024,,320105,,,建邺区,亿元,no_data,156320105,2024
2024,,320106,,,鼓楼区,亿元,no_data,156320106,2024
2024,,320111,592.33,,浦口区,亿元,matched,156320111,2024
2024,,320113,,,栖霞区,亿元,no_data,156320113,2024
2024,,320114,,,雨花台区,亿元,no_data,156320114,2024
2024,,320115,3181.14,,江宁区,亿元,matched,156320115,2024
2024,,320116,684.18,,六合区,亿元,matched,156320116,2024
2024,,320117,1110.6,,溧水区,亿元,matched,156320117,2024
2024,,320118,627.56,,高淳区,亿元,matched,156320118,2024
2024,,320205,1345.76,,锡山区,亿元,matched,156320205,2024
2024,,320206,,,惠山区,亿元,no_data,156320206,2024
2024,,320211,,,滨湖区,亿元,no_data,156320211,2024
2024,,320213,,,梁溪区,亿元,no_data,156320213,2024
2024,,320214,,,新吴区,亿元,no_data,156320214,2024
2024,,320281,5126.13,,江阴市,亿元,matched,156320281,2024
2024,,320282,2455.02,,宜兴市,亿元,matched,156320282,2024
2024,,320302,,,鼓楼区,亿元,no_data,156320302,2024
2024,,320303,,,云龙区,亿元,no_data,156320303,2024
2024,,320305,,,贾汪区,亿元,no_data,156320305,2024
2024,,320311,,,泉山区,亿元,no_data,156320311,2024
2024,,320312,1485.71,,铜山区,亿元,matched,156320312,2024
2024,,320321,615.91,,丰县,亿元,matched,156320321,2024
2024,,320322,1126.09,,沛县,亿元,matched,156320322,2024
2024,,320324,772.46,,睢宁县,亿元,matched,156320324,2024
2024,,320381,1026.64,,新沂市,亿元,matched,156320381,2024
2024,,320382,1354.89,,邳州市,亿元,matched,156320382,2024
2024,,320402,,,天宁区,亿元,no_data,156320402,2024
2024,,320404,,,钟楼区,亿元,no_data,156320404,2024
2024,,320411,,,新北区,亿元,no_data,156320411,2024
2024,,320412,3441.85,,武进区,亿元,matched,156320412,2024
2024,,320413,1402.54,,金坛区,亿元,matched,156320413,2024
2024,,320481,1708.39,,溧阳市,亿元,matched,156320481,2024
2024,,320505,,,虎丘区,亿元,no_data,156320505,2024
2024,,320506,2005.7,,吴中区,亿元,matched,156320506,2024
2024,,320507,,,相城区,亿元,no_data,156320507,2024
2024,,320508,,,姑苏区,亿元,no_data,156320508,2024
2024,,320509,2660.1,,吴江区,亿元,matched,156320509,2024
2024,,320581,3079.1,,常熟市,亿元,matched,156320581,2024
2024,,320582,3376.3,,张家港市,亿元,matched,156320582,2024
2024,,320583,5380.2,,昆山市,亿元,matched,156320583,2024
2024,,320585,1880.0,,太仓市,亿元,matched,156320585,2024
2024,,320612,1787.9,,通州区,亿元,matched,156320612,2024
2024,,320613,,,崇川区,亿元,no_data,156320613,2024
2024,,320614,,,海门区,亿元,no_data,156320614,2024
2024,,320623,1430.5,,如东县,亿元,matched,156320623,2024
2024,,320681,1514.6,,启东市,亿元,matched,156320681,2024
2024,,320682,1615.5,,如皋市,亿元,matched,156320682,2024
2024,,320685,1507.0,,海安市,亿元,matched,156320685,2024
2024,,320703,,,连云区,亿元,no_data,156320703,2024
2024,,320706,,,海州区,亿元,no_data,156320706,2024
2024,,320707,803.28,,赣榆区,亿元,matched,156320707,2024
2024,,320722,800.82,,东海县,亿元,matched,156320722,2024
2024,,320723,491.67,,灌云县,亿元,matched,156320723,2024
2024,,320724,516.69,,灌南县,亿元,matched,156320724,2024
2024,,320803,856.62,,淮安区,亿元,matched,156320803,2024
2024,,320804,762.5,,淮阴区,亿元,matched,156320804,2024
2024,,320812,,,清江浦区,亿元,no_data,156320812,2024
2024,,320813,466.88,,洪泽区,亿元,matched,156320813,2024
2024,,320826,801.95,,涟水县,亿元,matched,156320826,2024
2024,,320830,585.54,,盱眙县,亿元,matched,156320830,2024
2024,,320831,464.06,,金湖县,亿元,matched,156320831,2024
2024,,320902,,,亭湖区,亿元,no_data,156320902,2024
2024,,320903,782.17,,盐都区,亿元,matched,156320903,2024
2024,,320904,841.62,,大丰区,亿元,matched,156320904,2024
2024,,320921,514.88,,响水县,亿元,matched,156320921,2024
2024,,320922,680.67,,滨海县,亿元,matched,156320922,2024
2024,,320923,778.17,,阜宁县,亿元,matched,156320923,2024
2024,,320924,781.13,,射阳县,亿元,matched,156320924,2024
2024,,320925,779.82,,建湖县,亿元,matched,156320925,2024
2024,,320981,1190.94,,东台市,亿元,matched,156320981,2024
2024,,321002,,,广陵区,亿元,no_data,156321002,2024
2024,,321003,1384.96,,邗江区,亿元,matched,156321003,2024
2024,,321012,1381.17,,江都区,亿元,matched,156321012,2024
2024,,321023,980.87,,宝应县,亿元,matched,156321023,2024
2024,,321081,1093.88,,仪征市,亿元,matched,156321081,2024
2024,,321084,1107.09,,高邮市,亿元,matched,156321084,2024
2024,,321102,,,京口区,亿元,no_data,156321102,2024
2024,,321111,,,润州区,亿元,no_data,156321111,2024
2024,,321112,514.94,,丹徒区,亿元,matched,156321112,2024
2024,,321181,1561.09,,丹阳市,亿元,matched,156321181,2024
2024,,321182,667.0,,扬中市,亿元,matched,156321182,2024
2024,,321183,815.04,,句容市,亿元,matched,156321183,2024
2024,,321202,,,海陵区,亿元,no_data,156321202,2024
2024,,321203,,,高港区,亿元,no_data,156321203,2024
2024,,321204,951.49,,姜堰区,亿元,matched,156321204,2024
2024,,321281,1240.37,,兴化市,亿元,matched,156321281,2024
2024,,321282,1403.95,,靖江市,亿元,matched,156321282,2024
2024,,321283,1467.53,,泰兴市,亿元,matched,156321283,2024
2024,,321302,,,宿城区,亿元,no_data,156321302,2024
2024,,321311,626.54,,宿豫区,亿元,matched,156321311,2024
2024,,321322,1560.39,,沭阳县,亿元,matched,156321322,2024
2024,,321323,787.56,,泗阳县,亿元,matched,156321323,2024
2024,,321324,768.23,,泗洪县,亿元,matched,156321324,2024
2024,,330102,,,上城区,亿元,no_data,156330102,2024
2024,,330105,,,拱墅区,亿元,no_data,156330105,2024
2024,,330106,,,西湖区,亿元,no_data,156330106,2024
2024,,330108,,,滨江区,亿元,no_data,156330108,2024
2024,,330109,2431.65,,萧山区,亿元,matched,156330109,2024
2024,,330110,3355.6718,,余杭区,亿元,matched,156330110,2024
2024,,330111,,,富阳区,亿元,no_data,156330111,2024
2024,,330112,,,临安区,亿元,no_data,156330112,2024
2024,,330113,,,临平区,亿元,no_data,156330113,2024
2024,,330114,,,钱塘区,亿元,no_data,156330114,2024
2024,,330122,502.07,,桐庐县,亿元,matched,156330122,2024
2024,,330127,294.849,,淳安县,亿元,matched,156330127,2024
2024,,330182,,,建德市,亿元,no_data,156330182,2024
2024,,330203,,,海曙区,亿元,no_data,156330203,2024
2024,,330205,,,江北区,亿元,no_data,156330205,2024
2024,,330206,,,北仑区,亿元,no_data,156330206,2024
2024,,330211,,,镇海区,亿元,no_data,156330211,2024
2024,,330212,,,鄞州区,亿元,no_data,156330212,2024
2024,,330213,,,奉化区,亿元,no_data,156330213,2024
2024,,330225,,,象山县,亿元,no_data,156330225,2024
2024,,330226,,,宁海县,亿元,no_data,156330226,2024
2024,,330281,,,余姚市,亿元,no_data,156330281,2024
2024,,330282,,,慈溪市,亿元,no_data,156330282,2024
2024,,330302,,,鹿城区,亿元,no_data,156330302,2024
2024,,330303,,,龙湾区,亿元,no_data,156330303,2024
2024,,330304,,,瓯海区,亿元,no_data,156330304,2024
2024,,330305,197.4416,,洞头区,亿元,matched,156330305,2024
2024,,330324,606.3498,,永嘉县,亿元,matched,156330324,2024
2024,,330326,777.462,,平阳县,亿元,matched,156330326,2024
2024,,330327,543.2402,,苍南县,亿元,matched,156330327,2024
2024,,330328,165.7484,,文成县,亿元,matched,156330328,2024
2024,,330329,184.0019,,泰顺县,亿元,matched,156330329,2024
2024,,330381,1451.9819,,瑞安市,亿元,matched,156330381,2024
2024,,330382,1766.7362,,乐清市,亿元,matched,156330382,2024
2024,,330383,443.7277,,龙港市,亿元,matched,156330383,2024
2024,,330402,,,南湖区,亿元,no_data,156330402,2024
2024,,330411,,,秀洲区,亿元,no_data,156330411,2024
2024,,330421,958.2858,,嘉善县,亿元,matched,156330421,2024
2024,,330424,725.37,,海盐县,亿元,matched,156330424,2024
2024,,330481,1397.1561,,海宁市,亿元,matched,156330481,2024
2024,,330482,1078.2729,,平湖市,亿元,matched,156330482,2024
2024,,330483,1347.1132,,桐乡市,亿元,matched,156330483,2024
2024,,330502,,,吴兴区,亿元,no_data,156330502,2024
2024,,330503,,,南浔区,亿元,no_data,156330503,2024
2024,,330521,722.5388,,德清县,亿元,matched,156330521,2024
2024,,330522,927.7517,,长兴县,亿元,matched,156330522,2024
2024,,330523,675.5674,,安吉县,亿元,matched,156330523,2024
2024,,330602,,,越城区,亿元,no_data,156330602,2024
2024,,330603,2252.284,,柯桥区,亿元,matched,156330603,2024
2024,,330604,1381.3676,,上虞区,亿元,matched,156330604,2024
2024,,330624,660.0579,,新昌县,亿元,matched,156330624,2024
2024,,330681,1861.0764,,诸暨市,亿元,matched,156330681,2024
2024,,330683,800.2496,,嵊州市,亿元,matched,156330683,2024
2024,,330702,,,婺城区,亿元,no_data,156330702,2024
2024,,330703,,,金东区,亿元,no_data,156330703,2024
2024,,330723,394.2136,,武义县,亿元,matched,156330723,2024
2024,,330726,320.2415,,浦江县,亿元,matched,156330726,2024
2024,,330727,156.81,,磐安县,亿元,matched,156330727,2024
2024,,330781,554.82,,兰溪市,亿元,matched,156330781,2024
2024,,330782,2503.5131,,义乌市,亿元,matched,156330782,2024
2024,,330783,875.14,,东阳市,亿元,matched,156330783,2024
2024,,330784,835.5255,,永康市,亿元,matched,156330784,2024
2024,,330802,,,柯城区,亿元,no_data,156330802,2024
2024,,330803,362.75,,衢江区,亿元,matched,156330803,2024
2024,,330822,223.3232,,常山县,亿元,matched,156330822,2024
2024,,330824,203.0699,,开化县,亿元,matched,156330824,2024
2024,,330825,337.5242,,龙游县,亿元,matched,156330825,2024
2024,,330881,430.4726,,江山市,亿元,matched,156330881,2024
2024,,330902,,,定海区,亿元,no_data,156330902,2024
2024,,330903,,,普陀区,亿元,no_data,156330903,2024
2024,,330921,793.5071,,岱山县,亿元,matched,156330921,2024
2024,,330922,172.3596,,嵊泗县,亿元,matched,156330922,2024
2024,,331002,,,椒江区,亿元,no_data,156331002,2024
2024,,331003,,,黄岩区,亿元,no_data,156331003,2024
2024,,331004,,,路桥区,亿元,no_data,156331004,2024
2024,,331022,386.2586,,三门县,亿元,matched,156331022,2024
2024,,331023,391.6703,,天台县,亿元,matched,156331023,2024
2024,,331024,349.0413,,仙居县,亿元,matched,156331024,2024
2024,,331081,1417.6346,,温岭市,亿元,matched,156331081,2024
2024,,331082,971.6806,,临海市,亿元,matched,156331082,2024
2024,,331083,795.0567,,玉环市,亿元,matched,156331083,2024
2024,,331102,,,莲都区,亿元,no_data,156331102,2024
2024,,331121,319.99,,青田县,亿元,matched,156331121,2024
2024,,331122,342.4249,,缙云县,亿元,matched,156331122,2024
2024,,331123,194.3475,,遂昌县,亿元,matched,156331123,2024
2024,,331124,173.58,,松阳县,亿元,matched,156331124,2024
2024,,331125,118.3736,,云和县,亿元,matched,156331125,2024
2024,,331126,114.4214,,庆元县,亿元,matched,156331126,2024
2024,,331127,119.6983,,景宁畲族自治县,亿元,matched,156331127,2024
2024,,331181,201.4839,,龙泉市,亿元,matched,156331181,2024
2024,,340102,,,瑶海区,亿元,no_data,156340102,2024
2024,,340103,,,庐阳区,亿元,no_data,156340103,2024
2024,,340104,,,蜀山区,亿元,no_data,156340104,2024
2024,,340111,,,包河区,亿元,no_data,156340111,2024
2024,,340121,1038.636,,长丰县,亿元,matched,156340121,2024
2024,,340122,922.5096,,肥东县,亿元,matched,156340122,2024
2024,,340123,1212.4311,,肥西县,亿元,matched,156340123,2024
2024,,340124,731.1113,,庐江县,亿元,matched,156340124,2024
2024,,340181,669.3449,,巢湖市,亿元,matched,156340181,2024
2024,,340202,,,镜湖区,亿元,no_data,156340202,2024
2024,,340207,,,鸠江区,亿元,no_data,156340207,2024
2024,,340209,,,弋江区,亿元,no_data,156340209,2024
2024,,340210,,,湾沚区,亿元,no_data,156340210,2024
2024,,340212,,,繁昌区,亿元,no_data,156340212,2024
2024,,340223,372.1702,,南陵县,亿元,matched,156340223,2024
2024,,340281,,,无为市,亿元,no_data,156340281,2024
2024,,340302,,,龙子湖区,亿元,no_data,156340302,2024
2024,,340303,,,蚌山区,亿元,no_data,156340303,2024
2024,,340304,,,禹会区,亿元,no_data,156340304,2024
2024,,340311,,,淮上区,亿元,no_data,156340311,2024
2024,,340321,406.3332,,怀远县,亿元,matched,156340321,2024
2024,,340322,330.0123,,五河县,亿元,matched,156340322,2024
2024,,340323,328.1447,,固镇县,亿元,matched,156340323,2024
2024,,340402,,,大通区,亿元,no_data,156340402,2024
2024,,340403,,,田家庵区,亿元,no_data,156340403,2024
2024,,340404,,,谢家集区,亿元,no_data,156340404,2024
2024,,340405,,,八公山区,亿元,no_data,156340405,2024
2024,,340406,,,潘集区,亿元,no_data,156340406,2024
2024,,340421,443.0741,,凤台县,亿元,matched,156340421,2024
2024,,340422,318.8921,,寿县,亿元,matched,156340422,2024
2024,,340503,,,花山区,亿元,no_data,156340503,2024
2024,,340504,,,雨山区,亿元,no_data,156340504,2024
2024,,340506,,,博望区,亿元,no_data,156340506,2024
2024,,340521,625.5,,当涂县,亿元,matched,156340521,2024
2024,,340522,320.3508,,含山县,亿元,matched,156340522,2024
2024,,340523,316.7892,,和县,亿元,matched,156340523,2024
2024,,340602,,,杜集区,亿元,no_data,156340602,2024
2024,,340603,,,相山区,亿元,no_data,156340603,2024
2024,,340604,,,烈山区,亿元,no_data,156340604,2024
2024,,340621,646.7483,,濉溪县,亿元,matched,156340621,2024
2024,,340705,,,铜官区,亿元,no_data,156340705,2024
2024,,340706,242.3374,,义安区,亿元,matched,156340706,2024
2024,,340711,,,郊区,亿元,no_data,156340711,2024
2024,,340722,213.8578,,枞阳县,亿元,matched,156340722,2024
2024,,340802,,,迎江区,亿元,no_data,156340802,2024
2024,,340803,,,大观区,亿元,no_data,156340803,2024
2024,,340811,,,宜秀区,亿元,no_data,156340811,2024
2024,,340822,388.3029,,怀宁县,亿元,matched,156340822,2024
2024,,340825,239.3558,,太湖县,亿元,matched,156340825,2024
2024,,340826,301.9474,,宿松县,亿元,matched,156340826,2024
2024,,340827,236.6756,,望江县,亿元,matched,156340827,2024
2024,,340828,149.2922,,岳西县,亿元,matched,156340828,2024
2024,,340881,529.0141,,桐城市,亿元,matched,156340881,2024
2024,,340882,,,潜山市,亿元,matched,156340882,2024
2024,,341002,,,屯溪区,亿元,no_data,156341002,2024
2024,,341003,,,黄山区,亿元,no_data,156341003,2024
2024,,341004,,,徽州区,亿元,no_data,156341004,2024
2024,,341021,277.4411,,歙县,亿元,matched,156341021,2024
2024,,341022,151.3467,,休宁县,亿元,matched,156341022,2024
2024,,341023,63.2604,,黟县,亿元,matched,156341023,2024
2024,,341024,104.3996,,祁门县,亿元,matched,156341024,2024
2024,,341102,,,琅琊区,亿元,no_data,156341102,2024
2024,,341103,,,南谯区,亿元,no_data,156341103,2024
2024,,341122,400.12,,来安县,亿元,matched,156341122,2024
2024,,341124,373.3084,,全椒县,亿元,matched,156341124,2024
2024,,341125,418.8977,,定远县,亿元,matched,156341125,2024
2024,,341126,586.1195,,凤阳县,亿元,matched,156341126,2024
2024,,341181,777.2291,,天长市,亿元,matched,156341181,2024
2024,,341182,321.513,,明光市,亿元,matched,156341182,2024
2024,,341202,,,颍州区,亿元,no_data,156341202,2024
2024,,341203,,,颍东区,亿元,no_data,156341203,2024
2024,,341204,,,颍泉区,亿元,no_data,156341204,2024
2024,,341221,572.3357,,临泉县,亿元,matched,156341221,2024
2024,,341222,531.215,,太和县,亿元,matched,156341222,2024
2024,,341225,377.2436,,阜南县,亿元,matched,156341225,2024
2024,,341226,585.1605,,颍上县,亿元,matched,156341226,2024
2024,,341282,400.8042,,界首市,亿元,matched,156341282,2024
2024,,341302,,,埇桥区,亿元,no_data,156341302,2024
2024,,341321,289.8474,,砀山县,亿元,matched,156341321,2024
2024,,341322,487.6242,,萧县,亿元,matched,156341322,2024
2024,,341323,355.7376,,灵璧县,亿元,matched,156341323,2024
2024,,341324,322.8857,,泗县,亿元,matched,156341324,2024
2024,,341502,,,金安区,亿元,no_data,156341502,2024
2024,,341503,,,裕安区,亿元,no_data,156341503,2024
2024,,341504,,,叶集区,亿元,no_data,156341504,2024
2024,,341522,334.5525,,霍邱县,亿元,matched,156341522,2024
2024,,341523,413.183,,舒城县,亿元,matched,156341523,2024
2024,,341524,284.4527,,金寨县,亿元,matched,156341524,2024
2024,,341525,233.73,,霍山县,亿元,matched,156341525,2024
2024,,341602,,,谯城区,亿元,no_data,156341602,2024
2024,,341621,545.0813,,涡阳县,亿元,matched,156341621,2024
2024,,341622,549.3546,,蒙城县,亿元,matched,156341622,2024
2024,,341623,488.6011,,利辛县,亿元,matched,156341623,2024
2024,,341702,,,贵池区,亿元,no_data,156341702,2024
2024,,341721,285.35,,东至县,亿元,matched,156341721,2024
2024,,341722,46.5431,,石台县,亿元,matched,156341722,2024
2024,,341723,209.5737,,青阳县,亿元,matched,156341723,2024
2024,,341802,,,宣州区,亿元,matched,156341802,2024
2024,,341821,237.6173,,郎溪县,亿元,matched,156341821,2024
2024,,341823,173.757,,泾县,亿元,matched,156341823,2024
2024,,341824,106.6672,,绩溪县,亿元,matched,156341824,2024
2024,,341825,69.2233,,旌德县,亿元,matched,156341825,2024
2024,,341881,481.0049,,宁国市,亿元,matched,156341881,2024
2024,,341882,,,广德市,亿元,no_data,156341882,2024
2024,,350102,,,鼓楼区,亿元,no_data,156350102,2024
2024,,350103,,,台江区,亿元,no_data,156350103,2024
2024,,350104,,,仓山区,亿元,no_data,156350104,2024
2024,,350105,,,马尾区,亿元,no_data,156350105,2024
2024,,350111,,,晋安区,亿元,no_data,156350111,2024
2024,,350112,1363.8691,,长乐区,亿元,matched,156350112,2024
2024,,350121,1170.503,,闽侯县,亿元,matched,156350121,2024
2024,,350122,849.9746,,连江县,亿元,matched,156350122,2024
2024,,350123,510.5364,,罗源县,亿元,matched,156350123,2024
2024,,350124,528.5233,,闽清县,亿元,matched,156350124,2024
2024,,350125,396.7403,,永泰县,亿元,matched,156350125,2024
2024,,350128,362.4899,,平潭县,亿元,matched,156350128,2024
2024,,350181,1900.7868,,福清市,亿元,matched,156350181,2024
2024,,350203,,,思明区,亿元,no_data,156350203,2024
2024,,350205,,,海沧区,亿元,no_data,156350205,2024
2024,,350206,,,湖里区,亿元,no_data,156350206,2024
2024,,350211,,,集美区,亿元,no_data,156350211,2024
2024,,350212,,,同安区,亿元,no_data,156350212,2024
2024,,350213,,,翔安区,亿元,no_data,156350213,2024
2024,,350302,,,城厢区,亿元,no_data,156350302,2024
2024,,350303,,,涵江区,亿元,no_data,156350303,2024
2024,,350304,,,荔城区,亿元,no_data,156350304,2024
2024,,350305,,,秀屿区,亿元,no_data,156350305,2024
2024,,350322,748.8116,,仙游县,亿元,matched,156350322,2024
2024,,350404,,,三元区,亿元,no_data,156350404,2024
2024,,350405,330.7647,,沙县区,亿元,matched,156350405,2024
2024,,350421,122.639,,明溪县,亿元,matched,156350421,2024
2024,,350423,121.6505,,清流县,亿元,matched,156350423,2024
2024,,350424,227.8381,,宁化县,亿元,matched,156350424,2024
2024,,350425,255.759,,大田县,亿元,matched,156350425,2024
2024,,350426,257.8848,,尤溪县,亿元,matched,156350426,2024
2024,,350428,197.6986,,将乐县,亿元,matched,156350428,2024
2024,,350429,86.6693,,泰宁县,亿元,matched,156350429,2024
2024,,350430,137.1186,,建宁县,亿元,matched,156350430,2024
2024,,350481,487.7663,,永安市,亿元,matched,156350481,2024
2024,,350502,,,鲤城区,亿元,no_data,156350502,2024
2024,,350503,,,丰泽区,亿元,no_data,156350503,2024
2024,,350504,,,洛江区,亿元,no_data,156350504,2024
2024,,350505,,,泉港区,亿元,no_data,156350505,2024
2024,,350521,1748.0333,,惠安县,亿元,matched,156350521,2024
2024,,350524,989.2047,,安溪县,亿元,matched,156350524,2024
2024,,350525,442.8062,,永春县,亿元,matched,156350525,2024
2024,,350526,422.8183,,德化县,亿元,matched,156350526,2024
2024,,350527,,,金门县,亿元,no_data,156350527,2024
2024,,350581,1302.356,,石狮市,亿元,matched,156350581,2024
2024,,350582,3647.4544,,晋江市,亿元,matched,156350582,2024
2024,,350583,,,南安市,亿元,no_data,156350583,2024
2024,,350602,,,芗城区,亿元,no_data,156350602,2024
2024,,350603,,,龙文区,亿元,no_data,156350603,2024
2024,,350604,,,龙海区,亿元,no_data,156350604,2024
2024,,350605,,,长泰区,亿元,no_data,156350605,2024
2024,,350622,,,云霄县,亿元,no_data,156350622,2024
2024,,350623,,,漳浦县,亿元,no_data,156350623,2024
2024,,350624,,,诏安县,亿元,no_data,156350624,2024
2024,,350626,,,东山县,亿元,no_data,156350626,2024
2024,,350627,,,南靖县,亿元,no_data,156350627,2024
2024,,350628,,,平和县,亿元,no_data,156350628,2024
2024,,350629,,,华安县,亿元,no_data,156350629,2024
2024,,350702,,,延平区,亿元,no_data,156350702,2024
2024,,350703,287.074,,建阳区,亿元,matched,156350703,2024
2024,,350721,142.7436,,顺昌县,亿元,matched,156350721,2024
2024,,350722,174.8309,,浦城县,亿元,matched,156350722,2024
2024,,350723,136.8181,,光泽县,亿元,matched,156350723,2024
2024,,350724,89.2691,,松溪县,亿元,matched,156350724,2024
2024,,350725,118.0551,,政和县,亿元,matched,156350725,2024
2024,,350781,251.1921,,邵武市,亿元,matched,156350781,2024
2024,,350782,234.5228,,武夷山市,亿元,matched,156350782,2024
2024,,350783,282.173,,建瓯市,亿元,matched,156350783,2024
2024,,350802,,,新罗区,亿元,no_data,156350802,2024
2024,,350803,342.895,,永定区,亿元,matched,156350803,2024
2024,,350821,357.84,,长汀县,亿元,matched,156350821,2024
2024,,350823,556.844,,上杭县,亿元,matched,156350823,2024
2024,,350824,320.6872,,武平县,亿元,matched,156350824,2024
2024,,350825,323.8651,,连城县,亿元,matched,156350825,2024
2024,,350881,332.7758,,漳平市,亿元,matched,156350881,2024
2024,,350902,,,蕉城区,亿元,no_data,156350902,2024
2024,,350921,382.3702,,霞浦县,亿元,matched,156350921,2024
2024,,350922,261.5278,,古田县,亿元,matched,156350922,2024
2024,,350923,126.6955,,屏南县,亿元,matched,156350923,2024
2024,,350924,117.1874,,寿宁县,亿元,matched,156350924,2024
2024,,350925,116.9318,,周宁县,亿元,matched,156350925,2024
2024,,350926,95.8669,,柘荣县,亿元,matched,156350926,2024
2024,,350981,918.7038,,福安市,亿元,matched,156350981,2024
2024,,350982,596.3574,,福鼎市,亿元,matched,156350982,2024
2024,,360102,,,东湖区,亿元,no_data,156360102,2024
2024,,360103,,,西湖区,亿元,no_data,156360103,2024
2024,,360104,,,青云谱区,亿元,no_data,156360104,2024
2024,,360111,,,青山湖区,亿元,no_data,156360111,2024
2024,,360112,1300.8469,,新建区,亿元,matched,156360112,2024
2024,,360113,,,红谷滩区,亿元,no_data,156360113,2024
2024,,360121,2464.6225,,南昌县,亿元,matched,156360121,2024
2024,,360123,170.1412,,安义县,亿元,matched,156360123,2024
2024,,360124,400.1284,,进贤县,亿元,matched,156360124,2024
2024,,360202,,,昌江区,亿元,no_data,156360202,2024
2024,,360203,,,珠山区,亿元,no_data,156360203,2024
2024,,360222,180.964,,浮梁县,亿元,matched,156360222,2024
2024,,360281,422.8354,,乐平市,亿元,matched,156360281,2024
2024,,360302,,,安源区,亿元,no_data,156360302,2024
2024,,360313,,,湘东区,亿元,no_data,156360313,2024
2024,,360321,104.3983,,莲花县,亿元,matched,156360321,2024
2024,,360322,202.7165,,上栗县,亿元,matched,156360322,2024
2024,,360323,167.7412,,芦溪县,亿元,matched,156360323,2024
2024,,360402,,,濂溪区,亿元,no_data,156360402,2024
2024,,360403,,,浔阳区,亿元,no_data,156360403,2024
2024,,360404,210.132,,柴桑区,亿元,matched,156360404,2024
2024,,360423,212.5581,,武宁县,亿元,matched,156360423,2024
2024,,360424,313.737,,修水县,亿元,matched,156360424,2024
2024,,360425,322.1347,,永修县,亿元,matched,156360425,2024
2024,,360426,181.1886,,德安县,亿元,matched,156360426,2024
2024,,360428,236.834,,都昌县,亿元,matched,156360428,2024
2024,,360429,368.3978,,湖口县,亿元,matched,156360429,2024
2024,,360430,225.0078,,彭泽县,亿元,matched,156360430,2024
2024,,360481,319.5485,,瑞昌市,亿元,matched,156360481,2024
2024,,360482,180.8437,,共青城市,亿元,matched,156360482,2024
2024,,360483,126.5409,,庐山市,亿元,matched,156360483,2024
2024,,360502,,,渝水区,亿元,no_data,156360502,2024
2024,,360521,229.5131,,分宜县,亿元,matched,156360521,2024
2024,,360602,,,月湖区,亿元,no_data,156360602,2024
2024,,360603,248.2829,,余江区,亿元,matched,156360603,2024
2024,,360681,702.4177,,贵溪市,亿元,matched,156360681,2024
2024,,360702,,,章贡区,亿元,no_data,156360702,2024
2024,,360703,508.2119,,南康区,亿元,matched,156360703,2024
2024,,360704,,,赣县区,亿元,no_data,156360704,2024
2024,,360722,323.9095,,信丰县,亿元,matched,156360722,2024
2024,,360723,142.8554,,大余县,亿元,matched,156360723,2024
2024,,360724,127.9672,,上犹县,亿元,matched,156360724,2024
2024,,360725,120.8844,,崇义县,亿元,matched,156360725,2024
2024,,360726,132.02,,安远县,亿元,matched,156360726,2024
2024,,360728,140.2668,,定南县,亿元,matched,156360728,2024
2024,,360729,118.8466,,全南县,亿元,matched,156360729,2024
2024,,360730,286.0651,,宁都县,亿元,matched,156360730,2024
2024,,360731,352.6094,,于都县,亿元,matched,156360731,2024
2024,,360732,253.5482,,兴国县,亿元,matched,156360732,2024
2024,,360733,174.5308,,会昌县,亿元,matched,156360733,2024
2024,,360734,156.4441,,寻乌县,亿元,matched,156360734,2024
2024,,360735,117.6233,,石城县,亿元,matched,156360735,2024
2024,,360781,228.0913,,瑞金市,亿元,matched,156360781,2024
2024,,360783,,,龙南市,亿元,matched,156360783,2024
2024,,360802,,,吉州区,亿元,no_data,156360802,2024
2024,,360803,,,青原区,亿元,no_data,156360803,2024
2024,,360821,262.9169,,吉安县,亿元,matched,156360821,2024
2024,,360822,241.327,,吉水县,亿元,matched,156360822,2024
2024,,360823,114.6668,,峡江县,亿元,matched,156360823,2024
2024,,360824,229.8374,,新干县,亿元,matched,156360824,2024
2024,,360825,235.1175,,永丰县,亿元,matched,156360825,2024
2024,,360826,248.5503,,泰和县,亿元,matched,156360826,2024
2024,,360827,256.751,,遂川县,亿元,matched,156360827,2024
2024,,360828,150.3738,,万安县,亿元,matched,156360828,2024
2024,,360829,207.4838,,安福县,亿元,matched,156360829,2024
2024,,360830,172.155,,永新县,亿元,matched,156360830,2024
2024,,360881,113.794,,井冈山市,亿元,matched,156360881,2024
2024,,360902,,,袁州区,亿元,no_data,156360902,2024
2024,,360921,256.4404,,奉新县,亿元,matched,156360921,2024
2024,,360922,318.3341,,万载县,亿元,matched,156360922,2024
2024,,360923,317.3628,,上高县,亿元,matched,156360923,2024
2024,,360924,223.984,,宜丰县,亿元,matched,156360924,2024
2024,,360925,100.5818,,靖安县,亿元,matched,156360925,2024
2024,,360926,85.7429,,铜鼓县,亿元,matched,156360926,2024
2024,,360981,730.0156,,丰城市,亿元,matched,156360981,2024
2024,,360982,457.0123,,樟树市,亿元,matched,156360982,2024
2024,,360983,628.7188,,高安市,亿元,matched,156360983,2024
2024,,361002,,,临川区,亿元,no_data,156361002,2024
2024,,361003,236.5466,,东乡区,亿元,matched,156361003,2024
2024,,361021,207.7544,,南城县,亿元,matched,156361021,2024
2024,,361022,127.264,,黎川县,亿元,matched,156361022,2024
2024,,361023,203.0189,,南丰县,亿元,matched,156361023,2024
2024,,361024,157.052,,崇仁县,亿元,matched,156361024,2024
2024,,361025,92.7869,,乐安县,亿元,matched,156361025,2024
2024,,361026,122.5922,,宜黄县,亿元,matched,156361026,2024
2024,,361027,129.4851,,金溪县,亿元,matched,156361027,2024
2024,,361028,66.7337,,资溪县,亿元,matched,156361028,2024
2024,,361030,118.7569,,广昌县,亿元,matched,156361030,2024
2024,,361102,,,信州区,亿元,no_data,156361102,2024
2024,,361103,523.6357,,广丰区,亿元,matched,156361103,2024
2024,,361104,,,广信区,亿元,no_data,156361104,2024
2024,,361123,314.2257,,玉山县,亿元,matched,156361123,2024
2024,,361124,210.2983,,铅山县,亿元,matched,156361124,2024
2024,,361125,127.1522,,横峰县,亿元,matched,156361125,2024
2024,,361126,192.4611,,弋阳县,亿元,matched,156361126,2024
2024,,361127,283.3,,余干县,亿元,matched,156361127,2024
2024,,361128,372.0097,,鄱阳县,亿元,matched,156361128,2024
2024,,361129,227.2596,,万年县,亿元,matched,156361129,2024
2024,,361130,186.0844,,婺源县,亿元,matched,156361130,2024
2024,,361181,233.2654,,德兴市,亿元,matched,156361181,2024
2024,,370102,,,历下区,亿元,no_data,156370102,2024
2024,,370103,,,市中区,亿元,no_data,156370103,2024
2024,,370104,,,槐荫区,亿元,no_data,156370104,2024
2024,,370105,,,天桥区,亿元,no_data,156370105,2024
2024,,370112,,,历城区,亿元,no_data,156370112,2024
2024,,370113,455.9696,,长清区,亿元,matched,156370113,2024
2024,,370114,1326.9033,,章丘区,亿元,matched,156370114,2024
2024,,370115,490.7131,,济阳区,亿元,matched,156370115,2024
2024,,370116,,,莱芜区,亿元,no_data,156370116,2024
2024,,370117,,,钢城区,亿元,no_data,156370117,2024
2024,,370124,333.132,,平阴县,亿元,matched,156370124,2024
2024,,370126,288.0915,,商河县,亿元,matched,156370126,2024
2024,,370202,,,市南区,亿元,no_data,156370202,2024
2024,,370203,,,市北区,亿元,no_data,156370203,2024
2024,,370211,,,黄岛区,亿元,no_data,156370211,2024
2024,,370212,,,崂山区,亿元,no_data,156370212,2024
2024,,370213,,,李沧区,亿元,no_data,156370213,2024
2024,,370214,,,城阳区,亿元,no_data,156370214,2024
2024,,370215,1671.41,,即墨区,亿元,matched,156370215,2024
2024,,370281,1728.0435,,胶州市,亿元,matched,156370281,2024
2024,,370283,950.13,,平度市,亿元,matched,156370283,2024
2024,,370285,711.71,,莱西市,亿元,matched,156370285,2024
2024,,370302,,,淄川区,亿元,no_data,156370302,2024
2024,,370303,,,张店区,亿元,no_data,156370303,2024
2024,,370304,,,博山区,亿元,no_data,156370304,2024
2024,,370305,,,临淄区,亿元,no_data,156370305,2024
2024,,370306,,,周村区,亿元,no_data,156370306,2024
2024,,370321,730.328,,桓台县,亿元,matched,156370321,2024
2024,,370322,252.4447,,高青县,亿元,matched,156370322,2024
2024,,370323,379.1388,,沂源县,亿元,matched,156370323,2024
2024,,370402,,,市中区,亿元,no_data,156370402,2024
2024,,370403,,,薛城区,亿元,no_data,156370403,2024
2024,,370404,,,峄城区,亿元,no_data,156370404,2024
2024,,370405,,,台儿庄区,亿元,no_data,156370405,2024
2024,,370406,,,山亭区,亿元,no_data,156370406,2024
2024,,370481,1039.3,,滕州市,亿元,matched,156370481,2024
2024,,370502,,,东营区,亿元,no_data,156370502,2024
2024,,370503,,,河口区,亿元,no_data,156370503,2024
2024,,370505,417.4408,,垦利区,亿元,matched,156370505,2024
2024,,370522,400.4201,,利津县,亿元,matched,156370522,2024
2024,,370523,951.6418,,广饶县,亿元,matched,156370523,2024
2024,,370602,,,芝罘区,亿元,no_data,156370602,2024
2024,,370611,,,福山区,亿元,no_data,156370611,2024
2024,,370612,,,牟平区,亿元,no_data,156370612,2024
2024,,370613,,,莱山区,亿元,no_data,156370613,2024
2024,,370614,,,蓬莱区,亿元,no_data,156370614,2024
2024,,370681,1642.5179,,龙口市,亿元,matched,156370681,2024
2024,,370682,536.7686,,莱阳市,亿元,matched,156370682,2024
2024,,370683,887.5227,,莱州市,亿元,matched,156370683,2024
2024,,370685,916.3255,,招远市,亿元,matched,156370685,2024
2024,,370686,320.5219,,栖霞市,亿元,matched,156370686,2024
2024,,370687,559.9255,,海阳市,亿元,matched,156370687,2024
2024,,370702,,,潍城区,亿元,no_data,156370702,2024
2024,,370703,,,寒亭区,亿元,no_data,156370703,2024
2024,,370704,,,坊子区,亿元,no_data,156370704,2024
2024,,370705,,,奎文区,亿元,no_data,156370705,2024
2024,,370724,475.0019,,临朐县,亿元,matched,156370724,2024
2024,,370725,442.3836,,昌乐县,亿元,matched,156370725,2024
2024,,370781,801.4432,,青州市,亿元,matched,156370781,2024
2024,,370782,901.3245,,诸城市,亿元,matched,156370782,2024
2024,,370783,1081.8782,,寿光市,亿元,matched,156370783,2024
2024,,370784,516.9982,,安丘市,亿元,matched,156370784,2024
2024,,370785,715.7,,高密市,亿元,matched,156370785,2024
2024,,370786,609.8908,,昌邑市,亿元,matched,156370786,2024
2024,,370811,,,任城区,亿元,no_data,156370811,2024
2024,,370812,903.36,,兖州区,亿元,matched,156370812,2024
2024,,370826,476.71,,微山县,亿元,matched,156370826,2024
2024,,370827,264.11,,鱼台县,亿元,matched,156370827,2024
2024,,370828,298.87,,金乡县,亿元,matched,156370828,2024
2024,,370829,403.66,,嘉祥县,亿元,matched,156370829,2024
2024,,370830,304.6895,,汶上县,亿元,matched,156370830,2024
2024,,370831,233.8318,,泗水县,亿元,matched,156370831,2024
2024,,370832,321.96,,梁山县,亿元,matched,156370832,2024
2024,,370881,458.983,,曲阜市,亿元,matched,156370881,2024
2024,,370883,1103.65,,邹城市,亿元,matched,156370883,2024
2024,,370902,,,泰山区,亿元,no_data,156370902,2024
2024,,370911,,,岱岳区,亿元,no_data,156370911,2024
2024,,370921,343.1919,,宁阳县,亿元,matched,156370921,2024
2024,,370923,294.3941,,东平县,亿元,matched,156370923,2024
2024,,370982,700.7873,,新泰市,亿元,matched,156370982,2024
2024,,370983,965.5834,,肥城市,亿元,matched,156370983,2024
2024,,371002,,,环翠区,亿元,no_data,156371002,2024
2024,,371003,642.83,,文登区,亿元,matched,156371003,2024
2024,,371082,1069.6,,荣成市,亿元,matched,156371082,2024
2024,,371083,382.47,,乳山市,亿元,matched,156371083,2024
2024,,371102,,,东港区,亿元,no_data,156371102,2024
2024,,371103,,,岚山区,亿元,no_data,156371103,2024
2024,,371121,243.49,,五莲县,亿元,matched,156371121,2024
2024,,371122,484.59,,莒县,亿元,matched,156371122,2024
2024,,371302,,,兰山区,亿元,no_data,156371302,2024
2024,,371311,,,罗庄区,亿元,no_data,156371311,2024
2024,,371312,,,河东区,亿元,no_data,156371312,2024
2024,,371321,337.6461,,沂南县,亿元,matched,156371321,2024
2024,,371322,426.1256,,郯城县,亿元,matched,156371322,2024
2024,,371323,618.5708,,沂水县,亿元,matched,156371323,2024
2024,,371324,372.5183,,兰陵县,亿元,matched,156371324,2024
2024,,371325,568.1842,,费县,亿元,matched,156371325,2024
2024,,371326,347.6201,,平邑县,亿元,matched,156371326,2024
2024,,371327,440.9733,,莒南县,亿元,matched,156371327,2024
2024,,371328,240.3794,,蒙阴县,亿元,matched,156371328,2024
2024,,371329,300.2791,,临沭县,亿元,matched,156371329,2024
2024,,371402,,,德城区,亿元,no_data,156371402,2024
2024,,371403,313.883,,陵城区,亿元,matched,156371403,2024
2024,,371422,318.2439,,宁津县,亿元,matched,156371422,2024
2024,,371423,229.5376,,庆云县,亿元,matched,156371423,2024
2024,,371424,345.9289,,临邑县,亿元,matched,156371424,2024
2024,,371425,434.8092,,齐河县,亿元,matched,156371425,2024
2024,,371426,277.067,,平原县,亿元,matched,156371426,2024
2024,,371427,242.8125,,夏津县,亿元,matched,156371427,2024
2024,,371428,239.9298,,武城县,亿元,matched,156371428,2024
2024,,371481,326.2144,,乐陵市,亿元,matched,156371481,2024
2024,,371482,335.1231,,禹城市,亿元,matched,156371482,2024
2024,,371502,,,东昌府区,亿元,no_data,156371502,2024
2024,,371503,408.8149,,茌平区,亿元,matched,156371503,2024
2024,,371521,371.1362,,阳谷县,亿元,matched,156371521,2024
2024,,371522,311.2231,,莘县,亿元,matched,156371522,2024
2024,,371524,200.462,,东阿县,亿元,matched,156371524,2024
2024,,371525,301.151,,冠县,亿元,matched,156371525,2024
2024,,371526,210.1066,,高唐县,亿元,matched,156371526,2024
2024,,371581,330.8175,,临清市,亿元,matched,156371581,2024
2024,,371602,,,滨城区,亿元,no_data,156371602,2024
2024,,371603,224.5934,,沾化区,亿元,matched,156371603,2024
2024,,371621,311.5702,,惠民县,亿元,matched,156371621,2024
2024,,371622,321.1478,,阳信县,亿元,matched,156371622,2024
2024,,371623,445.8802,,无棣县,亿元,matched,156371623,2024
2024,,371625,510.7408,,博兴县,亿元,matched,156371625,2024
2024,,371681,,,邹平市,亿元,matched,156371681,2024
2024,,371702,,,牡丹区,亿元,no_data,156371702,2024
2024,,371703,307.975,,定陶区,亿元,matched,156371703,2024
2024,,371721,627.7694,,曹县,亿元,matched,156371721,2024
2024,,371722,488.6476,,单县,亿元,matched,156371722,2024
2024,,371723,269.6785,,成武县,亿元,matched,156371723,2024
2024,,371724,485.1229,,巨野县,亿元,matched,156371724,2024
2024,,371725,572.583,,郓城县,亿元,matched,156371725,2024
2024,,371726,332.6182,,鄄城县,亿元,matched,156371726,2024
2024,,371728,568.7558,,东明县,亿元,matched,156371728,2024
2024,,410102,,,中原区,亿元,no_data,156410102,2024
2024,,410103,,,二七区,亿元,no_data,156410103,2024
2024,,410104,,,管城回族区,亿元,no_data,156410104,2024
2024,,410105,,,金水区,亿元,no_data,156410105,2024
2024,,410106,,,上街区,亿元,no_data,156410106,2024
2024,,410108,,,惠济区,亿元,no_data,156410108,2024
2024,,410122,1252.3685,,中牟县,亿元,matched,156410122,2024
2024,,410181,1051.2661,,巩义市,亿元,matched,156410181,2024
2024,,410182,575.5587,,荥阳市,亿元,matched,156410182,2024
2024,,410183,704.2178,,新密市,亿元,matched,156410183,2024
2024,,410184,1971.87,,新郑市,亿元,matched,156410184,2024
2024,,410185,493.3138,,登封市,亿元,matched,156410185,2024
2024,,410202,,,龙亭区,亿元,no_data,156410202,2024
2024,,410203,,,顺河回族区,亿元,no_data,156410203,2024
2024,,410204,,,鼓楼区,亿元,no_data,156410204,2024
2024,,410205,,,禹王台区,亿元,no_data,156410205,2024
2024,,410212,329.1043,,祥符区,亿元,matched,156410212,2024
2024,,410221,418.807,,杞县,亿元,matched,156410221,2024
2024,,410222,294.2496,,通许县,亿元,matched,156410222,2024
2024,,410223,492.3,,尉氏县,亿元,matched,156410223,2024
2024,,410225,462.0933,,兰考县,亿元,matched,156410225,2024
2024,,410302,,,老城区,亿元,no_data,156410302,2024
2024,,410303,,,西工区,亿元,no_data,156410303,2024
2024,,410304,,,瀍河回族区,亿元,no_data,156410304,2024
2024,,410305,,,涧西区,亿元,no_data,156410305,2024
2024,,410307,,,偃师区,亿元,no_data,156410307,2024
2024,,410308,,,孟津区,亿元,no_data,156410308,2024
2024,,410311,,,洛龙区,亿元,no_data,156410311,2024
2024,,410323,437.1707,,新安县,亿元,matched,156410323,2024
2024,,410324,315.1401,,栾川县,亿元,matched,156410324,2024
2024,,410325,240.0693,,嵩县,亿元,matched,156410325,2024
2024,,410326,201.3286,,汝阳县,亿元,matched,156410326,2024
2024,,410327,323.8342,,宜阳县,亿元,matched,156410327,2024
2024,,410328,224.144,,洛宁县,亿元,matched,156410328,2024
2024,,410329,431.0397,,伊川县,亿元,matched,156410329,2024
2024,,410402,,,新华区,亿元,no_data,156410402,2024
2024,,410403,,,卫东区,亿元,no_data,156410403,2024
2024,,410404,,,石龙区,亿元,no_data,156410404,2024
2024,,410411,,,湛河区,亿元,no_data,156410411,2024
2024,,410421,324.2789,,宝丰县,亿元,matched,156410421,2024
2024,,410422,259.3568,,叶县,亿元,matched,156410422,2024
2024,,410423,224.7176,,鲁山县,亿元,matched,156410423,2024
2024,,410425,233.5417,,郏县,亿元,matched,156410425,2024
2024,,410481,174.8175,,舞钢市,亿元,matched,156410481,2024
2024,,410482,517.8579,,汝州市,亿元,matched,156410482,2024
2024,,410502,,,文峰区,亿元,no_data,156410502,2024
2024,,410503,,,北关区,亿元,no_data,156410503,2024
2024,,410505,,,殷都区,亿元,no_data,156410505,2024
2024,,410506,,,龙安区,亿元,no_data,156410506,2024
2024,,410522,139.4077,,安阳县,亿元,matched,156410522,2024
2024,,410523,198.1059,,汤阴县,亿元,matched,156410523,2024
2024,,410526,466.6523,,滑县,亿元,matched,156410526,2024
2024,,410527,198.9483,,内黄县,亿元,matched,156410527,2024
2024,,410581,726.5257,,林州市,亿元,matched,156410581,2024
2024,,410602,,,鹤山区,亿元,no_data,156410602,2024
2024,,410603,,,山城区,亿元,no_data,156410603,2024
2024,,410611,,,淇滨区,亿元,no_data,156410611,2024
2024,,410621,282.9057,,浚县,亿元,matched,156410621,2024
2024,,410622,243.423,,淇县,亿元,matched,156410622,2024
2024,,410702,,,红旗区,亿元,no_data,156410702,2024
2024,,410703,,,卫滨区,亿元,no_data,156410703,2024
2024,,410704,,,凤泉区,亿元,no_data,156410704,2024
2024,,410711,,,牧野区,亿元,no_data,156410711,2024
2024,,410721,318.1841,,新乡县,亿元,matched,156410721,2024
2024,,410724,202.9894,,获嘉县,亿元,matched,156410724,2024
2024,,410725,311.4792,,原阳县,亿元,matched,156410725,2024
2024,,410726,193.2833,,延津县,亿元,matched,156410726,2024
2024,,410727,239.7569,,封丘县,亿元,matched,156410727,2024
2024,,410781,223.8584,,卫辉市,亿元,matched,156410781,2024
2024,,410782,360.4984,,辉县市,亿元,matched,156410782,2024
2024,,410783,,,长垣市,亿元,no_data,156410783,2024
2024,,410802,,,解放区,亿元,no_data,156410802,2024
2024,,410803,,,中站区,亿元,no_data,156410803,2024
2024,,410804,,,马村区,亿元,no_data,156410804,2024
2024,,410811,,,山阳区,亿元,no_data,156410811,2024
2024,,410821,133.1793,,修武县,亿元,matched,156410821,2024
2024,,410822,190.256,,博爱县,亿元,matched,156410822,2024
2024,,410823,363.6095,,武陟县,亿元,matched,156410823,2024
2024,,410825,235.7977,,温县,亿元,matched,156410825,2024
2024,,410882,376.4262,,沁阳市,亿元,matched,156410882,2024
2024,,410883,237.4746,,孟州市,亿元,matched,156410883,2024
2024,,410902,,,华龙区,亿元,no_data,156410902,2024
2024,,410922,255.4244,,清丰县,亿元,matched,156410922,2024
2024,,410923,210.9351,,南乐县,亿元,matched,156410923,2024
2024,,410926,281.6076,,范县,亿元,matched,156410926,2024
2024,,410927,155.0007,,台前县,亿元,matched,156410927,2024
2024,,410928,335.9256,,濮阳县,亿元,matched,156410928,2024
2024,,411002,,,魏都区,亿元,no_data,156411002,2024
2024,,411003,615.2504,,建安区,亿元,matched,156411003,2024
2024,,411024,425.16,,鄢陵县,亿元,matched,156411024,2024
2024,,411025,443.9472,,襄城县,亿元,matched,156411025,2024
2024,,411081,783.3073,,禹州市,亿元,matched,156411081,2024
2024,,411082,630.2396,,长葛市,亿元,matched,156411082,2024
2024,,411102,,,源汇区,亿元,no_data,156411102,2024
2024,,411103,308.99,,郾城区,亿元,matched,156411103,2024
2024,,411104,,,召陵区,亿元,no_data,156411104,2024
2024,,411121,271.728,,舞阳县,亿元,matched,156411121,2024
2024,,411122,424.1611,,临颍县,亿元,matched,156411122,2024
2024,,411202,,,湖滨区,亿元,no_data,156411202,2024
2024,,411203,269.8126,,陕州区,亿元,matched,156411203,2024
2024,,411221,244.6529,,渑池县,亿元,matched,156411221,2024
2024,,411224,149.5373,,卢氏县,亿元,matched,156411224,2024
2024,,411281,126.7192,,义马市,亿元,matched,156411281,2024
2024,,411282,463.7241,,灵宝市,亿元,matched,156411282,2024
2024,,411302,,,宛城区,亿元,no_data,156411302,2024
2024,,411303,,,卧龙区,亿元,no_data,156411303,2024
2024,,411321,225.43,,南召县,亿元,matched,156411321,2024
2024,,411322,349.3952,,方城县,亿元,matched,156411322,2024
2024,,411323,345.2795,,西峡县,亿元,matched,156411323,2024
2024,,411324,338.7889,,镇平县,亿元,matched,156411324,2024
2024,,411325,314.1065,,内乡县,亿元,matched,156411325,2024
2024,,411326,297.0766,,淅川县,亿元,matched,156411326,2024
2024,,411327,227.2578,,社旗县,亿元,matched,156411327,2024
2024,,411328,472.6728,,唐河县,亿元,matched,156411328,2024
2024,,411329,309.6451,,新野县,亿元,matched,156411329,2024
2024,,411330,233.1271,,桐柏县,亿元,matched,156411330,2024
2024,,411381,527.798,,邓州市,亿元,matched,156411381,2024
2024,,411402,,,梁园区,亿元,no_data,156411402,2024
2024,,411403,,,睢阳区,亿元,no_data,156411403,2024
2024,,411421,307.3594,,民权县,亿元,matched,156411421,2024
2024,,411422,300.1276,,睢县,亿元,matched,156411422,2024
2024,,411423,194.7275,,宁陵县,亿元,matched,156411423,2024
2024,,411424,274.6139,,柘城县,亿元,matched,156411424,2024
2024,,411425,357.74,,虞城县,亿元,matched,156411425,2024
2024,,411426,306.2511,,夏邑县,亿元,matched,156411426,2024
2024,,411481,775.25,,永城市,亿元,matched,156411481,2024
2024,,411502,,,浉河区,亿元,no_data,156411502,2024
2024,,411503,,,平桥区,亿元,no_data,156411503,2024
2024,,411521,,,罗山县,亿元,no_data,156411521,2024
2024,,411522,,,光山县,亿元,no_data,156411522,2024
2024,,411523,,,新县,亿元,no_data,156411523,2024
2024,,411524,,,商城县,亿元,no_data,156411524,2024
2024,,411525,,,固始县,亿元,no_data,156411525,2024
2024,,411526,,,潢川县,亿元,no_data,156411526,2024
2024,,411527,,,淮滨县,亿元,no_data,156411527,2024
2024,,411528,,,息县,亿元,no_data,156411528,2024
2024,,411602,,,川汇区,亿元,no_data,156411602,2024
2024,,411603,347.8717,,淮阳区,亿元,matched,156411603,2024
2024,,411621,270.3462,,扶沟县,亿元,matched,156411621,2024
2024,,411622,270.3276,,西华县,亿元,matched,156411622,2024
2024,,411623,349.0049,,商水县,亿元,matched,156411623,2024
2024,,411624,391.8695,,沈丘县,亿元,matched,156411624,2024
2024,,411625,391.2,,郸城县,亿元,matched,156411625,2024
2024,,411627,372.0297,,太康县,亿元,matched,156411627,2024
2024,,411628,501.982,,鹿邑县,亿元,matched,156411628,2024
2024,,411681,362.792,,项城市,亿元,matched,156411681,2024
2024,,411702,,,驿城区,亿元,no_data,156411702,2024
2024,,411721,306.3458,,西平县,亿元,matched,156411721,2024
2024,,411722,306.7861,,上蔡县,亿元,matched,156411722,2024
2024,,411723,327.3825,,平舆县,亿元,matched,156411723,2024
2024,,411724,296.4014,,正阳县,亿元,matched,156411724,2024
2024,,411725,242.2549,,确山县,亿元,matched,156411725,2024
2024,,411726,344.1059,,泌阳县,亿元,matched,156411726,2024
2024,,411727,284.2733,,汝南县,亿元,matched,156411727,2024
2024,,411728,260.4354,,遂平县,亿元,matched,156411728,2024
2024,,411729,316.804,,新蔡县,亿元,matched,156411729,2024
2024,,419001,789.56,,济源市,亿元,matched,156419001,2024
2024,,420102,,,江岸区,亿元,no_data,156420102,2024
2024,,420103,,,江汉区,亿元,no_data,156420103,2024
2024,,420104,,,硚口区,亿元,no_data,156420104,2024
2024,,420105,,,汉阳区,亿元,no_data,156420105,2024
2024,,420106,,,武昌区,亿元,no_data,156420106,2024
2024,,420107,,,青山区,亿元,no_data,156420107,2024
2024,,420111,,,洪山区,亿元,no_data,156420111,2024
2024,,420112,,,东西湖区,亿元,no_data,156420112,2024
2024,,420113,,,汉南区,亿元,no_data,156420113,2024
2024,,420114,,,蔡甸区,亿元,no_data,156420114,2024
2024,,420115,,,江夏区,亿元,no_data,156420115,2024
2024,,420116,,,黄陂区,亿元,no_data,156420116,2024
2024,,420117,,,新洲区,亿元,no_data,156420117,2024
2024,,420202,,,黄石港区,亿元,no_data,156420202,2024
2024,,420203,,,西塞山区,亿元,no_data,156420203,2024
2024,,420204,,,下陆区,亿元,no_data,156420204,2024
2024,,420205,,,铁山区,亿元,no_data,156420205,2024
2024,,420222,536.54,,阳新县,亿元,matched,156420222,2024
2024,,420281,930.7147,,大冶市,亿元,matched,156420281,2024
2024,,420302,,,茅箭区,亿元,no_data,156420302,2024
2024,,420303,,,张湾区,亿元,no_data,156420303,2024
2024,,420304,244.6415,,郧阳区,亿元,matched,156420304,2024
2024,,420322,144.3874,,郧西县,亿元,matched,156420322,2024
2024,,420323,169.5347,,竹山县,亿元,matched,156420323,2024
2024,,420324,142.1362,,竹溪县,亿元,matched,156420324,2024
2024,,420325,210.5736,,房县,亿元,matched,156420325,2024
2024,,420381,400.2673,,丹江口市,亿元,matched,156420381,2024
2024,,420502,,,西陵区,亿元,no_data,156420502,2024
2024,,420503,,,伍家岗区,亿元,no_data,156420503,2024
2024,,420504,,,点军区,亿元,no_data,156420504,2024
2024,,420505,,,猇亭区,亿元,no_data,156420505,2024
2024,,420506,847.5955,,夷陵区,亿元,matched,156420506,2024
2024,,420525,247.9698,,远安县,亿元,matched,156420525,2024
2024,,420526,176.764,,兴山县,亿元,matched,156420526,2024
2024,,420527,233.3384,,秭归县,亿元,matched,156420527,2024
2024,,420528,229.4204,,长阳土家族自治县,亿元,matched,156420528,2024
2024,,420529,122.6541,,五峰土家族自治县,亿元,matched,156420529,2024
2024,,420581,963.0358,,宜都市,亿元,matched,156420581,2024
2024,,420582,664.68,,当阳市,亿元,matched,156420582,2024
2024,,420583,900.7169,,枝江市,亿元,matched,156420583,2024
2024,,420602,,,襄城区,亿元,no_data,156420602,2024
2024,,420606,,,樊城区,亿元,no_data,156420606,2024
2024,,420607,856.4406,,襄州区,亿元,matched,156420607,2024
2024,,420624,416.3102,,南漳县,亿元,matched,156420624,2024
2024,,420625,530.6397,,谷城县,亿元,matched,156420625,2024
2024,,420626,215.473,,保康县,亿元,matched,156420626,2024
2024,,420682,507.1594,,老河口市,亿元,matched,156420682,2024
2024,,420683,874.5825,,枣阳市,亿元,matched,156420683,2024
2024,,420684,525.807,,宜城市,亿元,matched,156420684,2024
2024,,420702,,,梁子湖区,亿元,no_data,156420702,2024
2024,,420703,,,华容区,亿元,no_data,156420703,2024
2024,,420704,,,鄂城区,亿元,no_data,156420704,2024
2024,,420802,,,东宝区,亿元,no_data,156420802,2024
2024,,420804,,,掇刀区,亿元,no_data,156420804,2024
2024,,420822,333.2905,,沙洋县,亿元,matched,156420822,2024
2024,,420881,656.647,,钟祥市,亿元,matched,156420881,2024
2024,,420882,431.84,,京山市,亿元,matched,156420882,2024
2024,,420902,,,孝南区,亿元,no_data,156420902,2024
2024,,420921,217.6892,,孝昌县,亿元,matched,156420921,2024
2024,,420922,241.2662,,大悟县,亿元,matched,156420922,2024
2024,,420923,281.9988,,云梦县,亿元,matched,156420923,2024
2024,,420981,531.52,,应城市,亿元,matched,156420981,2024
2024,,420982,368.0008,,安陆市,亿元,matched,156420982,2024
2024,,420984,940.0524,,汉川市,亿元,matched,156420984,2024
2024,,421002,,,沙市区,亿元,no_data,156421002,2024
2024,,421003,,,荆州区,亿元,no_data,156421003,2024
2024,,421022,448.8351,,公安县,亿元,matched,156421022,2024
2024,,421024,185.1508,,江陵县,亿元,matched,156421024,2024
2024,,421081,301.6281,,石首市,亿元,matched,156421081,2024
2024,,421083,407.1532,,洪湖市,亿元,matched,156421083,2024
2024,,421087,557.2998,,松滋市,亿元,matched,156421087,2024
2024,,421088,,,监利市,亿元,matched,156421088,2024
2024,,421102,,,黄州区,亿元,no_data,156421102,2024
2024,,421121,153.3467,,团风县,亿元,matched,156421121,2024
2024,,421122,279.4945,,红安县,亿元,matched,156421122,2024
2024,,421123,213.0538,,罗田县,亿元,matched,156421123,2024
2024,,421124,149.168,,英山县,亿元,matched,156421124,2024
2024,,421125,349.493,,浠水县,亿元,matched,156421125,2024
2024,,421126,361.5611,,蕲春县,亿元,matched,156421126,2024
2024,,421127,356.5148,,黄梅县,亿元,matched,156421127,2024
2024,,421181,520.8723,,麻城市,亿元,matched,156421181,2024
2024,,421182,467.491,,武穴市,亿元,matched,156421182,2024
2024,,421202,,,咸安区,亿元,no_data,156421202,2024
2024,,421221,295.9392,,嘉鱼县,亿元,matched,156421221,2024
2024,,421222,225.9184,,通城县,亿元,matched,156421222,2024
2024,,421223,208.4223,,崇阳县,亿元,matched,156421223,2024
2024,,421224,160.2205,,通山县,亿元,matched,156421224,2024
2024,,421281,575.7903,,赤壁市,亿元,matched,156421281,2024
2024,,421303,,,曾都区,亿元,no_data,156421303,2024
2024,,421321,324.5868,,随县,亿元,matched,156421321,2024
2024,,421381,451.7971,,广水市,亿元,matched,156421381,2024
2024,,422801,512.5537,,恩施市,亿元,matched,156422801,2024
2024,,422802,,,利川市,亿元,no_data,156422802,2024
2024,,422822,,,建始县,亿元,no_data,156422822,2024
2024,,422823,,,巴东县,亿元,no_data,156422823,2024
2024,,422825,,,宣恩县,亿元,no_data,156422825,2024
2024,,422826,,,咸丰县,亿元,no_data,156422826,2024
2024,,422827,,,来凤县,亿元,no_data,156422827,2024
2024,,422828,,,鹤峰县,亿元,no_data,156422828,2024
2024,,429004,,,仙桃市,亿元,no_data,156429004,2024
2024,,429005,,,潜江市,亿元,no_data,156429005,2024
2024,,429006,,,天门市,亿元,no_data,156429006,2024
2024,,429021,,,神农架林区,亿元,no_data,156429021,2024
2024,,430102,,,芙蓉区,亿元,no_data,156430102,2024
2024,,430103,,,天心区,亿元,no_data,156430103,2024
2024,,430104,,,岳麓区,亿元,no_data,156430104,2024
2024,,430105,,,开福区,亿元,no_data,156430105,2024
2024,,430111,,,雨花区,亿元,no_data,156430111,2024
2024,,430112,1195.518,,望城区,亿元,matched,156430112,2024
2024,,430121,2266.3544,,长沙县,亿元,matched,156430121,2024
2024,,430181,1800.2616,,浏阳市,亿元,matched,156430181,2024
2024,,430182,1416.2292,,宁乡市,亿元,matched,156430182,2024
2024,,430202,,,荷塘区,亿元,no_data,156430202,2024
2024,,430203,,,芦淞区,亿元,no_data,156430203,2024
2024,,430204,,,石峰区,亿元,no_data,156430204,2024
2024,,430211,,,天元区,亿元,no_data,156430211,2024
2024,,430212,,,渌口区,亿元,no_data,156430212,2024
2024,,430223,495.1973,,攸县,亿元,matched,156430223,2024
2024,,430224,285.652,,茶陵县,亿元,matched,156430224,2024
2024,,430225,110.1092,,炎陵县,亿元,matched,156430225,2024
2024,,430281,952.5646,,醴陵市,亿元,matched,156430281,2024
2024,,430302,,,雨湖区,亿元,no_data,156430302,2024
2024,,430304,,,岳塘区,亿元,no_data,156430304,2024
2024,,430321,626.4942,,湘潭县,亿元,matched,156430321,2024
2024,,430381,619.3964,,湘乡市,亿元,matched,156430381,2024
2024,,430382,123.5445,,韶山市,亿元,matched,156430382,2024
2024,,430405,,,珠晖区,亿元,no_data,156430405,2024
2024,,430406,,,雁峰区,亿元,no_data,156430406,2024
2024,,430407,,,石鼓区,亿元,no_data,156430407,2024
2024,,430408,,,蒸湘区,亿元,no_data,156430408,2024
2024,,430412,,,南岳区,亿元,no_data,156430412,2024
2024,,430421,483.1921,,衡阳县,亿元,matched,156430421,2024
2024,,430422,461.7072,,衡南县,亿元,matched,156430422,2024
2024,,430423,251.771,,衡山县,亿元,matched,156430423,2024
2024,,430424,391.379,,衡东县,亿元,matched,156430424,2024
2024,,430426,414.7111,,祁东县,亿元,matched,156430426,2024
2024,,430481,518.4961,,耒阳市,亿元,matched,156430481,2024
2024,,430482,504.1748,,常宁市,亿元,matched,156430482,2024
2024,,430502,,,双清区,亿元,no_data,156430502,2024
2024,,430503,,,大祥区,亿元,no_data,156430503,2024
2024,,430511,,,北塔区,亿元,no_data,156430511,2024
2024,,430522,209.2207,,新邵县,亿元,matched,156430522,2024
2024,,430523,235.0668,,邵阳县,亿元,matched,156430523,2024
2024,,430524,320.8184,,隆回县,亿元,matched,156430524,2024
2024,,430525,243.1076,,洞口县,亿元,matched,156430525,2024
2024,,430527,118.6784,,绥宁县,亿元,matched,156430527,2024
2024,,430528,152.8619,,新宁县,亿元,matched,156430528,2024
2024,,430529,73.4514,,城步苗族自治县,亿元,matched,156430529,2024
2024,,430581,240.019,,武冈市,亿元,matched,156430581,2024
2024,,430582,,,邵东市,亿元,matched,156430582,2024
2024,,430602,,,岳阳楼区,亿元,no_data,156430602,2024
2024,,430603,,,云溪区,亿元,no_data,156430603,2024
2024,,430611,,,君山区,亿元,no_data,156430611,2024
2024,,430621,462.3561,,岳阳县,亿元,matched,156430621,2024
2024,,430623,416.6648,,华容县,亿元,matched,156430623,2024
2024,,430624,476.3866,,湘阴县,亿元,matched,156430624,2024
2024,,430626,521.0847,,平江县,亿元,matched,156430626,2024
2024,,430681,598.1467,,汨罗市,亿元,matched,156430681,2024
2024,,430682,364.8475,,临湘市,亿元,matched,156430682,2024
2024,,430702,,,武陵区,亿元,no_data,156430702,2024
2024,,430703,,,鼎城区,亿元,no_data,156430703,2024
2024,,430721,287.7733,,安乡县,亿元,matched,156430721,2024
2024,,430722,441.047,,汉寿县,亿元,matched,156430722,2024
2024,,430723,504.2162,,澧县,亿元,matched,156430723,2024
2024,,430724,278.7911,,临澧县,亿元,matched,156430724,2024
2024,,430725,525.8472,,桃源县,亿元,matched,156430725,2024
2024,,430726,386.5515,,石门县,亿元,matched,156430726,2024
2024,,430781,228.9483,,津市市,亿元,matched,156430781,2024
2024,,430802,342.895,,永定区,亿元,matched,156430802,2024
2024,,430811,,,武陵源区,亿元,no_data,156430811,2024
2024,,430821,207.9849,,慈利县,亿元,matched,156430821,2024
2024,,430822,126.2218,,桑植县,亿元,matched,156430822,2024
2024,,430902,,,资阳区,亿元,no_data,156430902,2024
2024,,430903,,,赫山区,亿元,no_data,156430903,2024
2024,,430921,345.4612,,南县,亿元,matched,156430921,2024
2024,,430922,337.192,,桃江县,亿元,matched,156430922,2024
2024,,430923,305.367,,安化县,亿元,matched,156430923,2024
2024,,430981,321.7473,,沅江市,亿元,matched,156430981,2024
2024,,431002,,,北湖区,亿元,no_data,156431002,2024
2024,,431003,,,苏仙区,亿元,no_data,156431003,2024
2024,,431021,496.9871,,桂阳县,亿元,matched,156431021,2024
2024,,431022,298.4784,,宜章县,亿元,matched,156431022,2024
2024,,431023,434.2785,,永兴县,亿元,matched,156431023,2024
2024,,431024,173.0448,,嘉禾县,亿元,matched,156431024,2024
2024,,431025,167.9128,,临武县,亿元,matched,156431025,2024
2024,,431026,120.7841,,汝城县,亿元,matched,156431026,2024
2024,,431027,57.8603,,桂东县,亿元,matched,156431027,2024
2024,,431028,154.2489,,安仁县,亿元,matched,156431028,2024
2024,,431081,422.8085,,资兴市,亿元,matched,156431081,2024
2024,,431102,,,零陵区,亿元,no_data,156431102,2024
2024,,431103,,,冷水滩区,亿元,no_data,156431103,2024
2024,,431122,236.5911,,东安县,亿元,matched,156431122,2024
2024,,431123,98.5686,,双牌县,亿元,matched,156431123,2024
2024,,431124,293.8136,,道县,亿元,matched,156431124,2024
2024,,431125,110.8974,,江永县,亿元,matched,156431125,2024
2024,,431126,289.768,,宁远县,亿元,matched,156431126,2024
2024,,431127,170.9108,,蓝山县,亿元,matched,156431127,2024
2024,,431128,112.4891,,新田县,亿元,matched,156431128,2024
2024,,431129,173.7616,,江华瑶族自治县,亿元,matched,156431129,2024
2024,,431181,,,祁阳市,亿元,no_data,156431181,2024
2024,,431202,,,鹤城区,亿元,no_data,156431202,2024
2024,,431221,144.3566,,中方县,亿元,matched,156431221,2024
2024,,431222,218.8527,,沅陵县,亿元,matched,156431222,2024
2024,,431223,154.2465,,辰溪县,亿元,matched,156431223,2024
2024,,431224,236.3054,,溆浦县,亿元,matched,156431224,2024
2024,,431225,114.1945,,会同县,亿元,matched,156431225,2024
2024,,431226,126.2999,,麻阳苗族自治县,亿元,matched,156431226,2024
2024,,431227,100.9077,,新晃侗族自治县,亿元,matched,156431227,2024
2024,,431228,134.8298,,芷江侗族自治县,亿元,matched,156431228,2024
2024,,431229,116.1544,,靖州苗族侗族自治县,亿元,matched,156431229,2024
2024,,431230,75.1126,,通道侗族自治县,亿元,matched,156431230,2024
2024,,431281,193.9193,,洪江市,亿元,matched,156431281,2024
2024,,431302,,,娄星区,亿元,no_data,156431302,2024
2024,,431321,332.2337,,双峰县,亿元,matched,156431321,2024
2024,,431322,376.3137,,新化县,亿元,matched,156431322,2024
2024,,431381,255.6104,,冷水江市,亿元,matched,156431381,2024
2024,,431382,382.9844,,涟源市,亿元,matched,156431382,2024
2024,,433101,242.3277,,吉首市,亿元,matched,156433101,2024
2024,,433122,81.3964,,泸溪县,亿元,matched,156433122,2024
2024,,433123,106.5442,,凤凰县,亿元,matched,156433123,2024
2024,,433124,81.0305,,花垣县,亿元,matched,156433124,2024
2024,,433125,81.0134,,保靖县,亿元,matched,156433125,2024
2024,,433126,35.4782,,古丈县,亿元,matched,156433126,2024
2024,,433127,110.0761,,永顺县,亿元,matched,156433127,2024
2024,,433130,118.083,,龙山县,亿元,matched,156433130,2024
2024,,440103,,,荔湾区,亿元,no_data,156440103,2024
2024,,440104,,,越秀区,亿元,no_data,156440104,2024
2024,,440105,,,海珠区,亿元,no_data,156440105,2024
2024,,440106,,,天河区,亿元,no_data,156440106,2024
2024,,440111,,,白云区,亿元,no_data,156440111,2024
2024,,440112,,,黄埔区,亿元,no_data,156440112,2024
2024,,440113,,,番禺区,亿元,no_data,156440113,2024
2024,,440114,,,花都区,亿元,no_data,156440114,2024
2024,,440115,,,南沙区,亿元,no_data,156440115,2024
2024,,440117,441.6634,,从化区,亿元,matched,156440117,2024
2024,,440118,1412.3736,,增城区,亿元,matched,156440118,2024
2024,,440203,,,武江区,亿元,no_data,156440203,2024
2024,,440204,,,浈江区,亿元,no_data,156440204,2024
2024,,440205,190.253,,曲江区,亿元,matched,156440205,2024
2024,,440222,103.5101,,始兴县,亿元,matched,156440222,2024
2024,,440224,121.2929,,仁化县,亿元,matched,156440224,2024
2024,,440229,155.8418,,翁源县,亿元,matched,156440229,2024
2024,,440232,128.0671,,乳源瑶族自治县,亿元,matched,156440232,2024
2024,,440233,90.0548,,新丰县,亿元,matched,156440233,2024
2024,,440281,156.6721,,乐昌市,亿元,matched,156440281,2024
2024,,440282,149.4892,,南雄市,亿元,matched,156440282,2024
2024,,440303,,,罗湖区,亿元,no_data,156440303,2024
2024,,440304,,,福田区,亿元,no_data,156440304,2024
2024,,440305,,,南山区,亿元,no_data,156440305,2024
2024,,440306,,,宝安区,亿元,no_data,156440306,2024
2024,,440307,,,龙岗区,亿元,no_data,156440307,2024
2024,,440308,,,盐田区,亿元,no_data,156440308,2024
2024,,440309,,,龙华区,亿元,no_data,156440309,2024
2024,,440310,,,坪山区,亿元,no_data,156440310,2024
2024,,440311,,,光明区,亿元,no_data,156440311,2024
2024,,440402,,,香洲区,亿元,no_data,156440402,2024
2024,,440403,539.4478,,斗门区,亿元,matched,156440403,2024
2024,,440404,,,金湾区,亿元,no_data,156440404,2024
2024,,440507,,,龙湖区,亿元,no_data,156440507,2024
2024,,440511,,,金平区,亿元,no_data,156440511,2024
2024,,440512,,,濠江区,亿元,no_data,156440512,2024
2024,,440513,552.6088,,潮阳区,亿元,matched,156440513,2024
2024,,440514,,,潮南区,亿元,no_data,156440514,2024
2024,,440515,605.8212,,澄海区,亿元,matched,156440515,2024
2024,,440523,42.66,,南澳县,亿元,matched,156440523,2024
2024,,440604,2421.0815,,禅城区,亿元,matched,156440604,2024
2024,,440605,4003.3468,,南海区,亿元,matched,156440605,2024
2024,,440606,4293.8292,,顺德区,亿元,matched,156440606,2024
2024,,440607,1536.5823,,三水区,亿元,matched,156440607,2024
2024,,440608,1107.0555,,高明区,亿元,matched,156440608,2024
2024,,440703,,,蓬江区,亿元,no_data,156440703,2024
2024,,440704,,,江海区,亿元,no_data,156440704,2024
2024,,440705,1063.7318,,新会区,亿元,matched,156440705,2024
2024,,440781,575.368,,台山市,亿元,matched,156440781,2024
2024,,440783,515.4712,,开平市,亿元,matched,156440783,2024
2024,,440784,530.7075,,鹤山市,亿元,matched,156440784,2024
2024,,440785,251.0388,,恩平市,亿元,matched,156440785,2024
2024,,440802,,,赤坎区,亿元,no_data,156440802,2024
2024,,440803,,,霞山区,亿元,no_data,156440803,2024
2024,,440804,,,坡头区,亿元,no_data,156440804,2024
2024,,440811,,,麻章区,亿元,no_data,156440811,2024
2024,,440823,427.1895,,遂溪县,亿元,matched,156440823,2024
2024,,440825,263.1436,,徐闻县,亿元,matched,156440825,2024
2024,,440881,579.1466,,廉江市,亿元,matched,156440881,2024
2024,,440882,390.3636,,雷州市,亿元,matched,156440882,2024
2024,,440883,314.6344,,吴川市,亿元,matched,156440883,2024
2024,,440902,,,茂南区,亿元,no_data,156440902,2024
2024,,440904,875.2802,,电白区,亿元,matched,156440904,2024
2024,,440981,809.7806,,高州市,亿元,matched,156440981,2024
2024,,440982,651.4212,,化州市,亿元,matched,156440982,2024
2024,,440983,578.415,,信宜市,亿元,matched,156440983,2024
2024,,441202,,,端州区,亿元,no_data,156441202,2024
2024,,441203,,,鼎湖区,亿元,no_data,156441203,2024
2024,,441204,558.8539,,高要区,亿元,matched,156441204,2024
2024,,441223,201.2118,,广宁县,亿元,matched,156441223,2024
2024,,441224,324.1847,,怀集县,亿元,matched,156441224,2024
2024,,441225,185.422,,封开县,亿元,matched,156441225,2024
2024,,441226,168.2851,,德庆县,亿元,matched,156441226,2024
2024,,441284,818.4037,,四会市,亿元,matched,156441284,2024
2024,,441302,,,惠城区,亿元,no_data,156441302,2024
2024,,441303,1904.8036,,惠阳区,亿元,matched,156441303,2024
2024,,441322,952.2408,,博罗县,亿元,matched,156441322,2024
2024,,441323,828.5106,,惠东县,亿元,matched,156441323,2024
2024,,441324,203.0509,,龙门县,亿元,matched,156441324,2024
2024,,441402,,,梅江区,亿元,no_data,156441402,2024
2024,,441403,276.7512,,梅县区,亿元,matched,156441403,2024
2024,,441422,115.1009,,大埔县,亿元,matched,156441422,2024
2024,,441423,143.5708,,丰顺县,亿元,matched,156441423,2024
2024,,441424,202.1573,,五华县,亿元,matched,156441424,2024
2024,,441426,103.6608,,平远县,亿元,matched,156441426,2024
2024,,441427,116.8726,,蕉岭县,亿元,matched,156441427,2024
2024,,441481,225.1604,,兴宁市,亿元,matched,156441481,2024
2024,,441502,,,城区,亿元,no_data,156441502,2024
2024,,441521,462.6571,,海丰县,亿元,matched,156441521,2024
2024,,441523,148.003,,陆河县,亿元,matched,156441523,2024
2024,,441581,465.8825,,陆丰市,亿元,matched,156441581,2024
2024,,441602,,,源城区,亿元,no_data,156441602,2024
2024,,441621,210.6291,,紫金县,亿元,matched,156441621,2024
2024,,441622,192.6278,,龙川县,亿元,matched,156441622,2024
2024,,441623,116.1505,,连平县,亿元,matched,156441623,2024
2024,,441624,142.7729,,和平县,亿元,matched,156441624,2024
2024,,441625,195.1959,,东源县,亿元,matched,156441625,2024
2024,,441702,,,江城区,亿元,no_data,156441702,2024
2024,,441704,387.0161,,阳东区,亿元,matched,156441704,2024
2024,,441721,283.7845,,阳西县,亿元,matched,156441721,2024
2024,,441781,392.5071,,阳春市,亿元,matched,156441781,2024
2024,,441802,,,清城区,亿元,no_data,156441802,2024
2024,,441803,344.3298,,清新区,亿元,matched,156441803,2024
2024,,441821,188.7711,,佛冈县,亿元,matched,156441821,2024
2024,,441823,145.2294,,阳山县,亿元,matched,156441823,2024
2024,,441825,56.5152,,连山壮族瑶族自治县,亿元,matched,156441825,2024
2024,,441826,72.0657,,连南瑶族自治县,亿元,matched,156441826,2024
2024,,441881,438.2458,,英德市,亿元,matched,156441881,2024
2024,,441882,186.1512,,连州市,亿元,matched,156441882,2024
2024,,441900,,,东莞市,亿元,no_data,156441900,2024
2024,,442000,,,中山市,亿元,no_data,156442000,2024
2024,,445102,,,湘桥区,亿元,no_data,156445102,2024
2024,,445103,694.7347,,潮安区,亿元,matched,156445103,2024
2024,,445122,377.9418,,饶平县,亿元,matched,156445122,2024
2024,,445202,,,榕城区,亿元,no_data,156445202,2024
2024,,445203,450.4269,,揭东区,亿元,matched,156445203,2024
2024,,445222,265.3306,,揭西县,亿元,matched,156445222,2024
2024,,445224,584.8559,,惠来县,亿元,matched,156445224,2024
2024,,445281,670.1964,,普宁市,亿元,matched,156445281,2024
2024,,445302,,,云城区,亿元,no_data,156445302,2024
2024,,445303,148.2788,,云安区,亿元,matched,156445303,2024
2024,,445321,347.1714,,新兴县,亿元,matched,156445321,2024
2024,,445322,159.9036,,郁南县,亿元,matched,156445322,2024
2024,,445381,352.3185,,罗定市,亿元,matched,156445381,2024
2024,,450102,,,兴宁区,亿元,no_data,156450102,2024
2024,,450103,,,青秀区,亿元,no_data,156450103,2024
2024,,450105,,,江南区,亿元,no_data,156450105,2024
2024,,450107,,,西乡塘区,亿元,no_data,156450107,2024
2024,,450108,,,良庆区,亿元,no_data,156450108,2024
2024,,450109,200.9012,,邕宁区,亿元,matched,156450109,2024
2024,,450110,463.938,,武鸣区,亿元,matched,156450110,2024
2024,,450123,141.6829,,隆安县,亿元,matched,156450123,2024
2024,,450124,116.2283,,马山县,亿元,matched,156450124,2024
2024,,450125,122.2994,,上林县,亿元,matched,156450125,2024
2024,,450126,312.3471,,宾阳县,亿元,matched,156450126,2024
2024,,450181,,,横州市,亿元,no_data,156450181,2024
2024,,450202,,,城中区,亿元,no_data,156450202,2024
2024,,450203,,,鱼峰区,亿元,no_data,156450203,2024
2024,,450204,,,柳南区,亿元,no_data,156450204,2024
2024,,450205,,,柳北区,亿元,no_data,156450205,2024
2024,,450206,238.5533,,柳江区,亿元,matched,156450206,2024
2024,,450222,220.4493,,柳城县,亿元,matched,156450222,2024
2024,,450223,200.7272,,鹿寨县,亿元,matched,156450223,2024
2024,,450224,124.1612,,融安县,亿元,matched,156450224,2024
2024,,450225,138.2488,,融水苗族自治县,亿元,matched,156450225,2024
2024,,450226,82.6729,,三江侗族自治县,亿元,matched,156450226,2024
2024,,450302,,,秀峰区,亿元,no_data,156450302,2024
2024,,450303,,,叠彩区,亿元,no_data,156450303,2024
2024,,450304,,,象山区,亿元,no_data,156450304,2024
2024,,450305,,,七星区,亿元,no_data,156450305,2024
2024,,450311,,,雁山区,亿元,no_data,156450311,2024
2024,,450312,315.2968,,临桂区,亿元,matched,156450312,2024
2024,,450321,125.8971,,阳朔县,亿元,matched,156450321,2024
2024,,450323,196.9477,,灵川县,亿元,matched,156450323,2024
2024,,450324,211.6181,,全州县,亿元,matched,156450324,2024
2024,,450325,171.6225,,兴安县,亿元,matched,156450325,2024
2024,,450326,124.9807,,永福县,亿元,matched,156450326,2024
2024,,450327,86.7228,,灌阳县,亿元,matched,156450327,2024
2024,,450328,67.05,,龙胜各族自治县,亿元,matched,156450328,2024
2024,,450329,64.331,,资源县,亿元,matched,156450329,2024
2024,,450330,149.3568,,平乐县,亿元,matched,156450330,2024
2024,,450332,110.7092,,恭城瑶族自治县,亿元,matched,156450332,2024
2024,,450381,,,荔浦市,亿元,matched,156450381,2024
2024,,450403,,,万秀区,亿元,no_data,156450403,2024
2024,,450405,,,长洲区,亿元,no_data,156450405,2024
2024,,450406,,,龙圩区,亿元,no_data,156450406,2024
2024,,450421,96.3252,,苍梧县,亿元,matched,156450421,2024
2024,,450422,391.63,,藤县,亿元,matched,156450422,2024
2024,,450423,94.5454,,蒙山县,亿元,matched,156450423,2024
2024,,450481,285.5996,,岑溪市,亿元,matched,156450481,2024
2024,,450502,,,海城区,亿元,no_data,156450502,2024
2024,,450503,,,银海区,亿元,no_data,156450503,2024
2024,,450512,,,铁山港区,亿元,no_data,156450512,2024
2024,,450521,423.3372,,合浦县,亿元,matched,156450521,2024
2024,,450602,,,港口区,亿元,no_data,156450602,2024
2024,,450603,,,防城区,亿元,no_data,156450603,2024
2024,,450621,116.5056,,上思县,亿元,matched,156450621,2024
2024,,450681,98.7647,,东兴市,亿元,matched,156450681,2024
2024,,450702,,,钦南区,亿元,no_data,156450702,2024
2024,,450703,,,钦北区,亿元,no_data,156450703,2024
2024,,450721,383.9029,,灵山县,亿元,matched,156450721,2024
2024,,450722,284.9748,,浦北县,亿元,matched,156450722,2024
2024,,450802,,,港北区,亿元,no_data,156450802,2024
2024,,450803,,,港南区,亿元,no_data,156450803,2024
2024,,450804,,,覃塘区,亿元,no_data,156450804,2024
2024,,450821,304.5487,,平南县,亿元,matched,156450821,2024
2024,,450881,430.9682,,桂平市,亿元,matched,156450881,2024
2024,,450902,,,玉州区,亿元,no_data,156450902,2024
2024,,450903,,,福绵区,亿元,no_data,156450903,2024
2024,,450921,236.9361,,容县,亿元,matched,156450921,2024
2024,,450922,254.8288,,陆川县,亿元,matched,156450922,2024
2024,,450923,391.41,,博白县,亿元,matched,156450923,2024
2024,,450924,215.8386,,兴业县,亿元,matched,156450924,2024
2024,,450981,500.3076,,北流市,亿元,matched,156450981,2024
2024,,451002,402.9142,,右江区,亿元,matched,156451002,2024
2024,,451003,,,田阳区,亿元,matched,156451003,2024
2024,,451022,206.0511,,田东县,亿元,matched,156451022,2024
2024,,451024,155.0675,,德保县,亿元,matched,156451024,2024
2024,,451026,59.3175,,那坡县,亿元,matched,156451026,2024
2024,,451027,65.4188,,凌云县,亿元,matched,156451027,2024
2024,,451028,44.5506,,乐业县,亿元,matched,156451028,2024
2024,,451029,134.0974,,田林县,亿元,matched,156451029,2024
2024,,451030,66.5103,,西林县,亿元,matched,156451030,2024
2024,,451031,115.2344,,隆林各族自治县,亿元,matched,156451031,2024
2024,,451081,199.0565,,靖西市,亿元,matched,156451081,2024
2024,,451082,,,平果市,亿元,no_data,156451082,2024
2024,,451102,329.8954,,八步区,亿元,matched,156451102,2024
2024,,451103,,,平桂区,亿元,no_data,156451103,2024
2024,,451121,106.3221,,昭平县,亿元,matched,156451121,2024
2024,,451122,154.6702,,钟山县,亿元,matched,156451122,2024
2024,,451123,123.9143,,富川瑶族自治县,亿元,matched,156451123,2024
2024,,451202,308.7785,,金城江区,亿元,matched,156451202,2024
2024,,451203,207.7902,,宜州区,亿元,matched,156451203,2024
2024,,451221,214.097,,南丹县,亿元,matched,156451221,2024
2024,,451222,75.847,,天峨县,亿元,matched,156451222,2024
2024,,451223,41.0388,,凤山县,亿元,matched,156451223,2024
2024,,451224,68.7376,,东兰县,亿元,matched,156451224,2024
2024,,451225,97.6065,,罗城仫佬族自治县,亿元,matched,156451225,2024
2024,,451226,108.5198,,环江毛南族自治县,亿元,matched,156451226,2024
2024,,451227,88.8848,,巴马瑶族自治县,亿元,matched,156451227,2024
2024,,451228,103.3539,,都安瑶族自治县,亿元,matched,156451228,2024
2024,,451229,89.4927,,大化瑶族自治县,亿元,matched,156451229,2024
2024,,451302,500.5585,,兴宾区,亿元,matched,156451302,2024
2024,,451321,97.061,,忻城县,亿元,matched,156451321,2024
2024,,451322,142.7666,,象州县,亿元,matched,156451322,2024
2024,,451323,176.2167,,武宣县,亿元,matched,156451323,2024
2024,,451324,63.6898,,金秀瑶族自治县,亿元,matched,156451324,2024
2024,,451381,50.1265,,合山市,亿元,matched,156451381,2024
2024,,451402,293.832,,江州区,亿元,matched,156451402,2024
2024,,451421,425.1533,,扶绥县,亿元,matched,156451421,2024
2024,,451422,149.9248,,宁明县,亿元,matched,156451422,2024
2024,,451423,117.3218,,龙州县,亿元,matched,156451423,2024
2024,,451424,118.9791,,大新县,亿元,matched,156451424,2024
2024,,451425,88.631,,天等县,亿元,matched,156451425,2024
2024,,451481,119.0182,,凭祥市,亿元,matched,156451481,2024
2024,,460105,,,秀英区,亿元,no_data,156460105,2024
2024,,460106,,,龙华区,亿元,no_data,156460106,2024
2024,,460107,,,琼山区,亿元,no_data,156460107,2024
2024,,460108,,,美兰区,亿元,no_data,156460108,2024
2024,,460202,,,海棠区,亿元,no_data,156460202,2024
2024,,460203,,,吉阳区,亿元,no_data,156460203,2024
2024,,460204,,,天涯区,亿元,no_data,156460204,2024
2024,,460205,,,崖州区,亿元,no_data,156460205,2024
2024,,460321,,,西沙区,亿元,no_data,156460321,2024
2024,,460322,,,南沙区,亿元,no_data,156460322,2024
2024,,460400,,,儋州市,亿元,no_data,156460400,2024
2024,,469001,49.4802,,五指山市,亿元,matched,156469001,2024
2024,,469002,388.5008,,琼海市,亿元,matched,156469002,2024
2024,,469005,392.885,,文昌市,亿元,matched,156469005,2024
2024,,469006,353.01,,万宁市,亿元,matched,156469006,2024
2024,,469007,271.7,,东方市,亿元,matched,156469007,2024
2024,,469021,139.7078,,定安县,亿元,matched,156469021,2024
2024,,469022,116.3321,,屯昌县,亿元,matched,156469022,2024
2024,,469023,551.301,,澄迈县,亿元,matched,156469023,2024
2024,,469024,261.4294,,临高县,亿元,matched,156469024,2024
2024,,469025,72.203,,白沙黎族自治县,亿元,matched,156469025,2024
2024,,469026,165.1889,,昌江黎族自治县,亿元,matched,156469026,2024
2024,,469027,227.5731,,乐东黎族自治县,亿元,matched,156469027,2024
2024,,469028,275.3747,,陵水黎族自治县,亿元,matched,156469028,2024
2024,,469029,87.3812,,保亭黎族苗族自治县,亿元,matched,156469029,2024
2024,,469030,89.1497,,琼中黎族苗族自治县,亿元,matched,156469030,2024
2024,,500101,,,万州区,亿元,no_data,156500101,2024
2024,,500102,,,涪陵区,亿元,no_data,156500102,2024
2024,,500103,,,渝中区,亿元,no_data,156500103,2024
2024,,500104,,,大渡口区,亿元,no_data,156500104,2024
2024,,500105,,,江北区,亿元,no_data,156500105,2024
2024,,500106,,,沙坪坝区,亿元,no_data,156500106,2024
2024,,500107,,,九龙坡区,亿元,no_data,156500107,2024
2024,,500108,,,南岸区,亿元,no_data,156500108,2024
2024,,500109,,,北碚区,亿元,no_data,156500109,2024
2024,,500110,715.3818,,綦江区,亿元,matched,156500110,2024
2024,,500111,649.0138,,大足区,亿元,matched,156500111,2024
2024,,500112,,,渝北区,亿元,no_data,156500112,2024
2024,,500113,,,巴南区,亿元,no_data,156500113,2024
2024,,500114,,,黔江区,亿元,no_data,156500114,2024
2024,,500115,1078.4516,,长寿区,亿元,matched,156500115,2024
2024,,500116,1490.7773,,江津区,亿元,matched,156500116,2024
2024,,500117,940.6375,,合川区,亿元,matched,156500117,2024
2024,,500118,1196.2287,,永川区,亿元,matched,156500118,2024
2024,,500119,501.0242,,南川区,亿元,matched,156500119,2024
2024,,500120,1039.8718,,璧山区,亿元,matched,156500120,2024
2024,,500151,781.5,,铜梁区,亿元,matched,156500151,2024
2024,,500152,472.9476,,潼南区,亿元,matched,156500152,2024
2024,,500153,613.1424,,荣昌区,亿元,matched,156500153,2024
2024,,500154,721.4377,,开州区,亿元,matched,156500154,2024
2024,,500155,501.34,,梁平区,亿元,matched,156500155,2024
2024,,500156,252.6042,,武隆区,亿元,matched,156500156,2024
2024,,500229,75.8798,,城口县,亿元,matched,156500229,2024
2024,,500230,428.4129,,丰都县,亿元,matched,156500230,2024
2024,,500231,559.7379,,垫江县,亿元,matched,156500231,2024
2024,,500233,594.8095,,忠县,亿元,matched,156500233,2024
2024,,500235,636.2542,,云阳县,亿元,matched,156500235,2024
2024,,500236,404.1048,,奉节县,亿元,matched,156500236,2024
2024,,500237,256.1578,,巫山县,亿元,matched,156500237,2024
2024,,500238,155.3007,,巫溪县,亿元,matched,156500238,2024
2024,,500240,290.2637,,石柱土家族自治县,亿元,matched,156500240,2024
2024,,500241,447.2618,,秀山土家族苗族自治县,亿元,matched,156500241,2024
2024,,500242,252.983,,酉阳土家族苗族自治县,亿元,matched,156500242,2024
2024,,500243,384.5942,,彭水苗族土家族自治县,亿元,matched,156500243,2024
2024,,510104,,,锦江区,亿元,no_data,156510104,2024
2024,,510105,,,青羊区,亿元,no_data,156510105,2024
2024,,510106,,,金牛区,亿元,no_data,156510106,2024
2024,,510107,,,武侯区,亿元,no_data,156510107,2024
2024,,510108,,,成华区,亿元,no_data,156510108,2024
2024,,510112,,,龙泉驿区,亿元,no_data,156510112,2024
2024,,510113,,,青白江区,亿元,no_data,156510113,2024
2024,,510114,1129.8735,,新都区,亿元,matched,156510114,2024
2024,,510115,770.8107,,温江区,亿元,matched,156510115,2024
2024,,510116,2225.9643,,双流区,亿元,matched,156510116,2024
2024,,510117,1526.7724,,郫都区,亿元,matched,156510117,2024
2024,,510118,534.9443,,新津区,亿元,matched,156510118,2024
2024,,510121,706.3263,,金堂县,亿元,matched,156510121,2024
2024,,510129,373.4109,,大邑县,亿元,matched,156510129,2024
2024,,510131,228.5667,,蒲江县,亿元,matched,156510131,2024
2024,,510181,545.4398,,都江堰市,亿元,matched,156510181,2024
2024,,510182,714.5813,,彭州市,亿元,matched,156510182,2024
2024,,510183,453.7613,,邛崃市,亿元,matched,156510183,2024
2024,,510184,518.4321,,崇州市,亿元,matched,156510184,2024
2024,,510185,862.8193,,简阳市,亿元,matched,156510185,2024
2024,,510302,,,自流井区,亿元,no_data,156510302,2024
2024,,510303,,,贡井区,亿元,no_data,156510303,2024
2024,,510304,,,大安区,亿元,no_data,156510304,2024
2024,,510311,,,沿滩区,亿元,no_data,156510311,2024
2024,,510321,,,荣县,亿元,no_data,156510321,2024
2024,,510322,,,富顺县,亿元,no_data,156510322,2024
2024,,510402,,,东区,亿元,no_data,156510402,2024
2024,,510403,,,西区,亿元,no_data,156510403,2024
2024,,510411,,,仁和区,亿元,no_data,156510411,2024
2024,,510421,210.5652,,米易县,亿元,matched,156510421,2024
2024,,510422,191.204,,盐边县,亿元,matched,156510422,2024
2024,,510502,,,江阳区,亿元,no_data,156510502,2024
2024,,510503,,,纳溪区,亿元,no_data,156510503,2024
2024,,510504,,,龙马潭区,亿元,no_data,156510504,2024
2024,,510521,492.0297,,泸县,亿元,matched,156510521,2024
2024,,510522,331.3848,,合江县,亿元,matched,156510522,2024
2024,,510524,193.572,,叙永县,亿元,matched,156510524,2024
2024,,510525,272.4794,,古蔺县,亿元,matched,156510525,2024
2024,,510603,,,旌阳区,亿元,no_data,156510603,2024
2024,,510604,202.4451,,罗江区,亿元,matched,156510604,2024
2024,,510623,488.4984,,中江县,亿元,matched,156510623,2024
2024,,510681,600.2327,,广汉市,亿元,matched,156510681,2024
2024,,510682,507.6694,,什邡市,亿元,matched,156510682,2024
2024,,510683,473.731,,绵竹市,亿元,matched,156510683,2024
2024,,510703,,,涪城区,亿元,no_data,156510703,2024
2024,,510704,,,游仙区,亿元,no_data,156510704,2024
2024,,510705,275.9963,,安州区,亿元,matched,156510705,2024
2024,,510722,570.0686,,三台县,亿元,matched,156510722,2024
2024,,510723,254.6361,,盐亭县,亿元,matched,156510723,2024
2024,,510725,,,梓潼县,亿元,no_data,156510725,2024
2024,,510726,,,北川羌族自治县,亿元,no_data,156510726,2024
2024,,510727,,,平武县,亿元,no_data,156510727,2024
2024,,510781,,,江油市,亿元,no_data,156510781,2024
2024,,510802,,,利州区,亿元,no_data,156510802,2024
2024,,510811,,,昭化区,亿元,no_data,156510811,2024
2024,,510812,,,朝天区,亿元,no_data,156510812,2024
2024,,510821,177.3888,,旺苍县,亿元,matched,156510821,2024
2024,,510822,72.0168,,青川县,亿元,matched,156510822,2024
2024,,510823,168.9146,,剑阁县,亿元,matched,156510823,2024
2024,,510824,223.8104,,苍溪县,亿元,matched,156510824,2024
2024,,510903,,,船山区,亿元,no_data,156510903,2024
2024,,510904,,,安居区,亿元,no_data,156510904,2024
2024,,510921,222.2358,,蓬溪县,亿元,matched,156510921,2024
2024,,510923,208.4353,,大英县,亿元,matched,156510923,2024
2024,,510981,,,射洪市,亿元,no_data,156510981,2024
2024,,511002,,,市中区,亿元,no_data,156511002,2024
2024,,511011,,,东兴区,亿元,no_data,156511011,2024
2024,,511024,479.6485,,威远县,亿元,matched,156511024,2024
2024,,511025,362.9949,,资中县,亿元,matched,156511025,2024
2024,,511083,389.2133,,隆昌市,亿元,matched,156511083,2024
2024,,511102,,,市中区,亿元,no_data,156511102,2024
2024,,511111,,,沙湾区,亿元,no_data,156511111,2024
2024,,511112,,,五通桥区,亿元,no_data,156511112,2024
2024,,511113,,,金口河区,亿元,no_data,156511113,2024
2024,,511123,285.471,,犍为县,亿元,matched,156511123,2024
2024,,511124,151.8676,,井研县,亿元,matched,156511124,2024
2024,,511126,218.0508,,夹江县,亿元,matched,156511126,2024
2024,,511129,95.8944,,沐川县,亿元,matched,156511129,2024
2024,,511132,88.1091,,峨边彝族自治县,亿元,matched,156511132,2024
2024,,511133,84.5423,,马边彝族自治县,亿元,matched,156511133,2024
2024,,511181,419.5066,,峨眉山市,亿元,matched,156511181,2024
2024,,511302,,,顺庆区,亿元,no_data,156511302,2024
2024,,511303,,,高坪区,亿元,no_data,156511303,2024
2024,,511304,,,嘉陵区,亿元,no_data,156511304,2024
2024,,511321,481.7563,,南部县,亿元,matched,156511321,2024
2024,,511322,285.8189,,营山县,亿元,matched,156511322,2024
2024,,511323,220.7019,,蓬安县,亿元,matched,156511323,2024
2024,,511324,287.6781,,仪陇县,亿元,matched,156511324,2024
2024,,511325,221.7447,,西充县,亿元,matched,156511325,2024
2024,,511381,306.9345,,阆中市,亿元,matched,156511381,2024
2024,,511402,,,东坡区,亿元,no_data,156511402,2024
2024,,511403,243.2855,,彭山区,亿元,matched,156511403,2024
2024,,511421,600.1299,,仁寿县,亿元,matched,156511421,2024
2024,,511423,174.1581,,洪雅县,亿元,matched,156511423,2024
2024,,511424,102.0071,,丹棱县,亿元,matched,156511424,2024
2024,,511425,121.5721,,青神县,亿元,matched,156511425,2024
2024,,511502,,,翠屏区,亿元,no_data,156511502,2024
2024,,511503,230.9064,,南溪区,亿元,matched,156511503,2024
2024,,511504,676.0685,,叙州区,亿元,matched,156511504,2024
2024,,511523,231.8345,,江安县,亿元,matched,156511523,2024
2024,,511524,230.601,,长宁县,亿元,matched,156511524,2024
2024,,511525,230.3782,,高县,亿元,matched,156511525,2024
2024,,511526,224.8549,,珙县,亿元,matched,156511526,2024
2024,,511527,210.8664,,筠连县,亿元,matched,156511527,2024
2024,,511528,225.1645,,兴文县,亿元,matched,156511528,2024
2024,,511529,128.7875,,屏山县,亿元,matched,156511529,2024
2024,,511602,,,广安区,亿元,no_data,156511602,2024
2024,,511603,,,前锋区,亿元,no_data,156511603,2024
2024,,511621,326.2464,,岳池县,亿元,matched,156511621,2024
2024,,511622,292.0806,,武胜县,亿元,matched,156511622,2024
2024,,511623,296.0114,,邻水县,亿元,matched,156511623,2024
2024,,511681,206.9449,,华蓥市,亿元,matched,156511681,2024
2024,,511702,,,通川区,亿元,no_data,156511702,2024
2024,,511703,361.9836,,达川区,亿元,matched,156511703,2024
2024,,511722,751.6598,,宣汉县,亿元,matched,156511722,2024
2024,,511723,176.1031,,开江县,亿元,matched,156511723,2024
2024,,511724,464.6956,,大竹县,亿元,matched,156511724,2024
2024,,511725,436.5312,,渠县,亿元,matched,156511725,2024
2024,,511781,176.0269,,万源市,亿元,matched,156511781,2024
2024,,511802,,,雨城区,亿元,no_data,156511802,2024
2024,,511803,144.529,,名山区,亿元,matched,156511803,2024
2024,,511822,97.0469,,荥经县,亿元,matched,156511822,2024
2024,,511823,165.2397,,汉源县,亿元,matched,156511823,2024
2024,,511824,145.0126,,石棉县,亿元,matched,156511824,2024
2024,,511825,101.016,,天全县,亿元,matched,156511825,2024
2024,,511826,74.244,,芦山县,亿元,matched,156511826,2024
2024,,511827,55.7252,,宝兴县,亿元,matched,156511827,2024
2024,,511902,,,巴州区,亿元,no_data,156511902,2024
2024,,511903,,,恩阳区,亿元,no_data,156511903,2024
2024,,511921,153.0287,,通江县,亿元,matched,156511921,2024
2024,,511922,156.08,,南江县,亿元,matched,156511922,2024
2024,,511923,201.2042,,平昌县,亿元,matched,156511923,2024
2024,,512002,,,雁江区,亿元,no_data,156512002,2024
2024,,512021,378.7417,,安岳县,亿元,matched,156512021,2024
2024,,512022,233.8359,,乐至县,亿元,matched,156512022,2024
2024,,513201,61.9741,,马尔康市,亿元,matched,156513201,2024
2024,,513221,100.2094,,汶川县,亿元,matched,156513221,2024
2024,,513222,37.5704,,理县,亿元,matched,156513222,2024
2024,,513223,60.355,,茂县,亿元,matched,156513223,2024
2024,,513224,38.8604,,松潘县,亿元,matched,156513224,2024
2024,,513225,44.3048,,九寨沟县,亿元,matched,156513225,2024
2024,,513226,35.1456,,金川县,亿元,matched,156513226,2024
2024,,513227,33.8347,,小金县,亿元,matched,156513227,2024
2024,,513228,33.6304,,黑水县,亿元,matched,156513228,2024
2024,,513230,22.7841,,壤塘县,亿元,matched,156513230,2024
2024,,513231,33.8353,,阿坝县,亿元,matched,156513231,2024
2024,,513232,40.5376,,若尔盖县,亿元,matched,156513232,2024
2024,,513233,27.0696,,红原县,亿元,matched,156513233,2024
2024,,513301,134.457,,康定市,亿元,matched,156513301,2024
2024,,513322,39.0703,,泸定县,亿元,matched,156513322,2024
2024,,513323,27.4542,,丹巴县,亿元,matched,156513323,2024
2024,,513324,41.2561,,九龙县,亿元,matched,156513324,2024
2024,,513325,42.9788,,雅江县,亿元,matched,156513325,2024
2024,,513326,20.0988,,道孚县,亿元,matched,156513326,2024
2024,,513327,18.8412,,炉霍县,亿元,matched,156513327,2024
2024,,513328,27.4686,,甘孜县,亿元,matched,156513328,2024
2024,,513329,17.8244,,新龙县,亿元,matched,156513329,2024
2024,,513330,25.0497,,德格县,亿元,matched,156513330,2024
2024,,513331,25.0715,,白玉县,亿元,matched,156513331,2024
2024,,513332,29.7291,,石渠县,亿元,matched,156513332,2024
2024,,513333,23.4216,,色达县,亿元,matched,156513333,2024
2024,,513334,30.2708,,理塘县,亿元,matched,156513334,2024
2024,,513335,25.0905,,巴塘县,亿元,matched,156513335,2024
2024,,513336,20.8545,,乡城县,亿元,matched,156513336,2024
2024,,513337,17.8275,,稻城县,亿元,matched,156513337,2024
2024,,513338,13.7574,,得荣县,亿元,matched,156513338,2024
2024,,513401,803.4301,,西昌市,亿元,matched,156513401,2024
2024,,513402,,,会理市,亿元,no_data,156513402,2024
2024,,513422,74.0265,,木里藏族自治县,亿元,matched,156513422,2024
2024,,513423,189.0593,,盐源县,亿元,matched,156513423,2024
2024,,513424,108.81,,德昌县,亿元,matched,156513424,2024
2024,,513426,209.1378,,会东县,亿元,matched,156513426,2024
2024,,513427,108.6849,,宁南县,亿元,matched,156513427,2024
2024,,513428,46.5343,,普格县,亿元,matched,156513428,2024
2024,,513429,53.5647,,布拖县,亿元,matched,156513429,2024
2024,,513430,65.0257,,金阳县,亿元,matched,156513430,2024
2024,,513431,63.9075,,昭觉县,亿元,matched,156513431,2024
2024,,513432,47.0899,,喜德县,亿元,matched,156513432,2024
2024,,513433,154.0369,,冕宁县,亿元,matched,156513433,2024
2024,,513434,82.2023,,越西县,亿元,matched,156513434,2024
2024,,513435,66.5605,,甘洛县,亿元,matched,156513435,2024
2024,,513436,53.7254,,美姑县,亿元,matched,156513436,2024
2024,,513437,97.0226,,雷波县,亿元,matched,156513437,2024
2024,,520102,,,南明区,亿元,no_data,156520102,2024
2024,,520103,,,云岩区,亿元,no_data,156520103,2024
2024,,520111,,,花溪区,亿元,no_data,156520111,2024
2024,,520112,,,乌当区,亿元,no_data,156520112,2024
2024,,520113,,,白云区,亿元,no_data,156520113,2024
2024,,520115,,,观山湖区,亿元,no_data,156520115,2024
2024,,520121,343.3935,,开阳县,亿元,matched,156520121,2024
2024,,520122,224.162,,息烽县,亿元,matched,156520122,2024
2024,,520123,221.2339,,修文县,亿元,matched,156520123,2024
2024,,520181,350.112,,清镇市,亿元,matched,156520181,2024
2024,,520201,,,钟山区,亿元,no_data,156520201,2024
2024,,520203,184.9879,,六枝特区,亿元,matched,156520203,2024
2024,,520204,,,水城区,亿元,no_data,156520204,2024
2024,,520281,734.5643,,盘州市,亿元,matched,156520281,2024
2024,,520302,,,红花岗区,亿元,no_data,156520302,2024
2024,,520303,,,汇川区,亿元,no_data,156520303,2024
2024,,520304,410.8014,,播州区,亿元,matched,156520304,2024
2024,,520322,208.7811,,桐梓县,亿元,matched,156520322,2024
2024,,520323,145.853,,绥阳县,亿元,matched,156520323,2024
2024,,520324,153.8118,,正安县,亿元,matched,156520324,2024
2024,,520325,107.08,,道真仡佬族苗族自治县,亿元,matched,156520325,2024
2024,,520326,105.2079,,务川仡佬族苗族自治县,亿元,matched,156520326,2024
2024,,520327,117.2809,,凤冈县,亿元,matched,156520327,2024
2024,,520328,155.6997,,湄潭县,亿元,matched,156520328,2024
2024,,520329,110.2164,,余庆县,亿元,matched,156520329,2024
2024,,520330,300.2697,,习水县,亿元,matched,156520330,2024
2024,,520381,141.9078,,赤水市,亿元,matched,156520381,2024
2024,,520382,1970.1754,,仁怀市,亿元,matched,156520382,2024
2024,,520402,,,西秀区,亿元,no_data,156520402,2024
2024,,520403,176.8293,,平坝区,亿元,matched,156520403,2024
2024,,520422,158.5971,,普定县,亿元,matched,156520422,2024
2024,,520423,131.8336,,镇宁布依族苗族自治县,亿元,matched,156520423,2024
2024,,520424,129.09,,关岭布依族苗族自治县,亿元,matched,156520424,2024
2024,,520425,104.7442,,紫云苗族布依族自治县,亿元,matched,156520425,2024
2024,,520502,596.2535,,七星关区,亿元,matched,156520502,2024
2024,,520521,285.2948,,大方县,亿元,matched,156520521,2024
2024,,520523,283.7514,,金沙县,亿元,matched,156520523,2024
2024,,520524,271.2,,织金县,亿元,matched,156520524,2024
2024,,520525,208.6097,,纳雍县,亿元,matched,156520525,2024
2024,,520526,353.4325,,威宁彝族回族苗族自治县,亿元,matched,156520526,2024
2024,,520527,186.922,,赫章县,亿元,matched,156520527,2024
2024,,520581,,,黔西市,亿元,no_data,156520581,2024
2024,,520602,278.4301,,碧江区,亿元,matched,156520602,2024
2024,,520603,96.8058,,万山区,亿元,matched,156520603,2024
2024,,520621,94.9574,,江口县,亿元,matched,156520621,2024
2024,,520622,111.7898,,玉屏侗族自治县,亿元,matched,156520622,2024
2024,,520623,153.3554,,石阡县,亿元,matched,156520623,2024
2024,,520624,194.3767,,思南县,亿元,matched,156520624,2024
2024,,520625,151.6327,,印江土家族苗族自治县,亿元,matched,156520625,2024
2024,,520626,182.1278,,德江县,亿元,matched,156520626,2024
2024,,520627,161.6374,,沿河土家族自治县,亿元,matched,156520627,2024
2024,,520628,224.6923,,松桃苗族自治县,亿元,matched,156520628,2024
2024,,522301,563.78,,兴义市,亿元,matched,156522301,2024
2024,,522302,,,兴仁市,亿元,no_data,156522302,2024
2024,,522323,105.2697,,普安县,亿元,matched,156522323,2024
2024,,522324,100.051,,晴隆县,亿元,matched,156522324,2024
2024,,522325,155.5013,,贞丰县,亿元,matched,156522325,2024
2024,,522326,109.3263,,望谟县,亿元,matched,156522326,2024
2024,,522327,88.9522,,册亨县,亿元,matched,156522327,2024
2024,,522328,154.1494,,安龙县,亿元,matched,156522328,2024
2024,,522601,335.3627,,凯里市,亿元,matched,156522601,2024
2024,,522622,76.1541,,黄平县,亿元,matched,156522622,2024
2024,,522623,49.9637,,施秉县,亿元,matched,156522623,2024
2024,,522624,61.0163,,三穗县,亿元,matched,156522624,2024
2024,,522625,74.9012,,镇远县,亿元,matched,156522625,2024
2024,,522626,72.2632,,岑巩县,亿元,matched,156522626,2024
2024,,522627,97.9995,,天柱县,亿元,matched,156522627,2024
2024,,522628,64.9626,,锦屏县,亿元,matched,156522628,2024
2024,,522629,70.0497,,剑河县,亿元,matched,156522629,2024
2024,,522630,55.9689,,台江县,亿元,matched,156522630,2024
2024,,522631,119.8252,,黎平县,亿元,matched,156522631,2024
2024,,522632,104.9557,,榕江县,亿元,matched,156522632,2024
2024,,522633,91.0115,,从江县,亿元,matched,156522633,2024
2024,,522634,51.4684,,雷山县,亿元,matched,156522634,2024
2024,,522635,53.7133,,麻江县,亿元,matched,156522635,2024
2024,,522636,52.7652,,丹寨县,亿元,matched,156522636,2024
2024,,522701,293.7342,,都匀市,亿元,matched,156522701,2024
2024,,522702,300.9967,,福泉市,亿元,matched,156522702,2024
2024,,522722,82.5095,,荔波县,亿元,matched,156522722,2024
2024,,522723,139.4567,,贵定县,亿元,matched,156522723,2024
2024,,522725,209.9201,,瓮安县,亿元,matched,156522725,2024
2024,,522726,143.7285,,独山县,亿元,matched,156522726,2024
2024,,522727,116.2242,,平塘县,亿元,matched,156522727,2024
2024,,522728,111.0722,,罗甸县,亿元,matched,156522728,2024
2024,,522729,103.3732,,长顺县,亿元,matched,156522729,2024
2024,,522730,169.8209,,龙里县,亿元,matched,156522730,2024
2024,,522731,166.31,,惠水县,亿元,matched,156522731,2024
2024,,522732,110.0069,,三都水族自治县,亿元,matched,156522732,2024
2024,,530102,,,五华区,亿元,no_data,156530102,2024
2024,,530103,,,盘龙区,亿元,no_data,156530103,2024
2024,,530111,,,官渡区,亿元,no_data,156530111,2024
2024,,530112,,,西山区,亿元,no_data,156530112,2024
2024,,530113,,,东川区,亿元,no_data,156530113,2024
2024,,530114,719.5904,,呈贡区,亿元,matched,156530114,2024
2024,,530115,230.22,,晋宁区,亿元,matched,156530115,2024
2024,,530124,108.9609,,富民县,亿元,matched,156530124,2024
2024,,530125,211.2783,,宜良县,亿元,matched,156530125,2024
2024,,530126,132.4009,,石林彝族自治县,亿元,matched,156530126,2024
2024,,530127,210.2676,,嵩明县,亿元,matched,156530127,2024
2024,,530128,186.3379,,禄劝彝族苗族自治县,亿元,matched,156530128,2024
2024,,530129,211.2129,,寻甸回族彝族自治县,亿元,matched,156530129,2024
2024,,530181,759.5857,,安宁市,亿元,matched,156530181,2024
2024,,530302,,,麒麟区,亿元,no_data,156530302,2024
2024,,530303,426.7164,,沾益区,亿元,matched,156530303,2024
2024,,530304,129.164,,马龙区,亿元,matched,156530304,2024
2024,,530322,314.3338,,陆良县,亿元,matched,156530322,2024
2024,,530323,208.1044,,师宗县,亿元,matched,156530323,2024
2024,,530324,305.9071,,罗平县,亿元,matched,156530324,2024
2024,,530325,292.4998,,富源县,亿元,matched,156530325,2024
2024,,530326,379.8468,,会泽县,亿元,matched,156530326,2024
2024,,530381,470.6772,,宣威市,亿元,matched,156530381,2024
2024,,530402,,,红塔区,亿元,no_data,156530402,2024
2024,,530403,209.8292,,江川区,亿元,matched,156530403,2024
2024,,530423,205.7215,,通海县,亿元,matched,156530423,2024
2024,,530424,150.7673,,华宁县,亿元,matched,156530424,2024
2024,,530425,,,易门县,亿元,no_data,156530425,2024
2024,,530426,,,峨山彝族自治县,亿元,no_data,156530426,2024
2024,,530427,,,新平彝族傣族自治县,亿元,no_data,156530427,2024
2024,,530428,,,元江哈尼族彝族傣族自治县,亿元,no_data,156530428,2024
2024,,530481,,,澄江市,亿元,no_data,156530481,2024
2024,,530502,,,隆阳区,亿元,no_data,156530502,2024
2024,,530521,106.1606,,施甸县,亿元,matched,156530521,2024
2024,,530523,145.4634,,龙陵县,亿元,matched,156530523,2024
2024,,530524,202.7057,,昌宁县,亿元,matched,156530524,2024
2024,,530581,355.617,,腾冲市,亿元,matched,156530581,2024
2024,,530602,520.9491,,昭阳区,亿元,matched,156530602,2024
2024,,530621,126.2628,,鲁甸县,亿元,matched,156530621,2024
2024,,530622,178.0264,,巧家县,亿元,matched,156530622,2024
2024,,530623,103.6608,,盐津县,亿元,matched,156530623,2024
2024,,530624,83.1926,,大关县,亿元,matched,156530624,2024
2024,,530625,180.0983,,永善县,亿元,matched,156530625,2024
2024,,530626,58.7905,,绥江县,亿元,matched,156530626,2024
2024,,530627,359.0178,,镇雄县,亿元,matched,156530627,2024
2024,,530628,168.2096,,彝良县,亿元,matched,156530628,2024
2024,,530629,116.8104,,威信县,亿元,matched,156530629,2024
2024,,530681,,,水富市,亿元,matched,156530681,2024
2024,,530702,,,古城区,亿元,no_data,156530702,2024
2024,,530721,129.0779,,玉龙纳西族自治县,亿元,matched,156530721,2024
2024,,530722,130.0031,,永胜县,亿元,matched,156530722,2024
2024,,530723,120.3377,,华坪县,亿元,matched,156530723,2024
2024,,530724,95.2724,,宁蒗彝族自治县,亿元,matched,156530724,2024
2024,,530802,264.1499,,思茅区,亿元,matched,156530802,2024
2024,,530821,83.7805,,宁洱哈尼族彝族自治县,亿元,matched,156530821,2024
2024,,530822,119.6197,,墨江哈尼族自治县,亿元,matched,156530822,2024
2024,,530823,129.8888,,景东彝族自治县,亿元,matched,156530823,2024
2024,,530824,159.8505,,景谷傣族彝族自治县,亿元,matched,156530824,2024
2024,,530825,94.2481,,镇沅彝族哈尼族拉祜族自治县,亿元,matched,156530825,2024
2024,,530826,69.8767,,江城哈尼族彝族自治县,亿元,matched,156530826,2024
2024,,530827,68.3155,,孟连傣族拉祜族佤族自治县,亿元,matched,156530827,2024
2024,,530828,164.1302,,澜沧拉祜族自治县,亿元,matched,156530828,2024
2024,,530829,35.0657,,西盟佤族自治县,亿元,matched,156530829,2024
2024,,530902,221.972,,临翔区,亿元,matched,156530902,2024
2024,,530921,192.1111,,凤庆县,亿元,matched,156530921,2024
2024,,530922,180.1295,,云县,亿元,matched,156530922,2024
2024,,530923,135.2645,,永德县,亿元,matched,156530923,2024
2024,,530924,89.6737,,镇康县,亿元,matched,156530924,2024
2024,,530925,94.4562,,双江拉祜族佤族布朗族傣族自治县,亿元,matched,156530925,2024
2024,,530926,162.6463,,耿马傣族佤族自治县,亿元,matched,156530926,2024
2024,,530927,73.9371,,沧源佤族自治县,亿元,matched,156530927,2024
2024,,532301,708.2036,,楚雄市,亿元,matched,156532301,2024
2024,,532302,,,禄丰市,亿元,no_data,156532302,2024
2024,,532322,94.6716,,双柏县,亿元,matched,156532322,2024
2024,,532323,116.9631,,牟定县,亿元,matched,156532323,2024
2024,,532324,146.4731,,南华县,亿元,matched,156532324,2024
2024,,532325,118.5449,,姚安县,亿元,matched,156532325,2024
2024,,532326,166.5951,,大姚县,亿元,matched,156532326,2024
2024,,532327,81.5309,,永仁县,亿元,matched,156532327,2024
2024,,532328,149.8086,,元谋县,亿元,matched,156532328,2024
2024,,532329,155.7855,,武定县,亿元,matched,156532329,2024
2024,,532501,415.1142,,个旧市,亿元,matched,156532501,2024
2024,,532502,333.5057,,开远市,亿元,matched,156532502,2024
2024,,532503,485.3192,,蒙自市,亿元,matched,156532503,2024
2024,,532504,558.5299,,弥勒市,亿元,matched,156532504,2024
2024,,532523,78.4243,,屏边苗族自治县,亿元,matched,156532523,2024
2024,,532524,268.5818,,建水县,亿元,matched,156532524,2024
2024,,532525,153.8014,,石屏县,亿元,matched,156532525,2024
2024,,532527,185.6315,,泸西县,亿元,matched,156532527,2024
2024,,532528,106.8661,,元阳县,亿元,matched,156532528,2024
2024,,532529,89.6739,,红河县,亿元,matched,156532529,2024
2024,,532530,100.5486,,金平苗族瑶族傣族自治县,亿元,matched,156532530,2024
2024,,532531,64.4076,,绿春县,亿元,matched,156532531,2024
2024,,532532,145.0819,,河口瑶族自治县,亿元,matched,156532532,2024
2024,,532601,409.2752,,文山市,亿元,matched,156532601,2024
2024,,532622,296.1694,,砚山县,亿元,matched,156532622,2024
2024,,532623,72.612,,西畴县,亿元,matched,156532623,2024
2024,,532624,110.5362,,麻栗坡县,亿元,matched,156532624,2024
2024,,532625,142.5883,,马关县,亿元,matched,156532625,2024
2024,,532626,136.924,,丘北县,亿元,matched,156532626,2024
2024,,532627,207.3048,,广南县,亿元,matched,156532627,2024
2024,,532628,173.7021,,富宁县,亿元,matched,156532628,2024
2024,,532801,452.9302,,景洪市,亿元,matched,156532801,2024
2024,,532822,234.197,,勐海县,亿元,matched,156532822,2024
2024,,532823,193.998,,勐腊县,亿元,matched,156532823,2024
2024,,532901,615.2281,,大理市,亿元,matched,156532901,2024
2024,,532922,49.2558,,漾濞彝族自治县,亿元,matched,156532922,2024
2024,,532923,250.3988,,祥云县,亿元,matched,156532923,2024
2024,,532924,191.8515,,宾川县,亿元,matched,156532924,2024
2024,,532925,122.1934,,弥渡县,亿元,matched,156532925,2024
2024,,532926,113.0723,,南涧彝族自治县,亿元,matched,156532926,2024
2024,,532927,115.718,,巍山彝族回族自治县,亿元,matched,156532927,2024
2024,,532928,94.8279,,永平县,亿元,matched,156532928,2024
2024,,532929,89.2667,,云龙县,亿元,matched,156532929,2024
2024,,532930,94.2781,,洱源县,亿元,matched,156532930,2024
2024,,532931,75.4205,,剑川县,亿元,matched,156532931,2024
2024,,532932,199.4193,,鹤庆县,亿元,matched,156532932,2024
2024,,533102,150.3701,,瑞丽市,亿元,matched,156533102,2024
2024,,533103,203.7381,,芒市,亿元,matched,156533103,2024
2024,,533122,48.242,,梁河县,亿元,matched,156533122,2024
2024,,533123,138.5092,,盈江县,亿元,matched,156533123,2024
2024,,533124,79.2631,,陇川县,亿元,matched,156533124,2024
2024,,533301,110.9443,,泸水市,亿元,matched,156533301,2024
2024,,533323,33.4604,,福贡县,亿元,matched,156533323,2024
2024,,533324,24.9166,,贡山独龙族怒族自治县,亿元,matched,156533324,2024
2024,,533325,109.5647,,兰坪白族普米族自治县,亿元,matched,156533325,2024
2024,,533401,186.0516,,香格里拉市,亿元,matched,156533401,2024
2024,,533422,60.0807,,德钦县,亿元,matched,156533422,2024
2024,,533423,60.8799,,维西傈僳族自治县,亿元,matched,156533423,2024
2024,,540102,,,城关区,亿元,no_data,156540102,2024
2024,,540103,164.43,,堆龙德庆区,亿元,matched,156540103,2024
2024,,540104,27.82,,达孜区,亿元,matched,156540104,2024
2024,,540121,26.51,,林周县,亿元,matched,156540121,2024
2024,,540122,32.28,,当雄县,亿元,matched,156540122,2024
2024,,540123,15.76,,尼木县,亿元,matched,156540123,2024
2024,,540124,27.53,,曲水县,亿元,matched,156540124,2024
2024,,540127,135.19,,墨竹工卡县,亿元,matched,156540127,2024
2024,,540202,172.263,,桑珠孜区,亿元,matched,156540202,2024
2024,,540221,22.2033,,南木林县,亿元,matched,156540221,2024
2024,,540222,33.3461,,江孜县,亿元,matched,156540222,2024
2024,,540223,18.0718,,定日县,亿元,matched,156540223,2024
2024,,540224,20.9219,,萨迦县,亿元,matched,156540224,2024
2024,,540225,21.9903,,拉孜县,亿元,matched,156540225,2024
2024,,540226,18.785,,昂仁县,亿元,matched,156540226,2024
2024,,540227,26.3569,,谢通门县,亿元,matched,156540227,2024
2024,,540228,19.0887,,白朗县,亿元,matched,156540228,2024
2024,,540229,11.7094,,仁布县,亿元,matched,156540229,2024
2024,,540230,12.0814,,康马县,亿元,matched,156540230,2024
2024,,540231,9.363,,定结县,亿元,matched,156540231,2024
2024,,540232,17.1326,,仲巴县,亿元,matched,156540232,2024
2024,,540233,14.255,,亚东县,亿元,matched,156540233,2024
2024,,540234,14.6321,,吉隆县,亿元,matched,156540234,2024
2024,,540235,15.4836,,聂拉木县,亿元,matched,156540235,2024
2024,,540236,9.0189,,萨嘎县,亿元,matched,156540236,2024
2024,,540237,7.5928,,岗巴县,亿元,matched,156540237,2024
2024,,540302,103.8647,,卡若区,亿元,matched,156540302,2024
2024,,540321,57.322,,江达县,亿元,matched,156540321,2024
2024,,540322,18.8291,,贡觉县,亿元,matched,156540322,2024
2024,,540323,21.8957,,类乌齐县,亿元,matched,156540323,2024
2024,,540324,28.0996,,丁青县,亿元,matched,156540324,2024
2024,,540325,24.8415,,察雅县,亿元,matched,156540325,2024
2024,,540326,22.9673,,八宿县,亿元,matched,156540326,2024
2024,,540327,21.7193,,左贡县,亿元,matched,156540327,2024
2024,,540328,45.49,,芒康县,亿元,matched,156540328,2024
2024,,540329,21.172,,洛隆县,亿元,matched,156540329,2024
2024,,540330,19.8088,,边坝县,亿元,matched,156540330,2024
2024,,540402,148.51,,巴宜区,亿元,matched,156540402,2024
2024,,540421,24.87,,工布江达县,亿元,matched,156540421,2024
2024,,540422,,,米林市,亿元,no_data,156540422,2024
2024,,540423,10.11,,墨脱县,亿元,matched,156540423,2024
2024,,540424,32.9118,,波密县,亿元,matched,156540424,2024
2024,,540425,15.36,,察隅县,亿元,matched,156540425,2024
2024,,540426,11.28,,朗县,亿元,matched,156540426,2024
2024,,540502,95.6265,,乃东区,亿元,matched,156540502,2024
2024,,540521,23.9726,,扎囊县,亿元,matched,156540521,2024
2024,,540522,30.8634,,贡嘎县,亿元,matched,156540522,2024
2024,,540523,28.3827,,桑日县,亿元,matched,156540523,2024
2024,,540524,8.5556,,琼结县,亿元,matched,156540524,2024
2024,,540525,15.458,,曲松县,亿元,matched,156540525,2024
2024,,540526,12.6337,,措美县,亿元,matched,156540526,2024
2024,,540527,11.6414,,洛扎县,亿元,matched,156540527,2024
2024,,540528,27.5098,,加查县,亿元,matched,156540528,2024
2024,,540529,24.4448,,隆子县,亿元,matched,156540529,2024
2024,,540530,,,错那市,亿元,no_data,156540530,2024
2024,,540531,13.8726,,浪卡子县,亿元,matched,156540531,2024
2024,,540602,71.7153,,色尼区,亿元,matched,156540602,2024
2024,,540621,21.5338,,嘉黎县,亿元,matched,156540621,2024
2024,,540622,30.1448,,比如县,亿元,matched,156540622,2024
2024,,540623,14.2121,,聂荣县,亿元,matched,156540623,2024
2024,,540624,17.362,,安多县,亿元,matched,156540624,2024
2024,,540625,10.5577,,申扎县,亿元,matched,156540625,2024
2024,,540626,21.9178,,索县,亿元,matched,156540626,2024
2024,,540627,15.2534,,班戈县,亿元,matched,156540627,2024
2024,,540628,23.825,,巴青县,亿元,matched,156540628,2024
2024,,540629,14.9993,,尼玛县,亿元,matched,156540629,2024
2024,,540630,4.812,,双湖县,亿元,matched,156540630,2024
2024,,542521,9.0852,,普兰县,亿元,matched,156542521,2024
2024,,542522,9.3508,,札达县,亿元,matched,156542522,2024
2024,,542523,40.7754,,噶尔县,亿元,matched,156542523,2024
2024,,542524,10.1378,,日土县,亿元,matched,156542524,2024
2024,,542525,11.4592,,革吉县,亿元,matched,156542525,2024
2024,,542526,14.3501,,改则县,亿元,matched,156542526,2024
2024,,542527,10.6902,,措勤县,亿元,matched,156542527,2024
2024,,610102,,,新城区,亿元,no_data,156610102,2024
2024,,610103,,,碑林区,亿元,no_data,156610103,2024
2024,,610104,,,莲湖区,亿元,no_data,156610104,2024
2024,,610111,,,灞桥区,亿元,no_data,156610111,2024
2024,,610112,,,未央区,亿元,no_data,156610112,2024
2024,,610113,,,雁塔区,亿元,no_data,156610113,2024
2024,,610114,,,阎良区,亿元,no_data,156610114,2024
2024,,610115,,,临潼区,亿元,no_data,156610115,2024
2024,,610116,1593.02,,长安区,亿元,matched,156610116,2024
2024,,610117,,,高陵区,亿元,no_data,156610117,2024
2024,,610118,,,鄠邑区,亿元,no_data,156610118,2024
2024,,610122,205.96,,蓝田县,亿元,matched,156610122,2024
2024,,610124,259.53,,周至县,亿元,matched,156610124,2024
2024,,610202,,,王益区,亿元,no_data,156610202,2024
2024,,610203,,,印台区,亿元,no_data,156610203,2024
2024,,610204,318.73,,耀州区,亿元,matched,156610204,2024
2024,,610222,62.75,,宜君县,亿元,matched,156610222,2024
2024,,610302,,,渭滨区,亿元,no_data,156610302,2024
2024,,610303,,,金台区,亿元,no_data,156610303,2024
2024,,610304,284.4254,,陈仓区,亿元,matched,156610304,2024
2024,,610305,,,凤翔区,亿元,no_data,156610305,2024
2024,,610323,195.5872,,岐山县,亿元,matched,156610323,2024
2024,,610324,181.579,,扶风县,亿元,matched,156610324,2024
2024,,610326,178.4711,,眉县,亿元,matched,156610326,2024
2024,,610327,98.0436,,陇县,亿元,matched,156610327,2024
2024,,610328,72.0907,,千阳县,亿元,matched,156610328,2024
2024,,610329,130.4074,,麟游县,亿元,matched,156610329,2024
2024,,610330,71.7168,,凤县,亿元,matched,156610330,2024
2024,,610331,45.4574,,太白县,亿元,matched,156610331,2024
2024,,610402,,,秦都区,亿元,no_data,156610402,2024
2024,,610403,,,杨陵区,亿元,no_data,156610403,2024
2024,,610404,,,渭城区,亿元,no_data,156610404,2024
2024,,610422,264.24,,三原县,亿元,matched,156610422,2024
2024,,610423,140.16,,泾阳县,亿元,matched,156610423,2024
2024,,610424,207.78,,乾县,亿元,matched,156610424,2024
2024,,610425,204.43,,礼泉县,亿元,matched,156610425,2024
2024,,610426,106.22,,永寿县,亿元,matched,156610426,2024
2024,,610428,156.76,,长武县,亿元,matched,156610428,2024
2024,,610429,135.68,,旬邑县,亿元,matched,156610429,2024
2024,,610430,103.66,,淳化县,亿元,matched,156610430,2024
2024,,610431,211.07,,武功县,亿元,matched,156610431,2024
2024,,610481,310.1181,,兴平市,亿元,matched,156610481,2024
2024,,610482,333.26,,彬州市,亿元,matched,156610482,2024
2024,,610502,,,临渭区,亿元,no_data,156610502,2024
2024,,610503,118.55,,华州区,亿元,matched,156610503,2024
2024,,610522,47.12,,潼关县,亿元,matched,156610522,2024
2024,,610523,213.14,,大荔县,亿元,matched,156610523,2024
2024,,610524,132.88,,合阳县,亿元,matched,156610524,2024
2024,,610525,133.59,,澄城县,亿元,matched,156610525,2024
2024,,610526,287.47,,蒲城县,亿元,matched,156610526,2024
2024,,610527,108.971,,白水县,亿元,matched,156610527,2024
2024,,610528,218.516,,富平县,亿元,matched,156610528,2024
2024,,610581,275.81,,韩城市,亿元,matched,156610581,2024
2024,,610582,83.15,,华阴市,亿元,matched,156610582,2024
2024,,610602,,,宝塔区,亿元,no_data,156610602,2024
2024,,610603,160.0772,,安塞区,亿元,matched,156610603,2024
2024,,610621,87.133,,延长县,亿元,matched,156610621,2024
2024,,610622,146.18,,延川县,亿元,matched,156610622,2024
2024,,610625,200.769,,志丹县,亿元,matched,156610625,2024
2024,,610626,217.2527,,吴起县,亿元,matched,156610626,2024
2024,,610627,51.4965,,甘泉县,亿元,matched,156610627,2024
2024,,610628,128.713,,富县,亿元,matched,156610628,2024
2024,,610629,318.89,,洛川县,亿元,matched,156610629,2024
2024,,610630,64.713,,宜川县,亿元,matched,156610630,2024
2024,,610631,28.7456,,黄龙县,亿元,matched,156610631,2024
2024,,610632,302.7318,,黄陵县,亿元,matched,156610632,2024
2024,,610681,,,子长市,亿元,no_data,156610681,2024
2024,,610702,,,汉台区,亿元,no_data,156610702,2024
2024,,610703,253.3958,,南郑区,亿元,matched,156610703,2024
2024,,610722,312.0492,,城固县,亿元,matched,156610722,2024
2024,,610723,210.7193,,洋县,亿元,matched,156610723,2024
2024,,610724,135.9279,,西乡县,亿元,matched,156610724,2024
2024,,610725,192.5553,,勉县,亿元,matched,156610725,2024
2024,,610726,134.374,,宁强县,亿元,matched,156610726,2024
2024,,610727,79.7604,,略阳县,亿元,matched,156610727,2024
2024,,610728,110.4226,,镇巴县,亿元,matched,156610728,2024
2024,,610729,29.266,,留坝县,亿元,matched,156610729,2024
2024,,610730,18.7046,,佛坪县,亿元,matched,156610730,2024
2024,,610802,,,榆阳区,亿元,no_data,156610802,2024
2024,,610803,430.1911,,横山区,亿元,matched,156610803,2024
2024,,610822,1066.7407,,府谷县,亿元,matched,156610822,2024
2024,,610824,553.612,,靖边县,亿元,matched,156610824,2024
2024,,610825,430.3106,,定边县,亿元,matched,156610825,2024
2024,,610826,129.5786,,绥德县,亿元,matched,156610826,2024
2024,,610827,94.35,,米脂县,亿元,matched,156610827,2024
2024,,610828,112.9562,,佳县,亿元,matched,156610828,2024
2024,,610829,38.1278,,吴堡县,亿元,matched,156610829,2024
2024,,610830,87.54,,清涧县,亿元,matched,156610830,2024
2024,,610831,100.04,,子洲县,亿元,matched,156610831,2024
2024,,610881,2502.6121,,神木市,亿元,matched,156610881,2024
2024,,610902,,,汉滨区,亿元,no_data,156610902,2024
2024,,610921,99.7783,,汉阴县,亿元,matched,156610921,2024
2024,,610922,78.7977,,石泉县,亿元,matched,156610922,2024
2024,,610923,32.6853,,宁陕县,亿元,matched,156610923,2024
2024,,610924,89.4116,,紫阳县,亿元,matched,156610924,2024
2024,,610925,58.6686,,岚皋县,亿元,matched,156610925,2024
2024,,610926,83.9696,,平利县,亿元,matched,156610926,2024
2024,,610927,25.1185,,镇坪县,亿元,matched,156610927,2024
2024,,610929,70.9727,,白河县,亿元,matched,156610929,2024
2024,,610981,,,旬阳市,亿元,no_data,156610981,2024
2024,,611002,191.3069,,商州区,亿元,matched,156611002,2024
2024,,611021,117.9639,,洛南县,亿元,matched,156611021,2024
2024,,611022,82.919,,丹凤县,亿元,matched,156611022,2024
2024,,611023,82.2816,,商南县,亿元,matched,156611023,2024
2024,,611024,133.4765,,山阳县,亿元,matched,156611024,2024
2024,,611025,95.838,,镇安县,亿元,matched,156611025,2024
2024,,611026,76.3458,,柞水县,亿元,matched,156611026,2024
2024,,620102,,,城关区,亿元,no_data,156620102,2024
2024,,620103,,,七里河区,亿元,no_data,156620103,2024
2024,,620104,,,西固区,亿元,no_data,156620104,2024
2024,,620105,,,安宁区,亿元,no_data,156620105,2024
2024,,620111,,,红古区,亿元,no_data,156620111,2024
2024,,620121,160.811,,永登县,亿元,matched,156620121,2024
2024,,620122,73.685,,皋兰县,亿元,matched,156620122,2024
2024,,620123,203.1847,,榆中县,亿元,matched,156620123,2024
2024,,620200,,,嘉峪关市,亿元,no_data,156620200,2024
2024,,620302,,,金川区,亿元,no_data,156620302,2024
2024,,620321,127.6493,,永昌县,亿元,matched,156620321,2024
2024,,620402,,,白银区,亿元,no_data,156620402,2024
2024,,620403,,,平川区,亿元,no_data,156620403,2024
2024,,620421,125.0239,,靖远县,亿元,matched,156620421,2024
2024,,620422,92.4356,,会宁县,亿元,matched,156620422,2024
2024,,620423,87.4335,,景泰县,亿元,matched,156620423,2024
2024,,620502,,,秦州区,亿元,no_data,156620502,2024
2024,,620503,,,麦积区,亿元,no_data,156620503,2024
2024,,620521,58.0478,,清水县,亿元,matched,156620521,2024
2024,,620522,113.7282,,秦安县,亿元,matched,156620522,2024
2024,,620523,116.269,,甘谷县,亿元,matched,156620523,2024
2024,,620524,87.8864,,武山县,亿元,matched,156620524,2024
2024,,620525,51.1921,,张家川回族自治县,亿元,matched,156620525,2024
2024,,620602,423.2686,,凉州区,亿元,matched,156620602,2024
2024,,620621,135.562,,民勤县,亿元,matched,156620621,2024
2024,,620622,107.7682,,古浪县,亿元,matched,156620622,2024
2024,,620623,83.4183,,天祝藏族自治县,亿元,matched,156620623,2024
2024,,620702,294.4857,,甘州区,亿元,matched,156620702,2024
2024,,620721,44.1935,,肃南裕固族自治县,亿元,matched,156620721,2024
2024,,620722,89.2997,,民乐县,亿元,matched,156620722,2024
2024,,620723,79.6843,,临泽县,亿元,matched,156620723,2024
2024,,620724,78.9788,,高台县,亿元,matched,156620724,2024
2024,,620725,94.2337,,山丹县,亿元,matched,156620725,2024
2024,,620802,215.4955,,崆峒区,亿元,matched,156620802,2024
2024,,620821,56.7508,,泾川县,亿元,matched,156620821,2024
2024,,620822,54.3534,,灵台县,亿元,matched,156620822,2024
2024,,620823,70.747,,崇信县,亿元,matched,156620823,2024
2024,,620825,100.407,,庄浪县,亿元,matched,156620825,2024
2024,,620826,111.396,,静宁县,亿元,matched,156620826,2024
2024,,620881,,,华亭市,亿元,matched,156620881,2024
2024,,620902,311.6771,,肃州区,亿元,matched,156620902,2024
2024,,620921,104.4278,,金塔县,亿元,matched,156620921,2024
2024,,620922,200.2141,,瓜州县,亿元,matched,156620922,2024
2024,,620923,30.6806,,肃北蒙古族自治县,亿元,matched,156620923,2024
2024,,620924,15.5278,,阿克塞哈萨克族自治县,亿元,matched,156620924,2024
2024,,620981,278.268,,玉门市,亿元,matched,156620981,2024
2024,,620982,100.9196,,敦煌市,亿元,matched,156620982,2024
2024,,621002,322.3536,,西峰区,亿元,matched,156621002,2024
2024,,621021,157.01,,庆城县,亿元,matched,156621021,2024
2024,,621022,176.0622,,环县,亿元,matched,156621022,2024
2024,,621023,176.558,,华池县,亿元,matched,156621023,2024
2024,,621024,103.9554,,合水县,亿元,matched,156621024,2024
2024,,621025,59.8357,,正宁县,亿元,matched,156621025,2024
2024,,621026,97.6786,,宁县,亿元,matched,156621026,2024
2024,,621027,119.7637,,镇原县,亿元,matched,156621027,2024
2024,,621102,182.9044,,安定区,亿元,matched,156621102,2024
2024,,621121,90.2709,,通渭县,亿元,matched,156621121,2024
2024,,621122,121.1192,,陇西县,亿元,matched,156621122,2024
2024,,621123,74.3166,,渭源县,亿元,matched,156621123,2024
2024,,621124,126.2059,,临洮县,亿元,matched,156621124,2024
2024,,621125,47.3112,,漳县,亿元,matched,156621125,2024
2024,,621126,94.9848,,岷县,亿元,matched,156621126,2024
2024,,621202,200.1503,,武都区,亿元,matched,156621202,2024
2024,,621221,93.1695,,成县,亿元,matched,156621221,2024
2024,,621222,72.209,,文县,亿元,matched,156621222,2024
2024,,621223,44.6444,,宕昌县,亿元,matched,156621223,2024
2024,,621224,32.8943,,康县,亿元,matched,156621224,2024
2024,,621225,55.1775,,西和县,亿元,matched,156621225,2024
2024,,621226,77.0343,,礼县,亿元,matched,156621226,2024
2024,,621227,76.3068,,徽县,亿元,matched,156621227,2024
2024,,621228,15.3852,,两当县,亿元,matched,156621228,2024
2024,,622901,122.9107,,临夏市,亿元,matched,156622901,2024
2024,,622921,68.3866,,临夏县,亿元,matched,156622921,2024
2024,,622922,46.9679,,康乐县,亿元,matched,156622922,2024
2024,,622923,92.7185,,永靖县,亿元,matched,156622923,2024
2024,,622924,40.3854,,广河县,亿元,matched,156622924,2024
2024,,622925,41.3983,,和政县,亿元,matched,156622925,2024
2024,,622926,54.21,,东乡族自治县,亿元,matched,156622926,2024
2024,,622927,38.9953,,积石山保安族东乡族撒拉族自治县,亿元,matched,156622927,2024
2024,,623001,68.1067,,合作市,亿元,matched,156623001,2024
2024,,623021,30.6803,,临潭县,亿元,matched,156623021,2024
2024,,623022,33.9176,,卓尼县,亿元,matched,156623022,2024
2024,,623023,34.1445,,舟曲县,亿元,matched,156623023,2024
2024,,623024,23.1421,,迭部县,亿元,matched,156623024,2024
2024,,623025,22.208,,玛曲县,亿元,matched,156623025,2024
2024,,623026,17.6909,,碌曲县,亿元,matched,156623026,2024
2024,,623027,26.4383,,夏河县,亿元,matched,156623027,2024
2024,,629700,,,中农发山丹马场,亿元,no_data,156629700,2024
2024,,629800,,,莲花山风景林自然保护区,亿元,no_data,156629800,2024
2024,,629900,,,太子山天然林保护区,亿元,no_data,156629900,2024
2024,,630102,,,城东区,亿元,no_data,156630102,2024
2024,,630103,,,城中区,亿元,no_data,156630103,2024
2024,,630104,,,城西区,亿元,no_data,156630104,2024
2024,,630105,,,城北区,亿元,no_data,156630105,2024
2024,,630106,235.1662,,湟中区,亿元,matched,156630106,2024
2024,,630121,154.3804,,大通回族土族自治县,亿元,matched,156630121,2024
2024,,630123,35.8614,,湟源县,亿元,matched,156630123,2024
2024,,630202,120.1702,,乐都区,亿元,matched,156630202,2024
2024,,630203,99.2824,,平安区,亿元,matched,156630203,2024
2024,,630222,141.6536,,民和回族土族自治县,亿元,matched,156630222,2024
2024,,630223,141.2331,,互助土族自治县,亿元,matched,156630223,2024
2024,,630224,61.3172,,化隆回族自治县,亿元,matched,156630224,2024
2024,,630225,41.8023,,循化撒拉族自治县,亿元,matched,156630225,2024
2024,,632221,43.3402,,门源回族自治县,亿元,matched,156632221,2024
2024,,632222,22.1851,,祁连县,亿元,matched,156632222,2024
2024,,632223,26.8556,,海晏县,亿元,matched,156632223,2024
2024,,632224,23.4939,,刚察县,亿元,matched,156632224,2024
2024,,632301,,,同仁市,亿元,matched,156632301,2024
2024,,632322,35.6193,,尖扎县,亿元,matched,156632322,2024
2024,,632323,21.0862,,泽库县,亿元,matched,156632323,2024
2024,,632324,20.569,,河南蒙古族自治县,亿元,matched,156632324,2024
2024,,632521,132.36,,共和县,亿元,matched,156632521,2024
2024,,632522,18.9244,,同德县,亿元,matched,156632522,2024
2024,,632523,32.1608,,贵德县,亿元,matched,156632523,2024
2024,,632524,28.0592,,兴海县,亿元,matched,156632524,2024
2024,,632525,23.1509,,贵南县,亿元,matched,156632525,2024
2024,,632621,25.8827,,玛沁县,亿元,matched,156632621,2024
2024,,632622,8.1915,,班玛县,亿元,matched,156632622,2024
2024,,632623,6.7205,,甘德县,亿元,matched,156632623,2024
2024,,632624,7.5022,,达日县,亿元,matched,156632624,2024
2024,,632625,8.8869,,久治县,亿元,matched,156632625,2024
2024,,632626,5.6608,,玛多县,亿元,matched,156632626,2024
2024,,632701,27.2141,,玉树市,亿元,matched,156632701,2024
2024,,632722,17.8885,,杂多县,亿元,matched,156632722,2024
2024,,632723,10.3818,,称多县,亿元,matched,156632723,2024
2024,,632724,11.1934,,治多县,亿元,matched,156632724,2024
2024,,632725,15.0698,,囊谦县,亿元,matched,156632725,2024
2024,,632726,10.6757,,曲麻莱县,亿元,matched,156632726,2024
2024,,632801,455.1906,,格尔木市,亿元,matched,156632801,2024
2024,,632802,112.8513,,德令哈市,亿元,matched,156632802,2024
2024,,632803,115.2182,,茫崖市,亿元,matched,156632803,2024
2024,,632821,26.8301,,乌兰县,亿元,matched,156632821,2024
2024,,632822,47.1252,,都兰县,亿元,matched,156632822,2024
2024,,632823,14.7194,,天峻县,亿元,matched,156632823,2024
2024,,632857,,,大柴旦行政委员会,亿元,no_data,156632857,2024
2024,,640104,,,兴庆区,亿元,no_data,156640104,2024
2024,,640105,,,西夏区,亿元,no_data,156640105,2024
2024,,640106,,,金凤区,亿元,no_data,156640106,2024
2024,,640121,158.3467,,永宁县,亿元,matched,156640121,2024
2024,,640122,181.4098,,贺兰县,亿元,matched,156640122,2024
2024,,640181,910.8041,,灵武市,亿元,matched,156640181,2024
2024,,640202,,,大武口区,亿元,no_data,156640202,2024
2024,,640205,,,惠农区,亿元,no_data,156640205,2024
2024,,640221,201.3488,,平罗县,亿元,matched,156640221,2024
2024,,640302,,,利通区,亿元,no_data,156640302,2024
2024,,640303,,,红寺堡区,亿元,no_data,156640303,2024
2024,,640323,215.4021,,盐池县,亿元,matched,156640323,2024
2024,,640324,135.851,,同心县,亿元,matched,156640324,2024
2024,,640381,193.3808,,青铜峡市,亿元,matched,156640381,2024
2024,,640402,,,原州区,亿元,no_data,156640402,2024
2024,,640422,103.8713,,西吉县,亿元,matched,156640422,2024
2024,,640423,40.8382,,隆德县,亿元,matched,156640423,2024
2024,,640424,25.631,,泾源县,亿元,matched,156640424,2024
2024,,640425,97.0604,,彭阳县,亿元,matched,156640425,2024
2024,,640502,,,沙坡头区,亿元,no_data,156640502,2024
2024,,640521,,,中宁县,亿元,no_data,156640521,2024
2024,,640522,,,海原县,亿元,no_data,156640522,2024
2024,,650102,,,天山区,亿元,no_data,156650102,2024
2024,,650103,,,沙依巴克区,亿元,no_data,156650103,2024
2024,,650104,,,新市区,亿元,no_data,156650104,2024
2024,,650105,,,水磨沟区,亿元,no_data,156650105,2024
2024,,650106,,,头屯河区,亿元,no_data,156650106,2024
2024,,650107,,,达坂城区,亿元,no_data,156650107,2024
2024,,650109,,,米东区,亿元,no_data,156650109,2024
2024,,650121,47.8765,,乌鲁木齐县,亿元,matched,156650121,2024
2024,,650202,,,独山子区,亿元,no_data,156650202,2024
2024,,650203,,,克拉玛依区,亿元,no_data,156650203,2024
2024,,650204,,,白碱滩区,亿元,no_data,156650204,2024
2024,,650205,,,乌尔禾区,亿元,no_data,156650205,2024
2024,,650402,173.6138,,高昌区,亿元,matched,156650402,2024
2024,,650421,266.7367,,鄯善县,亿元,matched,156650421,2024
2024,,650422,200.0676,,托克逊县,亿元,matched,156650422,2024
2024,,650502,620.388,,伊州区,亿元,matched,156650502,2024
2024,,650521,187.6206,,巴里坤哈萨克自治县,亿元,matched,156650521,2024
2024,,650522,276.3809,,伊吾县,亿元,matched,156650522,2024
2024,,652301,705.1107,,昌吉市,亿元,matched,156652301,2024
2024,,652302,270.0029,,阜康市,亿元,matched,156652302,2024
2024,,652323,177.9318,,呼图壁县,亿元,matched,156652323,2024
2024,,652324,210.3652,,玛纳斯县,亿元,matched,156652324,2024
2024,,652325,293.2086,,奇台县,亿元,matched,156652325,2024
2024,,652327,721.0351,,吉木萨尔县,亿元,matched,156652327,2024
2024,,652328,131.5785,,木垒哈萨克自治县,亿元,matched,156652328,2024
2024,,652701,248.9935,,博乐市,亿元,matched,156652701,2024
2024,,652702,126.5505,,阿拉山口市,亿元,matched,156652702,2024
2024,,652722,118.819,,精河县,亿元,matched,156652722,2024
2024,,652723,45.8644,,温泉县,亿元,matched,156652723,2024
2024,,652801,,,库尔勒市,亿元,no_data,156652801,2024
2024,,652822,,,轮台县,亿元,no_data,156652822,2024
2024,,652823,,,尉犁县,亿元,no_data,156652823,2024
2024,,652824,,,若羌县,亿元,no_data,156652824,2024
2024,,652825,,,且末县,亿元,no_data,156652825,2024
2024,,652826,,,焉耆回族自治县,亿元,no_data,156652826,2024
2024,,652827,,,和静县,亿元,no_data,156652827,2024
2024,,652828,,,和硕县,亿元,no_data,156652828,2024
2024,,652829,,,博湖县,亿元,no_data,156652829,2024
2024,,652901,370.35,,阿克苏市,亿元,matched,156652901,2024
2024,,652902,,,库车市,亿元,matched,156652902,2024
2024,,652922,122.864,,温宿县,亿元,matched,156652922,2024
2024,,652924,140.3467,,沙雅县,亿元,matched,156652924,2024
2024,,652925,89.6512,,新和县,亿元,matched,156652925,2024
2024,,652926,173.6544,,拜城县,亿元,matched,156652926,2024
2024,,652927,75.5316,,乌什县,亿元,matched,156652927,2024
2024,,652928,97.6761,,阿瓦提县,亿元,matched,156652928,2024
2024,,652929,33.54,,柯坪县,亿元,matched,156652929,2024
2024,,653001,104.3259,,阿图什市,亿元,matched,156653001,2024
2024,,653022,72.3329,,阿克陶县,亿元,matched,156653022,2024
2024,,653023,22.4647,,阿合奇县,亿元,matched,156653023,2024
2024,,653024,57.5357,,乌恰县,亿元,matched,156653024,2024
2024,,653101,357.7205,,喀什市,亿元,matched,156653101,2024
2024,,653121,73.3447,,疏附县,亿元,matched,156653121,2024
2024,,653122,108.6796,,疏勒县,亿元,matched,156653122,2024
2024,,653123,66.202,,英吉沙县,亿元,matched,156653123,2024
2024,,653124,67.858,,泽普县,亿元,matched,156653124,2024
2024,,653125,191.2547,,莎车县,亿元,matched,156653125,2024
2024,,653126,138.4506,,叶城县,亿元,matched,156653126,2024
2024,,653127,100.1598,,麦盖提县,亿元,matched,156653127,2024
2024,,653128,40.3047,,岳普湖县,亿元,matched,156653128,2024
2024,,653129,115.0334,,伽师县,亿元,matched,156653129,2024
2024,,653130,115.4396,,巴楚县,亿元,matched,156653130,2024
2024,,653131,23.1274,,塔什库尔干塔吉克自治县,亿元,matched,156653131,2024
2024,,653201,167.7768,,和田市,亿元,matched,156653201,2024
2024,,653221,78.1014,,和田县,亿元,matched,156653221,2024
2024,,653222,106.8129,,墨玉县,亿元,matched,156653222,2024
2024,,653223,60.8107,,皮山县,亿元,matched,156653223,2024
2024,,653224,68.1957,,洛浦县,亿元,matched,156653224,2024
2024,,653225,38.1385,,策勒县,亿元,matched,156653225,2024
2024,,653226,58.5157,,于田县,亿元,matched,156653226,2024
2024,,653227,20.0067,,民丰县,亿元,matched,156653227,2024
2024,,654002,426.9106,,伊宁市,亿元,matched,156654002,2024
2024,,654003,305.7148,,奎屯市,亿元,matched,156654003,2024
2024,,654004,202.6437,,霍尔果斯市,亿元,matched,156654004,2024
2024,,654021,152.6381,,伊宁县,亿元,matched,156654021,2024
2024,,654022,114.4514,,察布查尔锡伯自治县,亿元,matched,156654022,2024
2024,,654023,167.9291,,霍城县,亿元,matched,156654023,2024
2024,,654024,83.0961,,巩留县,亿元,matched,156654024,2024
2024,,654025,145.3945,,新源县,亿元,matched,156654025,2024
2024,,654026,69.3087,,昭苏县,亿元,matched,156654026,2024
2024,,654027,57.4389,,特克斯县,亿元,matched,156654027,2024
2024,,654028,81.1586,,尼勒克县,亿元,matched,156654028,2024
2024,,654201,152.9295,,塔城市,亿元,matched,156654201,2024
2024,,654202,294.028,,乌苏市,亿元,matched,156654202,2024
2024,,654203,,,沙湾市,亿元,no_data,156654203,2024
2024,,654221,,,额敏县,亿元,no_data,156654221,2024
2024,,654224,,,托里县,亿元,no_data,156654224,2024
2024,,654225,,,裕民县,亿元,no_data,156654225,2024
2024,,654226,,,和布克赛尔蒙古自治县,亿元,no_data,156654226,2024
2024,,654301,,,阿勒泰市,亿元,no_data,156654301,2024
2024,,654321,,,布尔津县,亿元,no_data,156654321,2024
2024,,654322,,,富蕴县,亿元,no_data,156654322,2024
2024,,654323,,,福海县,亿元,no_data,156654323,2024
2024,,654324,,,哈巴河县,亿元,no_data,156654324,2024
2024,,654325,,,青河县,亿元,no_data,156654325,2024
2024,,654326,,,吉木乃县,亿元,no_data,156654326,2024
2024,,659001,531.9006,,石河子市,亿元,matched,156659001,2024
2024,,659002,439.1832,,阿拉尔市,亿元,matched,156659002,2024
2024,,659003,207.4124,,图木舒克市,亿元,matched,156659003,2024
2024,,659004,296.3466,,五家渠市,亿元,matched,156659004,2024
2024,,659005,69.5861,,北屯市,亿元,matched,156659005,2024
2024,,659006,121.879,,铁门关市,亿元,matched,156659006,2024
2024,,659007,79.6337,,双河市,亿元,matched,156659007,2024
2024,,659008,118.2646,,可克达拉市,亿元,matched,156659008,2024
2024,,659009,67.9405,,昆玉市,亿元,matched,156659009,2024
2024,,659010,92.4085,,胡杨河市,亿元,matched,156659010,2024
2024,,659011,108.2824,,新星市,亿元,matched,156659011,2024
2024,,659012,,,白杨市,亿元,no_data,156659012,2024
2024,,710001,,,高雄市,亿元,no_data,156710001,2024
2024,,710003,,,花莲县,亿元,no_data,156710003,2024
2024,,710004,,,基隆市,亿元,no_data,156710004,2024
2024,,710005,,,嘉义市,亿元,no_data,156710005,2024
2024,,710006,,,嘉义县,亿元,no_data,156710006,2024
2024,,710007,,,苗栗县,亿元,no_data,156710007,2024
2024,,710008,,,南投县,亿元,no_data,156710008,2024
2024,,710009,,,台北市,亿元,no_data,156710009,2024
2024,,710010,,,澎湖县,亿元,no_data,156710010,2024
2024,,710011,,,屏东县,亿元,no_data,156710011,2024
2024,,710012,,,新北市,亿元,no_data,156710012,2024
2024,,710013,,,台东县,亿元,no_data,156710013,2024
2024,,710014,,,台南市,亿元,no_data,156710014,2024
2024,,710016,,,台中市,亿元,no_data,156710016,2024
2024,,710018,,,桃园市,亿元,no_data,156710018,2024
2024,,710019,,,新竹市,亿元,no_data,156710019,2024
2024,,710020,,,新竹县,亿元,no_data,156710020,2024
2024,,710021,,,宜兰县,亿元,no_data,156710021,2024
2024,,710022,,,云林县,亿元,no_data,156710022,2024
2024,,710023,,,彰化县,亿元,no_data,156710023,2024
2024,,810101,,,中西区,亿元,no_data,156810101,2024
2024,,810102,,,东区,亿元,no_data,156810102,2024
2024,,810103,,,九龙城区,亿元,no_data,156810103,2024
2024,,810104,,,观塘区,亿元,no_data,156810104,2024
2024,,810105,,,南区,亿元,no_data,156810105,2024
2024,,810106,,,深水埗区,亿元,no_data,156810106,2024
2024,,810107,,,湾仔区,亿元,no_data,156810107,2024
2024,,810108,,,黄大仙区,亿元,no_data,156810108,2024
2024,,810109,,,油尖旺区,亿元,no_data,156810109,2024
2024,,810110,,,离岛区,亿元,no_data,156810110,2024
2024,,810111,,,葵青区,亿元,no_data,156810111,2024
2024,,810112,,,北区,亿元,no_data,156810112,2024
2024,,810113,,,西贡区,亿元,no_data,156810113,2024
2024,,810114,,,沙田区,亿元,no_data,156810114,2024
2024,,810115,,,屯门区,亿元,no_data,156810115,2024
2024,,810116,,,大埔区,亿元,no_data,156810116,2024
2024,,810117,,,荃湾区,亿元,no_data,156810117,2024
2024,,810118,,,元朗区,亿元,no_data,156810118,2024
2024,,820000,,,澳门特别行政区,亿元,no_data,156820000,2024
