year,gdp_per_capita,county_code,gdp,gdp_density,county,economy_unit,match_status,gb,year_display
2019,,110101,,,东城区,亿元,no_data,156110101,2019
2019,,110102,,,西城区,亿元,no_data,156110102,2019
2019,,110105,,,朝阳区,亿元,no_data,156110105,2019
2019,,110106,,,丰台区,亿元,no_data,156110106,2019
2019,,110107,,,石景山区,亿元,no_data,156110107,2019
2019,,110108,,,海淀区,亿元,no_data,156110108,2019
2019,,110109,,,门头沟区,亿元,no_data,156110109,2019
2019,,110111,,,房山区,亿元,no_data,156110111,2019
2019,,110112,1385.46,,通州区,亿元,matched,156110112,2019
2019,,110113,,,顺义区,亿元,no_data,156110113,2019
2019,,110114,,,昌平区,亿元,no_data,156110114,2019
2019,,110115,907.55,,大兴区,亿元,matched,156110115,2019
2019,,110116,399.8605,,怀柔区,亿元,matched,156110116,2019
2019,,110117,,,平谷区,亿元,no_data,156110117,2019
2019,,110118,,,密云区,亿元,no_data,156110118,2019
2019,,110119,,,延庆区,亿元,no_data,156110119,2019
2019,,120101,,,和平区,亿元,no_data,156120101,2019
2019,,120102,,,河东区,亿元,no_data,156120102,2019
2019,,120103,,,河西区,亿元,no_data,156120103,2019
2019,,120104,,,南开区,亿元,no_data,156120104,2019
2019,,120105,,,河北区,亿元,no_data,156120105,2019
2019,,120106,,,红桥区,亿元,no_data,156120106,2019
2019,,120110,,,东丽区,亿元,no_data,156120110,2019
2019,,120111,,,西青区,亿元,no_data,156120111,2019
2019,,120112,,,津南区,亿元,no_data,156120112,2019
2019,,120113,,,北辰区,亿元,no_data,156120113,2019
2019,,120114,,,武清区,亿元,no_data,156120114,2019
2019,,120115,,,宝坻区,亿元,no_data,156120115,2019
2019,,120116,,,滨海新区,亿元,no_data,156120116,2019
2019,,120117,,,宁河区,亿元,no_data,156120117,2019
2019,,120118,,,静海区,亿元,no_data,156120118,2019
2019,,120119,,,蓟州区,亿元,no_data,156120119,2019
2019,,130102,,,长安区,亿元,matched,156130102,2019
2019,,130104,,,桥西区,亿元,no_data,156130104,2019
2019,,130105,,,新华区,亿元,no_data,156130105,2019
2019,,130107,,,井陉矿区,亿元,no_data,156130107,2019
2019,,130108,,,裕华区,亿元,no_data,156130108,2019
2019,,130109,415.9863,,藁城区,亿元,matched,156130109,2019
2019,,130110,290.4093,,鹿泉区,亿元,matched,156130110,2019
2019,,130111,172.6388,,栾城区,亿元,matched,156130111,2019
2019,,130121,96.942,,井陉县,亿元,matched,156130121,2019
2019,,130123,280.3873,,正定县,亿元,matched,156130123,2019
2019,,130125,115.855,,行唐县,亿元,matched,156130125,2019
2019,,130126,102.2396,,灵寿县,亿元,matched,156130126,2019
2019,,130127,68.2053,,高邑县,亿元,matched,156130127,2019
2019,,130128,71.1374,,深泽县,亿元,matched,156130128,2019
2019,,130129,77.5381,,赞皇县,亿元,matched,156130129,2019
2019,,130130,129.9107,,无极县,亿元,matched,156130130,2019
2019,,130131,240.003,,平山县,亿元,matched,156130131,2019
2019,,130132,159.537,,元氏县,亿元,matched,156130132,2019
2019,,130133,141.1279,,赵县,亿元,matched,156130133,2019
2019,,130181,416.9907,,辛集市,亿元,matched,156130181,2019
2019,,130183,154.2222,,晋州市,亿元,matched,156130183,2019
2019,,130184,139.3397,,新乐市,亿元,matched,156130184,2019
2019,,130202,,,路南区,亿元,no_data,156130202,2019
2019,,130203,,,路北区,亿元,no_data,156130203,2019
2019,,130204,,,古冶区,亿元,no_data,156130204,2019
2019,,130205,,,开平区,亿元,no_data,156130205,2019
2019,,130207,657.0218,,丰南区,亿元,matched,156130207,2019
2019,,130208,875.1482,,丰润区,亿元,matched,156130208,2019
2019,,130209,630.4301,,曹妃甸区,亿元,matched,156130209,2019
2019,,130224,271.0469,,滦南县,亿元,matched,156130224,2019
2019,,130225,344.7451,,乐亭县,亿元,matched,156130225,2019
2019,,130227,320.682,,迁西县,亿元,matched,156130227,2019
2019,,130229,262.8512,,玉田县,亿元,matched,156130229,2019
2019,,130281,424.2634,,遵化市,亿元,matched,156130281,2019
2019,,130283,957.7765,,迁安市,亿元,matched,156130283,2019
2019,,130284,396.2438,,滦州市,亿元,matched,156130284,2019
2019,,130302,,,海港区,亿元,no_data,156130302,2019
2019,,130303,,,山海关区,亿元,no_data,156130303,2019
2019,,130304,,,北戴河区,亿元,no_data,156130304,2019
2019,,130306,125.4202,,抚宁区,亿元,matched,156130306,2019
2019,,130321,123.8792,,青龙满族自治县,亿元,matched,156130321,2019
2019,,130322,286.3713,,昌黎县,亿元,matched,156130322,2019
2019,,130324,115.1671,,卢龙县,亿元,matched,156130324,2019
2019,,130402,,,邯山区,亿元,no_data,156130402,2019
2019,,130403,,,丛台区,亿元,no_data,156130403,2019
2019,,130404,,,复兴区,亿元,no_data,156130404,2019
2019,,130406,,,峰峰矿区,亿元,no_data,156130406,2019
2019,,130407,149.518,,肥乡区,亿元,matched,156130407,2019
2019,,130408,218.5705,,永年区,亿元,matched,156130408,2019
2019,,130423,158.1221,,临漳县,亿元,matched,156130423,2019
2019,,130424,164.7204,,成安县,亿元,matched,156130424,2019
2019,,130425,147.954,,大名县,亿元,matched,156130425,2019
2019,,130426,164.9112,,涉县,亿元,matched,156130426,2019
2019,,130427,79.924,,磁县,亿元,matched,156130427,2019
2019,,130430,93.4742,,邱县,亿元,matched,156130430,2019
2019,,130431,93.5086,,鸡泽县,亿元,matched,156130431,2019
2019,,130432,93.1577,,广平县,亿元,matched,156130432,2019
2019,,130433,91.5037,,馆陶县,亿元,matched,156130433,2019
2019,,130434,202.7531,,魏县,亿元,matched,156130434,2019
2019,,130435,122.838,,曲周县,亿元,matched,156130435,2019
2019,,130481,638.1839,,武安市,亿元,matched,156130481,2019
2019,,130502,,,襄都区,亿元,no_data,156130502,2019
2019,,130503,,,信都区,亿元,matched,156130503,2019
2019,,130505,,,任泽区,亿元,no_data,156130505,2019
2019,,130506,,,南和区,亿元,matched,156130506,2019
2019,,130522,49.3337,,临城县,亿元,matched,156130522,2019
2019,,130523,73.1254,,内丘县,亿元,matched,156130523,2019
2019,,130524,45.4955,,柏乡县,亿元,matched,156130524,2019
2019,,130525,104.005,,隆尧县,亿元,matched,156130525,2019
2019,,130528,244.4924,,宁晋县,亿元,matched,156130528,2019
2019,,130529,98.1509,,巨鹿县,亿元,matched,156130529,2019
2019,,130530,51.6212,,新河县,亿元,matched,156130530,2019
2019,,130531,60.0841,,广宗县,亿元,matched,156130531,2019
2019,,130532,87.3819,,平乡县,亿元,matched,156130532,2019
2019,,130533,106.2004,,威县,亿元,matched,156130533,2019
2019,,130534,140.9271,,清河县,亿元,matched,156130534,2019
2019,,130535,75.0498,,临西县,亿元,matched,156130535,2019
2019,,130581,115.6294,,南宫市,亿元,matched,156130581,2019
2019,,130582,188.146,,沙河市,亿元,matched,156130582,2019
2019,,130602,,,竞秀区,亿元,no_data,156130602,2019
2019,,130606,,,莲池区,亿元,no_data,156130606,2019
2019,,130607,120.3442,,满城区,亿元,matched,156130607,2019
2019,,130608,136.8371,,清苑区,亿元,matched,156130608,2019
2019,,130609,271.3072,,徐水区,亿元,matched,156130609,2019
2019,,130623,89.2536,,涞水县,亿元,matched,156130623,2019
2019,,130624,44.9484,,阜平县,亿元,matched,156130624,2019
2019,,130626,159.8186,,定兴县,亿元,matched,156130626,2019
2019,,130627,122.1962,,唐县,亿元,matched,156130627,2019
2019,,130628,98.2068,,高阳县,亿元,matched,156130628,2019
2019,,130629,59.9463,,容城县,亿元,matched,156130629,2019
2019,,130630,,,涞源县,亿元,no_data,156130630,2019
2019,,130631,,,望都县,亿元,no_data,156130631,2019
2019,,130632,,,安新县,亿元,no_data,156130632,2019
2019,,130633,,,易县,亿元,no_data,156130633,2019
2019,,130634,,,曲阳县,亿元,no_data,156130634,2019
2019,,130635,,,蠡县,亿元,no_data,156130635,2019
2019,,130636,,,顺平县,亿元,no_data,156130636,2019
2019,,130637,,,博野县,亿元,no_data,156130637,2019
2019,,130638,,,雄县,亿元,no_data,156130638,2019
2019,,130681,,,涿州市,亿元,no_data,156130681,2019
2019,,130682,,,定州市,亿元,no_data,156130682,2019
2019,,130683,,,安国市,亿元,no_data,156130683,2019
2019,,130684,,,高碑店市,亿元,no_data,156130684,2019
2019,,130702,,,桥东区,亿元,no_data,156130702,2019
2019,,130703,,,桥西区,亿元,no_data,156130703,2019
2019,,130705,,,宣化区,亿元,no_data,156130705,2019
2019,,130706,,,下花园区,亿元,no_data,156130706,2019
2019,,130708,72.5934,,万全区,亿元,matched,156130708,2019
2019,,130709,32.6751,,崇礼区,亿元,matched,156130709,2019
2019,,130722,118.8906,,张北县,亿元,matched,156130722,2019
2019,,130723,56.6826,,康保县,亿元,matched,156130723,2019
2019,,130724,64.4254,,沽源县,亿元,matched,156130724,2019
2019,,130725,43.917,,尚义县,亿元,matched,156130725,2019
2019,,130726,82.8387,,蔚县,亿元,matched,156130726,2019
2019,,130727,52.1095,,阳原县,亿元,matched,156130727,2019
2019,,130728,95.6819,,怀安县,亿元,matched,156130728,2019
2019,,130730,131.9744,,怀来县,亿元,matched,156130730,2019
2019,,130731,84.5862,,涿鹿县,亿元,matched,156130731,2019
2019,,130732,61.3423,,赤城县,亿元,matched,156130732,2019
2019,,130802,,,双桥区,亿元,no_data,156130802,2019
2019,,130803,,,双滦区,亿元,no_data,156130803,2019
2019,,130804,,,鹰手营子矿区,亿元,no_data,156130804,2019
2019,,130821,127.4325,,承德县,亿元,matched,156130821,2019
2019,,130822,112.7096,,兴隆县,亿元,matched,156130822,2019
2019,,130824,145.0996,,滦平县,亿元,matched,156130824,2019
2019,,130825,143.1867,,隆化县,亿元,matched,156130825,2019
2019,,130826,119.4812,,丰宁满族自治县,亿元,matched,156130826,2019
2019,,130827,148.5938,,宽城满族自治县,亿元,matched,156130827,2019
2019,,130828,154.6643,,围场满族蒙古族自治县,亿元,matched,156130828,2019
2019,,130881,135.0512,,平泉市,亿元,matched,156130881,2019
2019,,130902,,,新华区,亿元,no_data,156130902,2019
2019,,130903,,,运河区,亿元,no_data,156130903,2019
2019,,130921,216.2824,,沧县,亿元,matched,156130921,2019
2019,,130922,190.0485,,青县,亿元,matched,156130922,2019
2019,,130923,147.7996,,东光县,亿元,matched,156130923,2019
2019,,130924,50.3348,,海兴县,亿元,matched,156130924,2019
2019,,130925,131.538,,盐山县,亿元,matched,156130925,2019
2019,,130926,129.5718,,肃宁县,亿元,matched,156130926,2019
2019,,130927,100.8848,,南皮县,亿元,matched,156130927,2019
2019,,130928,84.9196,,吴桥县,亿元,matched,156130928,2019
2019,,130929,168.3603,,献县,亿元,matched,156130929,2019
2019,,130930,88.0395,,孟村回族自治县,亿元,matched,156130930,2019
2019,,130981,222.278,,泊头市,亿元,matched,156130981,2019
2019,,130982,590.0078,,任丘市,亿元,matched,156130982,2019
2019,,130983,247.1298,,黄骅市,亿元,matched,156130983,2019
2019,,130984,236.0908,,河间市,亿元,matched,156130984,2019
2019,,131002,,,安次区,亿元,no_data,156131002,2019
2019,,131003,,,广阳区,亿元,no_data,156131003,2019
2019,,131022,313.4073,,固安县,亿元,matched,156131022,2019
2019,,131023,204.5058,,永清县,亿元,matched,156131023,2019
2019,,131024,224.8152,,香河县,亿元,matched,156131024,2019
2019,,131025,170.5666,,大城县,亿元,matched,156131025,2019
2019,,131026,188.7961,,文安县,亿元,matched,156131026,2019
2019,,131028,164.804,,大厂回族自治县,亿元,matched,156131028,2019
2019,,131081,401.1543,,霸州市,亿元,matched,156131081,2019
2019,,131082,504.8086,,三河市,亿元,matched,156131082,2019
2019,,131102,,,桃城区,亿元,no_data,156131102,2019
2019,,131103,,,冀州区,亿元,no_data,156131103,2019
2019,,131121,,,枣强县,亿元,no_data,156131121,2019
2019,,131122,,,武邑县,亿元,no_data,156131122,2019
2019,,131123,,,武强县,亿元,no_data,156131123,2019
2019,,131124,,,饶阳县,亿元,no_data,156131124,2019
2019,,131125,,,安平县,亿元,no_data,156131125,2019
2019,,131126,,,故城县,亿元,no_data,156131126,2019
2019,,131127,,,景县,亿元,no_data,156131127,2019
2019,,131128,,,阜城县,亿元,no_data,156131128,2019
2019,,131182,,,深州市,亿元,no_data,156131182,2019
2019,,140105,,,小店区,亿元,no_data,156140105,2019
2019,,140106,,,迎泽区,亿元,no_data,156140106,2019
2019,,140107,,,杏花岭区,亿元,no_data,156140107,2019
2019,,140108,,,尖草坪区,亿元,no_data,156140108,2019
2019,,140109,,,万柏林区,亿元,no_data,156140109,2019
2019,,140110,,,晋源区,亿元,no_data,156140110,2019
2019,,140121,191.9297,,清徐县,亿元,matched,156140121,2019
2019,,140122,50.8696,,阳曲县,亿元,matched,156140122,2019
2019,,140123,24.7637,,娄烦县,亿元,matched,156140123,2019
2019,,140181,43.8364,,古交市,亿元,matched,156140181,2019
2019,,140212,,,新荣区,亿元,no_data,156140212,2019
2019,,140213,,,平城区,亿元,no_data,156140213,2019
2019,,140214,,,云冈区,亿元,no_data,156140214,2019
2019,,140215,124.5569,,云州区,亿元,matched,156140215,2019
2019,,140221,50.9886,,阳高县,亿元,matched,156140221,2019
2019,,140222,36.8802,,天镇县,亿元,matched,156140222,2019
2019,,140223,41.0714,,广灵县,亿元,matched,156140223,2019
2019,,140224,50.5072,,灵丘县,亿元,matched,156140224,2019
2019,,140225,48.8468,,浑源县,亿元,matched,156140225,2019
2019,,140226,67.454,,左云县,亿元,matched,156140226,2019
2019,,140302,,,城区,亿元,no_data,156140302,2019
2019,,140303,,,矿区,亿元,no_data,156140303,2019
2019,,140311,,,郊区,亿元,no_data,156140311,2019
2019,,140321,111.2228,,平定县,亿元,matched,156140321,2019
2019,,140322,129.2797,,盂县,亿元,matched,156140322,2019
2019,,140403,,,潞州区,亿元,no_data,156140403,2019
2019,,140404,,,上党区,亿元,no_data,156140404,2019
2019,,140405,133.0059,,屯留区,亿元,matched,156140405,2019
2019,,140406,125.3824,,潞城区,亿元,matched,156140406,2019
2019,,140423,216.1939,,襄垣县,亿元,matched,156140423,2019
2019,,140425,23.1964,,平顺县,亿元,matched,156140425,2019
2019,,140426,30.7507,,黎城县,亿元,matched,156140426,2019
2019,,140427,54.2722,,壶关县,亿元,matched,156140427,2019
2019,,140428,174.5969,,长子县,亿元,matched,156140428,2019
2019,,140429,60.24,,武乡县,亿元,matched,156140429,2019
2019,,140430,31.4853,,沁县,亿元,matched,156140430,2019
2019,,140431,129.2841,,沁源县,亿元,matched,156140431,2019
2019,,140502,,,城区,亿元,no_data,156140502,2019
2019,,140521,219.3655,,沁水县,亿元,matched,156140521,2019
2019,,140522,217.4663,,阳城县,亿元,matched,156140522,2019
2019,,140524,44.12,,陵川县,亿元,matched,156140524,2019
2019,,140525,301.7688,,泽州县,亿元,matched,156140525,2019
2019,,140581,229.3324,,高平市,亿元,matched,156140581,2019
2019,,140602,,,朔城区,亿元,no_data,156140602,2019
2019,,140603,,,平鲁区,亿元,no_data,156140603,2019
2019,,140621,136.7682,,山阴县,亿元,matched,156140621,2019
2019,,140622,70.9067,,应县,亿元,matched,156140622,2019
2019,,140623,91.4475,,右玉县,亿元,matched,156140623,2019
2019,,140681,228.0757,,怀仁市,亿元,matched,156140681,2019
2019,,140702,,,榆次区,亿元,no_data,156140702,2019
2019,,140703,,,太谷区,亿元,no_data,156140703,2019
2019,,140721,35.4739,,榆社县,亿元,matched,156140721,2019
2019,,140722,56.3424,,左权县,亿元,matched,156140722,2019
2019,,140723,58.0946,,和顺县,亿元,matched,156140723,2019
2019,,140724,88.3052,,昔阳县,亿元,matched,156140724,2019
2019,,140725,125.2299,,寿阳县,亿元,matched,156140725,2019
2019,,140727,88.7946,,祁县,亿元,matched,156140727,2019
2019,,140728,115.9574,,平遥县,亿元,matched,156140728,2019
2019,,140729,233.9489,,灵石县,亿元,matched,156140729,2019
2019,,140781,244.8783,,介休市,亿元,matched,156140781,2019
2019,,140802,,,盐湖区,亿元,no_data,156140802,2019
2019,,140821,140.1024,,临猗县,亿元,matched,156140821,2019
2019,,140822,77.2803,,万荣县,亿元,matched,156140822,2019
2019,,140823,134.4255,,闻喜县,亿元,matched,156140823,2019
2019,,140824,89.7484,,稷山县,亿元,matched,156140824,2019
2019,,140825,115.4482,,新绛县,亿元,matched,156140825,2019
2019,,140826,62.9553,,绛县,亿元,matched,156140826,2019
2019,,140827,64.9618,,垣曲县,亿元,matched,156140827,2019
2019,,140828,62.1879,,夏县,亿元,matched,156140828,2019
2019,,140829,52.5512,,平陆县,亿元,matched,156140829,2019
2019,,140830,93.8127,,芮城县,亿元,matched,156140830,2019
2019,,140881,126.8814,,永济市,亿元,matched,156140881,2019
2019,,140882,250.6408,,河津市,亿元,matched,156140882,2019
2019,,140902,,,忻府区,亿元,no_data,156140902,2019
2019,,140921,52.5654,,定襄县,亿元,matched,156140921,2019
2019,,140922,51.92,,五台县,亿元,matched,156140922,2019
2019,,140923,67.8907,,代县,亿元,matched,156140923,2019
2019,,140924,71.8846,,繁峙县,亿元,matched,156140924,2019
2019,,140925,67.7422,,宁武县,亿元,matched,156140925,2019
2019,,140926,34.9874,,静乐县,亿元,matched,156140926,2019
2019,,140927,31.0345,,神池县,亿元,matched,156140927,2019
2019,,140928,30.8116,,五寨县,亿元,matched,156140928,2019
2019,,140929,33.3369,,岢岚县,亿元,matched,156140929,2019
2019,,140930,108.7626,,河曲县,亿元,matched,156140930,2019
2019,,140931,83.7231,,保德县,亿元,matched,156140931,2019
2019,,140932,34.3168,,偏关县,亿元,matched,156140932,2019
2019,,140981,143.4553,,原平市,亿元,matched,156140981,2019
2019,,141002,,,尧都区,亿元,no_data,156141002,2019
2019,,141021,110.2964,,曲沃县,亿元,matched,156141021,2019
2019,,141022,71.3507,,翼城县,亿元,matched,156141022,2019
2019,,141023,125.8485,,襄汾县,亿元,matched,156141023,2019
2019,,141024,151.4975,,洪洞县,亿元,matched,156141024,2019
2019,,141025,49.9911,,古县,亿元,matched,156141025,2019
2019,,141026,63.8474,,安泽县,亿元,matched,156141026,2019
2019,,141027,41.4613,,浮山县,亿元,matched,156141027,2019
2019,,141028,22.937,,吉县,亿元,matched,156141028,2019
2019,,141029,131.5771,,乡宁县,亿元,matched,156141029,2019
2019,,141030,9.428,,大宁县,亿元,matched,156141030,2019
2019,,141031,18.7449,,隰县,亿元,matched,156141031,2019
2019,,141032,10.5649,,永和县,亿元,matched,156141032,2019
2019,,141033,92.0532,,蒲县,亿元,matched,156141033,2019
2019,,141034,22.3588,,汾西县,亿元,matched,156141034,2019
2019,,141081,115.2131,,侯马市,亿元,matched,156141081,2019
2019,,141082,79.7037,,霍州市,亿元,matched,156141082,2019
2019,,141102,137.341,,离石区,亿元,matched,156141102,2019
2019,,141121,74.918,,文水县,亿元,matched,156141121,2019
2019,,141122,91.4326,,交城县,亿元,matched,156141122,2019
2019,,141123,113.17,,兴县,亿元,matched,156141123,2019
2019,,141124,88.9719,,临县,亿元,matched,156141124,2019
2019,,141125,204.552,,柳林县,亿元,matched,156141125,2019
2019,,141126,14.8111,,石楼县,亿元,matched,156141126,2019
2019,,141127,49.2533,,岚县,亿元,matched,156141127,2019
2019,,141128,50.5869,,方山县,亿元,matched,156141128,2019
2019,,141129,107.5217,,中阳县,亿元,matched,156141129,2019
2019,,141130,55.4446,,交口县,亿元,matched,156141130,2019
2019,,141181,319.7652,,孝义市,亿元,matched,156141181,2019
2019,,141182,204.789,,汾阳市,亿元,matched,156141182,2019
2019,,150102,,,新城区,亿元,no_data,156150102,2019
2019,,150103,,,回民区,亿元,no_data,156150103,2019
2019,,150104,,,玉泉区,亿元,no_data,156150104,2019
2019,,150105,,,赛罕区,亿元,no_data,156150105,2019
2019,,150121,,,土默特左旗,亿元,no_data,156150121,2019
2019,,150122,,,托克托县,亿元,no_data,156150122,2019
2019,,150123,,,和林格尔县,亿元,no_data,156150123,2019
2019,,150124,,,清水河县,亿元,no_data,156150124,2019
2019,,150125,,,武川县,亿元,no_data,156150125,2019
2019,,150202,,,东河区,亿元,no_data,156150202,2019
2019,,150203,,,昆都仑区,亿元,no_data,156150203,2019
2019,,150204,,,青山区,亿元,no_data,156150204,2019
2019,,150205,,,石拐区,亿元,no_data,156150205,2019
2019,,150206,,,白云鄂博矿区,亿元,no_data,156150206,2019
2019,,150207,,,九原区,亿元,no_data,156150207,2019
2019,,150221,,,土默特右旗,亿元,no_data,156150221,2019
2019,,150222,,,固阳县,亿元,no_data,156150222,2019
2019,,150223,,,达尔罕茂明安联合旗,亿元,no_data,156150223,2019
2019,,150302,,,海勃湾区,亿元,no_data,156150302,2019
2019,,150303,,,海南区,亿元,no_data,156150303,2019
2019,,150304,,,乌达区,亿元,no_data,156150304,2019
2019,,150402,,,红山区,亿元,no_data,156150402,2019
2019,,150403,,,元宝山区,亿元,no_data,156150403,2019
2019,,150404,,,松山区,亿元,no_data,156150404,2019
2019,,150421,92.4421,,阿鲁科尔沁旗,亿元,matched,156150421,2019
2019,,150422,119.5407,,巴林左旗,亿元,matched,156150422,2019
2019,,150423,57.9254,,巴林右旗,亿元,matched,156150423,2019
2019,,150424,78.6032,,林西县,亿元,matched,156150424,2019
2019,,150425,119.6962,,克什克腾旗,亿元,matched,156150425,2019
2019,,150426,137.778,,翁牛特旗,亿元,matched,156150426,2019
2019,,150428,83.115,,喀喇沁旗,亿元,matched,156150428,2019
2019,,150429,152.1649,,宁城县,亿元,matched,156150429,2019
2019,,150430,140.2308,,敖汉旗,亿元,matched,156150430,2019
2019,,150502,,,科尔沁区,亿元,no_data,156150502,2019
2019,,150521,128.75,,科尔沁左翼中旗,亿元,matched,156150521,2019
2019,,150522,,,科尔沁左翼后旗,亿元,no_data,156150522,2019
2019,,150523,,,开鲁县,亿元,no_data,156150523,2019
2019,,150524,,,库伦旗,亿元,no_data,156150524,2019
2019,,150525,,,奈曼旗,亿元,no_data,156150525,2019
2019,,150526,,,扎鲁特旗,亿元,no_data,156150526,2019
2019,,150581,,,霍林郭勒市,亿元,no_data,156150581,2019
2019,,150602,712.63,,东胜区,亿元,matched,156150602,2019
2019,,150603,,,康巴什区,亿元,no_data,156150603,2019
2019,,150621,322.65,,达拉特旗,亿元,matched,156150621,2019
2019,,150622,820.05,,准格尔旗,亿元,matched,156150622,2019
2019,,150623,135.3,,鄂托克前旗,亿元,matched,156150623,2019
2019,,150624,360.36,,鄂托克旗,亿元,matched,156150624,2019
2019,,150625,125.33,,杭锦旗,亿元,matched,156150625,2019
2019,,150626,309.13,,乌审旗,亿元,matched,156150626,2019
2019,,150627,731.8,,伊金霍洛旗,亿元,matched,156150627,2019
2019,,150702,181.5187,,海拉尔区,亿元,matched,156150702,2019
2019,,150703,,,扎赉诺尔区,亿元,no_data,156150703,2019
2019,,150721,96.2096,,阿荣旗,亿元,matched,156150721,2019
2019,,150722,85.2938,,莫力达瓦达斡尔族自治旗,亿元,matched,156150722,2019
2019,,150723,65.5112,,鄂伦春自治旗,亿元,matched,156150723,2019
2019,,150724,106.9273,,鄂温克族自治旗,亿元,matched,156150724,2019
2019,,150725,91.071,,陈巴尔虎旗,亿元,matched,156150725,2019
2019,,150726,24.4729,,新巴尔虎左旗,亿元,matched,156150726,2019
2019,,150727,55.2246,,新巴尔虎右旗,亿元,matched,156150727,2019
2019,,150781,148.6372,,满洲里市,亿元,matched,156150781,2019
2019,,150782,106.2049,,牙克石市,亿元,matched,156150782,2019
2019,,150783,159.7492,,扎兰屯市,亿元,matched,156150783,2019
2019,,150784,40.5951,,额尔古纳市,亿元,matched,156150784,2019
2019,,150785,32.0087,,根河市,亿元,matched,156150785,2019
2019,,150802,297.07,,临河区,亿元,matched,156150802,2019
2019,,150821,104.97,,五原县,亿元,matched,156150821,2019
2019,,150822,54.9,,磴口县,亿元,matched,156150822,2019
2019,,150823,137.3361,,乌拉特前旗,亿元,matched,156150823,2019
2019,,150824,98.39,,乌拉特中旗,亿元,matched,156150824,2019
2019,,150825,71.82,,乌拉特后旗,亿元,matched,156150825,2019
2019,,150826,110.52,,杭锦后旗,亿元,matched,156150826,2019
2019,,150902,210.8366,,集宁区,亿元,matched,156150902,2019
2019,,150921,50.565,,卓资县,亿元,matched,156150921,2019
2019,,150922,46.4088,,化德县,亿元,matched,156150922,2019
2019,,150923,58.5189,,商都县,亿元,matched,156150923,2019
2019,,150924,56.5927,,兴和县,亿元,matched,156150924,2019
2019,,150925,48.298,,凉城县,亿元,matched,156150925,2019
2019,,150926,77.8799,,察哈尔右翼前旗,亿元,matched,156150926,2019
2019,,150927,49.5262,,察哈尔右翼中旗,亿元,matched,156150927,2019
2019,,150928,65.5215,,察哈尔右翼后旗,亿元,matched,156150928,2019
2019,,150929,58.9356,,四子王旗,亿元,matched,156150929,2019
2019,,150981,85.3444,,丰镇市,亿元,matched,156150981,2019
2019,,152201,176.484,,乌兰浩特市,亿元,matched,156152201,2019
2019,,152202,19.3759,,阿尔山市,亿元,matched,156152202,2019
2019,,152221,95.504,,科尔沁右翼前旗,亿元,matched,156152221,2019
2019,,152222,64.877,,科尔沁右翼中旗,亿元,matched,156152222,2019
2019,,152223,96.3897,,扎赉特旗,亿元,matched,156152223,2019
2019,,152224,67.4294,,突泉县,亿元,matched,156152224,2019
2019,,152501,66.25,,二连浩特市,亿元,matched,156152501,2019
2019,,152502,213.3849,,锡林浩特市,亿元,matched,156152502,2019
2019,,152522,34.9331,,阿巴嘎旗,亿元,matched,156152522,2019
2019,,152523,26.2336,,苏尼特左旗,亿元,matched,156152523,2019
2019,,152524,41.7159,,苏尼特右旗,亿元,matched,156152524,2019
2019,,152525,90.8932,,东乌珠穆沁旗,亿元,matched,156152525,2019
2019,,152526,128.0348,,西乌珠穆沁旗,亿元,matched,156152526,2019
2019,,152527,43.4096,,太仆寺旗,亿元,matched,156152527,2019
2019,,152528,22.0958,,镶黄旗,亿元,matched,156152528,2019
2019,,152529,26.753,,正镶白旗,亿元,matched,156152529,2019
2019,,152530,57.756,,正蓝旗,亿元,matched,156152530,2019
2019,,152531,47.1889,,多伦县,亿元,matched,156152531,2019
2019,,152921,238.7709,,阿拉善左旗,亿元,matched,156152921,2019
2019,,152922,19.4396,,阿拉善右旗,亿元,matched,156152922,2019
2019,,152923,37.0495,,额济纳旗,亿元,matched,156152923,2019
2019,,210102,,,和平区,亿元,no_data,156210102,2019
2019,,210103,,,沈河区,亿元,no_data,156210103,2019
2019,,210104,,,大东区,亿元,no_data,156210104,2019
2019,,210105,,,皇姑区,亿元,no_data,156210105,2019
2019,,210106,,,铁西区,亿元,no_data,156210106,2019
2019,,210111,,,苏家屯区,亿元,no_data,156210111,2019
2019,,210112,,,浑南区,亿元,no_data,156210112,2019
2019,,210113,,,沈北新区,亿元,no_data,156210113,2019
2019,,210114,,,于洪区,亿元,no_data,156210114,2019
2019,,210115,,,辽中区,亿元,no_data,156210115,2019
2019,,210123,,,康平县,亿元,no_data,156210123,2019
2019,,210124,,,法库县,亿元,no_data,156210124,2019
2019,,210181,,,新民市,亿元,no_data,156210181,2019
2019,,210202,,,中山区,亿元,no_data,156210202,2019
2019,,210203,,,西岗区,亿元,no_data,156210203,2019
2019,,210204,,,沙河口区,亿元,no_data,156210204,2019
2019,,210211,,,甘井子区,亿元,no_data,156210211,2019
2019,,210212,,,旅顺口区,亿元,no_data,156210212,2019
2019,,210213,,,金州区,亿元,no_data,156210213,2019
2019,,210214,338.5765,,普兰店区,亿元,matched,156210214,2019
2019,,210224,83.6077,,长海县,亿元,matched,156210224,2019
2019,,210281,764.6358,,瓦房店市,亿元,matched,156210281,2019
2019,,210283,494.7083,,庄河市,亿元,matched,156210283,2019
2019,,210302,,,铁东区,亿元,no_data,156210302,2019
2019,,210303,,,铁西区,亿元,no_data,156210303,2019
2019,,210304,,,立山区,亿元,no_data,156210304,2019
2019,,210311,,,千山区,亿元,no_data,156210311,2019
2019,,210321,143.9148,,台安县,亿元,matched,156210321,2019
2019,,210323,138.7765,,岫岩满族自治县,亿元,matched,156210323,2019
2019,,210381,551.9973,,海城市,亿元,matched,156210381,2019
2019,,210402,,,新抚区,亿元,no_data,156210402,2019
2019,,210403,,,东洲区,亿元,no_data,156210403,2019
2019,,210404,,,望花区,亿元,no_data,156210404,2019
2019,,210411,,,顺城区,亿元,no_data,156210411,2019
2019,,210421,29.4588,,抚顺县,亿元,matched,156210421,2019
2019,,210422,52.4381,,新宾满族自治县,亿元,matched,156210422,2019
2019,,210423,55.5152,,清原满族自治县,亿元,matched,156210423,2019
2019,,210502,,,平山区,亿元,no_data,156210502,2019
2019,,210503,,,溪湖区,亿元,no_data,156210503,2019
2019,,210504,,,明山区,亿元,no_data,156210504,2019
2019,,210505,,,南芬区,亿元,no_data,156210505,2019
2019,,210521,121.2987,,本溪满族自治县,亿元,matched,156210521,2019
2019,,210522,98.3614,,桓仁满族自治县,亿元,matched,156210522,2019
2019,,210602,,,元宝区,亿元,no_data,156210602,2019
2019,,210603,,,振兴区,亿元,no_data,156210603,2019
2019,,210604,,,振安区,亿元,no_data,156210604,2019
2019,,210624,95.7046,,宽甸满族自治县,亿元,matched,156210624,2019
2019,,210681,212.8451,,东港市,亿元,matched,156210681,2019
2019,,210682,163.8555,,凤城市,亿元,matched,156210682,2019
2019,,210702,,,古塔区,亿元,no_data,156210702,2019
2019,,210703,,,凌河区,亿元,no_data,156210703,2019
2019,,210711,,,太和区,亿元,no_data,156210711,2019
2019,,210726,117.2236,,黑山县,亿元,matched,156210726,2019
2019,,210727,97.2552,,义县,亿元,matched,156210727,2019
2019,,210781,144.8545,,凌海市,亿元,matched,156210781,2019
2019,,210782,105.2997,,北镇市,亿元,matched,156210782,2019
2019,,210802,,,站前区,亿元,no_data,156210802,2019
2019,,210803,,,西市区,亿元,no_data,156210803,2019
2019,,210804,,,鲅鱼圈区,亿元,no_data,156210804,2019
2019,,210811,,,老边区,亿元,no_data,156210811,2019
2019,,210881,158.1532,,盖州市,亿元,matched,156210881,2019
2019,,210882,274.8181,,大石桥市,亿元,matched,156210882,2019
2019,,210902,,,海州区,亿元,no_data,156210902,2019
2019,,210903,,,新邱区,亿元,no_data,156210903,2019
2019,,210904,,,太平区,亿元,no_data,156210904,2019
2019,,210905,,,清河门区,亿元,no_data,156210905,2019
2019,,210911,,,细河区,亿元,no_data,156210911,2019
2019,,210921,146.6652,,阜新蒙古族自治县,亿元,matched,156210921,2019
2019,,210922,106.2432,,彰武县,亿元,matched,156210922,2019
2019,,211002,,,白塔区,亿元,no_data,156211002,2019
2019,,211003,,,文圣区,亿元,no_data,156211003,2019
2019,,211004,,,宏伟区,亿元,no_data,156211004,2019
2019,,211005,,,弓长岭区,亿元,no_data,156211005,2019
2019,,211011,,,太子河区,亿元,no_data,156211011,2019
2019,,211021,134.3458,,辽阳县,亿元,matched,156211021,2019
2019,,211081,150.572,,灯塔市,亿元,matched,156211081,2019
2019,,211102,,,双台子区,亿元,no_data,156211102,2019
2019,,211103,,,兴隆台区,亿元,no_data,156211103,2019
2019,,211104,273.9833,,大洼区,亿元,matched,156211104,2019
2019,,211122,190.8141,,盘山县,亿元,matched,156211122,2019
2019,,211202,,,银州区,亿元,no_data,156211202,2019
2019,,211204,,,清河区,亿元,no_data,156211204,2019
2019,,211221,111.469,,铁岭县,亿元,matched,156211221,2019
2019,,211223,49.4894,,西丰县,亿元,matched,156211223,2019
2019,,211224,133.2464,,昌图县,亿元,matched,156211224,2019
2019,,211281,97.9977,,调兵山市,亿元,matched,156211281,2019
2019,,211282,102.5689,,开原市,亿元,matched,156211282,2019
2019,,211302,,,双塔区,亿元,no_data,156211302,2019
2019,,211303,,,龙城区,亿元,no_data,156211303,2019
2019,,211321,98.2265,,朝阳县,亿元,matched,156211321,2019
2019,,211322,112.5818,,建平县,亿元,matched,156211322,2019
2019,,211324,96.1233,,喀喇沁左翼蒙古族自治县,亿元,matched,156211324,2019
2019,,211381,118.6403,,北票市,亿元,matched,156211381,2019
2019,,211382,139.3363,,凌源市,亿元,matched,156211382,2019
2019,,211402,,,连山区,亿元,no_data,156211402,2019
2019,,211403,300.51,,龙港区,亿元,matched,156211403,2019
2019,,211404,,,南票区,亿元,no_data,156211404,2019
2019,,211421,164.4586,,绥中县,亿元,matched,156211421,2019
2019,,211422,79.6116,,建昌县,亿元,matched,156211422,2019
2019,,211481,130.9,,兴城市,亿元,matched,156211481,2019
2019,,220102,,,南关区,亿元,no_data,156220102,2019
2019,,220103,,,宽城区,亿元,no_data,156220103,2019
2019,,220104,,,朝阳区,亿元,no_data,156220104,2019
2019,,220105,,,二道区,亿元,no_data,156220105,2019
2019,,220106,,,绿园区,亿元,no_data,156220106,2019
2019,,220112,,,双阳区,亿元,no_data,156220112,2019
2019,,220113,229.8477,,九台区,亿元,matched,156220113,2019
2019,,220122,251.4063,,农安县,亿元,matched,156220122,2019
2019,,220182,221.6315,,榆树市,亿元,matched,156220182,2019
2019,,220183,234.8185,,德惠市,亿元,matched,156220183,2019
2019,,220184,,,公主岭市,亿元,matched,156220184,2019
2019,,220202,,,昌邑区,亿元,no_data,156220202,2019
2019,,220203,,,龙潭区,亿元,no_data,156220203,2019
2019,,220204,,,船营区,亿元,no_data,156220204,2019
2019,,220211,,,丰满区,亿元,no_data,156220211,2019
2019,,220221,64.214,,永吉县,亿元,matched,156220221,2019
2019,,220281,89.9133,,蛟河市,亿元,matched,156220281,2019
2019,,220282,,,桦甸市,亿元,no_data,156220282,2019
2019,,220283,,,舒兰市,亿元,no_data,156220283,2019
2019,,220284,,,磐石市,亿元,no_data,156220284,2019
2019,,220302,,,铁西区,亿元,no_data,156220302,2019
2019,,220303,,,铁东区,亿元,no_data,156220303,2019
2019,,220322,141.7391,,梨树县,亿元,matched,156220322,2019
2019,,220323,90.3071,,伊通满族自治县,亿元,matched,156220323,2019
2019,,220382,87.1746,,双辽市,亿元,matched,156220382,2019
2019,,220402,,,龙山区,亿元,no_data,156220402,2019
2019,,220403,,,西安区,亿元,no_data,156220403,2019
2019,,220421,123.6593,,东丰县,亿元,matched,156220421,2019
2019,,220422,86.5319,,东辽县,亿元,matched,156220422,2019
2019,,220502,,,东昌区,亿元,no_data,156220502,2019
2019,,220503,,,二道江区,亿元,no_data,156220503,2019
2019,,220521,62.4451,,通化县,亿元,matched,156220521,2019
2019,,220523,72.0286,,辉南县,亿元,matched,156220523,2019
2019,,220524,61.3692,,柳河县,亿元,matched,156220524,2019
2019,,220581,288.8512,,梅河口市,亿元,matched,156220581,2019
2019,,220582,55.0118,,集安市,亿元,matched,156220582,2019
2019,,220602,,,浑江区,亿元,no_data,156220602,2019
2019,,220605,80.8183,,江源区,亿元,matched,156220605,2019
2019,,220621,116.3605,,抚松县,亿元,matched,156220621,2019
2019,,220622,62.7468,,靖宇县,亿元,matched,156220622,2019
2019,,220623,33.9554,,长白朝鲜族自治县,亿元,matched,156220623,2019
2019,,220681,81.7739,,临江市,亿元,matched,156220681,2019
2019,,220702,,,宁江区,亿元,no_data,156220702,2019
2019,,220721,141.6696,,前郭尔罗斯蒙古族自治县,亿元,matched,156220721,2019
2019,,220722,140.116,,长岭县,亿元,matched,156220722,2019
2019,,220723,66.4665,,乾安县,亿元,matched,156220723,2019
2019,,220781,144.4724,,扶余市,亿元,matched,156220781,2019
2019,,220802,,,洮北区,亿元,no_data,156220802,2019
2019,,220821,78.8511,,镇赉县,亿元,matched,156220821,2019
2019,,220822,77.6586,,通榆县,亿元,matched,156220822,2019
2019,,220881,87.1274,,洮南市,亿元,matched,156220881,2019
2019,,220882,90.8708,,大安市,亿元,matched,156220882,2019
2019,,222401,319.9548,,延吉市,亿元,matched,156222401,2019
2019,,222402,24.664,,图们市,亿元,matched,156222402,2019
2019,,222403,131.8038,,敦化市,亿元,matched,156222403,2019
2019,,222404,93.4994,,珲春市,亿元,matched,156222404,2019
2019,,222405,29.9924,,龙井市,亿元,matched,156222405,2019
2019,,222406,32.4775,,和龙市,亿元,matched,156222406,2019
2019,,222424,52.188,,汪清县,亿元,matched,156222424,2019
2019,,222426,38.7874,,安图县,亿元,matched,156222426,2019
2019,,230102,,,道里区,亿元,no_data,156230102,2019
2019,,230103,,,南岗区,亿元,no_data,156230103,2019
2019,,230104,,,道外区,亿元,no_data,156230104,2019
2019,,230108,,,平房区,亿元,no_data,156230108,2019
2019,,230109,,,松北区,亿元,no_data,156230109,2019
2019,,230110,,,香坊区,亿元,no_data,156230110,2019
2019,,230111,100.0244,,呼兰区,亿元,matched,156230111,2019
2019,,230112,231.6402,,阿城区,亿元,matched,156230112,2019
2019,,230113,235.9977,,双城区,亿元,matched,156230113,2019
2019,,230123,109.6007,,依兰县,亿元,matched,156230123,2019
2019,,230124,62.3315,,方正县,亿元,matched,156230124,2019
2019,,230125,175.7825,,宾县,亿元,matched,156230125,2019
2019,,230126,117.9948,,巴彦县,亿元,matched,156230126,2019
2019,,230127,80.3533,,木兰县,亿元,matched,156230127,2019
2019,,230128,86.0809,,通河县,亿元,matched,156230128,2019
2019,,230129,64.0172,,延寿县,亿元,matched,156230129,2019
2019,,230183,179.1746,,尚志市,亿元,matched,156230183,2019
2019,,230184,281.2468,,五常市,亿元,matched,156230184,2019
2019,,230202,,,龙沙区,亿元,no_data,156230202,2019
2019,,230203,,,建华区,亿元,no_data,156230203,2019
2019,,230204,,,铁锋区,亿元,no_data,156230204,2019
2019,,230205,,,昂昂溪区,亿元,no_data,156230205,2019
2019,,230206,,,富拉尔基区,亿元,no_data,156230206,2019
2019,,230207,,,碾子山区,亿元,no_data,156230207,2019
2019,,230208,,,梅里斯达斡尔族区,亿元,no_data,156230208,2019
2019,,230221,114.5697,,龙江县,亿元,matched,156230221,2019
2019,,230223,71.2193,,依安县,亿元,matched,156230223,2019
2019,,230224,61.0679,,泰来县,亿元,matched,156230224,2019
2019,,230225,85.5216,,甘南县,亿元,matched,156230225,2019
2019,,230227,70.6058,,富裕县,亿元,matched,156230227,2019
2019,,230229,64.6201,,克山县,亿元,matched,156230229,2019
2019,,230230,51.7755,,克东县,亿元,matched,156230230,2019
2019,,230231,61.9839,,拜泉县,亿元,matched,156230231,2019
2019,,230281,116.629,,讷河市,亿元,matched,156230281,2019
2019,,230302,,,鸡冠区,亿元,no_data,156230302,2019
2019,,230303,,,恒山区,亿元,no_data,156230303,2019
2019,,230304,,,滴道区,亿元,no_data,156230304,2019
2019,,230305,,,梨树区,亿元,no_data,156230305,2019
2019,,230306,,,城子河区,亿元,no_data,156230306,2019
2019,,230307,,,麻山区,亿元,no_data,156230307,2019
2019,,230321,85.5553,,鸡东县,亿元,matched,156230321,2019
2019,,230381,154.3194,,虎林市,亿元,matched,156230381,2019
2019,,230382,137.506,,密山市,亿元,matched,156230382,2019
2019,,230402,,,向阳区,亿元,no_data,156230402,2019
2019,,230403,,,工农区,亿元,no_data,156230403,2019
2019,,230404,,,南山区,亿元,no_data,156230404,2019
2019,,230405,,,兴安区,亿元,no_data,156230405,2019
2019,,230406,,,东山区,亿元,no_data,156230406,2019
2019,,230407,,,兴山区,亿元,no_data,156230407,2019
2019,,230421,95.7865,,萝北县,亿元,matched,156230421,2019
2019,,230422,58.0917,,绥滨县,亿元,matched,156230422,2019
2019,,230502,,,尖山区,亿元,no_data,156230502,2019
2019,,230503,,,岭东区,亿元,no_data,156230503,2019
2019,,230505,,,四方台区,亿元,no_data,156230505,2019
2019,,230506,,,宝山区,亿元,no_data,156230506,2019
2019,,230521,69.1202,,集贤县,亿元,matched,156230521,2019
2019,,230522,39.8796,,友谊县,亿元,matched,156230522,2019
2019,,230523,118.4,,宝清县,亿元,matched,156230523,2019
2019,,230524,63.3557,,饶河县,亿元,matched,156230524,2019
2019,,230602,,,萨尔图区,亿元,no_data,156230602,2019
2019,,230603,,,龙凤区,亿元,no_data,156230603,2019
2019,,230604,,,让胡路区,亿元,no_data,156230604,2019
2019,,230605,,,红岗区,亿元,no_data,156230605,2019
2019,,230606,,,大同区,亿元,no_data,156230606,2019
2019,,230621,131.4996,,肇州县,亿元,matched,156230621,2019
2019,,230622,103.3885,,肇源县,亿元,matched,156230622,2019
2019,,230623,61.8347,,林甸县,亿元,matched,156230623,2019
2019,,230624,100.1238,,杜尔伯特蒙古族自治县,亿元,matched,156230624,2019
2019,,230717,,,伊美区,亿元,no_data,156230717,2019
2019,,230718,,,乌翠区,亿元,no_data,156230718,2019
2019,,230719,,,友好区,亿元,no_data,156230719,2019
2019,,230722,24.5731,,嘉荫县,亿元,matched,156230722,2019
2019,,230723,14.2268,,汤旺县,亿元,matched,156230723,2019
2019,,230724,22.5853,,丰林县,亿元,matched,156230724,2019
2019,,230725,16.1551,,大箐山县,亿元,matched,156230725,2019
2019,,230726,,,南岔县,亿元,matched,156230726,2019
2019,,230751,,,金林区,亿元,no_data,156230751,2019
2019,,230781,80.1586,,铁力市,亿元,matched,156230781,2019
2019,,230803,,,向阳区,亿元,no_data,156230803,2019
2019,,230804,,,前进区,亿元,no_data,156230804,2019
2019,,230805,,,东风区,亿元,no_data,156230805,2019
2019,,230811,,,郊区,亿元,no_data,156230811,2019
2019,,230822,108.5857,,桦南县,亿元,matched,156230822,2019
2019,,230826,63.8103,,桦川县,亿元,matched,156230826,2019
2019,,230828,65.2384,,汤原县,亿元,matched,156230828,2019
2019,,230881,104.0368,,同江市,亿元,matched,156230881,2019
2019,,230882,140.466,,富锦市,亿元,matched,156230882,2019
2019,,230883,75.8405,,抚远市,亿元,matched,156230883,2019
2019,,230902,,,新兴区,亿元,no_data,156230902,2019
2019,,230903,,,桃山区,亿元,no_data,156230903,2019
2019,,230904,,,茄子河区,亿元,no_data,156230904,2019
2019,,230921,53.8858,,勃利县,亿元,matched,156230921,2019
2019,,231002,,,东安区,亿元,no_data,156231002,2019
2019,,231003,,,阳明区,亿元,no_data,156231003,2019
2019,,231004,,,爱民区,亿元,no_data,156231004,2019
2019,,231005,,,西安区,亿元,no_data,156231005,2019
2019,,231025,68.7265,,林口县,亿元,matched,156231025,2019
2019,,231081,54.6068,,绥芬河市,亿元,matched,156231081,2019
2019,,231083,114.3597,,海林市,亿元,matched,156231083,2019
2019,,231084,113.1942,,宁安市,亿元,matched,156231084,2019
2019,,231085,118.9773,,穆棱市,亿元,matched,156231085,2019
2019,,231086,71.4556,,东宁市,亿元,matched,156231086,2019
2019,,231102,,,爱辉区,亿元,no_data,156231102,2019
2019,,231123,38.238,,逊克县,亿元,matched,156231123,2019
2019,,231124,21.889,,孙吴县,亿元,matched,156231124,2019
2019,,231181,120.4787,,北安市,亿元,matched,156231181,2019
2019,,231182,109.4763,,五大连池市,亿元,matched,156231182,2019
2019,,231183,,,嫩江市,亿元,no_data,156231183,2019
2019,,231202,,,北林区,亿元,no_data,156231202,2019
2019,,231221,70.8119,,望奎县,亿元,matched,156231221,2019
2019,,231222,71.534,,兰西县,亿元,matched,156231222,2019
2019,,231223,76.3637,,青冈县,亿元,matched,156231223,2019
2019,,231224,84.9102,,庆安县,亿元,matched,156231224,2019
2019,,231225,50.2695,,明水县,亿元,matched,156231225,2019
2019,,231226,50.8493,,绥棱县,亿元,matched,156231226,2019
2019,,231281,181.0299,,安达市,亿元,matched,156231281,2019
2019,,231282,209.3144,,肇东市,亿元,matched,156231282,2019
2019,,231283,120.0336,,海伦市,亿元,matched,156231283,2019
2019,,232701,32.8871,,漠河市,亿元,matched,156232701,2019
2019,,232721,16.6404,,呼玛县,亿元,matched,156232721,2019
2019,,232722,,,塔河县,亿元,no_data,156232722,2019
2019,,310101,,,黄浦区,亿元,no_data,156310101,2019
2019,,310104,,,徐汇区,亿元,no_data,156310104,2019
2019,,310105,,,长宁区,亿元,no_data,156310105,2019
2019,,310106,,,静安区,亿元,no_data,156310106,2019
2019,,310107,,,普陀区,亿元,no_data,156310107,2019
2019,,310109,,,虹口区,亿元,no_data,156310109,2019
2019,,310110,,,杨浦区,亿元,no_data,156310110,2019
2019,,310112,,,闵行区,亿元,no_data,156310112,2019
2019,,310113,,,宝山区,亿元,no_data,156310113,2019
2019,,310114,,,嘉定区,亿元,no_data,156310114,2019
2019,,310115,,,浦东新区,亿元,no_data,156310115,2019
2019,,310116,,,金山区,亿元,no_data,156310116,2019
2019,,310117,,,松江区,亿元,no_data,156310117,2019
2019,,310118,,,青浦区,亿元,no_data,156310118,2019
2019,,310120,,,奉贤区,亿元,no_data,156310120,2019
2019,,310151,,,崇明区,亿元,no_data,156310151,2019
2019,,320102,,,玄武区,亿元,no_data,156320102,2019
2019,,320104,,,秦淮区,亿元,no_data,156320104,2019
2019,,320105,,,建邺区,亿元,no_data,156320105,2019
2019,,320106,,,鼓楼区,亿元,no_data,156320106,2019
2019,,320111,1224.19,,浦口区,亿元,matched,156320111,2019
2019,,320113,,,栖霞区,亿元,no_data,156320113,2019
2019,,320114,,,雨花台区,亿元,no_data,156320114,2019
2019,,320115,2371.41,,江宁区,亿元,matched,156320115,2019
2019,,320116,1474.25,,六合区,亿元,matched,156320116,2019
2019,,320117,852.37,,溧水区,亿元,matched,156320117,2019
2019,,320118,476.77,,高淳区,亿元,matched,156320118,2019
2019,,320205,921.66,,锡山区,亿元,matched,156320205,2019
2019,,320206,,,惠山区,亿元,no_data,156320206,2019
2019,,320211,,,滨湖区,亿元,no_data,156320211,2019
2019,,320213,,,梁溪区,亿元,no_data,156320213,2019
2019,,320214,,,新吴区,亿元,no_data,156320214,2019
2019,,320281,4001.12,,江阴市,亿元,matched,156320281,2019
2019,,320282,1770.12,,宜兴市,亿元,matched,156320282,2019
2019,,320302,,,鼓楼区,亿元,no_data,156320302,2019
2019,,320303,,,云龙区,亿元,no_data,156320303,2019
2019,,320305,,,贾汪区,亿元,no_data,156320305,2019
2019,,320311,,,泉山区,亿元,no_data,156320311,2019
2019,,320312,1184.33,,铜山区,亿元,matched,156320312,2019
2019,,320321,468.23,,丰县,亿元,matched,156320321,2019
2019,,320322,777.96,,沛县,亿元,matched,156320322,2019
2019,,320324,612.67,,睢宁县,亿元,matched,156320324,2019
2019,,320381,686.4,,新沂市,亿元,matched,156320381,2019
2019,,320382,959.71,,邳州市,亿元,matched,156320382,2019
2019,,320402,,,天宁区,亿元,no_data,156320402,2019
2019,,320404,,,钟楼区,亿元,no_data,156320404,2019
2019,,320411,,,新北区,亿元,no_data,156320411,2019
2019,,320412,2483.42,,武进区,亿元,matched,156320412,2019
2019,,320413,908.58,,金坛区,亿元,matched,156320413,2019
2019,,320481,1010.54,,溧阳市,亿元,matched,156320481,2019
2019,,320505,,,虎丘区,亿元,no_data,156320505,2019
2019,,320506,1278.72,,吴中区,亿元,matched,156320506,2019
2019,,320507,,,相城区,亿元,no_data,156320507,2019
2019,,320508,,,姑苏区,亿元,no_data,156320508,2019
2019,,320509,1958.16,,吴江区,亿元,matched,156320509,2019
2019,,320581,2269.82,,常熟市,亿元,matched,156320581,2019
2019,,320582,2547.26,,张家港市,亿元,matched,156320582,2019
2019,,320583,4045.06,,昆山市,亿元,matched,156320583,2019
2019,,320585,1324.98,,太仓市,亿元,matched,156320585,2019
2019,,320612,1385.46,,通州区,亿元,matched,156320612,2019
2019,,320613,,,崇川区,亿元,no_data,156320613,2019
2019,,320614,,,海门区,亿元,no_data,156320614,2019
2019,,320623,1053.42,,如东县,亿元,matched,156320623,2019
2019,,320681,1157.55,,启东市,亿元,matched,156320681,2019
2019,,320682,1215.17,,如皋市,亿元,matched,156320682,2019
2019,,320685,1133.21,,海安市,亿元,matched,156320685,2019
2019,,320703,,,连云区,亿元,no_data,156320703,2019
2019,,320706,,,海州区,亿元,no_data,156320706,2019
2019,,320707,623.43,,赣榆区,亿元,matched,156320707,2019
2019,,320722,526.29,,东海县,亿元,matched,156320722,2019
2019,,320723,359.19,,灌云县,亿元,matched,156320723,2019
2019,,320724,381.65,,灌南县,亿元,matched,156320724,2019
2019,,320803,588.47,,淮安区,亿元,matched,156320803,2019
2019,,320804,525.21,,淮阴区,亿元,matched,156320804,2019
2019,,320812,,,清江浦区,亿元,no_data,156320812,2019
2019,,320813,329.99,,洪泽区,亿元,matched,156320813,2019
2019,,320826,532.27,,涟水县,亿元,matched,156320826,2019
2019,,320830,418.56,,盱眙县,亿元,matched,156320830,2019
2019,,320831,325.12,,金湖县,亿元,matched,156320831,2019
2019,,320902,,,亭湖区,亿元,no_data,156320902,2019
2019,,320903,587.99,,盐都区,亿元,matched,156320903,2019
2019,,320904,654.88,,大丰区,亿元,matched,156320904,2019
2019,,320921,385.78,,响水县,亿元,matched,156320921,2019
2019,,320922,492.33,,滨海县,亿元,matched,156320922,2019
2019,,320923,555.06,,阜宁县,亿元,matched,156320923,2019
2019,,320924,563.87,,射阳县,亿元,matched,156320924,2019
2019,,320925,565.96,,建湖县,亿元,matched,156320925,2019
2019,,320981,841.49,,东台市,亿元,matched,156320981,2019
2019,,321002,,,广陵区,亿元,no_data,156321002,2019
2019,,321003,995.09,,邗江区,亿元,matched,156321003,2019
2019,,321012,1091.66,,江都区,亿元,matched,156321012,2019
2019,,321023,732.91,,宝应县,亿元,matched,156321023,2019
2019,,321081,791.72,,仪征市,亿元,matched,156321081,2019
2019,,321084,818.73,,高邮市,亿元,matched,156321084,2019
2019,,321102,,,京口区,亿元,no_data,156321102,2019
2019,,321111,,,润州区,亿元,no_data,156321111,2019
2019,,321112,404.9,,丹徒区,亿元,matched,156321112,2019
2019,,321181,1122.0,,丹阳市,亿元,matched,156321181,2019
2019,,321182,487.84,,扬中市,亿元,matched,156321182,2019
2019,,321183,661.63,,句容市,亿元,matched,156321183,2019
2019,,321202,,,海陵区,亿元,no_data,156321202,2019
2019,,321203,,,高港区,亿元,no_data,156321203,2019
2019,,321204,669.72,,姜堰区,亿元,matched,156321204,2019
2019,,321281,871.82,,兴化市,亿元,matched,156321281,2019
2019,,321282,979.57,,靖江市,亿元,matched,156321282,2019
2019,,321283,1083.9,,泰兴市,亿元,matched,156321283,2019
2019,,321302,,,宿城区,亿元,no_data,156321302,2019
2019,,321311,315.0,,宿豫区,亿元,matched,156321311,2019
2019,,321322,950.17,,沭阳县,亿元,matched,156321322,2019
2019,,321323,501.44,,泗阳县,亿元,matched,156321323,2019
2019,,321324,495.45,,泗洪县,亿元,matched,156321324,2019
2019,,330102,,,上城区,亿元,no_data,156330102,2019
2019,,330105,,,拱墅区,亿元,no_data,156330105,2019
2019,,330106,,,西湖区,亿元,no_data,156330106,2019
2019,,330108,,,滨江区,亿元,no_data,156330108,2019
2019,,330109,2198.5106,,萧山区,亿元,matched,156330109,2019
2019,,330110,2824.022,,余杭区,亿元,matched,156330110,2019
2019,,330111,,,富阳区,亿元,no_data,156330111,2019
2019,,330112,,,临安区,亿元,no_data,156330112,2019
2019,,330113,,,临平区,亿元,no_data,156330113,2019
2019,,330114,,,钱塘区,亿元,no_data,156330114,2019
2019,,330122,386.385,,桐庐县,亿元,matched,156330122,2019
2019,,330127,254.4966,,淳安县,亿元,matched,156330127,2019
2019,,330182,,,建德市,亿元,no_data,156330182,2019
2019,,330203,,,海曙区,亿元,no_data,156330203,2019
2019,,330205,,,江北区,亿元,no_data,156330205,2019
2019,,330206,,,北仑区,亿元,no_data,156330206,2019
2019,,330211,,,镇海区,亿元,no_data,156330211,2019
2019,,330212,,,鄞州区,亿元,no_data,156330212,2019
2019,,330213,,,奉化区,亿元,no_data,156330213,2019
2019,,330225,,,象山县,亿元,no_data,156330225,2019
2019,,330226,,,宁海县,亿元,no_data,156330226,2019
2019,,330281,,,余姚市,亿元,no_data,156330281,2019
2019,,330282,,,慈溪市,亿元,no_data,156330282,2019
2019,,330302,,,鹿城区,亿元,no_data,156330302,2019
2019,,330303,,,龙湾区,亿元,no_data,156330303,2019
2019,,330304,,,瓯海区,亿元,no_data,156330304,2019
2019,,330305,107.8431,,洞头区,亿元,matched,156330305,2019
2019,,330324,444.5229,,永嘉县,亿元,matched,156330324,2019
2019,,330326,510.2936,,平阳县,亿元,matched,156330326,2019
2019,,330327,351.7044,,苍南县,亿元,matched,156330327,2019
2019,,330328,104.9093,,文成县,亿元,matched,156330328,2019
2019,,330329,110.5968,,泰顺县,亿元,matched,156330329,2019
2019,,330381,1003.9628,,瑞安市,亿元,matched,156330381,2019
2019,,330382,1209.929,,乐清市,亿元,matched,156330382,2019
2019,,330383,,,龙港市,亿元,matched,156330383,2019
2019,,330402,,,南湖区,亿元,no_data,156330402,2019
2019,,330411,,,秀洲区,亿元,no_data,156330411,2019
2019,,330421,626.8057,,嘉善县,亿元,matched,156330421,2019
2019,,330424,539.6515,,海盐县,亿元,matched,156330424,2019
2019,,330481,1026.5657,,海宁市,亿元,matched,156330481,2019
2019,,330482,765.7676,,平湖市,亿元,matched,156330482,2019
2019,,330483,968.1655,,桐乡市,亿元,matched,156330483,2019
2019,,330502,,,吴兴区,亿元,no_data,156330502,2019
2019,,330503,,,南浔区,亿元,no_data,156330503,2019
2019,,330521,537.0097,,德清县,亿元,matched,156330521,2019
2019,,330522,693.2756,,长兴县,亿元,matched,156330522,2019
2019,,330523,469.5871,,安吉县,亿元,matched,156330523,2019
2019,,330602,,,越城区,亿元,no_data,156330602,2019
2019,,330603,1504.266,,柯桥区,亿元,matched,156330603,2019
2019,,330604,978.1084,,上虞区,亿元,matched,156330604,2019
2019,,330624,451.4626,,新昌县,亿元,matched,156330624,2019
2019,,330681,1312.364,,诸暨市,亿元,matched,156330681,2019
2019,,330683,589.1476,,嵊州市,亿元,matched,156330683,2019
2019,,330702,,,婺城区,亿元,no_data,156330702,2019
2019,,330703,,,金东区,亿元,no_data,156330703,2019
2019,,330723,261.535,,武义县,亿元,matched,156330723,2019
2019,,330726,230.1635,,浦江县,亿元,matched,156330726,2019
2019,,330727,115.44,,磐安县,亿元,matched,156330727,2019
2019,,330781,385.6922,,兰溪市,亿元,matched,156330781,2019
2019,,330782,1421.1437,,义乌市,亿元,matched,156330782,2019
2019,,330783,638.452,,东阳市,亿元,matched,156330783,2019
2019,,330784,629.5621,,永康市,亿元,matched,156330784,2019
2019,,330802,,,柯城区,亿元,no_data,156330802,2019
2019,,330803,198.4745,,衢江区,亿元,matched,156330803,2019
2019,,330822,150.3682,,常山县,亿元,matched,156330822,2019
2019,,330824,146.8001,,开化县,亿元,matched,156330824,2019
2019,,330825,231.9458,,龙游县,亿元,matched,156330825,2019
2019,,330881,303.4087,,江山市,亿元,matched,156330881,2019
2019,,330902,,,定海区,亿元,no_data,156330902,2019
2019,,330903,,,普陀区,亿元,no_data,156330903,2019
2019,,330921,248.3031,,岱山县,亿元,matched,156330921,2019
2019,,330922,114.0341,,嵊泗县,亿元,matched,156330922,2019
2019,,331002,,,椒江区,亿元,no_data,156331002,2019
2019,,331003,,,黄岩区,亿元,no_data,156331003,2019
2019,,331004,,,路桥区,亿元,no_data,156331004,2019
2019,,331022,265.74,,三门县,亿元,matched,156331022,2019
2019,,331023,291.033,,天台县,亿元,matched,156331023,2019
2019,,331024,249.1986,,仙居县,亿元,matched,156331024,2019
2019,,331081,1105.1346,,温岭市,亿元,matched,156331081,2019
2019,,331082,711.9246,,临海市,亿元,matched,156331082,2019
2019,,331083,617.4999,,玉环市,亿元,matched,156331083,2019
2019,,331102,,,莲都区,亿元,no_data,156331102,2019
2019,,331121,243.481,,青田县,亿元,matched,156331121,2019
2019,,331122,232.0265,,缙云县,亿元,matched,156331122,2019
2019,,331123,124.656,,遂昌县,亿元,matched,156331123,2019
2019,,331124,115.5547,,松阳县,亿元,matched,156331124,2019
2019,,331125,82.9253,,云和县,亿元,matched,156331125,2019
2019,,331126,78.3822,,庆元县,亿元,matched,156331126,2019
2019,,331127,69.0036,,景宁畲族自治县,亿元,matched,156331127,2019
2019,,331181,142.55,,龙泉市,亿元,matched,156331181,2019
2019,,340102,,,瑶海区,亿元,no_data,156340102,2019
2019,,340103,,,庐阳区,亿元,no_data,156340103,2019
2019,,340104,,,蜀山区,亿元,no_data,156340104,2019
2019,,340111,,,包河区,亿元,no_data,156340111,2019
2019,,340121,601.4159,,长丰县,亿元,matched,156340121,2019
2019,,340122,655.685,,肥东县,亿元,matched,156340122,2019
2019,,340123,803.8646,,肥西县,亿元,matched,156340123,2019
2019,,340124,457.8248,,庐江县,亿元,matched,156340124,2019
2019,,340181,433.4322,,巢湖市,亿元,matched,156340181,2019
2019,,340202,,,镜湖区,亿元,no_data,156340202,2019
2019,,340207,,,鸠江区,亿元,no_data,156340207,2019
2019,,340209,,,弋江区,亿元,no_data,156340209,2019
2019,,340210,,,湾沚区,亿元,no_data,156340210,2019
2019,,340212,,,繁昌区,亿元,no_data,156340212,2019
2019,,340223,272.7406,,南陵县,亿元,matched,156340223,2019
2019,,340281,486.9985,,无为市,亿元,matched,156340281,2019
2019,,340302,,,龙子湖区,亿元,no_data,156340302,2019
2019,,340303,,,蚌山区,亿元,no_data,156340303,2019
2019,,340304,,,禹会区,亿元,no_data,156340304,2019
2019,,340311,,,淮上区,亿元,no_data,156340311,2019
2019,,340321,437.1924,,怀远县,亿元,matched,156340321,2019
2019,,340322,248.7856,,五河县,亿元,matched,156340322,2019
2019,,340323,297.4888,,固镇县,亿元,matched,156340323,2019
2019,,340402,,,大通区,亿元,no_data,156340402,2019
2019,,340403,,,田家庵区,亿元,no_data,156340403,2019
2019,,340404,,,谢家集区,亿元,no_data,156340404,2019
2019,,340405,,,八公山区,亿元,no_data,156340405,2019
2019,,340406,,,潘集区,亿元,no_data,156340406,2019
2019,,340421,299.2987,,凤台县,亿元,matched,156340421,2019
2019,,340422,212.7845,,寿县,亿元,matched,156340422,2019
2019,,340503,,,花山区,亿元,no_data,156340503,2019
2019,,340504,,,雨山区,亿元,no_data,156340504,2019
2019,,340506,,,博望区,亿元,no_data,156340506,2019
2019,,340521,445.2918,,当涂县,亿元,matched,156340521,2019
2019,,340522,195.3195,,含山县,亿元,matched,156340522,2019
2019,,340523,253.2166,,和县,亿元,matched,156340523,2019
2019,,340602,,,杜集区,亿元,no_data,156340602,2019
2019,,340603,,,相山区,亿元,no_data,156340603,2019
2019,,340604,,,烈山区,亿元,no_data,156340604,2019
2019,,340621,460.9881,,濉溪县,亿元,matched,156340621,2019
2019,,340705,,,铜官区,亿元,no_data,156340705,2019
2019,,340706,149.6045,,义安区,亿元,matched,156340706,2019
2019,,340711,,,郊区,亿元,no_data,156340711,2019
2019,,340722,158.5753,,枞阳县,亿元,matched,156340722,2019
2019,,340802,,,迎江区,亿元,no_data,156340802,2019
2019,,340803,,,大观区,亿元,no_data,156340803,2019
2019,,340811,,,宜秀区,亿元,no_data,156340811,2019
2019,,340822,300.2829,,怀宁县,亿元,matched,156340822,2019
2019,,340825,189.171,,太湖县,亿元,matched,156340825,2019
2019,,340826,233.1319,,宿松县,亿元,matched,156340826,2019
2019,,340827,185.0926,,望江县,亿元,matched,156340827,2019
2019,,340828,122.4036,,岳西县,亿元,matched,156340828,2019
2019,,340881,380.8693,,桐城市,亿元,matched,156340881,2019
2019,,340882,207.8673,,潜山市,亿元,matched,156340882,2019
2019,,341002,,,屯溪区,亿元,no_data,156341002,2019
2019,,341003,,,黄山区,亿元,no_data,156341003,2019
2019,,341004,,,徽州区,亿元,no_data,156341004,2019
2019,,341021,193.1069,,歙县,亿元,matched,156341021,2019
2019,,341022,109.6909,,休宁县,亿元,matched,156341022,2019
2019,,341023,42.7378,,黟县,亿元,matched,156341023,2019
2019,,341024,76.006,,祁门县,亿元,matched,156341024,2019
2019,,341102,,,琅琊区,亿元,no_data,156341102,2019
2019,,341103,,,南谯区,亿元,no_data,156341103,2019
2019,,341122,311.1826,,来安县,亿元,matched,156341122,2019
2019,,341124,267.4966,,全椒县,亿元,matched,156341124,2019
2019,,341125,310.9976,,定远县,亿元,matched,156341125,2019
2019,,341126,397.5463,,凤阳县,亿元,matched,156341126,2019
2019,,341181,524.1495,,天长市,亿元,matched,156341181,2019
2019,,341182,235.2672,,明光市,亿元,matched,156341182,2019
2019,,341202,,,颍州区,亿元,no_data,156341202,2019
2019,,341203,,,颍东区,亿元,no_data,156341203,2019
2019,,341204,,,颍泉区,亿元,no_data,156341204,2019
2019,,341221,369.7341,,临泉县,亿元,matched,156341221,2019
2019,,341222,454.4372,,太和县,亿元,matched,156341222,2019
2019,,341225,278.2,,阜南县,亿元,matched,156341225,2019
2019,,341226,411.7554,,颍上县,亿元,matched,156341226,2019
2019,,341282,342.8624,,界首市,亿元,matched,156341282,2019
2019,,341302,,,埇桥区,亿元,no_data,156341302,2019
2019,,341321,240.7673,,砀山县,亿元,matched,156341321,2019
2019,,341322,378.5974,,萧县,亿元,matched,156341322,2019
2019,,341323,282.1991,,灵璧县,亿元,matched,156341323,2019
2019,,341324,261.9676,,泗县,亿元,matched,156341324,2019
2019,,341502,,,金安区,亿元,no_data,156341502,2019
2019,,341503,,,裕安区,亿元,no_data,156341503,2019
2019,,341504,,,叶集区,亿元,no_data,156341504,2019
2019,,341522,217.7693,,霍邱县,亿元,matched,156341522,2019
2019,,341523,299.4362,,舒城县,亿元,matched,156341523,2019
2019,,341524,187.6628,,金寨县,亿元,matched,156341524,2019
2019,,341525,161.0786,,霍山县,亿元,matched,156341525,2019
2019,,341602,,,谯城区,亿元,no_data,156341602,2019
2019,,341621,362.6704,,涡阳县,亿元,matched,156341621,2019
2019,,341622,383.5578,,蒙城县,亿元,matched,156341622,2019
2019,,341623,324.5779,,利辛县,亿元,matched,156341623,2019
2019,,341702,,,贵池区,亿元,no_data,156341702,2019
2019,,341721,202.6784,,东至县,亿元,matched,156341721,2019
2019,,341722,27.9825,,石台县,亿元,matched,156341722,2019
2019,,341723,149.6655,,青阳县,亿元,matched,156341723,2019
2019,,341802,122.7815,,宣州区,亿元,matched,156341802,2019
2019,,341821,180.1005,,郎溪县,亿元,matched,156341821,2019
2019,,341823,126.2635,,泾县,亿元,matched,156341823,2019
2019,,341824,87.9326,,绩溪县,亿元,matched,156341824,2019
2019,,341825,52.5747,,旌德县,亿元,matched,156341825,2019
2019,,341881,367.3186,,宁国市,亿元,matched,156341881,2019
2019,,341882,321.2359,,广德市,亿元,matched,156341882,2019
2019,,350102,,,鼓楼区,亿元,no_data,156350102,2019
2019,,350103,,,台江区,亿元,no_data,156350103,2019
2019,,350104,,,仓山区,亿元,no_data,156350104,2019
2019,,350105,,,马尾区,亿元,no_data,156350105,2019
2019,,350111,,,晋安区,亿元,no_data,156350111,2019
2019,,350112,951.5158,,长乐区,亿元,matched,156350112,2019
2019,,350121,740.2151,,闽侯县,亿元,matched,156350121,2019
2019,,350122,591.5573,,连江县,亿元,matched,156350122,2019
2019,,350123,303.4011,,罗源县,亿元,matched,156350123,2019
2019,,350124,329.1659,,闽清县,亿元,matched,156350124,2019
2019,,350125,282.6168,,永泰县,亿元,matched,156350125,2019
2019,,350128,282.85,,平潭县,亿元,matched,156350128,2019
2019,,350181,1150.1499,,福清市,亿元,matched,156350181,2019
2019,,350203,,,思明区,亿元,no_data,156350203,2019
2019,,350205,,,海沧区,亿元,no_data,156350205,2019
2019,,350206,,,湖里区,亿元,no_data,156350206,2019
2019,,350211,,,集美区,亿元,no_data,156350211,2019
2019,,350212,,,同安区,亿元,no_data,156350212,2019
2019,,350213,,,翔安区,亿元,no_data,156350213,2019
2019,,350302,,,城厢区,亿元,no_data,156350302,2019
2019,,350303,,,涵江区,亿元,no_data,156350303,2019
2019,,350304,,,荔城区,亿元,no_data,156350304,2019
2019,,350305,,,秀屿区,亿元,no_data,156350305,2019
2019,,350322,533.5232,,仙游县,亿元,matched,156350322,2019
2019,,350404,,,三元区,亿元,no_data,156350404,2019
2019,,350405,,,沙县区,亿元,no_data,156350405,2019
2019,,350421,107.3379,,明溪县,亿元,matched,156350421,2019
2019,,350423,147.1784,,清流县,亿元,matched,156350423,2019
2019,,350424,195.1425,,宁化县,亿元,matched,156350424,2019
2019,,350425,217.8076,,大田县,亿元,matched,156350425,2019
2019,,350426,215.0516,,尤溪县,亿元,matched,156350426,2019
2019,,350428,157.9591,,将乐县,亿元,matched,156350428,2019
2019,,350429,99.5144,,泰宁县,亿元,matched,156350429,2019
2019,,350430,132.967,,建宁县,亿元,matched,156350430,2019
2019,,350481,431.6519,,永安市,亿元,matched,156350481,2019
2019,,350502,,,鲤城区,亿元,no_data,156350502,2019
2019,,350503,,,丰泽区,亿元,no_data,156350503,2019
2019,,350504,,,洛江区,亿元,no_data,156350504,2019
2019,,350505,,,泉港区,亿元,no_data,156350505,2019
2019,,350521,1318.1101,,惠安县,亿元,matched,156350521,2019
2019,,350524,731.4936,,安溪县,亿元,matched,156350524,2019
2019,,350525,484.0987,,永春县,亿元,matched,156350525,2019
2019,,350526,278.147,,德化县,亿元,matched,156350526,2019
2019,,350527,,,金门县,亿元,no_data,156350527,2019
2019,,350581,917.8433,,石狮市,亿元,matched,156350581,2019
2019,,350582,2546.183,,晋江市,亿元,matched,156350582,2019
2019,,350583,,,南安市,亿元,no_data,156350583,2019
2019,,350602,,,芗城区,亿元,no_data,156350602,2019
2019,,350603,,,龙文区,亿元,no_data,156350603,2019
2019,,350604,,,龙海区,亿元,no_data,156350604,2019
2019,,350605,,,长泰区,亿元,no_data,156350605,2019
2019,,350622,,,云霄县,亿元,no_data,156350622,2019
2019,,350623,,,漳浦县,亿元,no_data,156350623,2019
2019,,350624,,,诏安县,亿元,no_data,156350624,2019
2019,,350626,,,东山县,亿元,no_data,156350626,2019
2019,,350627,,,南靖县,亿元,no_data,156350627,2019
2019,,350628,,,平和县,亿元,no_data,156350628,2019
2019,,350629,,,华安县,亿元,no_data,156350629,2019
2019,,350702,,,延平区,亿元,no_data,156350702,2019
2019,,350703,248.517,,建阳区,亿元,matched,156350703,2019
2019,,350721,133.1753,,顺昌县,亿元,matched,156350721,2019
2019,,350722,166.6203,,浦城县,亿元,matched,156350722,2019
2019,,350723,114.5294,,光泽县,亿元,matched,156350723,2019
2019,,350724,81.5392,,松溪县,亿元,matched,156350724,2019
2019,,350725,98.2663,,政和县,亿元,matched,156350725,2019
2019,,350781,244.2513,,邵武市,亿元,matched,156350781,2019
2019,,350782,207.1161,,武夷山市,亿元,matched,156350782,2019
2019,,350783,291.7225,,建瓯市,亿元,matched,156350783,2019
2019,,350802,,,新罗区,亿元,no_data,156350802,2019
2019,,350803,267.0504,,永定区,亿元,matched,156350803,2019
2019,,350821,289.7495,,长汀县,亿元,matched,156350821,2019
2019,,350823,402.4642,,上杭县,亿元,matched,156350823,2019
2019,,350824,255.4853,,武平县,亿元,matched,156350824,2019
2019,,350825,258.6571,,连城县,亿元,matched,156350825,2019
2019,,350881,259.0538,,漳平市,亿元,matched,156350881,2019
2019,,350902,,,蕉城区,亿元,no_data,156350902,2019
2019,,350921,254.6093,,霞浦县,亿元,matched,156350921,2019
2019,,350922,196.799,,古田县,亿元,matched,156350922,2019
2019,,350923,89.4523,,屏南县,亿元,matched,156350923,2019
2019,,350924,100.5706,,寿宁县,亿元,matched,156350924,2019
2019,,350925,72.4356,,周宁县,亿元,matched,156350925,2019
2019,,350926,71.4191,,柘荣县,亿元,matched,156350926,2019
2019,,350981,569.0118,,福安市,亿元,matched,156350981,2019
2019,,350982,418.0361,,福鼎市,亿元,matched,156350982,2019
2019,,360102,,,东湖区,亿元,no_data,156360102,2019
2019,,360103,,,西湖区,亿元,no_data,156360103,2019
2019,,360104,,,青云谱区,亿元,no_data,156360104,2019
2019,,360111,,,青山湖区,亿元,no_data,156360111,2019
2019,,360112,1044.5981,,新建区,亿元,matched,156360112,2019
2019,,360113,,,红谷滩区,亿元,no_data,156360113,2019
2019,,360121,1769.5396,,南昌县,亿元,matched,156360121,2019
2019,,360123,83.6602,,安义县,亿元,matched,156360123,2019
2019,,360124,238.7285,,进贤县,亿元,matched,156360124,2019
2019,,360202,,,昌江区,亿元,no_data,156360202,2019
2019,,360203,,,珠山区,亿元,no_data,156360203,2019
2019,,360222,136.224,,浮梁县,亿元,matched,156360222,2019
2019,,360281,340.2119,,乐平市,亿元,matched,156360281,2019
2019,,360302,,,安源区,亿元,no_data,156360302,2019
2019,,360313,,,湘东区,亿元,no_data,156360313,2019
2019,,360321,60.6994,,莲花县,亿元,matched,156360321,2019
2019,,360322,163.3764,,上栗县,亿元,matched,156360322,2019
2019,,360323,108.6697,,芦溪县,亿元,matched,156360323,2019
2019,,360402,,,濂溪区,亿元,no_data,156360402,2019
2019,,360403,,,浔阳区,亿元,no_data,156360403,2019
2019,,360404,170.0274,,柴桑区,亿元,matched,156360404,2019
2019,,360423,168.2167,,武宁县,亿元,matched,156360423,2019
2019,,360424,247.0033,,修水县,亿元,matched,156360424,2019
2019,,360425,242.7512,,永修县,亿元,matched,156360425,2019
2019,,360426,143.3507,,德安县,亿元,matched,156360426,2019
2019,,360428,208.7359,,都昌县,亿元,matched,156360428,2019
2019,,360429,235.1662,,湖口县,亿元,matched,156360429,2019
2019,,360430,167.6435,,彭泽县,亿元,matched,156360430,2019
2019,,360481,257.7831,,瑞昌市,亿元,matched,156360481,2019
2019,,360482,147.4495,,共青城市,亿元,matched,156360482,2019
2019,,360483,138.5276,,庐山市,亿元,matched,156360483,2019
2019,,360502,,,渝水区,亿元,no_data,156360502,2019
2019,,360521,178.3339,,分宜县,亿元,matched,156360521,2019
2019,,360602,,,月湖区,亿元,no_data,156360602,2019
2019,,360603,151.8643,,余江区,亿元,matched,156360603,2019
2019,,360681,490.6358,,贵溪市,亿元,matched,156360681,2019
2019,,360702,,,章贡区,亿元,no_data,156360702,2019
2019,,360703,338.5597,,南康区,亿元,matched,156360703,2019
2019,,360704,,,赣县区,亿元,no_data,156360704,2019
2019,,360722,234.91,,信丰县,亿元,matched,156360722,2019
2019,,360723,105.5729,,大余县,亿元,matched,156360723,2019
2019,,360724,88.3456,,上犹县,亿元,matched,156360724,2019
2019,,360725,84.5693,,崇义县,亿元,matched,156360725,2019
2019,,360726,87.7799,,安远县,亿元,matched,156360726,2019
2019,,360728,82.5266,,定南县,亿元,matched,156360728,2019
2019,,360729,81.8769,,全南县,亿元,matched,156360729,2019
2019,,360730,209.141,,宁都县,亿元,matched,156360730,2019
2019,,360731,266.2332,,于都县,亿元,matched,156360731,2019
2019,,360732,191.5773,,兴国县,亿元,matched,156360732,2019
2019,,360733,128.5611,,会昌县,亿元,matched,156360733,2019
2019,,360734,97.5734,,寻乌县,亿元,matched,156360734,2019
2019,,360735,80.0708,,石城县,亿元,matched,156360735,2019
2019,,360781,165.9203,,瑞金市,亿元,matched,156360781,2019
2019,,360783,164.0711,,龙南市,亿元,matched,156360783,2019
2019,,360802,,,吉州区,亿元,no_data,156360802,2019
2019,,360803,,,青原区,亿元,no_data,156360803,2019
2019,,360821,199.7927,,吉安县,亿元,matched,156360821,2019
2019,,360822,174.5957,,吉水县,亿元,matched,156360822,2019
2019,,360823,74.629,,峡江县,亿元,matched,156360823,2019
2019,,360824,167.05,,新干县,亿元,matched,156360824,2019
2019,,360825,181.8149,,永丰县,亿元,matched,156360825,2019
2019,,360826,198.753,,泰和县,亿元,matched,156360826,2019
2019,,360827,164.5187,,遂川县,亿元,matched,156360827,2019
2019,,360828,88.5849,,万安县,亿元,matched,156360828,2019
2019,,360829,156.1615,,安福县,亿元,matched,156360829,2019
2019,,360830,109.0753,,永新县,亿元,matched,156360830,2019
2019,,360881,67.8597,,井冈山市,亿元,matched,156360881,2019
2019,,360902,,,袁州区,亿元,no_data,156360902,2019
2019,,360921,185.5402,,奉新县,亿元,matched,156360921,2019
2019,,360922,203.2694,,万载县,亿元,matched,156360922,2019
2019,,360923,219.5636,,上高县,亿元,matched,156360923,2019
2019,,360924,148.5913,,宜丰县,亿元,matched,156360924,2019
2019,,360925,64.254,,靖安县,亿元,matched,156360925,2019
2019,,360926,55.2319,,铜鼓县,亿元,matched,156360926,2019
2019,,360981,517.5738,,丰城市,亿元,matched,156360981,2019
2019,,360982,408.5869,,樟树市,亿元,matched,156360982,2019
2019,,360983,448.7829,,高安市,亿元,matched,156360983,2019
2019,,361002,,,临川区,亿元,no_data,156361002,2019
2019,,361003,176.2292,,东乡区,亿元,matched,156361003,2019
2019,,361021,148.3916,,南城县,亿元,matched,156361021,2019
2019,,361022,82.0251,,黎川县,亿元,matched,156361022,2019
2019,,361023,137.876,,南丰县,亿元,matched,156361023,2019
2019,,361024,128.5656,,崇仁县,亿元,matched,156361024,2019
2019,,361025,71.4906,,乐安县,亿元,matched,156361025,2019
2019,,361026,82.1324,,宜黄县,亿元,matched,156361026,2019
2019,,361027,93.3302,,金溪县,亿元,matched,156361027,2019
2019,,361028,43.2125,,资溪县,亿元,matched,156361028,2019
2019,,361030,78.0986,,广昌县,亿元,matched,156361030,2019
2019,,361102,,,信州区,亿元,no_data,156361102,2019
2019,,361103,438.3766,,广丰区,亿元,matched,156361103,2019
2019,,361104,,,广信区,亿元,no_data,156361104,2019
2019,,361123,216.2833,,玉山县,亿元,matched,156361123,2019
2019,,361124,152.9346,,铅山县,亿元,matched,156361124,2019
2019,,361125,77.4843,,横峰县,亿元,matched,156361125,2019
2019,,361126,121.8742,,弋阳县,亿元,matched,156361126,2019
2019,,361127,198.6348,,余干县,亿元,matched,156361127,2019
2019,,361128,243.601,,鄱阳县,亿元,matched,156361128,2019
2019,,361129,165.5549,,万年县,亿元,matched,156361129,2019
2019,,361130,131.5044,,婺源县,亿元,matched,156361130,2019
2019,,361181,154.6612,,德兴市,亿元,matched,156361181,2019
2019,,370102,,,历下区,亿元,no_data,156370102,2019
2019,,370103,,,市中区,亿元,no_data,156370103,2019
2019,,370104,,,槐荫区,亿元,no_data,156370104,2019
2019,,370105,,,天桥区,亿元,no_data,156370105,2019
2019,,370112,,,历城区,亿元,no_data,156370112,2019
2019,,370113,317.9399,,长清区,亿元,matched,156370113,2019
2019,,370114,911.0255,,章丘区,亿元,matched,156370114,2019
2019,,370115,,,济阳区,亿元,matched,156370115,2019
2019,,370116,,,莱芜区,亿元,no_data,156370116,2019
2019,,370117,,,钢城区,亿元,no_data,156370117,2019
2019,,370124,223.1664,,平阴县,亿元,matched,156370124,2019
2019,,370126,162.98,,商河县,亿元,matched,156370126,2019
2019,,370202,,,市南区,亿元,no_data,156370202,2019
2019,,370203,,,市北区,亿元,no_data,156370203,2019
2019,,370211,,,黄岛区,亿元,no_data,156370211,2019
2019,,370212,,,崂山区,亿元,no_data,156370212,2019
2019,,370213,,,李沧区,亿元,no_data,156370213,2019
2019,,370214,,,城阳区,亿元,no_data,156370214,2019
2019,,370215,1201.05,,即墨区,亿元,matched,156370215,2019
2019,,370281,1147.59,,胶州市,亿元,matched,156370281,2019
2019,,370283,684.67,,平度市,亿元,matched,156370283,2019
2019,,370285,526.35,,莱西市,亿元,matched,156370285,2019
2019,,370302,,,淄川区,亿元,no_data,156370302,2019
2019,,370303,,,张店区,亿元,no_data,156370303,2019
2019,,370304,,,博山区,亿元,no_data,156370304,2019
2019,,370305,,,临淄区,亿元,no_data,156370305,2019
2019,,370306,,,周村区,亿元,no_data,156370306,2019
2019,,370321,611.519,,桓台县,亿元,matched,156370321,2019
2019,,370322,176.3725,,高青县,亿元,matched,156370322,2019
2019,,370323,260.2797,,沂源县,亿元,matched,156370323,2019
2019,,370402,,,市中区,亿元,no_data,156370402,2019
2019,,370403,,,薛城区,亿元,no_data,156370403,2019
2019,,370404,,,峄城区,亿元,no_data,156370404,2019
2019,,370405,,,台儿庄区,亿元,no_data,156370405,2019
2019,,370406,,,山亭区,亿元,no_data,156370406,2019
2019,,370481,748.35,,滕州市,亿元,matched,156370481,2019
2019,,370502,,,东营区,亿元,no_data,156370502,2019
2019,,370503,,,河口区,亿元,no_data,156370503,2019
2019,,370505,265.0282,,垦利区,亿元,matched,156370505,2019
2019,,370522,221.4581,,利津县,亿元,matched,156370522,2019
2019,,370523,589.2214,,广饶县,亿元,matched,156370523,2019
2019,,370602,,,芝罘区,亿元,no_data,156370602,2019
2019,,370611,,,福山区,亿元,no_data,156370611,2019
2019,,370612,,,牟平区,亿元,no_data,156370612,2019
2019,,370613,,,莱山区,亿元,no_data,156370613,2019
2019,,370614,,,蓬莱区,亿元,no_data,156370614,2019
2019,,370681,1074.8132,,龙口市,亿元,matched,156370681,2019
2019,,370682,438.4124,,莱阳市,亿元,matched,156370682,2019
2019,,370683,663.6682,,莱州市,亿元,matched,156370683,2019
2019,,370685,682.1576,,招远市,亿元,matched,156370685,2019
2019,,370686,297.3547,,栖霞市,亿元,matched,156370686,2019
2019,,370687,434.8281,,海阳市,亿元,matched,156370687,2019
2019,,370702,,,潍城区,亿元,no_data,156370702,2019
2019,,370703,,,寒亭区,亿元,no_data,156370703,2019
2019,,370704,,,坊子区,亿元,no_data,156370704,2019
2019,,370705,,,奎文区,亿元,no_data,156370705,2019
2019,,370724,308.04,,临朐县,亿元,matched,156370724,2019
2019,,370725,315.6,,昌乐县,亿元,matched,156370725,2019
2019,,370781,549.3178,,青州市,亿元,matched,156370781,2019
2019,,370782,636.7505,,诸城市,亿元,matched,156370782,2019
2019,,370783,768.11,,寿光市,亿元,matched,156370783,2019
2019,,370784,319.14,,安丘市,亿元,matched,156370784,2019
2019,,370785,500.1,,高密市,亿元,matched,156370785,2019
2019,,370786,444.06,,昌邑市,亿元,matched,156370786,2019
2019,,370811,,,任城区,亿元,no_data,156370811,2019
2019,,370812,648.32,,兖州区,亿元,matched,156370812,2019
2019,,370826,379.7167,,微山县,亿元,matched,156370826,2019
2019,,370827,177.78,,鱼台县,亿元,matched,156370827,2019
2019,,370828,209.17,,金乡县,亿元,matched,156370828,2019
2019,,370829,278.56,,嘉祥县,亿元,matched,156370829,2019
2019,,370830,216.21,,汶上县,亿元,matched,156370830,2019
2019,,370831,176.67,,泗水县,亿元,matched,156370831,2019
2019,,370832,231.54,,梁山县,亿元,matched,156370832,2019
2019,,370881,355.06,,曲阜市,亿元,matched,156370881,2019
2019,,370883,807.64,,邹城市,亿元,matched,156370883,2019
2019,,370902,,,泰山区,亿元,no_data,156370902,2019
2019,,370911,,,岱岳区,亿元,no_data,156370911,2019
2019,,370921,245.19,,宁阳县,亿元,matched,156370921,2019
2019,,370923,207.37,,东平县,亿元,matched,156370923,2019
2019,,370982,500.8,,新泰市,亿元,matched,156370982,2019
2019,,370983,690.28,,肥城市,亿元,matched,156370983,2019
2019,,371002,,,环翠区,亿元,no_data,156371002,2019
2019,,371003,544.47,,文登区,亿元,matched,156371003,2019
2019,,371082,930.79,,荣成市,亿元,matched,156371082,2019
2019,,371083,277.36,,乳山市,亿元,matched,156371083,2019
2019,,371102,,,东港区,亿元,no_data,156371102,2019
2019,,371103,,,岚山区,亿元,no_data,156371103,2019
2019,,371121,194.13,,五莲县,亿元,matched,156371121,2019
2019,,371122,374.25,,莒县,亿元,matched,156371122,2019
2019,,371302,,,兰山区,亿元,no_data,156371302,2019
2019,,371311,,,罗庄区,亿元,no_data,156371311,2019
2019,,371312,,,河东区,亿元,no_data,156371312,2019
2019,,371321,220.56,,沂南县,亿元,matched,156371321,2019
2019,,371322,306.45,,郯城县,亿元,matched,156371322,2019
2019,,371323,423.11,,沂水县,亿元,matched,156371323,2019
2019,,371324,260.53,,兰陵县,亿元,matched,156371324,2019
2019,,371325,390.7,,费县,亿元,matched,156371325,2019
2019,,371326,230.78,,平邑县,亿元,matched,156371326,2019
2019,,371327,287.63,,莒南县,亿元,matched,156371327,2019
2019,,371328,167.25,,蒙阴县,亿元,matched,156371328,2019
2019,,371329,197.06,,临沭县,亿元,matched,156371329,2019
2019,,371402,,,德城区,亿元,no_data,156371402,2019
2019,,371403,233.09,,陵城区,亿元,matched,156371403,2019
2019,,371422,235.52,,宁津县,亿元,matched,156371422,2019
2019,,371423,162.81,,庆云县,亿元,matched,156371423,2019
2019,,371424,271.04,,临邑县,亿元,matched,156371424,2019
2019,,371425,336.8345,,齐河县,亿元,matched,156371425,2019
2019,,371426,233.52,,平原县,亿元,matched,156371426,2019
2019,,371427,195.92,,夏津县,亿元,matched,156371427,2019
2019,,371428,177.13,,武城县,亿元,matched,156371428,2019
2019,,371481,237.25,,乐陵市,亿元,matched,156371481,2019
2019,,371482,242.3,,禹城市,亿元,matched,156371482,2019
2019,,371502,,,东昌府区,亿元,no_data,156371502,2019
2019,,371503,,,茌平区,亿元,matched,156371503,2019
2019,,371521,270.1,,阳谷县,亿元,matched,156371521,2019
2019,,371522,213.21,,莘县,亿元,matched,156371522,2019
2019,,371524,166.84,,东阿县,亿元,matched,156371524,2019
2019,,371525,205.88,,冠县,亿元,matched,156371525,2019
2019,,371526,146.42,,高唐县,亿元,matched,156371526,2019
2019,,371581,233.25,,临清市,亿元,matched,156371581,2019
2019,,371602,,,滨城区,亿元,no_data,156371602,2019
2019,,371603,158.1049,,沾化区,亿元,matched,156371603,2019
2019,,371621,190.0883,,惠民县,亿元,matched,156371621,2019
2019,,371622,219.2249,,阳信县,亿元,matched,156371622,2019
2019,,371623,326.7545,,无棣县,亿元,matched,156371623,2019
2019,,371625,366.8067,,博兴县,亿元,matched,156371625,2019
2019,,371681,554.26,,邹平市,亿元,matched,156371681,2019
2019,,371702,,,牡丹区,亿元,no_data,156371702,2019
2019,,371703,206.5615,,定陶区,亿元,matched,156371703,2019
2019,,371721,454.6104,,曹县,亿元,matched,156371721,2019
2019,,371722,333.6165,,单县,亿元,matched,156371722,2019
2019,,371723,147.6712,,成武县,亿元,matched,156371723,2019
2019,,371724,346.5884,,巨野县,亿元,matched,156371724,2019
2019,,371725,435.2507,,郓城县,亿元,matched,156371725,2019
2019,,371726,186.2924,,鄄城县,亿元,matched,156371726,2019
2019,,371728,417.0476,,东明县,亿元,matched,156371728,2019
2019,,410102,,,中原区,亿元,no_data,156410102,2019
2019,,410103,,,二七区,亿元,no_data,156410103,2019
2019,,410104,,,管城回族区,亿元,no_data,156410104,2019
2019,,410105,,,金水区,亿元,no_data,156410105,2019
2019,,410106,,,上街区,亿元,no_data,156410106,2019
2019,,410108,,,惠济区,亿元,no_data,156410108,2019
2019,,410122,428.9098,,中牟县,亿元,matched,156410122,2019
2019,,410181,801.2066,,巩义市,亿元,matched,156410181,2019
2019,,410182,535.5188,,荥阳市,亿元,matched,156410182,2019
2019,,410183,683.0996,,新密市,亿元,matched,156410183,2019
2019,,410184,1273.6634,,新郑市,亿元,matched,156410184,2019
2019,,410185,448.0592,,登封市,亿元,matched,156410185,2019
2019,,410202,,,龙亭区,亿元,no_data,156410202,2019
2019,,410203,,,顺河回族区,亿元,no_data,156410203,2019
2019,,410204,,,鼓楼区,亿元,no_data,156410204,2019
2019,,410205,,,禹王台区,亿元,no_data,156410205,2019
2019,,410212,269.0359,,祥符区,亿元,matched,156410212,2019
2019,,410221,356.21,,杞县,亿元,matched,156410221,2019
2019,,410222,286.38,,通许县,亿元,matched,156410222,2019
2019,,410223,436.98,,尉氏县,亿元,matched,156410223,2019
2019,,410225,389.8655,,兰考县,亿元,matched,156410225,2019
2019,,410302,,,老城区,亿元,no_data,156410302,2019
2019,,410303,,,西工区,亿元,no_data,156410303,2019
2019,,410304,,,瀍河回族区,亿元,no_data,156410304,2019
2019,,410305,,,涧西区,亿元,no_data,156410305,2019
2019,,410307,,,偃师区,亿元,no_data,156410307,2019
2019,,410308,,,孟津区,亿元,no_data,156410308,2019
2019,,410311,,,洛龙区,亿元,no_data,156410311,2019
2019,,410323,501.8906,,新安县,亿元,matched,156410323,2019
2019,,410324,267.5506,,栾川县,亿元,matched,156410324,2019
2019,,410325,198.371,,嵩县,亿元,matched,156410325,2019
2019,,410326,180.4865,,汝阳县,亿元,matched,156410326,2019
2019,,410327,306.164,,宜阳县,亿元,matched,156410327,2019
2019,,410328,205.1061,,洛宁县,亿元,matched,156410328,2019
2019,,410329,419.5538,,伊川县,亿元,matched,156410329,2019
2019,,410402,,,新华区,亿元,no_data,156410402,2019
2019,,410403,,,卫东区,亿元,no_data,156410403,2019
2019,,410404,,,石龙区,亿元,no_data,156410404,2019
2019,,410411,,,湛河区,亿元,no_data,156410411,2019
2019,,410421,324.0763,,宝丰县,亿元,matched,156410421,2019
2019,,410422,207.0249,,叶县,亿元,matched,156410422,2019
2019,,410423,160.6344,,鲁山县,亿元,matched,156410423,2019
2019,,410425,173.8272,,郏县,亿元,matched,156410425,2019
2019,,410481,136.0739,,舞钢市,亿元,matched,156410481,2019
2019,,410482,475.7299,,汝州市,亿元,matched,156410482,2019
2019,,410502,,,文峰区,亿元,no_data,156410502,2019
2019,,410503,,,北关区,亿元,no_data,156410503,2019
2019,,410505,,,殷都区,亿元,no_data,156410505,2019
2019,,410506,,,龙安区,亿元,no_data,156410506,2019
2019,,410522,92.0465,,安阳县,亿元,matched,156410522,2019
2019,,410523,162.4934,,汤阴县,亿元,matched,156410523,2019
2019,,410526,372.6026,,滑县,亿元,matched,156410526,2019
2019,,410527,168.0693,,内黄县,亿元,matched,156410527,2019
2019,,410581,535.8747,,林州市,亿元,matched,156410581,2019
2019,,410602,,,鹤山区,亿元,no_data,156410602,2019
2019,,410603,,,山城区,亿元,no_data,156410603,2019
2019,,410611,,,淇滨区,亿元,no_data,156410611,2019
2019,,410621,286.6976,,浚县,亿元,matched,156410621,2019
2019,,410622,244.8586,,淇县,亿元,matched,156410622,2019
2019,,410702,,,红旗区,亿元,no_data,156410702,2019
2019,,410703,,,卫滨区,亿元,no_data,156410703,2019
2019,,410704,,,凤泉区,亿元,no_data,156410704,2019
2019,,410711,,,牧野区,亿元,no_data,156410711,2019
2019,,410721,211.267,,新乡县,亿元,matched,156410721,2019
2019,,410724,153.4813,,获嘉县,亿元,matched,156410724,2019
2019,,410725,232.0256,,原阳县,亿元,matched,156410725,2019
2019,,410726,147.5142,,延津县,亿元,matched,156410726,2019
2019,,410727,233.03,,封丘县,亿元,matched,156410727,2019
2019,,410781,170.6278,,卫辉市,亿元,matched,156410781,2019
2019,,410782,338.8128,,辉县市,亿元,matched,156410782,2019
2019,,410783,469.3208,,长垣市,亿元,matched,156410783,2019
2019,,410802,,,解放区,亿元,no_data,156410802,2019
2019,,410803,,,中站区,亿元,no_data,156410803,2019
2019,,410804,,,马村区,亿元,no_data,156410804,2019
2019,,410811,,,山阳区,亿元,no_data,156410811,2019
2019,,410821,150.6531,,修武县,亿元,matched,156410821,2019
2019,,410822,293.0,,博爱县,亿元,matched,156410822,2019
2019,,410823,463.2613,,武陟县,亿元,matched,156410823,2019
2019,,410825,290.9553,,温县,亿元,matched,156410825,2019
2019,,410882,447.277,,沁阳市,亿元,matched,156410882,2019
2019,,410883,373.4721,,孟州市,亿元,matched,156410883,2019
2019,,410902,,,华龙区,亿元,no_data,156410902,2019
2019,,410922,195.7888,,清丰县,亿元,matched,156410922,2019
2019,,410923,168.956,,南乐县,亿元,matched,156410923,2019
2019,,410926,213.64,,范县,亿元,matched,156410926,2019
2019,,410927,115.688,,台前县,亿元,matched,156410927,2019
2019,,410928,263.8518,,濮阳县,亿元,matched,156410928,2019
2019,,411002,,,魏都区,亿元,no_data,156411002,2019
2019,,411003,546.6492,,建安区,亿元,matched,156411003,2019
2019,,411024,370.2745,,鄢陵县,亿元,matched,156411024,2019
2019,,411025,452.4911,,襄城县,亿元,matched,156411025,2019
2019,,411081,833.205,,禹州市,亿元,matched,156411081,2019
2019,,411082,776.1178,,长葛市,亿元,matched,156411082,2019
2019,,411102,,,源汇区,亿元,no_data,156411102,2019
2019,,411103,271.4801,,郾城区,亿元,matched,156411103,2019
2019,,411104,,,召陵区,亿元,no_data,156411104,2019
2019,,411121,253.4637,,舞阳县,亿元,matched,156411121,2019
2019,,411122,351.6309,,临颍县,亿元,matched,156411122,2019
2019,,411202,,,湖滨区,亿元,no_data,156411202,2019
2019,,411203,243.3587,,陕州区,亿元,matched,156411203,2019
2019,,411221,218.9865,,渑池县,亿元,matched,156411221,2019
2019,,411224,115.645,,卢氏县,亿元,matched,156411224,2019
2019,,411281,140.9935,,义马市,亿元,matched,156411281,2019
2019,,411282,436.54,,灵宝市,亿元,matched,156411282,2019
2019,,411302,,,宛城区,亿元,no_data,156411302,2019
2019,,411303,,,卧龙区,亿元,no_data,156411303,2019
2019,,411321,169.4077,,南召县,亿元,matched,156411321,2019
2019,,411322,252.4754,,方城县,亿元,matched,156411322,2019
2019,,411323,251.1545,,西峡县,亿元,matched,156411323,2019
2019,,411324,256.9266,,镇平县,亿元,matched,156411324,2019
2019,,411325,245.3853,,内乡县,亿元,matched,156411325,2019
2019,,411326,233.3711,,淅川县,亿元,matched,156411326,2019
2019,,411327,172.4965,,社旗县,亿元,matched,156411327,2019
2019,,411328,360.6411,,唐河县,亿元,matched,156411328,2019
2019,,411329,263.3779,,新野县,亿元,matched,156411329,2019
2019,,411330,178.5834,,桐柏县,亿元,matched,156411330,2019
2019,,411381,450.0418,,邓州市,亿元,matched,156411381,2019
2019,,411402,,,梁园区,亿元,no_data,156411402,2019
2019,,411403,,,睢阳区,亿元,no_data,156411403,2019
2019,,411421,323.9858,,民权县,亿元,matched,156411421,2019
2019,,411422,222.8801,,睢县,亿元,matched,156411422,2019
2019,,411423,181.7118,,宁陵县,亿元,matched,156411423,2019
2019,,411424,271.874,,柘城县,亿元,matched,156411424,2019
2019,,411425,338.3824,,虞城县,亿元,matched,156411425,2019
2019,,411426,317.7746,,夏邑县,亿元,matched,156411426,2019
2019,,411481,615.79,,永城市,亿元,matched,156411481,2019
2019,,411502,,,浉河区,亿元,no_data,156411502,2019
2019,,411503,,,平桥区,亿元,no_data,156411503,2019
2019,,411521,,,罗山县,亿元,no_data,156411521,2019
2019,,411522,,,光山县,亿元,no_data,156411522,2019
2019,,411523,,,新县,亿元,no_data,156411523,2019
2019,,411524,,,商城县,亿元,no_data,156411524,2019
2019,,411525,,,固始县,亿元,no_data,156411525,2019
2019,,411526,,,潢川县,亿元,no_data,156411526,2019
2019,,411527,,,淮滨县,亿元,no_data,156411527,2019
2019,,411528,,,息县,亿元,no_data,156411528,2019
2019,,411602,,,川汇区,亿元,no_data,156411602,2019
2019,,411603,,,淮阳区,亿元,matched,156411603,2019
2019,,411621,225.5048,,扶沟县,亿元,matched,156411621,2019
2019,,411622,279.4686,,西华县,亿元,matched,156411622,2019
2019,,411623,300.5347,,商水县,亿元,matched,156411623,2019
2019,,411624,332.0405,,沈丘县,亿元,matched,156411624,2019
2019,,411625,327.8366,,郸城县,亿元,matched,156411625,2019
2019,,411627,372.7059,,太康县,亿元,matched,156411627,2019
2019,,411628,329.91,,鹿邑县,亿元,matched,156411628,2019
2019,,411681,374.1814,,项城市,亿元,matched,156411681,2019
2019,,411702,,,驿城区,亿元,no_data,156411702,2019
2019,,411721,240.2108,,西平县,亿元,matched,156411721,2019
2019,,411722,260.7583,,上蔡县,亿元,matched,156411722,2019
2019,,411723,254.6035,,平舆县,亿元,matched,156411723,2019
2019,,411724,242.4023,,正阳县,亿元,matched,156411724,2019
2019,,411725,182.8549,,确山县,亿元,matched,156411725,2019
2019,,411726,285.7618,,泌阳县,亿元,matched,156411726,2019
2019,,411727,243.3,,汝南县,亿元,matched,156411727,2019
2019,,411728,226.4156,,遂平县,亿元,matched,156411728,2019
2019,,411729,272.25,,新蔡县,亿元,matched,156411729,2019
2019,,419001,686.9569,,济源市,亿元,matched,156419001,2019
2019,,420102,,,江岸区,亿元,no_data,156420102,2019
2019,,420103,,,江汉区,亿元,no_data,156420103,2019
2019,,420104,,,硚口区,亿元,no_data,156420104,2019
2019,,420105,,,汉阳区,亿元,no_data,156420105,2019
2019,,420106,,,武昌区,亿元,no_data,156420106,2019
2019,,420107,,,青山区,亿元,no_data,156420107,2019
2019,,420111,,,洪山区,亿元,no_data,156420111,2019
2019,,420112,,,东西湖区,亿元,no_data,156420112,2019
2019,,420113,,,汉南区,亿元,no_data,156420113,2019
2019,,420114,,,蔡甸区,亿元,no_data,156420114,2019
2019,,420115,,,江夏区,亿元,no_data,156420115,2019
2019,,420116,,,黄陂区,亿元,no_data,156420116,2019
2019,,420117,,,新洲区,亿元,no_data,156420117,2019
2019,,420202,,,黄石港区,亿元,no_data,156420202,2019
2019,,420203,,,西塞山区,亿元,no_data,156420203,2019
2019,,420204,,,下陆区,亿元,no_data,156420204,2019
2019,,420205,,,铁山区,亿元,no_data,156420205,2019
2019,,420222,290.43,,阳新县,亿元,matched,156420222,2019
2019,,420281,680.69,,大冶市,亿元,matched,156420281,2019
2019,,420302,,,茅箭区,亿元,no_data,156420302,2019
2019,,420303,,,张湾区,亿元,no_data,156420303,2019
2019,,420304,166.8572,,郧阳区,亿元,matched,156420304,2019
2019,,420322,92.5532,,郧西县,亿元,matched,156420322,2019
2019,,420323,115.2801,,竹山县,亿元,matched,156420323,2019
2019,,420324,84.5431,,竹溪县,亿元,matched,156420324,2019
2019,,420325,119.563,,房县,亿元,matched,156420325,2019
2019,,420381,290.6112,,丹江口市,亿元,matched,156420381,2019
2019,,420502,,,西陵区,亿元,no_data,156420502,2019
2019,,420503,,,伍家岗区,亿元,no_data,156420503,2019
2019,,420504,,,点军区,亿元,no_data,156420504,2019
2019,,420505,,,猇亭区,亿元,no_data,156420505,2019
2019,,420506,541.6731,,夷陵区,亿元,matched,156420506,2019
2019,,420525,181.791,,远安县,亿元,matched,156420525,2019
2019,,420526,130.5847,,兴山县,亿元,matched,156420526,2019
2019,,420527,164.4916,,秭归县,亿元,matched,156420527,2019
2019,,420528,159.3786,,长阳土家族自治县,亿元,matched,156420528,2019
2019,,420529,81.7624,,五峰土家族自治县,亿元,matched,156420529,2019
2019,,420581,679.2406,,宜都市,亿元,matched,156420581,2019
2019,,420582,509.1866,,当阳市,亿元,matched,156420582,2019
2019,,420583,580.6928,,枝江市,亿元,matched,156420583,2019
2019,,420602,,,襄城区,亿元,no_data,156420602,2019
2019,,420606,,,樊城区,亿元,no_data,156420606,2019
2019,,420607,735.3306,,襄州区,亿元,matched,156420607,2019
2019,,420624,296.3936,,南漳县,亿元,matched,156420624,2019
2019,,420625,408.431,,谷城县,亿元,matched,156420625,2019
2019,,420626,137.0128,,保康县,亿元,matched,156420626,2019
2019,,420682,388.6645,,老河口市,亿元,matched,156420682,2019
2019,,420683,674.9134,,枣阳市,亿元,matched,156420683,2019
2019,,420684,367.73,,宜城市,亿元,matched,156420684,2019
2019,,420702,,,梁子湖区,亿元,no_data,156420702,2019
2019,,420703,,,华容区,亿元,no_data,156420703,2019
2019,,420704,,,鄂城区,亿元,no_data,156420704,2019
2019,,420802,,,东宝区,亿元,no_data,156420802,2019
2019,,420804,,,掇刀区,亿元,no_data,156420804,2019
2019,,420822,335.85,,沙洋县,亿元,matched,156420822,2019
2019,,420881,561.03,,钟祥市,亿元,matched,156420881,2019
2019,,420882,430.11,,京山市,亿元,matched,156420882,2019
2019,,420902,,,孝南区,亿元,no_data,156420902,2019
2019,,420921,139.0612,,孝昌县,亿元,matched,156420921,2019
2019,,420922,182.7645,,大悟县,亿元,matched,156420922,2019
2019,,420923,215.4447,,云梦县,亿元,matched,156420923,2019
2019,,420981,396.2169,,应城市,亿元,matched,156420981,2019
2019,,420982,260.6991,,安陆市,亿元,matched,156420982,2019
2019,,420984,677.6259,,汉川市,亿元,matched,156420984,2019
2019,,421002,,,沙市区,亿元,no_data,156421002,2019
2019,,421003,,,荆州区,亿元,no_data,156421003,2019
2019,,421022,332.35,,公安县,亿元,matched,156421022,2019
2019,,421024,115.9,,江陵县,亿元,matched,156421024,2019
2019,,421081,223.49,,石首市,亿元,matched,156421081,2019
2019,,421083,306.15,,洪湖市,亿元,matched,156421083,2019
2019,,421087,343.78,,松滋市,亿元,matched,156421087,2019
2019,,421088,310.04,,监利市,亿元,matched,156421088,2019
2019,,421102,,,黄州区,亿元,no_data,156421102,2019
2019,,421121,122.25,,团风县,亿元,matched,156421121,2019
2019,,421122,199.1121,,红安县,亿元,matched,156421122,2019
2019,,421123,158.85,,罗田县,亿元,matched,156421123,2019
2019,,421124,121.62,,英山县,亿元,matched,156421124,2019
2019,,421125,251.03,,浠水县,亿元,matched,156421125,2019
2019,,421126,265.61,,蕲春县,亿元,matched,156421126,2019
2019,,421127,247.12,,黄梅县,亿元,matched,156421127,2019
2019,,421181,374.1246,,麻城市,亿元,matched,156421181,2019
2019,,421182,324.47,,武穴市,亿元,matched,156421182,2019
2019,,421202,,,咸安区,亿元,no_data,156421202,2019
2019,,421221,288.96,,嘉鱼县,亿元,matched,156421221,2019
2019,,421222,166.06,,通城县,亿元,matched,156421222,2019
2019,,421223,153.34,,崇阳县,亿元,matched,156421223,2019
2019,,421224,137.9876,,通山县,亿元,matched,156421224,2019
2019,,421281,466.86,,赤壁市,亿元,matched,156421281,2019
2019,,421303,,,曾都区,亿元,no_data,156421303,2019
2019,,421321,270.1162,,随县,亿元,matched,156421321,2019
2019,,421381,356.5669,,广水市,亿元,matched,156421381,2019
2019,,422801,379.52,,恩施市,亿元,matched,156422801,2019
2019,,422802,,,利川市,亿元,no_data,156422802,2019
2019,,422822,,,建始县,亿元,no_data,156422822,2019
2019,,422823,,,巴东县,亿元,no_data,156422823,2019
2019,,422825,,,宣恩县,亿元,no_data,156422825,2019
2019,,422826,,,咸丰县,亿元,no_data,156422826,2019
2019,,422827,,,来凤县,亿元,no_data,156422827,2019
2019,,422828,,,鹤峰县,亿元,no_data,156422828,2019
2019,,429004,,,仙桃市,亿元,no_data,156429004,2019
2019,,429005,,,潜江市,亿元,no_data,156429005,2019
2019,,429006,,,天门市,亿元,no_data,156429006,2019
2019,,429021,,,神农架林区,亿元,no_data,156429021,2019
2019,,430102,,,芙蓉区,亿元,no_data,156430102,2019
2019,,430103,,,天心区,亿元,no_data,156430103,2019
2019,,430104,,,岳麓区,亿元,no_data,156430104,2019
2019,,430105,,,开福区,亿元,no_data,156430105,2019
2019,,430111,,,雨花区,亿元,no_data,156430111,2019
2019,,430112,809.2347,,望城区,亿元,matched,156430112,2019
2019,,430121,1709.9645,,长沙县,亿元,matched,156430121,2019
2019,,430181,1408.8486,,浏阳市,亿元,matched,156430181,2019
2019,,430182,1069.1033,,宁乡市,亿元,matched,156430182,2019
2019,,430202,,,荷塘区,亿元,no_data,156430202,2019
2019,,430203,,,芦淞区,亿元,no_data,156430203,2019
2019,,430204,,,石峰区,亿元,no_data,156430204,2019
2019,,430211,,,天元区,亿元,no_data,156430211,2019
2019,,430212,,,渌口区,亿元,no_data,156430212,2019
2019,,430223,397.1815,,攸县,亿元,matched,156430223,2019
2019,,430224,215.3478,,茶陵县,亿元,matched,156430224,2019
2019,,430225,85.5928,,炎陵县,亿元,matched,156430225,2019
2019,,430281,716.3501,,醴陵市,亿元,matched,156430281,2019
2019,,430302,,,雨湖区,亿元,no_data,156430302,2019
2019,,430304,,,岳塘区,亿元,no_data,156430304,2019
2019,,430321,484.9792,,湘潭县,亿元,matched,156430321,2019
2019,,430381,483.0423,,湘乡市,亿元,matched,156430381,2019
2019,,430382,92.2867,,韶山市,亿元,matched,156430382,2019
2019,,430405,,,珠晖区,亿元,no_data,156430405,2019
2019,,430406,,,雁峰区,亿元,no_data,156430406,2019
2019,,430407,,,石鼓区,亿元,no_data,156430407,2019
2019,,430408,,,蒸湘区,亿元,no_data,156430408,2019
2019,,430412,,,南岳区,亿元,no_data,156430412,2019
2019,,430421,348.9389,,衡阳县,亿元,matched,156430421,2019
2019,,430422,341.0924,,衡南县,亿元,matched,156430422,2019
2019,,430423,164.7912,,衡山县,亿元,matched,156430423,2019
2019,,430424,275.7323,,衡东县,亿元,matched,156430424,2019
2019,,430426,285.704,,祁东县,亿元,matched,156430426,2019
2019,,430481,367.9346,,耒阳市,亿元,matched,156430481,2019
2019,,430482,333.1714,,常宁市,亿元,matched,156430482,2019
2019,,430502,,,双清区,亿元,no_data,156430502,2019
2019,,430503,,,大祥区,亿元,no_data,156430503,2019
2019,,430511,,,北塔区,亿元,no_data,156430511,2019
2019,,430522,160.0629,,新邵县,亿元,matched,156430522,2019
2019,,430523,175.7885,,邵阳县,亿元,matched,156430523,2019
2019,,430524,224.4915,,隆回县,亿元,matched,156430524,2019
2019,,430525,177.822,,洞口县,亿元,matched,156430525,2019
2019,,430527,95.0442,,绥宁县,亿元,matched,156430527,2019
2019,,430528,114.1717,,新宁县,亿元,matched,156430528,2019
2019,,430529,53.5796,,城步苗族自治县,亿元,matched,156430529,2019
2019,,430581,160.7257,,武冈市,亿元,matched,156430581,2019
2019,,430582,605.6449,,邵东市,亿元,matched,156430582,2019
2019,,430602,,,岳阳楼区,亿元,no_data,156430602,2019
2019,,430603,,,云溪区,亿元,no_data,156430603,2019
2019,,430611,,,君山区,亿元,no_data,156430611,2019
2019,,430621,353.7931,,岳阳县,亿元,matched,156430621,2019
2019,,430623,358.6987,,华容县,亿元,matched,156430623,2019
2019,,430624,333.3156,,湘阴县,亿元,matched,156430624,2019
2019,,430626,322.4885,,平江县,亿元,matched,156430626,2019
2019,,430681,505.6838,,汨罗市,亿元,matched,156430681,2019
2019,,430682,299.2989,,临湘市,亿元,matched,156430682,2019
2019,,430702,,,武陵区,亿元,no_data,156430702,2019
2019,,430703,,,鼎城区,亿元,no_data,156430703,2019
2019,,430721,210.8741,,安乡县,亿元,matched,156430721,2019
2019,,430722,303.0768,,汉寿县,亿元,matched,156430722,2019
2019,,430723,373.5603,,澧县,亿元,matched,156430723,2019
2019,,430724,193.0429,,临澧县,亿元,matched,156430724,2019
2019,,430725,407.5242,,桃源县,亿元,matched,156430725,2019
2019,,430726,295.6715,,石门县,亿元,matched,156430726,2019
2019,,430781,171.4904,,津市市,亿元,matched,156430781,2019
2019,,430802,267.0504,,永定区,亿元,matched,156430802,2019
2019,,430811,,,武陵源区,亿元,no_data,156430811,2019
2019,,430821,178.2853,,慈利县,亿元,matched,156430821,2019
2019,,430822,97.9231,,桑植县,亿元,matched,156430822,2019
2019,,430902,,,资阳区,亿元,no_data,156430902,2019
2019,,430903,,,赫山区,亿元,no_data,156430903,2019
2019,,430921,268.3505,,南县,亿元,matched,156430921,2019
2019,,430922,271.0263,,桃江县,亿元,matched,156430922,2019
2019,,430923,232.178,,安化县,亿元,matched,156430923,2019
2019,,430981,258.1228,,沅江市,亿元,matched,156430981,2019
2019,,431002,,,北湖区,亿元,no_data,156431002,2019
2019,,431003,,,苏仙区,亿元,no_data,156431003,2019
2019,,431021,365.5792,,桂阳县,亿元,matched,156431021,2019
2019,,431022,215.994,,宜章县,亿元,matched,156431022,2019
2019,,431023,316.8156,,永兴县,亿元,matched,156431023,2019
2019,,431024,141.105,,嘉禾县,亿元,matched,156431024,2019
2019,,431025,142.1872,,临武县,亿元,matched,156431025,2019
2019,,431026,87.4566,,汝城县,亿元,matched,156431026,2019
2019,,431027,43.3597,,桂东县,亿元,matched,156431027,2019
2019,,431028,108.4483,,安仁县,亿元,matched,156431028,2019
2019,,431081,319.4109,,资兴市,亿元,matched,156431081,2019
2019,,431102,,,零陵区,亿元,no_data,156431102,2019
2019,,431103,,,冷水滩区,亿元,no_data,156431103,2019
2019,,431122,185.5243,,东安县,亿元,matched,156431122,2019
2019,,431123,70.763,,双牌县,亿元,matched,156431123,2019
2019,,431124,221.7694,,道县,亿元,matched,156431124,2019
2019,,431125,77.662,,江永县,亿元,matched,156431125,2019
2019,,431126,225.5378,,宁远县,亿元,matched,156431126,2019
2019,,431127,121.2249,,蓝山县,亿元,matched,156431127,2019
2019,,431128,93.3193,,新田县,亿元,matched,156431128,2019
2019,,431129,131.3604,,江华瑶族自治县,亿元,matched,156431129,2019
2019,,431181,,,祁阳市,亿元,no_data,156431181,2019
2019,,431202,,,鹤城区,亿元,no_data,156431202,2019
2019,,431221,118.7327,,中方县,亿元,matched,156431221,2019
2019,,431222,169.8059,,沅陵县,亿元,matched,156431222,2019
2019,,431223,113.1397,,辰溪县,亿元,matched,156431223,2019
2019,,431224,172.9532,,溆浦县,亿元,matched,156431224,2019
2019,,431225,88.4937,,会同县,亿元,matched,156431225,2019
2019,,431226,88.6353,,麻阳苗族自治县,亿元,matched,156431226,2019
2019,,431227,67.9926,,新晃侗族自治县,亿元,matched,156431227,2019
2019,,431228,101.5975,,芷江侗族自治县,亿元,matched,156431228,2019
2019,,431229,83.2569,,靖州苗族侗族自治县,亿元,matched,156431229,2019
2019,,431230,53.4255,,通道侗族自治县,亿元,matched,156431230,2019
2019,,431281,160.4733,,洪江市,亿元,matched,156431281,2019
2019,,431302,,,娄星区,亿元,no_data,156431302,2019
2019,,431321,255.3489,,双峰县,亿元,matched,156431321,2019
2019,,431322,277.8372,,新化县,亿元,matched,156431322,2019
2019,,431381,237.2569,,冷水江市,亿元,matched,156431381,2019
2019,,431382,290.4006,,涟源市,亿元,matched,156431382,2019
2019,,433101,193.556,,吉首市,亿元,matched,156433101,2019
2019,,433122,69.4779,,泸溪县,亿元,matched,156433122,2019
2019,,433123,87.8783,,凤凰县,亿元,matched,156433123,2019
2019,,433124,72.1215,,花垣县,亿元,matched,156433124,2019
2019,,433125,70.1658,,保靖县,亿元,matched,156433125,2019
2019,,433126,31.1767,,古丈县,亿元,matched,156433126,2019
2019,,433127,86.4003,,永顺县,亿元,matched,156433127,2019
2019,,433130,94.9372,,龙山县,亿元,matched,156433130,2019
2019,,440103,,,荔湾区,亿元,no_data,156440103,2019
2019,,440104,,,越秀区,亿元,no_data,156440104,2019
2019,,440105,,,海珠区,亿元,no_data,156440105,2019
2019,,440106,,,天河区,亿元,no_data,156440106,2019
2019,,440111,,,白云区,亿元,no_data,156440111,2019
2019,,440112,,,黄埔区,亿元,no_data,156440112,2019
2019,,440113,,,番禺区,亿元,no_data,156440113,2019
2019,,440114,,,花都区,亿元,no_data,156440114,2019
2019,,440115,,,南沙区,亿元,no_data,156440115,2019
2019,,440117,355.8558,,从化区,亿元,matched,156440117,2019
2019,,440118,1010.4903,,增城区,亿元,matched,156440118,2019
2019,,440203,,,武江区,亿元,no_data,156440203,2019
2019,,440204,,,浈江区,亿元,no_data,156440204,2019
2019,,440205,199.8866,,曲江区,亿元,matched,156440205,2019
2019,,440222,77.511,,始兴县,亿元,matched,156440222,2019
2019,,440224,94.345,,仁化县,亿元,matched,156440224,2019
2019,,440229,98.7941,,翁源县,亿元,matched,156440229,2019
2019,,440232,94.7309,,乳源瑶族自治县,亿元,matched,156440232,2019
2019,,440233,68.9772,,新丰县,亿元,matched,156440233,2019
2019,,440281,116.95,,乐昌市,亿元,matched,156440281,2019
2019,,440282,113.8422,,南雄市,亿元,matched,156440282,2019
2019,,440303,,,罗湖区,亿元,no_data,156440303,2019
2019,,440304,,,福田区,亿元,no_data,156440304,2019
2019,,440305,,,南山区,亿元,no_data,156440305,2019
2019,,440306,,,宝安区,亿元,no_data,156440306,2019
2019,,440307,,,龙岗区,亿元,no_data,156440307,2019
2019,,440308,,,盐田区,亿元,no_data,156440308,2019
2019,,440309,,,龙华区,亿元,no_data,156440309,2019
2019,,440310,,,坪山区,亿元,no_data,156440310,2019
2019,,440311,,,光明区,亿元,no_data,156440311,2019
2019,,440402,,,香洲区,亿元,no_data,156440402,2019
2019,,440403,427.411,,斗门区,亿元,matched,156440403,2019
2019,,440404,,,金湾区,亿元,no_data,156440404,2019
2019,,440507,,,龙湖区,亿元,no_data,156440507,2019
2019,,440511,,,金平区,亿元,no_data,156440511,2019
2019,,440512,,,濠江区,亿元,no_data,156440512,2019
2019,,440513,481.0828,,潮阳区,亿元,matched,156440513,2019
2019,,440514,,,潮南区,亿元,no_data,156440514,2019
2019,,440515,486.0863,,澄海区,亿元,matched,156440515,2019
2019,,440523,29.3289,,南澳县,亿元,matched,156440523,2019
2019,,440604,1920.4586,,禅城区,亿元,matched,156440604,2019
2019,,440605,3176.618,,南海区,亿元,matched,156440605,2019
2019,,440606,3523.1849,,顺德区,亿元,matched,156440606,2019
2019,,440607,1258.7597,,三水区,亿元,matched,156440607,2019
2019,,440608,871.583,,高明区,亿元,matched,156440608,2019
2019,,440703,,,蓬江区,亿元,no_data,156440703,2019
2019,,440704,,,江海区,亿元,no_data,156440704,2019
2019,,440705,806.2184,,新会区,亿元,matched,156440705,2019
2019,,440781,452.2379,,台山市,亿元,matched,156440781,2019
2019,,440783,382.4834,,开平市,亿元,matched,156440783,2019
2019,,440784,361.9362,,鹤山市,亿元,matched,156440784,2019
2019,,440785,186.9112,,恩平市,亿元,matched,156440785,2019
2019,,440802,,,赤坎区,亿元,no_data,156440802,2019
2019,,440803,,,霞山区,亿元,no_data,156440803,2019
2019,,440804,,,坡头区,亿元,no_data,156440804,2019
2019,,440811,,,麻章区,亿元,no_data,156440811,2019
2019,,440823,375.5926,,遂溪县,亿元,matched,156440823,2019
2019,,440825,189.9289,,徐闻县,亿元,matched,156440825,2019
2019,,440881,493.5472,,廉江市,亿元,matched,156440881,2019
2019,,440882,324.1311,,雷州市,亿元,matched,156440882,2019
2019,,440883,272.0771,,吴川市,亿元,matched,156440883,2019
2019,,440902,,,茂南区,亿元,no_data,156440902,2019
2019,,440904,663.7636,,电白区,亿元,matched,156440904,2019
2019,,440981,634.1912,,高州市,亿元,matched,156440981,2019
2019,,440982,551.7638,,化州市,亿元,matched,156440982,2019
2019,,440983,487.126,,信宜市,亿元,matched,156440983,2019
2019,,441202,,,端州区,亿元,no_data,156441202,2019
2019,,441203,,,鼎湖区,亿元,no_data,156441203,2019
2019,,441204,420.6939,,高要区,亿元,matched,156441204,2019
2019,,441223,159.9417,,广宁县,亿元,matched,156441223,2019
2019,,441224,230.5321,,怀集县,亿元,matched,156441224,2019
2019,,441225,150.5666,,封开县,亿元,matched,156441225,2019
2019,,441226,150.1679,,德庆县,亿元,matched,156441226,2019
2019,,441284,587.9785,,四会市,亿元,matched,156441284,2019
2019,,441302,,,惠城区,亿元,no_data,156441302,2019
2019,,441303,622.8912,,惠阳区,亿元,matched,156441303,2019
2019,,441322,579.8612,,博罗县,亿元,matched,156441322,2019
2019,,441323,626.285,,惠东县,亿元,matched,156441323,2019
2019,,441324,166.4057,,龙门县,亿元,matched,156441324,2019
2019,,441402,,,梅江区,亿元,no_data,156441402,2019
2019,,441403,210.2005,,梅县区,亿元,matched,156441403,2019
2019,,441422,89.1585,,大埔县,亿元,matched,156441422,2019
2019,,441423,108.079,,丰顺县,亿元,matched,156441423,2019
2019,,441424,155.669,,五华县,亿元,matched,156441424,2019
2019,,441426,77.9166,,平远县,亿元,matched,156441426,2019
2019,,441427,94.7597,,蕉岭县,亿元,matched,156441427,2019
2019,,441481,174.8834,,兴宁市,亿元,matched,156441481,2019
2019,,441502,,,城区,亿元,no_data,156441502,2019
2019,,441521,338.3209,,海丰县,亿元,matched,156441521,2019
2019,,441523,85.6689,,陆河县,亿元,matched,156441523,2019
2019,,441581,342.9374,,陆丰市,亿元,matched,156441581,2019
2019,,441602,,,源城区,亿元,no_data,156441602,2019
2019,,441621,145.844,,紫金县,亿元,matched,156441621,2019
2019,,441622,162.1578,,龙川县,亿元,matched,156441622,2019
2019,,441623,83.4829,,连平县,亿元,matched,156441623,2019
2019,,441624,126.6534,,和平县,亿元,matched,156441624,2019
2019,,441625,132.5605,,东源县,亿元,matched,156441625,2019
2019,,441702,,,江城区,亿元,no_data,156441702,2019
2019,,441704,304.2071,,阳东区,亿元,matched,156441704,2019
2019,,441721,188.1382,,阳西县,亿元,matched,156441721,2019
2019,,441781,326.0999,,阳春市,亿元,matched,156441781,2019
2019,,441802,,,清城区,亿元,no_data,156441802,2019
2019,,441803,272.3683,,清新区,亿元,matched,156441803,2019
2019,,441821,126.9633,,佛冈县,亿元,matched,156441821,2019
2019,,441823,115.3045,,阳山县,亿元,matched,156441823,2019
2019,,441825,34.1893,,连山壮族瑶族自治县,亿元,matched,156441825,2019
2019,,441826,53.4579,,连南瑶族自治县,亿元,matched,156441826,2019
2019,,441881,326.832,,英德市,亿元,matched,156441881,2019
2019,,441882,155.4754,,连州市,亿元,matched,156441882,2019
2019,,441900,,,东莞市,亿元,no_data,156441900,2019
2019,,442000,,,中山市,亿元,no_data,156442000,2019
2019,,445102,,,湘桥区,亿元,no_data,156445102,2019
2019,,445103,550.4216,,潮安区,亿元,matched,156445103,2019
2019,,445122,269.4135,,饶平县,亿元,matched,156445122,2019
2019,,445202,,,榕城区,亿元,no_data,156445202,2019
2019,,445203,446.7807,,揭东区,亿元,matched,156445203,2019
2019,,445222,231.7612,,揭西县,亿元,matched,156445222,2019
2019,,445224,244.2704,,惠来县,亿元,matched,156445224,2019
2019,,445281,630.7289,,普宁市,亿元,matched,156445281,2019
2019,,445302,,,云城区,亿元,no_data,156445302,2019
2019,,445303,100.5,,云安区,亿元,matched,156445303,2019
2019,,445321,237.1693,,新兴县,亿元,matched,156445321,2019
2019,,445322,117.1892,,郁南县,亿元,matched,156445322,2019
2019,,445381,260.1844,,罗定市,亿元,matched,156445381,2019
2019,,450102,,,兴宁区,亿元,no_data,156450102,2019
2019,,450103,,,青秀区,亿元,no_data,156450103,2019
2019,,450105,,,江南区,亿元,no_data,156450105,2019
2019,,450107,,,西乡塘区,亿元,no_data,156450107,2019
2019,,450108,,,良庆区,亿元,no_data,156450108,2019
2019,,450109,154.7029,,邕宁区,亿元,matched,156450109,2019
2019,,450110,303.326,,武鸣区,亿元,matched,156450110,2019
2019,,450123,94.2651,,隆安县,亿元,matched,156450123,2019
2019,,450124,85.8362,,马山县,亿元,matched,156450124,2019
2019,,450125,81.0876,,上林县,亿元,matched,156450125,2019
2019,,450126,271.9591,,宾阳县,亿元,matched,156450126,2019
2019,,450181,,,横州市,亿元,no_data,156450181,2019
2019,,450202,,,城中区,亿元,no_data,156450202,2019
2019,,450203,,,鱼峰区,亿元,no_data,156450203,2019
2019,,450204,,,柳南区,亿元,no_data,156450204,2019
2019,,450205,,,柳北区,亿元,no_data,156450205,2019
2019,,450206,323.0277,,柳江区,亿元,matched,156450206,2019
2019,,450222,161.258,,柳城县,亿元,matched,156450222,2019
2019,,450223,185.1744,,鹿寨县,亿元,matched,156450223,2019
2019,,450224,103.8823,,融安县,亿元,matched,156450224,2019
2019,,450225,126.1661,,融水苗族自治县,亿元,matched,156450225,2019
2019,,450226,73.9182,,三江侗族自治县,亿元,matched,156450226,2019
2019,,450302,,,秀峰区,亿元,no_data,156450302,2019
2019,,450303,,,叠彩区,亿元,no_data,156450303,2019
2019,,450304,,,象山区,亿元,no_data,156450304,2019
2019,,450305,,,七星区,亿元,no_data,156450305,2019
2019,,450311,,,雁山区,亿元,no_data,156450311,2019
2019,,450312,170.1987,,临桂区,亿元,matched,156450312,2019
2019,,450321,111.6464,,阳朔县,亿元,matched,156450321,2019
2019,,450323,169.42,,灵川县,亿元,matched,156450323,2019
2019,,450324,173.3158,,全州县,亿元,matched,156450324,2019
2019,,450325,143.3494,,兴安县,亿元,matched,156450325,2019
2019,,450326,85.5352,,永福县,亿元,matched,156450326,2019
2019,,450327,67.614,,灌阳县,亿元,matched,156450327,2019
2019,,450328,58.8172,,龙胜各族自治县,亿元,matched,156450328,2019
2019,,450329,49.0493,,资源县,亿元,matched,156450329,2019
2019,,450330,112.6463,,平乐县,亿元,matched,156450330,2019
2019,,450332,90.4842,,恭城瑶族自治县,亿元,matched,156450332,2019
2019,,450381,147.6,,荔浦市,亿元,matched,156450381,2019
2019,,450403,,,万秀区,亿元,no_data,156450403,2019
2019,,450405,,,长洲区,亿元,no_data,156450405,2019
2019,,450406,,,龙圩区,亿元,no_data,156450406,2019
2019,,450421,48.6156,,苍梧县,亿元,matched,156450421,2019
2019,,450422,207.6857,,藤县,亿元,matched,156450422,2019
2019,,450423,75.0897,,蒙山县,亿元,matched,156450423,2019
2019,,450481,191.9853,,岑溪市,亿元,matched,156450481,2019
2019,,450502,,,海城区,亿元,no_data,156450502,2019
2019,,450503,,,银海区,亿元,no_data,156450503,2019
2019,,450512,,,铁山港区,亿元,no_data,156450512,2019
2019,,450521,301.0619,,合浦县,亿元,matched,156450521,2019
2019,,450602,,,港口区,亿元,no_data,156450602,2019
2019,,450603,,,防城区,亿元,no_data,156450603,2019
2019,,450621,73.3807,,上思县,亿元,matched,156450621,2019
2019,,450681,80.7264,,东兴市,亿元,matched,156450681,2019
2019,,450702,,,钦南区,亿元,no_data,156450702,2019
2019,,450703,,,钦北区,亿元,no_data,156450703,2019
2019,,450721,274.7328,,灵山县,亿元,matched,156450721,2019
2019,,450722,205.1242,,浦北县,亿元,matched,156450722,2019
2019,,450802,,,港北区,亿元,no_data,156450802,2019
2019,,450803,,,港南区,亿元,no_data,156450803,2019
2019,,450804,,,覃塘区,亿元,no_data,156450804,2019
2019,,450821,272.636,,平南县,亿元,matched,156450821,2019
2019,,450881,342.905,,桂平市,亿元,matched,156450881,2019
2019,,450902,,,玉州区,亿元,no_data,156450902,2019
2019,,450903,,,福绵区,亿元,no_data,156450903,2019
2019,,450921,173.7793,,容县,亿元,matched,156450921,2019
2019,,450922,196.3774,,陆川县,亿元,matched,156450922,2019
2019,,450923,278.9764,,博白县,亿元,matched,156450923,2019
2019,,450924,154.9923,,兴业县,亿元,matched,156450924,2019
2019,,450981,308.9489,,北流市,亿元,matched,156450981,2019
2019,,451002,313.2454,,右江区,亿元,matched,156451002,2019
2019,,451003,149.6517,,田阳区,亿元,matched,156451003,2019
2019,,451022,148.25,,田东县,亿元,matched,156451022,2019
2019,,451024,87.3105,,德保县,亿元,matched,156451024,2019
2019,,451026,39.4214,,那坡县,亿元,matched,156451026,2019
2019,,451027,44.973,,凌云县,亿元,matched,156451027,2019
2019,,451028,28.5438,,乐业县,亿元,matched,156451028,2019
2019,,451029,62.4254,,田林县,亿元,matched,156451029,2019
2019,,451030,32.4398,,西林县,亿元,matched,156451030,2019
2019,,451031,55.1573,,隆林各族自治县,亿元,matched,156451031,2019
2019,,451081,122.4229,,靖西市,亿元,matched,156451081,2019
2019,,451082,178.8271,,平果市,亿元,matched,156451082,2019
2019,,451102,249.2116,,八步区,亿元,matched,156451102,2019
2019,,451103,,,平桂区,亿元,no_data,156451103,2019
2019,,451121,87.8689,,昭平县,亿元,matched,156451121,2019
2019,,451122,111.6883,,钟山县,亿元,matched,156451122,2019
2019,,451123,88.7884,,富川瑶族自治县,亿元,matched,156451123,2019
2019,,451202,194.2703,,金城江区,亿元,matched,156451202,2019
2019,,451203,,,宜州区,亿元,no_data,156451203,2019
2019,,451221,98.7695,,南丹县,亿元,matched,156451221,2019
2019,,451222,66.7209,,天峨县,亿元,matched,156451222,2019
2019,,451223,28.0351,,凤山县,亿元,matched,156451223,2019
2019,,451224,41.5122,,东兰县,亿元,matched,156451224,2019
2019,,451225,56.3773,,罗城仫佬族自治县,亿元,matched,156451225,2019
2019,,451226,55.5954,,环江毛南族自治县,亿元,matched,156451226,2019
2019,,451227,75.6642,,巴马瑶族自治县,亿元,matched,156451227,2019
2019,,451228,67.2986,,都安瑶族自治县,亿元,matched,156451228,2019
2019,,451229,71.75,,大化瑶族自治县,亿元,matched,156451229,2019
2019,,451302,336.0825,,兴宾区,亿元,matched,156451302,2019
2019,,451321,68.5299,,忻城县,亿元,matched,156451321,2019
2019,,451322,80.34,,象州县,亿元,matched,156451322,2019
2019,,451323,101.0587,,武宣县,亿元,matched,156451323,2019
2019,,451324,40.1954,,金秀瑶族自治县,亿元,matched,156451324,2019
2019,,451381,32.0408,,合山市,亿元,matched,156451381,2019
2019,,451402,197.5798,,江州区,亿元,matched,156451402,2019
2019,,451421,148.5358,,扶绥县,亿元,matched,156451421,2019
2019,,451422,91.4834,,宁明县,亿元,matched,156451422,2019
2019,,451423,87.054,,龙州县,亿元,matched,156451423,2019
2019,,451424,98.6743,,大新县,亿元,matched,156451424,2019
2019,,451425,73.4061,,天等县,亿元,matched,156451425,2019
2019,,451481,63.7269,,凭祥市,亿元,matched,156451481,2019
2019,,460105,,,秀英区,亿元,no_data,156460105,2019
2019,,460106,,,龙华区,亿元,no_data,156460106,2019
2019,,460107,,,琼山区,亿元,no_data,156460107,2019
2019,,460108,,,美兰区,亿元,no_data,156460108,2019
2019,,460202,,,海棠区,亿元,no_data,156460202,2019
2019,,460203,,,吉阳区,亿元,no_data,156460203,2019
2019,,460204,,,天涯区,亿元,no_data,156460204,2019
2019,,460205,,,崖州区,亿元,no_data,156460205,2019
2019,,460321,,,西沙区,亿元,no_data,156460321,2019
2019,,460322,,,南沙区,亿元,no_data,156460322,2019
2019,,460400,,,儋州市,亿元,no_data,156460400,2019
2019,,469001,34.0048,,五指山市,亿元,matched,156469001,2019
2019,,469002,283.2967,,琼海市,亿元,matched,156469002,2019
2019,,469005,257.0186,,文昌市,亿元,matched,156469005,2019
2019,,469006,235.5749,,万宁市,亿元,matched,156469006,2019
2019,,469007,193.0775,,东方市,亿元,matched,156469007,2019
2019,,469021,104.4176,,定安县,亿元,matched,156469021,2019
2019,,469022,85.6455,,屯昌县,亿元,matched,156469022,2019
2019,,469023,330.1791,,澄迈县,亿元,matched,156469023,2019
2019,,469024,195.3986,,临高县,亿元,matched,156469024,2019
2019,,469025,56.6435,,白沙黎族自治县,亿元,matched,156469025,2019
2019,,469026,126.3176,,昌江黎族自治县,亿元,matched,156469026,2019
2019,,469027,144.3459,,乐东黎族自治县,亿元,matched,156469027,2019
2019,,469028,183.1956,,陵水黎族自治县,亿元,matched,156469028,2019
2019,,469029,55.71,,保亭黎族苗族自治县,亿元,matched,156469029,2019
2019,,469030,57.4789,,琼中黎族苗族自治县,亿元,matched,156469030,2019
2019,,500101,,,万州区,亿元,no_data,156500101,2019
2019,,500102,,,涪陵区,亿元,no_data,156500102,2019
2019,,500103,,,渝中区,亿元,no_data,156500103,2019
2019,,500104,,,大渡口区,亿元,no_data,156500104,2019
2019,,500105,,,江北区,亿元,no_data,156500105,2019
2019,,500106,,,沙坪坝区,亿元,no_data,156500106,2019
2019,,500107,,,九龙坡区,亿元,no_data,156500107,2019
2019,,500108,,,南岸区,亿元,no_data,156500108,2019
2019,,500109,,,北碚区,亿元,no_data,156500109,2019
2019,,500110,672.7328,,綦江区,亿元,matched,156500110,2019
2019,,500111,645.8347,,大足区,亿元,matched,156500111,2019
2019,,500112,,,渝北区,亿元,no_data,156500112,2019
2019,,500113,,,巴南区,亿元,no_data,156500113,2019
2019,,500114,,,黔江区,亿元,no_data,156500114,2019
2019,,500115,701.235,,长寿区,亿元,matched,156500115,2019
2019,,500116,1036.7418,,江津区,亿元,matched,156500116,2019
2019,,500117,912.5078,,合川区,亿元,matched,156500117,2019
2019,,500118,952.6902,,永川区,亿元,matched,156500118,2019
2019,,500119,333.9519,,南川区,亿元,matched,156500119,2019
2019,,500120,681.018,,璧山区,亿元,matched,156500120,2019
2019,,500151,616.558,,铜梁区,亿元,matched,156500151,2019
2019,,500152,451.0757,,潼南区,亿元,matched,156500152,2019
2019,,500153,652.5398,,荣昌区,亿元,matched,156500153,2019
2019,,500154,505.5918,,开州区,亿元,matched,156500154,2019
2019,,500155,464.1486,,梁平区,亿元,matched,156500155,2019
2019,,500156,209.6598,,武隆区,亿元,matched,156500156,2019
2019,,500229,52.498,,城口县,亿元,matched,156500229,2019
2019,,500230,305.8346,,丰都县,亿元,matched,156500230,2019
2019,,500231,416.8586,,垫江县,亿元,matched,156500231,2019
2019,,500233,396.9367,,忠县,亿元,matched,156500233,2019
2019,,500235,431.2462,,云阳县,亿元,matched,156500235,2019
2019,,500236,303.4171,,奉节县,亿元,matched,156500236,2019
2019,,500237,172.9677,,巫山县,亿元,matched,156500237,2019
2019,,500238,107.5775,,巫溪县,亿元,matched,156500238,2019
2019,,500240,159.3842,,石柱土家族自治县,亿元,matched,156500240,2019
2019,,500241,283.0091,,秀山土家族苗族自治县,亿元,matched,156500241,2019
2019,,500242,186.72,,酉阳土家族苗族自治县,亿元,matched,156500242,2019
2019,,500243,222.2796,,彭水苗族土家族自治县,亿元,matched,156500243,2019
2019,,510104,,,锦江区,亿元,no_data,156510104,2019
2019,,510105,,,青羊区,亿元,no_data,156510105,2019
2019,,510106,,,金牛区,亿元,no_data,156510106,2019
2019,,510107,,,武侯区,亿元,no_data,156510107,2019
2019,,510108,,,成华区,亿元,no_data,156510108,2019
2019,,510112,,,龙泉驿区,亿元,no_data,156510112,2019
2019,,510113,,,青白江区,亿元,no_data,156510113,2019
2019,,510114,824.8003,,新都区,亿元,matched,156510114,2019
2019,,510115,595.5681,,温江区,亿元,matched,156510115,2019
2019,,510116,1524.3393,,双流区,亿元,matched,156510116,2019
2019,,510117,1188.2051,,郫都区,亿元,matched,156510117,2019
2019,,510118,,,新津区,亿元,matched,156510118,2019
2019,,510121,440.4358,,金堂县,亿元,matched,156510121,2019
2019,,510129,285.6878,,大邑县,亿元,matched,156510129,2019
2019,,510131,167.822,,蒲江县,亿元,matched,156510131,2019
2019,,510181,424.5125,,都江堰市,亿元,matched,156510181,2019
2019,,510182,525.4836,,彭州市,亿元,matched,156510182,2019
2019,,510183,330.7307,,邛崃市,亿元,matched,156510183,2019
2019,,510184,381.1099,,崇州市,亿元,matched,156510184,2019
2019,,510185,553.4075,,简阳市,亿元,matched,156510185,2019
2019,,510302,,,自流井区,亿元,no_data,156510302,2019
2019,,510303,,,贡井区,亿元,no_data,156510303,2019
2019,,510304,,,大安区,亿元,no_data,156510304,2019
2019,,510311,,,沿滩区,亿元,no_data,156510311,2019
2019,,510321,,,荣县,亿元,no_data,156510321,2019
2019,,510322,,,富顺县,亿元,no_data,156510322,2019
2019,,510402,,,东区,亿元,no_data,156510402,2019
2019,,510403,,,西区,亿元,no_data,156510403,2019
2019,,510411,,,仁和区,亿元,no_data,156510411,2019
2019,,510421,148.8279,,米易县,亿元,matched,156510421,2019
2019,,510422,123.8021,,盐边县,亿元,matched,156510422,2019
2019,,510502,,,江阳区,亿元,no_data,156510502,2019
2019,,510503,,,纳溪区,亿元,no_data,156510503,2019
2019,,510504,,,龙马潭区,亿元,no_data,156510504,2019
2019,,510521,378.4465,,泸县,亿元,matched,156510521,2019
2019,,510522,243.1662,,合江县,亿元,matched,156510522,2019
2019,,510524,137.3355,,叙永县,亿元,matched,156510524,2019
2019,,510525,172.286,,古蔺县,亿元,matched,156510525,2019
2019,,510603,,,旌阳区,亿元,no_data,156510603,2019
2019,,510604,141.8006,,罗江区,亿元,matched,156510604,2019
2019,,510623,379.2382,,中江县,亿元,matched,156510623,2019
2019,,510681,433.9666,,广汉市,亿元,matched,156510681,2019
2019,,510682,358.5961,,什邡市,亿元,matched,156510682,2019
2019,,510683,340.0768,,绵竹市,亿元,matched,156510683,2019
2019,,510703,,,涪城区,亿元,no_data,156510703,2019
2019,,510704,,,游仙区,亿元,no_data,156510704,2019
2019,,510705,185.5343,,安州区,亿元,matched,156510705,2019
2019,,510722,379.7248,,三台县,亿元,matched,156510722,2019
2019,,510723,161.3878,,盐亭县,亿元,matched,156510723,2019
2019,,510725,,,梓潼县,亿元,no_data,156510725,2019
2019,,510726,,,北川羌族自治县,亿元,no_data,156510726,2019
2019,,510727,,,平武县,亿元,no_data,156510727,2019
2019,,510781,,,江油市,亿元,no_data,156510781,2019
2019,,510802,,,利州区,亿元,no_data,156510802,2019
2019,,510811,,,昭化区,亿元,no_data,156510811,2019
2019,,510812,,,朝天区,亿元,no_data,156510812,2019
2019,,510821,129.469,,旺苍县,亿元,matched,156510821,2019
2019,,510822,48.318,,青川县,亿元,matched,156510822,2019
2019,,510823,143.1509,,剑阁县,亿元,matched,156510823,2019
2019,,510824,165.6278,,苍溪县,亿元,matched,156510824,2019
2019,,510903,,,船山区,亿元,no_data,156510903,2019
2019,,510904,,,安居区,亿元,no_data,156510904,2019
2019,,510921,178.4098,,蓬溪县,亿元,matched,156510921,2019
2019,,510923,174.8729,,大英县,亿元,matched,156510923,2019
2019,,510981,400.0918,,射洪市,亿元,matched,156510981,2019
2019,,511002,,,市中区,亿元,no_data,156511002,2019
2019,,511011,,,东兴区,亿元,no_data,156511011,2019
2019,,511024,351.1918,,威远县,亿元,matched,156511024,2019
2019,,511025,276.4148,,资中县,亿元,matched,156511025,2019
2019,,511083,292.0584,,隆昌市,亿元,matched,156511083,2019
2019,,511102,,,市中区,亿元,no_data,156511102,2019
2019,,511111,,,沙湾区,亿元,no_data,156511111,2019
2019,,511112,,,五通桥区,亿元,no_data,156511112,2019
2019,,511113,,,金口河区,亿元,no_data,156511113,2019
2019,,511123,215.8928,,犍为县,亿元,matched,156511123,2019
2019,,511124,116.0079,,井研县,亿元,matched,156511124,2019
2019,,511126,203.7052,,夹江县,亿元,matched,156511126,2019
2019,,511129,70.8669,,沐川县,亿元,matched,156511129,2019
2019,,511132,51.2191,,峨边彝族自治县,亿元,matched,156511132,2019
2019,,511133,47.9122,,马边彝族自治县,亿元,matched,156511133,2019
2019,,511181,328.4413,,峨眉山市,亿元,matched,156511181,2019
2019,,511302,,,顺庆区,亿元,no_data,156511302,2019
2019,,511303,,,高坪区,亿元,no_data,156511303,2019
2019,,511304,,,嘉陵区,亿元,no_data,156511304,2019
2019,,511321,400.6197,,南部县,亿元,matched,156511321,2019
2019,,511322,211.4519,,营山县,亿元,matched,156511322,2019
2019,,511323,201.2497,,蓬安县,亿元,matched,156511323,2019
2019,,511324,237.0761,,仪陇县,亿元,matched,156511324,2019
2019,,511325,170.4386,,西充县,亿元,matched,156511325,2019
2019,,511381,254.0111,,阆中市,亿元,matched,156511381,2019
2019,,511402,,,东坡区,亿元,no_data,156511402,2019
2019,,511403,178.0254,,彭山区,亿元,matched,156511403,2019
2019,,511421,441.7715,,仁寿县,亿元,matched,156511421,2019
2019,,511423,125.8546,,洪雅县,亿元,matched,156511423,2019
2019,,511424,71.3473,,丹棱县,亿元,matched,156511424,2019
2019,,511425,87.1019,,青神县,亿元,matched,156511425,2019
2019,,511502,,,翠屏区,亿元,no_data,156511502,2019
2019,,511503,179.2567,,南溪区,亿元,matched,156511503,2019
2019,,511504,,,叙州区,亿元,no_data,156511504,2019
2019,,511523,168.4583,,江安县,亿元,matched,156511523,2019
2019,,511524,170.5898,,长宁县,亿元,matched,156511524,2019
2019,,511525,153.6887,,高县,亿元,matched,156511525,2019
2019,,511526,158.2665,,珙县,亿元,matched,156511526,2019
2019,,511527,133.4527,,筠连县,亿元,matched,156511527,2019
2019,,511528,130.9623,,兴文县,亿元,matched,156511528,2019
2019,,511529,75.7001,,屏山县,亿元,matched,156511529,2019
2019,,511602,,,广安区,亿元,no_data,156511602,2019
2019,,511603,,,前锋区,亿元,no_data,156511603,2019
2019,,511621,251.2926,,岳池县,亿元,matched,156511621,2019
2019,,511622,236.5944,,武胜县,亿元,matched,156511622,2019
2019,,511623,232.4605,,邻水县,亿元,matched,156511623,2019
2019,,511681,167.5056,,华蓥市,亿元,matched,156511681,2019
2019,,511702,,,通川区,亿元,no_data,156511702,2019
2019,,511703,357.3168,,达川区,亿元,matched,156511703,2019
2019,,511722,369.909,,宣汉县,亿元,matched,156511722,2019
2019,,511723,142.0646,,开江县,亿元,matched,156511723,2019
2019,,511724,370.8793,,大竹县,亿元,matched,156511724,2019
2019,,511725,338.5618,,渠县,亿元,matched,156511725,2019
2019,,511781,131.2653,,万源市,亿元,matched,156511781,2019
2019,,511802,,,雨城区,亿元,no_data,156511802,2019
2019,,511803,98.2646,,名山区,亿元,matched,156511803,2019
2019,,511822,74.5632,,荥经县,亿元,matched,156511822,2019
2019,,511823,104.0339,,汉源县,亿元,matched,156511823,2019
2019,,511824,96.4505,,石棉县,亿元,matched,156511824,2019
2019,,511825,67.2644,,天全县,亿元,matched,156511825,2019
2019,,511826,47.4217,,芦山县,亿元,matched,156511826,2019
2019,,511827,33.5647,,宝兴县,亿元,matched,156511827,2019
2019,,511902,,,巴州区,亿元,no_data,156511902,2019
2019,,511903,,,恩阳区,亿元,no_data,156511903,2019
2019,,511921,133.9579,,通江县,亿元,matched,156511921,2019
2019,,511922,137.8852,,南江县,亿元,matched,156511922,2019
2019,,511923,182.6778,,平昌县,亿元,matched,156511923,2019
2019,,512002,,,雁江区,亿元,no_data,156512002,2019
2019,,512021,252.2855,,安岳县,亿元,matched,156512021,2019
2019,,512022,187.1968,,乐至县,亿元,matched,156512022,2019
2019,,513201,40.0925,,马尔康市,亿元,matched,156513201,2019
2019,,513221,72.6357,,汶川县,亿元,matched,156513221,2019
2019,,513222,27.9788,,理县,亿元,matched,156513222,2019
2019,,513223,40.6009,,茂县,亿元,matched,156513223,2019
2019,,513224,25.2538,,松潘县,亿元,matched,156513224,2019
2019,,513225,30.3318,,九寨沟县,亿元,matched,156513225,2019
2019,,513226,20.0496,,金川县,亿元,matched,156513226,2019
2019,,513227,23.9581,,小金县,亿元,matched,156513227,2019
2019,,513228,26.3947,,黑水县,亿元,matched,156513228,2019
2019,,513230,12.2015,,壤塘县,亿元,matched,156513230,2019
2019,,513231,16.6025,,阿坝县,亿元,matched,156513231,2019
2019,,513232,25.9044,,若尔盖县,亿元,matched,156513232,2019
2019,,513233,15.3589,,红原县,亿元,matched,156513233,2019
2019,,513301,104.8472,,康定市,亿元,matched,156513301,2019
2019,,513322,28.008,,泸定县,亿元,matched,156513322,2019
2019,,513323,19.8094,,丹巴县,亿元,matched,156513323,2019
2019,,513324,27.9266,,九龙县,亿元,matched,156513324,2019
2019,,513325,15.223,,雅江县,亿元,matched,156513325,2019
2019,,513326,13.4504,,道孚县,亿元,matched,156513326,2019
2019,,513327,12.136,,炉霍县,亿元,matched,156513327,2019
2019,,513328,16.3638,,甘孜县,亿元,matched,156513328,2019
2019,,513329,12.8857,,新龙县,亿元,matched,156513329,2019
2019,,513330,14.9067,,德格县,亿元,matched,156513330,2019
2019,,513331,18.8086,,白玉县,亿元,matched,156513331,2019
2019,,513332,17.7511,,石渠县,亿元,matched,156513332,2019
2019,,513333,14.3419,,色达县,亿元,matched,156513333,2019
2019,,513334,18.2706,,理塘县,亿元,matched,156513334,2019
2019,,513335,16.0614,,巴塘县,亿元,matched,156513335,2019
2019,,513336,14.0204,,乡城县,亿元,matched,156513336,2019
2019,,513337,13.0201,,稻城县,亿元,matched,156513337,2019
2019,,513338,10.6329,,得荣县,亿元,matched,156513338,2019
2019,,513401,567.3521,,西昌市,亿元,matched,156513401,2019
2019,,513402,,,会理市,亿元,no_data,156513402,2019
2019,,513422,51.3391,,木里藏族自治县,亿元,matched,156513422,2019
2019,,513423,132.7573,,盐源县,亿元,matched,156513423,2019
2019,,513424,75.9698,,德昌县,亿元,matched,156513424,2019
2019,,513426,133.5257,,会东县,亿元,matched,156513426,2019
2019,,513427,62.9167,,宁南县,亿元,matched,156513427,2019
2019,,513428,32.4647,,普格县,亿元,matched,156513428,2019
2019,,513429,33.1805,,布拖县,亿元,matched,156513429,2019
2019,,513430,39.2329,,金阳县,亿元,matched,156513430,2019
2019,,513431,39.1951,,昭觉县,亿元,matched,156513431,2019
2019,,513432,31.0291,,喜德县,亿元,matched,156513432,2019
2019,,513433,115.865,,冕宁县,亿元,matched,156513433,2019
2019,,513434,52.5727,,越西县,亿元,matched,156513434,2019
2019,,513435,39.5543,,甘洛县,亿元,matched,156513435,2019
2019,,513436,35.908,,美姑县,亿元,matched,156513436,2019
2019,,513437,70.1027,,雷波县,亿元,matched,156513437,2019
2019,,520102,,,南明区,亿元,no_data,156520102,2019
2019,,520103,,,云岩区,亿元,no_data,156520103,2019
2019,,520111,,,花溪区,亿元,no_data,156520111,2019
2019,,520112,,,乌当区,亿元,no_data,156520112,2019
2019,,520113,,,白云区,亿元,no_data,156520113,2019
2019,,520115,,,观山湖区,亿元,no_data,156520115,2019
2019,,520121,220.4361,,开阳县,亿元,matched,156520121,2019
2019,,520122,138.0493,,息烽县,亿元,matched,156520122,2019
2019,,520123,175.7,,修文县,亿元,matched,156520123,2019
2019,,520181,263.4262,,清镇市,亿元,matched,156520181,2019
2019,,520201,,,钟山区,亿元,no_data,156520201,2019
2019,,520203,124.5831,,六枝特区,亿元,matched,156520203,2019
2019,,520204,,,水城区,亿元,no_data,156520204,2019
2019,,520281,535.21,,盘州市,亿元,matched,156520281,2019
2019,,520302,,,红花岗区,亿元,no_data,156520302,2019
2019,,520303,,,汇川区,亿元,no_data,156520303,2019
2019,,520304,328.891,,播州区,亿元,matched,156520304,2019
2019,,520322,148.82,,桐梓县,亿元,matched,156520322,2019
2019,,520323,99.48,,绥阳县,亿元,matched,156520323,2019
2019,,520324,113.5617,,正安县,亿元,matched,156520324,2019
2019,,520325,73.1291,,道真仡佬族苗族自治县,亿元,matched,156520325,2019
2019,,520326,77.4378,,务川仡佬族苗族自治县,亿元,matched,156520326,2019
2019,,520327,76.6446,,凤冈县,亿元,matched,156520327,2019
2019,,520328,110.0504,,湄潭县,亿元,matched,156520328,2019
2019,,520329,76.8665,,余庆县,亿元,matched,156520329,2019
2019,,520330,186.7544,,习水县,亿元,matched,156520330,2019
2019,,520381,100.55,,赤水市,亿元,matched,156520381,2019
2019,,520382,1297.0432,,仁怀市,亿元,matched,156520382,2019
2019,,520402,,,西秀区,亿元,no_data,156520402,2019
2019,,520403,136.48,,平坝区,亿元,matched,156520403,2019
2019,,520422,132.7247,,普定县,亿元,matched,156520422,2019
2019,,520423,109.62,,镇宁布依族苗族自治县,亿元,matched,156520423,2019
2019,,520424,98.29,,关岭布依族苗族自治县,亿元,matched,156520424,2019
2019,,520425,73.54,,紫云苗族布依族自治县,亿元,matched,156520425,2019
2019,,520502,,,七星关区,亿元,no_data,156520502,2019
2019,,520521,214.81,,大方县,亿元,matched,156520521,2019
2019,,520523,226.1342,,金沙县,亿元,matched,156520523,2019
2019,,520524,206.81,,织金县,亿元,matched,156520524,2019
2019,,520525,164.6235,,纳雍县,亿元,matched,156520525,2019
2019,,520526,266.29,,威宁彝族回族苗族自治县,亿元,matched,156520526,2019
2019,,520527,142.6241,,赫章县,亿元,matched,156520527,2019
2019,,520581,,,黔西市,亿元,no_data,156520581,2019
2019,,520602,,,碧江区,亿元,no_data,156520602,2019
2019,,520603,71.25,,万山区,亿元,matched,156520603,2019
2019,,520621,67.1261,,江口县,亿元,matched,156520621,2019
2019,,520622,93.7637,,玉屏侗族自治县,亿元,matched,156520622,2019
2019,,520623,108.4331,,石阡县,亿元,matched,156520623,2019
2019,,520624,163.25,,思南县,亿元,matched,156520624,2019
2019,,520625,113.46,,印江土家族苗族自治县,亿元,matched,156520625,2019
2019,,520626,137.4,,德江县,亿元,matched,156520626,2019
2019,,520627,123.451,,沿河土家族自治县,亿元,matched,156520627,2019
2019,,520628,157.37,,松桃苗族自治县,亿元,matched,156520628,2019
2019,,522301,465.38,,兴义市,亿元,matched,156522301,2019
2019,,522302,182.4178,,兴仁市,亿元,matched,156522302,2019
2019,,522323,93.7374,,普安县,亿元,matched,156522323,2019
2019,,522324,82.26,,晴隆县,亿元,matched,156522324,2019
2019,,522325,143.05,,贞丰县,亿元,matched,156522325,2019
2019,,522326,93.2,,望谟县,亿元,matched,156522326,2019
2019,,522327,74.22,,册亨县,亿元,matched,156522327,2019
2019,,522328,138.5276,,安龙县,亿元,matched,156522328,2019
2019,,522601,271.9193,,凯里市,亿元,matched,156522601,2019
2019,,522622,65.05,,黄平县,亿元,matched,156522622,2019
2019,,522623,33.5038,,施秉县,亿元,matched,156522623,2019
2019,,522624,47.0577,,三穗县,亿元,matched,156522624,2019
2019,,522625,58.59,,镇远县,亿元,matched,156522625,2019
2019,,522626,55.539,,岑巩县,亿元,matched,156522626,2019
2019,,522627,76.8929,,天柱县,亿元,matched,156522627,2019
2019,,522628,56.5876,,锦屏县,亿元,matched,156522628,2019
2019,,522629,54.8212,,剑河县,亿元,matched,156522629,2019
2019,,522630,42.5559,,台江县,亿元,matched,156522630,2019
2019,,522631,92.4715,,黎平县,亿元,matched,156522631,2019
2019,,522632,79.1316,,榕江县,亿元,matched,156522632,2019
2019,,522633,68.4581,,从江县,亿元,matched,156522633,2019
2019,,522634,40.3716,,雷山县,亿元,matched,156522634,2019
2019,,522635,40.9411,,麻江县,亿元,matched,156522635,2019
2019,,522636,39.1381,,丹寨县,亿元,matched,156522636,2019
2019,,522701,213.5946,,都匀市,亿元,matched,156522701,2019
2019,,522702,183.2932,,福泉市,亿元,matched,156522702,2019
2019,,522722,70.2252,,荔波县,亿元,matched,156522722,2019
2019,,522723,117.5066,,贵定县,亿元,matched,156522723,2019
2019,,522725,146.4443,,瓮安县,亿元,matched,156522725,2019
2019,,522726,125.7416,,独山县,亿元,matched,156522726,2019
2019,,522727,86.0949,,平塘县,亿元,matched,156522727,2019
2019,,522728,75.68,,罗甸县,亿元,matched,156522728,2019
2019,,522729,79.7156,,长顺县,亿元,matched,156522729,2019
2019,,522730,201.2816,,龙里县,亿元,matched,156522730,2019
2019,,522731,134.2802,,惠水县,亿元,matched,156522731,2019
2019,,522732,84.1775,,三都水族自治县,亿元,matched,156522732,2019
2019,,530102,,,五华区,亿元,no_data,156530102,2019
2019,,530103,,,盘龙区,亿元,no_data,156530103,2019
2019,,530111,,,官渡区,亿元,no_data,156530111,2019
2019,,530112,,,西山区,亿元,no_data,156530112,2019
2019,,530113,,,东川区,亿元,no_data,156530113,2019
2019,,530114,476.7852,,呈贡区,亿元,matched,156530114,2019
2019,,530115,186.3663,,晋宁区,亿元,matched,156530115,2019
2019,,530124,100.0092,,富民县,亿元,matched,156530124,2019
2019,,530125,204.353,,宜良县,亿元,matched,156530125,2019
2019,,530126,115.3594,,石林彝族自治县,亿元,matched,156530126,2019
2019,,530127,146.6796,,嵩明县,亿元,matched,156530127,2019
2019,,530128,132.3797,,禄劝彝族苗族自治县,亿元,matched,156530128,2019
2019,,530129,133.0301,,寻甸回族彝族自治县,亿元,matched,156530129,2019
2019,,530181,575.14,,安宁市,亿元,matched,156530181,2019
2019,,530302,,,麒麟区,亿元,no_data,156530302,2019
2019,,530303,275.9868,,沾益区,亿元,matched,156530303,2019
2019,,530304,80.1726,,马龙区,亿元,matched,156530304,2019
2019,,530322,233.5524,,陆良县,亿元,matched,156530322,2019
2019,,530323,151.8244,,师宗县,亿元,matched,156530323,2019
2019,,530324,245.2949,,罗平县,亿元,matched,156530324,2019
2019,,530325,219.1817,,富源县,亿元,matched,156530325,2019
2019,,530326,247.7505,,会泽县,亿元,matched,156530326,2019
2019,,530381,360.2245,,宣威市,亿元,matched,156530381,2019
2019,,530402,,,红塔区,亿元,no_data,156530402,2019
2019,,530403,133.9362,,江川区,亿元,matched,156530403,2019
2019,,530423,156.7739,,通海县,亿元,matched,156530423,2019
2019,,530424,115.0327,,华宁县,亿元,matched,156530424,2019
2019,,530425,,,易门县,亿元,no_data,156530425,2019
2019,,530426,,,峨山彝族自治县,亿元,no_data,156530426,2019
2019,,530427,,,新平彝族傣族自治县,亿元,no_data,156530427,2019
2019,,530428,,,元江哈尼族彝族傣族自治县,亿元,no_data,156530428,2019
2019,,530481,,,澄江市,亿元,no_data,156530481,2019
2019,,530502,,,隆阳区,亿元,no_data,156530502,2019
2019,,530521,90.4965,,施甸县,亿元,matched,156530521,2019
2019,,530523,108.4637,,龙陵县,亿元,matched,156530523,2019
2019,,530524,147.7923,,昌宁县,亿元,matched,156530524,2019
2019,,530581,252.7299,,腾冲市,亿元,matched,156530581,2019
2019,,530602,338.4823,,昭阳区,亿元,matched,156530602,2019
2019,,530621,76.2392,,鲁甸县,亿元,matched,156530621,2019
2019,,530622,90.5652,,巧家县,亿元,matched,156530622,2019
2019,,530623,52.7626,,盐津县,亿元,matched,156530623,2019
2019,,530624,38.0748,,大关县,亿元,matched,156530624,2019
2019,,530625,128.2892,,永善县,亿元,matched,156530625,2019
2019,,530626,35.4487,,绥江县,亿元,matched,156530626,2019
2019,,530627,200.9911,,镇雄县,亿元,matched,156530627,2019
2019,,530628,95.4157,,彝良县,亿元,matched,156530628,2019
2019,,530629,63.6317,,威信县,亿元,matched,156530629,2019
2019,,530681,73.3674,,水富市,亿元,matched,156530681,2019
2019,,530702,,,古城区,亿元,no_data,156530702,2019
2019,,530721,,,玉龙纳西族自治县,亿元,matched,156530721,2019
2019,,530722,96.4101,,永胜县,亿元,matched,156530722,2019
2019,,530723,62.216,,华坪县,亿元,matched,156530723,2019
2019,,530724,58.2055,,宁蒗彝族自治县,亿元,matched,156530724,2019
2019,,530802,217.1683,,思茅区,亿元,matched,156530802,2019
2019,,530821,61.2801,,宁洱哈尼族彝族自治县,亿元,matched,156530821,2019
2019,,530822,78.5691,,墨江哈尼族自治县,亿元,matched,156530822,2019
2019,,530823,99.6729,,景东彝族自治县,亿元,matched,156530823,2019
2019,,530824,115.3894,,景谷傣族彝族自治县,亿元,matched,156530824,2019
2019,,530825,78.7317,,镇沅彝族哈尼族拉祜族自治县,亿元,matched,156530825,2019
2019,,530826,45.2798,,江城哈尼族彝族自治县,亿元,matched,156530826,2019
2019,,530827,45.8705,,孟连傣族拉祜族佤族自治县,亿元,matched,156530827,2019
2019,,530828,109.9695,,澜沧拉祜族自治县,亿元,matched,156530828,2019
2019,,530829,23.3398,,西盟佤族自治县,亿元,matched,156530829,2019
2019,,530902,162.848,,临翔区,亿元,matched,156530902,2019
2019,,530921,132.4417,,凤庆县,亿元,matched,156530921,2019
2019,,530922,121.1278,,云县,亿元,matched,156530922,2019
2019,,530923,76.4972,,永德县,亿元,matched,156530923,2019
2019,,530924,52.2496,,镇康县,亿元,matched,156530924,2019
2019,,530925,55.2274,,双江拉祜族佤族布朗族傣族自治县,亿元,matched,156530925,2019
2019,,530926,111.1586,,耿马傣族佤族自治县,亿元,matched,156530926,2019
2019,,530927,47.7098,,沧源佤族自治县,亿元,matched,156530927,2019
2019,,532301,460.6261,,楚雄市,亿元,matched,156532301,2019
2019,,532302,,,禄丰市,亿元,no_data,156532302,2019
2019,,532322,53.108,,双柏县,亿元,matched,156532322,2019
2019,,532323,68.5833,,牟定县,亿元,matched,156532323,2019
2019,,532324,85.2051,,南华县,亿元,matched,156532324,2019
2019,,532325,65.683,,姚安县,亿元,matched,156532325,2019
2019,,532326,97.5667,,大姚县,亿元,matched,156532326,2019
2019,,532327,49.8962,,永仁县,亿元,matched,156532327,2019
2019,,532328,84.4938,,元谋县,亿元,matched,156532328,2019
2019,,532329,97.2334,,武定县,亿元,matched,156532329,2019
2019,,532501,307.0802,,个旧市,亿元,matched,156532501,2019
2019,,532502,246.8739,,开远市,亿元,matched,156532502,2019
2019,,532503,355.1506,,蒙自市,亿元,matched,156532503,2019
2019,,532504,398.3758,,弥勒市,亿元,matched,156532504,2019
2019,,532523,56.5289,,屏边苗族自治县,亿元,matched,156532523,2019
2019,,532524,206.5471,,建水县,亿元,matched,156532524,2019
2019,,532525,120.3782,,石屏县,亿元,matched,156532525,2019
2019,,532527,123.1714,,泸西县,亿元,matched,156532527,2019
2019,,532528,74.0882,,元阳县,亿元,matched,156532528,2019
2019,,532529,63.467,,红河县,亿元,matched,156532529,2019
2019,,532530,79.8011,,金平苗族瑶族傣族自治县,亿元,matched,156532530,2019
2019,,532531,48.0341,,绿春县,亿元,matched,156532531,2019
2019,,532532,98.0341,,河口瑶族自治县,亿元,matched,156532532,2019
2019,,532601,309.6857,,文山市,亿元,matched,156532601,2019
2019,,532622,159.8987,,砚山县,亿元,matched,156532622,2019
2019,,532623,50.2393,,西畴县,亿元,matched,156532623,2019
2019,,532624,77.1947,,麻栗坡县,亿元,matched,156532624,2019
2019,,532625,112.2529,,马关县,亿元,matched,156532625,2019
2019,,532626,107.283,,丘北县,亿元,matched,156532626,2019
2019,,532627,148.5219,,广南县,亿元,matched,156532627,2019
2019,,532628,116.2472,,富宁县,亿元,matched,156532628,2019
2019,,532801,294.8331,,景洪市,亿元,matched,156532801,2019
2019,,532822,147.3851,,勐海县,亿元,matched,156532822,2019
2019,,532823,125.8766,,勐腊县,亿元,matched,156532823,2019
2019,,532901,467.9413,,大理市,亿元,matched,156532901,2019
2019,,532922,31.342,,漾濞彝族自治县,亿元,matched,156532922,2019
2019,,532923,175.3307,,祥云县,亿元,matched,156532923,2019
2019,,532924,129.3694,,宾川县,亿元,matched,156532924,2019
2019,,532925,73.734,,弥渡县,亿元,matched,156532925,2019
2019,,532926,72.0792,,南涧彝族自治县,亿元,matched,156532926,2019
2019,,532927,79.2729,,巍山彝族回族自治县,亿元,matched,156532927,2019
2019,,532928,56.3422,,永平县,亿元,matched,156532928,2019
2019,,532929,68.3279,,云龙县,亿元,matched,156532929,2019
2019,,532930,72.9553,,洱源县,亿元,matched,156532930,2019
2019,,532931,52.7155,,剑川县,亿元,matched,156532931,2019
2019,,532932,95.5235,,鹤庆县,亿元,matched,156532932,2019
2019,,533102,149.0795,,瑞丽市,亿元,matched,156533102,2019
2019,,533103,156.1941,,芒市,亿元,matched,156533103,2019
2019,,533122,35.2481,,梁河县,亿元,matched,156533122,2019
2019,,533123,110.3474,,盈江县,亿元,matched,156533123,2019
2019,,533124,62.792,,陇川县,亿元,matched,156533124,2019
2019,,533301,70.8473,,泸水市,亿元,matched,156533301,2019
2019,,533323,21.8725,,福贡县,亿元,matched,156533323,2019
2019,,533324,17.2354,,贡山独龙族怒族自治县,亿元,matched,156533324,2019
2019,,533325,82.6025,,兰坪白族普米族自治县,亿元,matched,156533325,2019
2019,,533401,152.6046,,香格里拉市,亿元,matched,156533401,2019
2019,,533422,39.465,,德钦县,亿元,matched,156533422,2019
2019,,533423,59.1305,,维西傈僳族自治县,亿元,matched,156533423,2019
2019,,540102,,,城关区,亿元,no_data,156540102,2019
2019,,540103,93.77,,堆龙德庆区,亿元,matched,156540103,2019
2019,,540104,15.31,,达孜区,亿元,matched,156540104,2019
2019,,540121,15.3,,林周县,亿元,matched,156540121,2019
2019,,540122,18.09,,当雄县,亿元,matched,156540122,2019
2019,,540123,8.68,,尼木县,亿元,matched,156540123,2019
2019,,540124,12.93,,曲水县,亿元,matched,156540124,2019
2019,,540127,27.73,,墨竹工卡县,亿元,matched,156540127,2019
2019,,540202,111.35,,桑珠孜区,亿元,matched,156540202,2019
2019,,540221,13.4,,南木林县,亿元,matched,156540221,2019
2019,,540222,23.61,,江孜县,亿元,matched,156540222,2019
2019,,540223,11.29,,定日县,亿元,matched,156540223,2019
2019,,540224,12.52,,萨迦县,亿元,matched,156540224,2019
2019,,540225,11.88,,拉孜县,亿元,matched,156540225,2019
2019,,540226,11.06,,昂仁县,亿元,matched,156540226,2019
2019,,540227,13.23,,谢通门县,亿元,matched,156540227,2019
2019,,540228,11.44,,白朗县,亿元,matched,156540228,2019
2019,,540229,6.38,,仁布县,亿元,matched,156540229,2019
2019,,540230,5.84,,康马县,亿元,matched,156540230,2019
2019,,540231,4.85,,定结县,亿元,matched,156540231,2019
2019,,540232,8.36,,仲巴县,亿元,matched,156540232,2019
2019,,540233,7.84,,亚东县,亿元,matched,156540233,2019
2019,,540234,8.11,,吉隆县,亿元,matched,156540234,2019
2019,,540235,8.16,,聂拉木县,亿元,matched,156540235,2019
2019,,540236,5.23,,萨嘎县,亿元,matched,156540236,2019
2019,,540237,4.93,,岗巴县,亿元,matched,156540237,2019
2019,,540302,71.5062,,卡若区,亿元,matched,156540302,2019
2019,,540321,23.1532,,江达县,亿元,matched,156540321,2019
2019,,540322,9.3753,,贡觉县,亿元,matched,156540322,2019
2019,,540323,12.3235,,类乌齐县,亿元,matched,156540323,2019
2019,,540324,16.3634,,丁青县,亿元,matched,156540324,2019
2019,,540325,14.7482,,察雅县,亿元,matched,156540325,2019
2019,,540326,10.7257,,八宿县,亿元,matched,156540326,2019
2019,,540327,13.1445,,左贡县,亿元,matched,156540327,2019
2019,,540328,25.7935,,芒康县,亿元,matched,156540328,2019
2019,,540329,13.479,,洛隆县,亿元,matched,156540329,2019
2019,,540330,10.3475,,边坝县,亿元,matched,156540330,2019
2019,,540402,72.36,,巴宜区,亿元,matched,156540402,2019
2019,,540421,17.05,,工布江达县,亿元,matched,156540421,2019
2019,,540422,,,米林市,亿元,no_data,156540422,2019
2019,,540423,6.86,,墨脱县,亿元,matched,156540423,2019
2019,,540424,27.4,,波密县,亿元,matched,156540424,2019
2019,,540425,10.34,,察隅县,亿元,matched,156540425,2019
2019,,540426,8.07,,朗县,亿元,matched,156540426,2019
2019,,540502,57.2217,,乃东区,亿元,matched,156540502,2019
2019,,540521,16.0579,,扎囊县,亿元,matched,156540521,2019
2019,,540522,18.8224,,贡嘎县,亿元,matched,156540522,2019
2019,,540523,18.2506,,桑日县,亿元,matched,156540523,2019
2019,,540524,5.3118,,琼结县,亿元,matched,156540524,2019
2019,,540525,8.2966,,曲松县,亿元,matched,156540525,2019
2019,,540526,7.8359,,措美县,亿元,matched,156540526,2019
2019,,540527,6.8005,,洛扎县,亿元,matched,156540527,2019
2019,,540528,18.1886,,加查县,亿元,matched,156540528,2019
2019,,540529,15.0978,,隆子县,亿元,matched,156540529,2019
2019,,540530,,,错那市,亿元,no_data,156540530,2019
2019,,540531,8.7701,,浪卡子县,亿元,matched,156540531,2019
2019,,540602,66.8706,,色尼区,亿元,matched,156540602,2019
2019,,540621,8.3209,,嘉黎县,亿元,matched,156540621,2019
2019,,540622,12.1854,,比如县,亿元,matched,156540622,2019
2019,,540623,8.1323,,聂荣县,亿元,matched,156540623,2019
2019,,540624,11.0922,,安多县,亿元,matched,156540624,2019
2019,,540625,6.74,,申扎县,亿元,matched,156540625,2019
2019,,540626,9.7679,,索县,亿元,matched,156540626,2019
2019,,540627,9.0054,,班戈县,亿元,matched,156540627,2019
2019,,540628,10.8871,,巴青县,亿元,matched,156540628,2019
2019,,540629,9.0805,,尼玛县,亿元,matched,156540629,2019
2019,,540630,5.4477,,双湖县,亿元,matched,156540630,2019
2019,,542521,3.7969,,普兰县,亿元,matched,156542521,2019
2019,,542522,3.6754,,札达县,亿元,matched,156542522,2019
2019,,542523,4.1305,,噶尔县,亿元,matched,156542523,2019
2019,,542524,4.3097,,日土县,亿元,matched,156542524,2019
2019,,542525,5.5302,,革吉县,亿元,matched,156542525,2019
2019,,542526,7.4259,,改则县,亿元,matched,156542526,2019
2019,,542527,4.2998,,措勤县,亿元,matched,156542527,2019
2019,,610102,,,新城区,亿元,no_data,156610102,2019
2019,,610103,,,碑林区,亿元,no_data,156610103,2019
2019,,610104,,,莲湖区,亿元,no_data,156610104,2019
2019,,610111,,,灞桥区,亿元,no_data,156610111,2019
2019,,610112,,,未央区,亿元,no_data,156610112,2019
2019,,610113,,,雁塔区,亿元,no_data,156610113,2019
2019,,610114,,,阎良区,亿元,no_data,156610114,2019
2019,,610115,,,临潼区,亿元,no_data,156610115,2019
2019,,610116,,,长安区,亿元,matched,156610116,2019
2019,,610117,,,高陵区,亿元,no_data,156610117,2019
2019,,610118,,,鄠邑区,亿元,no_data,156610118,2019
2019,,610122,149.23,,蓝田县,亿元,matched,156610122,2019
2019,,610124,137.15,,周至县,亿元,matched,156610124,2019
2019,,610202,,,王益区,亿元,no_data,156610202,2019
2019,,610203,,,印台区,亿元,no_data,156610203,2019
2019,,610204,174.91,,耀州区,亿元,matched,156610204,2019
2019,,610222,33.1865,,宜君县,亿元,matched,156610222,2019
2019,,610302,,,渭滨区,亿元,no_data,156610302,2019
2019,,610303,,,金台区,亿元,no_data,156610303,2019
2019,,610304,214.4061,,陈仓区,亿元,matched,156610304,2019
2019,,610305,,,凤翔区,亿元,no_data,156610305,2019
2019,,610323,179.3382,,岐山县,亿元,matched,156610323,2019
2019,,610324,147.1413,,扶风县,亿元,matched,156610324,2019
2019,,610326,161.2147,,眉县,亿元,matched,156610326,2019
2019,,610327,91.5529,,陇县,亿元,matched,156610327,2019
2019,,610328,67.6914,,千阳县,亿元,matched,156610328,2019
2019,,610329,140.61,,麟游县,亿元,matched,156610329,2019
2019,,610330,77.6599,,凤县,亿元,matched,156610330,2019
2019,,610331,30.2589,,太白县,亿元,matched,156610331,2019
2019,,610402,,,秦都区,亿元,no_data,156610402,2019
2019,,610403,,,杨陵区,亿元,no_data,156610403,2019
2019,,610404,,,渭城区,亿元,no_data,156610404,2019
2019,,610422,215.348,,三原县,亿元,matched,156610422,2019
2019,,610423,75.73,,泾阳县,亿元,matched,156610423,2019
2019,,610424,171.622,,乾县,亿元,matched,156610424,2019
2019,,610425,153.5,,礼泉县,亿元,matched,156610425,2019
2019,,610426,84.357,,永寿县,亿元,matched,156610426,2019
2019,,610428,102.245,,长武县,亿元,matched,156610428,2019
2019,,610429,88.387,,旬邑县,亿元,matched,156610429,2019
2019,,610430,77.52,,淳化县,亿元,matched,156610430,2019
2019,,610431,153.155,,武功县,亿元,matched,156610431,2019
2019,,610481,241.644,,兴平市,亿元,matched,156610481,2019
2019,,610482,231.103,,彬州市,亿元,matched,156610482,2019
2019,,610502,,,临渭区,亿元,no_data,156610502,2019
2019,,610503,99.3373,,华州区,亿元,matched,156610503,2019
2019,,610522,44.1972,,潼关县,亿元,matched,156610522,2019
2019,,610523,168.5611,,大荔县,亿元,matched,156610523,2019
2019,,610524,104.9762,,合阳县,亿元,matched,156610524,2019
2019,,610525,98.4934,,澄城县,亿元,matched,156610525,2019
2019,,610526,194.1567,,蒲城县,亿元,matched,156610526,2019
2019,,610527,84.5257,,白水县,亿元,matched,156610527,2019
2019,,610528,183.9644,,富平县,亿元,matched,156610528,2019
2019,,610581,351.8557,,韩城市,亿元,matched,156610581,2019
2019,,610582,70.7898,,华阴市,亿元,matched,156610582,2019
2019,,610602,,,宝塔区,亿元,no_data,156610602,2019
2019,,610603,114.631,,安塞区,亿元,matched,156610603,2019
2019,,610621,52.87,,延长县,亿元,matched,156610621,2019
2019,,610622,99.437,,延川县,亿元,matched,156610622,2019
2019,,610625,161.552,,志丹县,亿元,matched,156610625,2019
2019,,610626,178.726,,吴起县,亿元,matched,156610626,2019
2019,,610627,29.077,,甘泉县,亿元,matched,156610627,2019
2019,,610628,66.37,,富县,亿元,matched,156610628,2019
2019,,610629,243.873,,洛川县,亿元,matched,156610629,2019
2019,,610630,37.783,,宜川县,亿元,matched,156610630,2019
2019,,610631,18.669,,黄龙县,亿元,matched,156610631,2019
2019,,610632,185.925,,黄陵县,亿元,matched,156610632,2019
2019,,610681,111.065,,子长市,亿元,matched,156610681,2019
2019,,610702,,,汉台区,亿元,no_data,156610702,2019
2019,,610703,218.4111,,南郑区,亿元,matched,156610703,2019
2019,,610722,232.4408,,城固县,亿元,matched,156610722,2019
2019,,610723,163.158,,洋县,亿元,matched,156610723,2019
2019,,610724,116.7013,,西乡县,亿元,matched,156610724,2019
2019,,610725,147.0256,,勉县,亿元,matched,156610725,2019
2019,,610726,100.0117,,宁强县,亿元,matched,156610726,2019
2019,,610727,71.1655,,略阳县,亿元,matched,156610727,2019
2019,,610728,92.4474,,镇巴县,亿元,matched,156610728,2019
2019,,610729,18.6946,,留坝县,亿元,matched,156610729,2019
2019,,610730,11.4767,,佛坪县,亿元,matched,156610730,2019
2019,,610802,,,榆阳区,亿元,no_data,156610802,2019
2019,,610803,201.47,,横山区,亿元,matched,156610803,2019
2019,,610822,617.5064,,府谷县,亿元,matched,156610822,2019
2019,,610824,389.8506,,靖边县,亿元,matched,156610824,2019
2019,,610825,317.6191,,定边县,亿元,matched,156610825,2019
2019,,610826,90.5484,,绥德县,亿元,matched,156610826,2019
2019,,610827,65.5712,,米脂县,亿元,matched,156610827,2019
2019,,610828,57.5895,,佳县,亿元,matched,156610828,2019
2019,,610829,26.9128,,吴堡县,亿元,matched,156610829,2019
2019,,610830,61.41,,清涧县,亿元,matched,156610830,2019
2019,,610831,59.96,,子洲县,亿元,matched,156610831,2019
2019,,610881,1362.8777,,神木市,亿元,matched,156610881,2019
2019,,610902,,,汉滨区,亿元,no_data,156610902,2019
2019,,610921,112.5018,,汉阴县,亿元,matched,156610921,2019
2019,,610922,94.1383,,石泉县,亿元,matched,156610922,2019
2019,,610923,31.7203,,宁陕县,亿元,matched,156610923,2019
2019,,610924,109.5914,,紫阳县,亿元,matched,156610924,2019
2019,,610925,58.0189,,岚皋县,亿元,matched,156610925,2019
2019,,610926,103.8998,,平利县,亿元,matched,156610926,2019
2019,,610927,24.3411,,镇坪县,亿元,matched,156610927,2019
2019,,610929,79.8439,,白河县,亿元,matched,156610929,2019
2019,,610981,,,旬阳市,亿元,no_data,156610981,2019
2019,,611002,156.748,,商州区,亿元,matched,156611002,2019
2019,,611021,148.557,,洛南县,亿元,matched,156611021,2019
2019,,611022,98.018,,丹凤县,亿元,matched,156611022,2019
2019,,611023,91.415,,商南县,亿元,matched,156611023,2019
2019,,611024,152.878,,山阳县,亿元,matched,156611024,2019
2019,,611025,105.865,,镇安县,亿元,matched,156611025,2019
2019,,611026,83.73,,柞水县,亿元,matched,156611026,2019
2019,,620102,,,城关区,亿元,no_data,156620102,2019
2019,,620103,,,七里河区,亿元,no_data,156620103,2019
2019,,620104,,,西固区,亿元,no_data,156620104,2019
2019,,620105,,,安宁区,亿元,no_data,156620105,2019
2019,,620111,,,红古区,亿元,no_data,156620111,2019
2019,,620121,112.1474,,永登县,亿元,matched,156620121,2019
2019,,620122,75.7709,,皋兰县,亿元,matched,156620122,2019
2019,,620123,155.7086,,榆中县,亿元,matched,156620123,2019
2019,,620200,,,嘉峪关市,亿元,no_data,156620200,2019
2019,,620302,,,金川区,亿元,no_data,156620302,2019
2019,,620321,77.9663,,永昌县,亿元,matched,156620321,2019
2019,,620402,,,白银区,亿元,no_data,156620402,2019
2019,,620403,,,平川区,亿元,no_data,156620403,2019
2019,,620421,70.2073,,靖远县,亿元,matched,156620421,2019
2019,,620422,71.6809,,会宁县,亿元,matched,156620422,2019
2019,,620423,55.8687,,景泰县,亿元,matched,156620423,2019
2019,,620502,,,秦州区,亿元,no_data,156620502,2019
2019,,620503,,,麦积区,亿元,no_data,156620503,2019
2019,,620521,34.5917,,清水县,亿元,matched,156620521,2019
2019,,620522,73.4806,,秦安县,亿元,matched,156620522,2019
2019,,620523,73.2529,,甘谷县,亿元,matched,156620523,2019
2019,,620524,60.0311,,武山县,亿元,matched,156620524,2019
2019,,620525,28.7312,,张家川回族自治县,亿元,matched,156620525,2019
2019,,620602,314.4251,,凉州区,亿元,matched,156620602,2019
2019,,620621,72.0241,,民勤县,亿元,matched,156620621,2019
2019,,620622,56.2577,,古浪县,亿元,matched,156620622,2019
2019,,620623,45.7481,,天祝藏族自治县,亿元,matched,156620623,2019
2019,,620702,193.4544,,甘州区,亿元,matched,156620702,2019
2019,,620721,26.643,,肃南裕固族自治县,亿元,matched,156620721,2019
2019,,620722,58.6817,,民乐县,亿元,matched,156620722,2019
2019,,620723,54.5874,,临泽县,亿元,matched,156620723,2019
2019,,620724,57.7952,,高台县,亿元,matched,156620724,2019
2019,,620725,57.6071,,山丹县,亿元,matched,156620725,2019
2019,,620802,148.0671,,崆峒区,亿元,matched,156620802,2019
2019,,620821,38.1455,,泾川县,亿元,matched,156620821,2019
2019,,620822,29.9936,,灵台县,亿元,matched,156620822,2019
2019,,620823,39.5134,,崇信县,亿元,matched,156620823,2019
2019,,620825,63.6489,,庄浪县,亿元,matched,156620825,2019
2019,,620826,72.0838,,静宁县,亿元,matched,156620826,2019
2019,,620881,65.1281,,华亭市,亿元,matched,156620881,2019
2019,,620902,191.0594,,肃州区,亿元,matched,156620902,2019
2019,,620921,58.9545,,金塔县,亿元,matched,156620921,2019
2019,,620922,87.3,,瓜州县,亿元,matched,156620922,2019
2019,,620923,16.289,,肃北蒙古族自治县,亿元,matched,156620923,2019
2019,,620924,10.2303,,阿克塞哈萨克族自治县,亿元,matched,156620924,2019
2019,,620981,172.4886,,玉门市,亿元,matched,156620981,2019
2019,,620982,81.78,,敦煌市,亿元,matched,156620982,2019
2019,,621002,239.535,,西峰区,亿元,matched,156621002,2019
2019,,621021,76.067,,庆城县,亿元,matched,156621021,2019
2019,,621022,113.3689,,环县,亿元,matched,156621022,2019
2019,,621023,96.9599,,华池县,亿元,matched,156621023,2019
2019,,621024,58.6402,,合水县,亿元,matched,156621024,2019
2019,,621025,23.568,,正宁县,亿元,matched,156621025,2019
2019,,621026,57.2718,,宁县,亿元,matched,156621026,2019
2019,,621027,77.5267,,镇原县,亿元,matched,156621027,2019
2019,,621102,106.2641,,安定区,亿元,matched,156621102,2019
2019,,621121,52.6484,,通渭县,亿元,matched,156621121,2019
2019,,621122,72.0968,,陇西县,亿元,matched,156621122,2019
2019,,621123,36.8718,,渭源县,亿元,matched,156621123,2019
2019,,621124,76.2295,,临洮县,亿元,matched,156621124,2019
2019,,621125,23.6572,,漳县,亿元,matched,156621125,2019
2019,,621126,48.6109,,岷县,亿元,matched,156621126,2019
2019,,621202,135.87,,武都区,亿元,matched,156621202,2019
2019,,621221,64.2627,,成县,亿元,matched,156621221,2019
2019,,621222,49.1105,,文县,亿元,matched,156621222,2019
2019,,621223,29.5669,,宕昌县,亿元,matched,156621223,2019
2019,,621224,22.9347,,康县,亿元,matched,156621224,2019
2019,,621225,32.9737,,西和县,亿元,matched,156621225,2019
2019,,621226,41.6236,,礼县,亿元,matched,156621226,2019
2019,,621227,50.87,,徽县,亿元,matched,156621227,2019
2019,,621228,10.736,,两当县,亿元,matched,156621228,2019
2019,,622901,90.4348,,临夏市,亿元,matched,156622901,2019
2019,,622921,41.7072,,临夏县,亿元,matched,156622921,2019
2019,,622922,20.841,,康乐县,亿元,matched,156622922,2019
2019,,622923,51.3186,,永靖县,亿元,matched,156622923,2019
2019,,622924,17.136,,广河县,亿元,matched,156622924,2019
2019,,622925,25.4298,,和政县,亿元,matched,156622925,2019
2019,,622926,32.7072,,东乡族自治县,亿元,matched,156622926,2019
2019,,622927,23.9428,,积石山保安族东乡族撒拉族自治县,亿元,matched,156622927,2019
2019,,623001,55.3976,,合作市,亿元,matched,156623001,2019
2019,,623021,25.1048,,临潭县,亿元,matched,156623021,2019
2019,,623022,27.9023,,卓尼县,亿元,matched,156623022,2019
2019,,623023,28.3334,,舟曲县,亿元,matched,156623023,2019
2019,,623024,24.4435,,迭部县,亿元,matched,156623024,2019
2019,,623025,21.8386,,玛曲县,亿元,matched,156623025,2019
2019,,623026,13.5796,,碌曲县,亿元,matched,156623026,2019
2019,,623027,21.95,,夏河县,亿元,matched,156623027,2019
2019,,629700,,,中农发山丹马场,亿元,no_data,156629700,2019
2019,,629800,,,莲花山风景林自然保护区,亿元,no_data,156629800,2019
2019,,629900,,,太子山天然林保护区,亿元,no_data,156629900,2019
2019,,630102,,,城东区,亿元,no_data,156630102,2019
2019,,630103,,,城中区,亿元,no_data,156630103,2019
2019,,630104,,,城西区,亿元,no_data,156630104,2019
2019,,630105,,,城北区,亿元,no_data,156630105,2019
2019,,630106,,,湟中区,亿元,matched,156630106,2019
2019,,630121,112.1148,,大通回族土族自治县,亿元,matched,156630121,2019
2019,,630123,25.1089,,湟源县,亿元,matched,156630123,2019
2019,,630202,106.6055,,乐都区,亿元,matched,156630202,2019
2019,,630203,70.8344,,平安区,亿元,matched,156630203,2019
2019,,630222,103.4898,,民和回族土族自治县,亿元,matched,156630222,2019
2019,,630223,110.604,,互助土族自治县,亿元,matched,156630223,2019
2019,,630224,50.6246,,化隆回族自治县,亿元,matched,156630224,2019
2019,,630225,36.0199,,循化撒拉族自治县,亿元,matched,156630225,2019
2019,,632221,33.736,,门源回族自治县,亿元,matched,156632221,2019
2019,,632222,18.3697,,祁连县,亿元,matched,156632222,2019
2019,,632223,20.593,,海晏县,亿元,matched,156632223,2019
2019,,632224,18.674,,刚察县,亿元,matched,156632224,2019
2019,,632301,35.8484,,同仁市,亿元,matched,156632301,2019
2019,,632322,24.4658,,尖扎县,亿元,matched,156632322,2019
2019,,632323,18.5124,,泽库县,亿元,matched,156632323,2019
2019,,632324,18.41,,河南蒙古族自治县,亿元,matched,156632324,2019
2019,,632521,83.4257,,共和县,亿元,matched,156632521,2019
2019,,632522,14.9784,,同德县,亿元,matched,156632522,2019
2019,,632523,33.0202,,贵德县,亿元,matched,156632523,2019
2019,,632524,24.3149,,兴海县,亿元,matched,156632524,2019
2019,,632525,18.9209,,贵南县,亿元,matched,156632525,2019
2019,,632621,16.8749,,玛沁县,亿元,matched,156632621,2019
2019,,632622,4.6755,,班玛县,亿元,matched,156632622,2019
2019,,632623,3.9162,,甘德县,亿元,matched,156632623,2019
2019,,632624,4.2219,,达日县,亿元,matched,156632624,2019
2019,,632625,5.2225,,久治县,亿元,matched,156632625,2019
2019,,632626,3.6117,,玛多县,亿元,matched,156632626,2019
2019,,632701,17.0709,,玉树市,亿元,matched,156632701,2019
2019,,632722,11.8837,,杂多县,亿元,matched,156632722,2019
2019,,632723,5.8895,,称多县,亿元,matched,156632723,2019
2019,,632724,7.2842,,治多县,亿元,matched,156632724,2019
2019,,632725,10.231,,囊谦县,亿元,matched,156632725,2019
2019,,632726,7.4605,,曲麻莱县,亿元,matched,156632726,2019
2019,,632801,377.2747,,格尔木市,亿元,matched,156632801,2019
2019,,632802,87.3316,,德令哈市,亿元,matched,156632802,2019
2019,,632803,68.001,,茫崖市,亿元,matched,156632803,2019
2019,,632821,22.9,,乌兰县,亿元,matched,156632821,2019
2019,,632822,40.4152,,都兰县,亿元,matched,156632822,2019
2019,,632823,20.04,,天峻县,亿元,matched,156632823,2019
2019,,632857,,,大柴旦行政委员会,亿元,no_data,156632857,2019
2019,,640104,,,兴庆区,亿元,no_data,156640104,2019
2019,,640105,,,西夏区,亿元,no_data,156640105,2019
2019,,640106,,,金凤区,亿元,no_data,156640106,2019
2019,,640121,100.8884,,永宁县,亿元,matched,156640121,2019
2019,,640122,138.9486,,贺兰县,亿元,matched,156640122,2019
2019,,640181,517.3836,,灵武市,亿元,matched,156640181,2019
2019,,640202,,,大武口区,亿元,no_data,156640202,2019
2019,,640205,,,惠农区,亿元,no_data,156640205,2019
2019,,640221,167.6937,,平罗县,亿元,matched,156640221,2019
2019,,640302,,,利通区,亿元,no_data,156640302,2019
2019,,640303,,,红寺堡区,亿元,no_data,156640303,2019
2019,,640323,105.64,,盐池县,亿元,matched,156640323,2019
2019,,640324,91.8329,,同心县,亿元,matched,156640324,2019
2019,,640381,126.4699,,青铜峡市,亿元,matched,156640381,2019
2019,,640402,,,原州区,亿元,no_data,156640402,2019
2019,,640422,69.5381,,西吉县,亿元,matched,156640422,2019
2019,,640423,31.707,,隆德县,亿元,matched,156640423,2019
2019,,640424,20.4172,,泾源县,亿元,matched,156640424,2019
2019,,640425,64.1928,,彭阳县,亿元,matched,156640425,2019
2019,,640502,,,沙坡头区,亿元,no_data,156640502,2019
2019,,640521,,,中宁县,亿元,no_data,156640521,2019
2019,,640522,,,海原县,亿元,no_data,156640522,2019
2019,,650102,,,天山区,亿元,no_data,156650102,2019
2019,,650103,,,沙依巴克区,亿元,no_data,156650103,2019
2019,,650104,,,新市区,亿元,no_data,156650104,2019
2019,,650105,,,水磨沟区,亿元,no_data,156650105,2019
2019,,650106,,,头屯河区,亿元,no_data,156650106,2019
2019,,650107,,,达坂城区,亿元,no_data,156650107,2019
2019,,650109,,,米东区,亿元,no_data,156650109,2019
2019,,650121,26.8343,,乌鲁木齐县,亿元,matched,156650121,2019
2019,,650202,,,独山子区,亿元,no_data,156650202,2019
2019,,650203,,,克拉玛依区,亿元,no_data,156650203,2019
2019,,650204,,,白碱滩区,亿元,no_data,156650204,2019
2019,,650205,,,乌尔禾区,亿元,no_data,156650205,2019
2019,,650402,117.8872,,高昌区,亿元,matched,156650402,2019
2019,,650421,163.6841,,鄯善县,亿元,matched,156650421,2019
2019,,650422,102.9096,,托克逊县,亿元,matched,156650422,2019
2019,,650502,449.5518,,伊州区,亿元,matched,156650502,2019
2019,,650521,78.6806,,巴里坤哈萨克自治县,亿元,matched,156650521,2019
2019,,650522,70.0,,伊吾县,亿元,matched,156650522,2019
2019,,652301,402.0391,,昌吉市,亿元,matched,156652301,2019
2019,,652302,193.8518,,阜康市,亿元,matched,156652302,2019
2019,,652323,144.5213,,呼图壁县,亿元,matched,156652323,2019
2019,,652324,146.6743,,玛纳斯县,亿元,matched,156652324,2019
2019,,652325,167.9838,,奇台县,亿元,matched,156652325,2019
2019,,652327,251.85,,吉木萨尔县,亿元,matched,156652327,2019
2019,,652328,40.2519,,木垒哈萨克自治县,亿元,matched,156652328,2019
2019,,652701,164.55,,博乐市,亿元,matched,156652701,2019
2019,,652702,79.4863,,阿拉山口市,亿元,matched,156652702,2019
2019,,652722,83.2299,,精河县,亿元,matched,156652722,2019
2019,,652723,27.0255,,温泉县,亿元,matched,156652723,2019
2019,,652801,,,库尔勒市,亿元,no_data,156652801,2019
2019,,652822,,,轮台县,亿元,no_data,156652822,2019
2019,,652823,,,尉犁县,亿元,no_data,156652823,2019
2019,,652824,,,若羌县,亿元,no_data,156652824,2019
2019,,652825,,,且末县,亿元,no_data,156652825,2019
2019,,652826,,,焉耆回族自治县,亿元,no_data,156652826,2019
2019,,652827,,,和静县,亿元,no_data,156652827,2019
2019,,652828,,,和硕县,亿元,no_data,156652828,2019
2019,,652829,,,博湖县,亿元,no_data,156652829,2019
2019,,652901,240.3808,,阿克苏市,亿元,matched,156652901,2019
2019,,652902,269.53,,库车市,亿元,matched,156652902,2019
2019,,652922,80.6214,,温宿县,亿元,matched,156652922,2019
2019,,652924,79.5809,,沙雅县,亿元,matched,156652924,2019
2019,,652925,55.2271,,新和县,亿元,matched,156652925,2019
2019,,652926,80.54,,拜城县,亿元,matched,156652926,2019
2019,,652927,36.0922,,乌什县,亿元,matched,156652927,2019
2019,,652928,59.685,,阿瓦提县,亿元,matched,156652928,2019
2019,,652929,12.9,,柯坪县,亿元,matched,156652929,2019
2019,,653001,64.7309,,阿图什市,亿元,matched,156653001,2019
2019,,653022,44.6108,,阿克陶县,亿元,matched,156653022,2019
2019,,653023,13.7511,,阿合奇县,亿元,matched,156653023,2019
2019,,653024,35.9579,,乌恰县,亿元,matched,156653024,2019
2019,,653101,227.9354,,喀什市,亿元,matched,156653101,2019
2019,,653121,47.0425,,疏附县,亿元,matched,156653121,2019
2019,,653122,68.7475,,疏勒县,亿元,matched,156653122,2019
2019,,653123,45.676,,英吉沙县,亿元,matched,156653123,2019
2019,,653124,44.6131,,泽普县,亿元,matched,156653124,2019
2019,,653125,120.2148,,莎车县,亿元,matched,156653125,2019
2019,,653126,99.939,,叶城县,亿元,matched,156653126,2019
2019,,653127,58.2777,,麦盖提县,亿元,matched,156653127,2019
2019,,653128,32.1663,,岳普湖县,亿元,matched,156653128,2019
2019,,653129,64.9084,,伽师县,亿元,matched,156653129,2019
2019,,653130,69.3673,,巴楚县,亿元,matched,156653130,2019
2019,,653131,16.7819,,塔什库尔干塔吉克自治县,亿元,matched,156653131,2019
2019,,653201,107.6629,,和田市,亿元,matched,156653201,2019
2019,,653221,42.4588,,和田县,亿元,matched,156653221,2019
2019,,653222,73.4462,,墨玉县,亿元,matched,156653222,2019
2019,,653223,37.4786,,皮山县,亿元,matched,156653223,2019
2019,,653224,39.4884,,洛浦县,亿元,matched,156653224,2019
2019,,653225,25.2861,,策勒县,亿元,matched,156653225,2019
2019,,653226,38.0605,,于田县,亿元,matched,156653226,2019
2019,,653227,13.7653,,民丰县,亿元,matched,156653227,2019
2019,,654002,272.9426,,伊宁市,亿元,matched,156654002,2019
2019,,654003,187.1945,,奎屯市,亿元,matched,156654003,2019
2019,,654004,193.4642,,霍尔果斯市,亿元,matched,156654004,2019
2019,,654021,86.1604,,伊宁县,亿元,matched,156654021,2019
2019,,654022,62.5971,,察布查尔锡伯自治县,亿元,matched,156654022,2019
2019,,654023,90.9233,,霍城县,亿元,matched,156654023,2019
2019,,654024,54.2875,,巩留县,亿元,matched,156654024,2019
2019,,654025,109.951,,新源县,亿元,matched,156654025,2019
2019,,654026,43.1377,,昭苏县,亿元,matched,156654026,2019
2019,,654027,34.3695,,特克斯县,亿元,matched,156654027,2019
2019,,654028,55.6775,,尼勒克县,亿元,matched,156654028,2019
2019,,654201,90.15,,塔城市,亿元,matched,156654201,2019
2019,,654202,205.1268,,乌苏市,亿元,matched,156654202,2019
2019,,654203,,,沙湾市,亿元,no_data,156654203,2019
2019,,654221,,,额敏县,亿元,no_data,156654221,2019
2019,,654224,,,托里县,亿元,no_data,156654224,2019
2019,,654225,,,裕民县,亿元,no_data,156654225,2019
2019,,654226,,,和布克赛尔蒙古自治县,亿元,no_data,156654226,2019
2019,,654301,,,阿勒泰市,亿元,no_data,156654301,2019
2019,,654321,,,布尔津县,亿元,no_data,156654321,2019
2019,,654322,,,富蕴县,亿元,no_data,156654322,2019
2019,,654323,,,福海县,亿元,no_data,156654323,2019
2019,,654324,,,哈巴河县,亿元,no_data,156654324,2019
2019,,654325,,,青河县,亿元,no_data,156654325,2019
2019,,654326,,,吉木乃县,亿元,no_data,156654326,2019
2019,,659001,359.3599,,石河子市,亿元,matched,156659001,2019
2019,,659002,309.4865,,阿拉尔市,亿元,matched,156659002,2019
2019,,659003,174.885,,图木舒克市,亿元,matched,156659003,2019
2019,,659004,182.1279,,五家渠市,亿元,matched,156659004,2019
2019,,659005,47.34,,北屯市,亿元,matched,156659005,2019
2019,,659006,76.4292,,铁门关市,亿元,matched,156659006,2019
2019,,659007,,,双河市,亿元,no_data,156659007,2019
2019,,659008,,,可克达拉市,亿元,no_data,156659008,2019
2019,,659009,,,昆玉市,亿元,no_data,156659009,2019
2019,,659010,,,胡杨河市,亿元,no_data,156659010,2019
2019,,659011,,,新星市,亿元,no_data,156659011,2019
2019,,659012,,,白杨市,亿元,no_data,156659012,2019
2019,,710001,,,高雄市,亿元,no_data,156710001,2019
2019,,710003,,,花莲县,亿元,no_data,156710003,2019
2019,,710004,,,基隆市,亿元,no_data,156710004,2019
2019,,710005,,,嘉义市,亿元,no_data,156710005,2019
2019,,710006,,,嘉义县,亿元,no_data,156710006,2019
2019,,710007,,,苗栗县,亿元,no_data,156710007,2019
2019,,710008,,,南投县,亿元,no_data,156710008,2019
2019,,710009,,,台北市,亿元,no_data,156710009,2019
2019,,710010,,,澎湖县,亿元,no_data,156710010,2019
2019,,710011,,,屏东县,亿元,no_data,156710011,2019
2019,,710012,,,新北市,亿元,no_data,156710012,2019
2019,,710013,,,台东县,亿元,no_data,156710013,2019
2019,,710014,,,台南市,亿元,no_data,156710014,2019
2019,,710016,,,台中市,亿元,no_data,156710016,2019
2019,,710018,,,桃园市,亿元,no_data,156710018,2019
2019,,710019,,,新竹市,亿元,no_data,156710019,2019
2019,,710020,,,新竹县,亿元,no_data,156710020,2019
2019,,710021,,,宜兰县,亿元,no_data,156710021,2019
2019,,710022,,,云林县,亿元,no_data,156710022,2019
2019,,710023,,,彰化县,亿元,no_data,156710023,2019
2019,,810101,,,中西区,亿元,no_data,156810101,2019
2019,,810102,,,东区,亿元,no_data,156810102,2019
2019,,810103,,,九龙城区,亿元,no_data,156810103,2019
2019,,810104,,,观塘区,亿元,no_data,156810104,2019
2019,,810105,,,南区,亿元,no_data,156810105,2019
2019,,810106,,,深水埗区,亿元,no_data,156810106,2019
2019,,810107,,,湾仔区,亿元,no_data,156810107,2019
2019,,810108,,,黄大仙区,亿元,no_data,156810108,2019
2019,,810109,,,油尖旺区,亿元,no_data,156810109,2019
2019,,810110,,,离岛区,亿元,no_data,156810110,2019
2019,,810111,,,葵青区,亿元,no_data,156810111,2019
2019,,810112,,,北区,亿元,no_data,156810112,2019
2019,,810113,,,西贡区,亿元,no_data,156810113,2019
2019,,810114,,,沙田区,亿元,no_data,156810114,2019
2019,,810115,,,屯门区,亿元,no_data,156810115,2019
2019,,810116,,,大埔区,亿元,no_data,156810116,2019
2019,,810117,,,荃湾区,亿元,no_data,156810117,2019
2019,,810118,,,元朗区,亿元,no_data,156810118,2019
2019,,820000,,,澳门特别行政区,亿元,no_data,156820000,2019
