county_code,county,ntl_mean,ntl_sum,ntl_max,ntl_median,year
540324,丁青县,0.01592204,927.8900868,24.7125206,0.0,2024
520502,七星关区,0.456699497,7041.634629,52.71550751,0.0,2024
450305,七星区,9.986497526,3082.655554,41.2451973,7.370083305,2024
620103,七里河区,4.213630335,8212.877768,100.2509155,0.00557219,2024
130708,万全区,0.772806492,4736.276416,23.71187782,0.0,2024
469006,万宁市,1.021186331,8119.348401,52.45205688,0.0,2024
360828,万安县,0.11228052,1026.306918,15.13974476,0.0,2024
520603,万山区,0.328996656,1254.935168,48.15439224,0.0,2024
500101,万州区,0.664248998,10691.40281,116.2381744,0.000857,2024
361129,万年县,0.443457963,2338.717302,31.66016006,0.0,2024
140109,万柏林区,15.76890787,23072.20024,253.2209625,1.415451574,2024
511781,万源市,0.086014202,1655.227626,35.04891968,0.0,2024
450403,万秀区,1.892059072,3679.246132,35.17792892,0.0,2024
140822,万荣县,0.626067476,3325.680254,36.35661697,0.0,2024
360922,万载县,0.454538651,3581.882218,38.76200485,0.0,2024
350404,三元区,1.598730459,8262.709225,56.59197617,0.0,2024
610422,三原县,1.593427494,4472.576011,62.95218277,1.123554168,2024
510722,三台县,0.427082459,5316.168361,32.96023178,0.0,2024
440607,三水区,7.892047505,28518.14578,68.44847107,5.749542633,2024
450226,三江侗族自治县,0.097986452,1050.354825,20.87656593,0.0,2024
131082,三河市,5.362082458,17741.44863,78.07756042,2.223213687,2024
522624,三穗县,0.290903677,1338.670272,35.45622635,0.0,2024
522732,三都水族自治县,0.119929848,1269.911288,21.16684341,0.0,2024
331022,三门县,2.102704176,9942.945915,75.03677368,1.227257702,2024
140404,上党区,2.997216445,7195.58795,38.68829727,1.61281443,2024
330102,上城区,45.16966476,25168.18293,90.50300598,47.75817625,2024
450621,上思县,0.154442941,1884.927646,22.1744442,0.0,2024
350823,上杭县,0.696788577,8825.660743,60.22661591,0.0,2024
450125,上林县,0.296126644,2420.845766,21.55034637,0.0,2024
360322,上栗县,1.18399629,3924.353383,32.82393646,0.0,2024
360724,上犹县,0.329095593,2264.746819,38.3743248,0.0,2024
411722,上蔡县,1.261510463,9161.163185,79.79280853,0.846034723,2024
330604,上虞区,5.260104793,33206.34021,62.16246796,2.637303614,2024
410106,上街区,7.02927086,2132.074332,23.36152458,4.961198648,2024
360923,上高县,0.666205805,4089.628432,46.9575386,0.0,2024
130706,下花园区,0.866094165,1437.678952,22.75855255,0.0,2024
420204,下陆区,14.03341087,4054.665147,54.19282913,12.47871113,2024
652825,且末县,0.006576468,4631.005583,99.77861786,6.54e-05,2024
532626,丘北县,0.088382046,1957.76387,29.29265404,0.0,2024
130403,丛台区,7.862873939,15568.70624,79.82010651,2.706110941,2024
220421,东丰县,0.268284679,3686.445067,56.92950058,0.0,2024
120110,东丽区,21.83805048,53415.52892,206.3589783,17.58613962,2024
152525,东乌珠穆沁旗,0.015485788,4047.735357,23.01763535,0.0,2024
361003,东乡区,0.821216409,4745.510125,40.14092255,0.0,2024
622926,东乡族自治县,0.259405835,1934.395416,18.3136692,0.0,2024
130923,东光县,1.278196935,4687.534128,30.63863945,0.937073075,2024
451224,东兰县,0.068765638,736.8782818,19.19238663,0.0,2024
511011,东兴区,1.18112394,6467.190866,68.05901337,0.0,2024
450681,东兴市,1.856253127,4032.436941,48.9503746,0.0,2024
510402,东区,7.566662925,5597.194095,247.4278107,2.427565443,2024
810102,东区,24.6490845,2149.980147,73.55553436,18.65552521,2024
320981,东台市,1.522659172,18065.03143,67.25842285,0.000635,2024
511402,东坡区,1.99246061,12299.9516,72.37049866,0.0,2024
110101,东城区,49.84114139,10828.23229,201.4727325,44.3535097,2024
231086,东宁市,0.093608218,3698.279722,78.82507324,0.004935544,2024
231002,东安区,1.918766752,6253.479056,121.6371307,0.000356,2024
431122,东安县,0.179235898,1776.675487,29.11669159,0.0,2024
420802,东宝区,0.688283311,5323.107555,59.06864548,0.0,2024
230406,东山区,0.093761423,2417.530179,20.11347008,0.0,2024
350626,东山县,6.913218084,6593.664745,50.19990921,3.876965415,2024
530113,东川区,0.273249799,2288.982494,21.16345215,0.0,2024
370923,东平县,0.929425434,6172.438228,57.4892807,0.686966355,2024
469007,东方市,2.900415312,28036.92717,103.9128799,0.791209203,2024
220502,东昌区,2.322193783,5062.136567,52.04954147,0.0,2024
371502,东昌府区,4.815160128,34637.48616,79.96996307,1.720159743,2024
371728,东明县,2.257113241,14544.15617,152.3880157,0.331696462,2024
150202,东河区,4.041319439,9935.560069,61.0725174,0.873822719,2024
210403,东洲区,2.568457396,8294.072697,132.8669586,0.189041104,2024
320722,东海县,1.705369074,17016.15256,55.40439987,1.113944715,2024
371102,东港区,3.568663306,21774.24814,131.3032074,1.384300602,2024
210681,东港市,1.076604722,11950.57418,63.76160812,0.0,2024
360102,东湖区,20.8448818,5098.004131,129.3815613,9.226235631,2024
441625,东源县,0.35916127,6334.516059,40.20355606,0.0,2024
150602,东胜区,1.72704507,19372.26455,90.05292511,0.005134439,2024
341721,东至县,0.25628406,3865.807851,28.35187149,0.0,2024
441900,东莞市,23.15669263,248107.5248,149.6643982,21.49268965,2024
370502,东营区,6.816920382,37868.07292,65.63087463,2.727296077,2024
420112,东西湖区,14.36460617,32595.48834,74.87526703,7.709500591,2024
220422,东辽县,0.294390429,3533.505977,61.10265732,0.0,2024
330783,东阳市,4.127085088,33193.25521,77.9150238,1.249084284,2024
371524,东阿县,1.099265881,3965.681417,28.68013,0.93866965,2024
230805,东风区,4.84925197,4651.74479,61.2013588,1.109870829,2024
621228,两当县,0.029618423,204.7816584,5.874614239,0.0,2024
532501,个旧市,0.770618022,5254.291259,70.36457062,0.012309505,2024
629700,中农发山丹马场,0.0052563,54.18773656,1.604063869,0.0,2024
410102,中原区,25.73222289,24777.30514,78.79223633,24.25505106,2024
640521,中宁县,0.549198466,9324.015879,58.35809708,0.0,2024
210202,中山区,27.81791307,6706.407938,139.5513763,18.34850998,2024
442000,中山市,14.47077341,110621.345,76.60207367,11.74480452,2024
431221,中方县,0.243974678,1673.765795,20.62691689,0.0,2024
510623,中江县,0.858574577,8837.82663,45.88837814,0.0,2024
410122,中牟县,6.116269625,41461.92795,217.7855988,2.444215972,2024
410803,中站区,4.162244335,2606.756498,34.11688995,1.383205656,2024
810101,中西区,42.75704255,2007.06588,102.6650925,30.75322151,2024
141129,中阳县,1.116794052,8090.467794,92.52145386,0.007192827,2024
130207,丰南区,3.314772421,22395.90239,66.22969055,1.750315251,2024
320321,丰县,1.983227886,14049.51299,54.59159851,0.896803855,2024
110106,丰台区,28.54357092,45669.15379,141.4963379,24.41663419,2024
360981,丰城市,0.696655856,9002.394599,55.94526291,0.0,2024
130826,丰宁满族自治县,0.155440296,7243.804289,70.81250763,0.007933998,2024
230724,丰林县,0.046494254,844.2654596,12.80841064,0.0,2024
350503,丰泽区,28.3854204,14785.6872,117.9137268,24.35068798,2024
130208,丰润区,3.49151701,22145.32317,72.32715607,1.716802923,2024
220211,丰满区,1.948651037,12583.84583,129.7820587,0.079439402,2024
500230,丰都县,0.30598551,4100.484215,99.14653778,0.000535,2024
150981,丰镇市,0.599232759,8510.667885,58.69131851,0.0,2024
441423,丰顺县,0.520784966,6198.731897,35.76116943,0.0,2024
141124,临县,0.337093015,5135.779972,20.87051582,0.0,2024
130522,临城县,0.739143326,2925.508996,21.51173592,0.0,2024
622921,临夏县,0.635997483,3202.070244,29.26164627,0.0,2024
622901,临夏市,11.96360969,5209.143323,187.2722778,6.54456013,2024
330112,临安区,1.261193717,18376.48765,55.60238647,0.0,2024
361002,临川区,1.226322632,11853.53357,66.3456192,0.001457173,2024
330113,临平区,21.89487659,29045.65743,150.1534729,18.56192519,2024
370724,临朐县,1.412990807,12871.42643,69.56595612,0.0,2024
450312,临桂区,0.671887373,6709.599049,35.45547104,0.0,2024
431025,临武县,0.185947053,1156.791929,11.58810139,0.0,2024
220681,临江市,0.115469885,1865.541418,55.55584717,0.0,2024
371329,临沭县,1.366056674,6663.345889,25.4546051,1.059444346,2024
150802,临河区,0.894544266,11056.49697,83.40039063,0.006245818,2024
341221,临泉县,1.78526823,15871.04157,60.45908737,1.119454654,2024
620723,临泽县,0.11228525,1585.839369,13.34534168,0.0,2024
621124,临洮县,0.340495205,4787.150269,45.51969147,0.0,2024
331082,临海市,2.781681272,27990.66234,98.68414307,0.821341108,2024
370305,临淄区,5.872426875,19512.02491,91.04095459,2.744708692,2024
371581,临清市,1.851601793,8775.038605,40.84234619,1.112801755,2024
610502,临渭区,2.268145483,13942.58381,61.37350845,0.0,2024
430682,临湘市,0.334618233,2649.530792,20.7605629,0.0,2024
130423,临漳县,1.094541323,4121.068265,32.80827332,0.88434113,2024
623021,临潭县,0.161348312,1105.080285,31.1392765,0.0,2024
610115,临潼区,2.575246264,11494.01081,37.6289978,1.373508834,2024
430724,临澧县,0.505745446,2811.044257,31.56846619,0.0,2024
140821,临猗县,0.757918792,5047.263597,59.01312637,0.0,2024
530902,临翔区,0.539093687,6052.104625,65.66548157,0.020417304,2024
130535,临西县,1.024943269,2812.830192,17.92920303,0.935766924,2024
371424,临邑县,1.632275218,8353.056408,51.1680603,0.891013436,2024
411122,临颍县,2.094064997,8111.217054,120.7349319,0.871992336,2024
469024,临高县,0.890713837,4981.01848,46.12604523,0.0,2024
611022,丹凤县,0.109915743,1277.341629,8.930422783,0.0,2024
522636,丹寨县,0.301924839,1272.171557,24.63682175,0.0,2024
513323,丹巴县,0.052825107,1113.990983,33.87181091,0.0,2024
321112,丹徒区,4.003935407,11597.815,42.56011581,2.365648695,2024
511424,丹棱县,0.650353388,1346.909921,32.81467438,0.0,2024
420381,丹江口市,0.351268398,5238.588217,38.843853,0.0,2024
321181,丹阳市,4.477082279,22147.40619,83.26381683,2.23556166,2024
540502,乃东区,0.67321048,6775.480673,132.5377197,0.042123965,2024
632625,久治县,0.023691988,945.0632848,27.10730171,0.0,2024
330782,义乌市,14.87414429,75457.7589,156.8073425,5.490405225,2024
210727,义县,0.387327176,5130.292744,36.93389511,0.0,2024
340706,义安区,1.942759081,7209.441814,52.95995712,0.887995596,2024
411281,义马市,4.552675831,2218.724249,59.28636169,1.835468078,2024
652927,乌什县,0.089615491,4309.255403,36.3927002,0.0,2024
632821,乌兰县,0.025400967,1557.579954,32.88465118,0.0,2024
152201,乌兰浩特市,0.916595544,12264.86433,79.17640686,0.002783735,2024
150626,乌审旗,0.373495339,22339.53252,172.2788239,0.053312227,2024
650205,乌尔禾区,0.504850788,6466.754515,151.8810272,0.060330076,2024
520112,乌当区,1.16640928,3582.706151,24.02713966,0.0,2024
653024,乌恰县,0.049670292,4963.824624,73.29312134,0.001732207,2024
150824,乌拉特中旗,0.046593723,5715.07282,58.89022064,0.0,2024
150823,乌拉特前旗,0.152498355,6043.543885,53.48348618,0.0,2024
150825,乌拉特后旗,0.03301795,4334.259776,82.18486786,0.000891,2024
230718,乌翠区,0.074184142,1067.206662,12.52498245,0.0,2024
654202,乌苏市,0.151984672,12255.65233,61.20901489,0.0,2024
150304,乌达区,8.280531982,8878.938427,118.0368881,2.748872226,2024
650121,乌鲁木齐县,0.531723946,12348.73397,108.5961914,0.002261631,2024
451028,乐业县,0.071155979,832.6050408,22.94610214,0.0,2024
469027,乐东黎族自治县,2.161642925,25365.20975,102.4712143,0.002287533,2024
130225,乐亭县,3.166254273,23622.11938,126.6293335,0.867711637,2024
361025,乐安县,0.18449113,2010.955484,34.88672638,0.0,2024
360281,乐平市,0.677083831,6159.235122,41.68736267,0.0,2024
440281,乐昌市,0.344553912,3669.504569,24.35750771,0.0,2024
330382,乐清市,6.243412171,36814.21866,73.44670868,2.230628077,2024
512022,乐至县,0.456619557,3014.802871,35.91835785,0.0,2024
630202,乐都区,1.144973639,14110.33633,174.4528351,0.062821812,2024
371481,乐陵市,1.338008006,7898.660039,37.0660553,0.872824032,2024
150207,九原区,6.10994063,26265.24506,164.369278,1.371386972,2024
220113,九台区,1.130115971,21286.7758,134.086853,0.104994507,2024
513225,九寨沟县,0.059562715,1506.806116,23.62161064,0.0,2024
513324,九龙县,0.041324628,1282.781112,23.16503525,0.0,2024
500107,九龙坡区,10.96890024,21552.68454,69.83041382,6.23312374,2024
810103,九龙城区,78.07176988,3344.533389,119.4513092,77.8186264,2024
520330,习水县,0.310902239,4369.712683,60.52602005,0.0,2024
513336,乡城县,0.024450491,555.4248255,16.31540108,0.0,2024
141029,乡宁县,0.434238483,4333.652382,45.90071487,0.0,2024
371083,乳山市,1.002887631,8245.462868,112.8270493,0.75699524,2024
440232,乳源瑶族自治县,0.309142524,3143.912793,26.73058891,0.0,2024
610424,乾县,0.67763838,3301.015713,27.57376289,0.0,2024
220723,乾安县,0.219741593,4373.717712,22.49835014,0.0,2024
410103,二七区,18.8633007,14165.15525,111.3238602,10.74503829,2024
152501,二连浩特市,0.200669525,4440.913376,82.74838257,0.002129539,2024
220105,二道区,12.30700691,34532.49613,137.3674469,2.418325671,2024
220503,二道江区,0.675916137,1344.344184,22.08203125,0.0,2024
210114,于洪区,7.144834202,19199.31828,72.70640564,2.740987653,2024
653226,于田县,0.027434582,5384.286094,71.81414032,0.000353,2024
360731,于都县,0.509545709,6577.190035,45.24614716,0.0,2024
140214,云冈区,4.120979647,15888.68752,114.9281998,1.737784439,2024
530922,云县,0.163527813,2640.069969,49.55397797,0.0,2024
331125,云和县,0.55480535,2502.25263,26.6351738,0.0,2024
445302,云城区,1.820728286,6258.514288,34.46173859,0.658662874,2024
445303,云安区,0.89498303,4602.2765,32.02659225,0.0,2024
520103,云岩区,14.62992091,6123.339056,65.9393692,13.83756906,2024
140215,云州区,1.573478419,12149.27115,62.99147415,0.0,2024
710022,云林县,6.927709471,40809.26194,180.4137878,4.466853274,2024
420923,云梦县,1.110966019,3143.776785,22.63904953,0.706314065,2024
430603,云溪区,5.291305656,9344.694791,179.6730499,1.45707858,2024
500235,云阳县,0.247617859,4212.173998,26.69487572,0.0,2024
350622,云霄县,2.62243892,11818.2421,84.924263,1.241194377,2024
320303,云龙区,21.5979906,12423.92648,147.535141,19.60628785,2024
532929,云龙县,0.077982194,1523.032311,16.10437775,0.0,2024
630223,互助土族自治县,0.41634858,6990.451838,76.02423096,0.005432605,2024
530102,五华区,7.086245332,11847.95209,84.42114258,0.776865655,2024
441424,五华县,0.643386954,9145.107206,40.18229675,0.0,2024
150821,五原县,0.183359081,2440.208807,15.90339279,0.0,2024
140922,五台县,0.334864411,4939.493007,51.93976593,0.0,2024
231182,五大连池市,0.099909544,5296.756589,55.00384521,0.0,2024
659004,五家渠市,2.237029805,9282.331472,58.51226044,0.64983528,2024
140928,五寨县,0.405097339,2902.020434,32.78172302,0.0,2024
420529,五峰土家族自治县,0.082298539,902.268579,11.19262314,0.0,2024
230184,五常市,0.155716321,6617.911895,34.24371338,0.0,2024
469001,五指山市,0.311003366,1512.717935,25.97371292,0.0,2024
340322,五河县,0.934488082,6386.800937,45.66186905,0.672815737,2024
371121,五莲县,0.654830852,4836.218592,14.11861229,0.0,2024
511112,五通桥区,2.773504789,5937.181881,110.3071823,0.0,2024
360881,井冈山市,0.245545111,1565.492593,18.60931206,0.0,2024
511124,井研县,0.341835811,1326.83503,33.82452011,0.0,2024
130121,井陉县,0.689946824,4821.986948,46.19272232,0.0,2024
130107,井陉矿区,3.072112816,1102.683693,21.07497978,1.803823983,2024
540233,亚东县,0.032137509,623.3090107,16.84032822,0.0,2024
141130,交口县,0.375337817,2371.374023,27.61109924,0.0,2024
141122,交城县,0.663428372,6127.936973,96.45520782,0.006570935,2024
321102,京口区,14.81525542,22595.29798,64.92803955,10.28794783,2024
420882,京山市,0.230368267,3798.175573,16.28058243,0.0,2024
320902,亭湖区,8.459694085,40869.11388,100.0257797,2.226589743,2024
510682,什邡市,1.395486077,5366.880749,39.19388199,0.0,2024
440224,仁化县,0.293258422,2864.445914,32.05318451,0.0,2024
510411,仁和区,0.799593351,6161.957976,118.9893112,0.013783234,2024
511421,仁寿县,1.272652268,15373.82405,73.33596802,0.0,2024
540229,仁布县,0.046207951,450.5186416,13.32769108,0.0,2024
520382,仁怀市,0.953890126,7738.667441,96.62154388,0.0,2024
140781,介休市,3.329531407,12318.5089,77.44771576,1.243769389,2024
440117,从化区,2.055407645,17881.49035,43.29278946,0.875408315,2024
522633,从江县,0.090148188,1312.522619,25.74642754,0.0,2024
350104,仓山区,32.52238595,21097.46307,73.16667938,32.25080033,2024
331024,仙居县,0.813187926,7445.68578,47.66179276,0.0,2024
429004,仙桃市,0.991826476,11597.48921,53.6856575,0.0,2024
350322,仙游县,1.924272967,15743.58643,57.28783798,0.0,2024
140923,代县,0.306660478,2735.642361,13.46661663,0.0,2024
321081,仪征市,4.367820001,18706.87633,73.6604538,1.734039092,2024
511324,仪陇县,0.458375909,3856.681425,47.4891243,0.0,2024
540232,仲巴县,0.005036226,1020.854635,11.97737885,0.0,2024
130982,任丘市,3.513090617,18795.40678,67.08766937,1.718889823,2024
370811,任城区,8.556285166,36161.74676,87.27326965,4.238300361,2024
130505,任泽区,1.553462501,3379.408416,15.54980183,1.281463377,2024
650522,伊吾县,0.151943325,16392.09045,134.2866364,0.012223303,2024
654021,伊宁县,0.320898779,7981.414566,41.86312866,0.0,2024
654002,伊宁市,8.068204332,28707.62022,146.226181,1.418450546,2024
410329,伊川县,1.442914708,7423.156764,37.87520218,0.887287104,2024
650502,伊州区,0.084950218,36046.96947,85.34774017,0.001522674,2024
230717,伊美区,0.155509425,2568.930931,39.01193619,0.0,2024
220323,伊通满族自治县,0.507318003,7037.015979,91.98486328,0.000685,2024
150627,伊金霍洛旗,0.726995664,20657.44779,143.8232422,0.11901889,2024
420503,伍家岗区,12.27183705,4817.441977,31.84665298,12.55130334,2024
341022,休宁县,0.135630523,1329.375926,19.70673943,0.0,2024
513426,会东县,0.361270925,5185.143076,85.79183197,0.016430577,2024
431225,会同县,0.10229062,1038.143088,21.04476166,0.0,2024
620422,会宁县,0.128572137,3598.639323,53.88052368,0.0,2024
360733,会昌县,0.259742277,3124.762742,30.74874687,0.0,2024
530326,会泽县,0.288540538,7608.585423,69.44847107,0.01382824,2024
513402,会理市,0.213548753,4318.347707,40.5412941,0.0,2024
653129,伽师县,0.209094518,7094.724579,43.59088135,0.0,2024
330281,余姚市,6.502475222,44458.21359,77.21031952,2.73043118,2024
361127,余干县,0.316879134,3413.622104,30.87612152,0.0,2024
520329,余庆县,0.15937562,1168.067041,22.56941223,0.0,2024
330110,余杭区,9.006472359,39434.46837,85.79040527,3.739587825,2024
360603,余江区,0.593057328,2510.648891,19.80202866,0.0,2024
441821,佛冈县,1.154227861,6566.587883,36.79366302,0.0,2024
610730,佛坪县,0.039657496,241.9760412,5.102327824,0.0,2024
610828,佳县,0.425075048,4354.082055,44.89357376,0.0,2024
230123,依兰县,0.098070134,2613.122559,21.68750191,0.0,2024
230223,依安县,0.124610151,2721.529667,17.45723915,0.0,2024
141081,侯马市,5.672299419,6131.822405,66.06147766,2.253900909,2024
469029,保亭黎族苗族自治县,0.321981472,1572.648423,22.39294815,0.0,2024
420626,保康县,0.092758232,1407.946285,14.46475029,0.0,2024
140931,保德县,0.782811926,3977.197252,56.34251785,0.0,2024
433125,保靖县,0.097282684,781.2902077,13.33686256,0.0,2024
360722,信丰县,0.428954712,5480.653421,37.93125153,0.0,2024
440983,信宜市,0.549375264,7356.785422,43.50542068,0.0,2024
361102,信州区,6.152476273,8942.901728,69.23539734,1.729438522,2024
130503,信都区,1.325682361,12618.27621,51.99824524,0.0,2024
520123,修文县,0.754913043,3646.825049,33.6319046,0.0,2024
410821,修武县,1.876091523,5698.153461,34.62750626,0.877481014,2024
360424,修水县,0.141529328,2931.715645,35.34021759,0.0,2024
410307,偃师区,2.580288881,8353.599242,39.32242203,1.37277809,2024
140932,偏关县,0.136923482,1184.979843,12.12422848,0.0,2024
460400,儋州市,1.772652709,24986.80512,218.1310883,0.172122551,2024
210602,元宝区,3.884343138,1927.776651,37.29566574,1.622619716,2024
150403,元宝山区,1.921340132,9657.054839,59.67147827,0.873762468,2024
810118,元朗区,19.83196719,12676.04902,79.13405609,13.36439683,2024
130132,元氏县,1.551942117,5299.279811,39.20436478,1.131777737,2024
530428,元江哈尼族彝族傣族自治县,0.240448852,2865.481773,40.49485779,0.0,2024
532328,元谋县,0.298820426,2690.443182,56.75434494,0.0,2024
532528,元阳县,0.124098083,1200.061558,27.114851,0.0,2024
411522,光山县,0.417393086,3614.696149,40.06511688,0.0,2024
440311,光明区,28.55070287,19554.99219,109.7596359,29.24321907,2024
350723,光泽县,0.184698867,1887.443514,50.2872467,0.0,2024
230230,克东县,0.17799699,2215.601128,24.48205566,0.0,2024
150425,克什克腾旗,0.05211778,5411.10318,99.68206787,0.003083696,2024
230229,克山县,0.116077179,2216.26022,18.07468796,0.0,2024
650203,克拉玛依区,1.565694702,30526.69958,889.2857666,0.312654048,2024
370812,兖州区,4.330299405,13888.35701,60.03290939,2.115185947,2024
360729,全南县,0.23942789,1631.873832,26.53930664,0.0,2024
450324,全州县,0.110913795,1957.177873,22.35724449,0.0,2024
341124,全椒县,1.39138696,10312.15805,50.58018112,0.0,2024
340405,八公山区,2.669400103,861.3683062,13.12128735,1.970056475,2024
540326,八宿县,0.033431685,1913.800492,40.69081879,0.0,2024
451102,八步区,0.384910041,6151.405864,56.18283081,0.0,2024
220184,公主岭市,0.775257673,17803.87758,65.0141983,0.000301,2024
421022,公安县,0.696748653,7278.127139,36.41218948,0.0,2024
320116,六合区,5.294914623,37450.16285,171.6000671,1.460919118,2024
520203,六枝特区,0.319665152,2572.972274,43.20631027,0.0,2024
533325,兰坪白族普米族自治县,0.128426901,2521.284467,33.24052048,0.0,2024
371302,兰山区,9.022992375,39490.41766,71.89125061,3.739921412,2024
330781,兰溪市,2.304471255,13935.9962,34.96682358,1.129054347,2024
410225,兰考县,1.899164951,10189.93603,52.98470306,0.881396013,2024
231222,兰西县,0.174809185,2516.584567,20.778162,0.0,2024
371324,兰陵县,1.651215341,13822.8287,96.63452911,1.221173985,2024
632521,共和县,0.070928437,5874.76547,62.46164703,0.0,2024
360482,共青城市,2.758711515,3909.840691,26.58823013,1.313689268,2024
520424,关岭布依族苗族自治县,0.185193904,1209.549317,15.44320011,0.0,2024
450924,兴业县,0.514120384,3287.699051,31.88630867,0.0,2024
522301,兴义市,0.641648365,8233.926223,43.78354645,0.0,2024
522302,兴仁市,0.21641962,1712.26281,39.48706436,0.0,2024
321281,兴化市,1.501391909,17189.4654,41.33810043,1.122029507,2024
141123,兴县,0.305017003,4882.920314,56.89524078,0.0,2024
150924,兴和县,0.171051005,3184.315016,40.63028336,0.0,2024
360732,兴国县,0.289623338,4177.966571,39.55891037,0.0,2024
211481,兴城市,0.945383849,10172.17079,52.07790375,0.0,2024
450102,兴宁区,2.901190279,9175.793598,64.93858337,0.0,2024
441481,兴宁市,0.784386289,7159.447406,33.00457764,0.0,2024
230405,兴安区,2.594168984,1924.85304,48.50836182,1.127003904,2024
450325,兴安县,0.140804302,1463.371931,17.32394791,0.0,2024
451302,兴宾区,0.593237746,11465.78508,50.25709152,0.0,2024
230407,兴山区,1.486229738,254.1044868,17.81410789,0.687744971,2024
420526,兴山县,0.12787403,1389.099596,21.82866096,0.0,2024
610481,兴平市,3.559236975,8752.763906,72.84347534,1.724312519,2024
640104,兴庆区,6.716842932,22164.42269,95.40490723,1.245439224,2024
511528,兴文县,0.302499691,1904.579571,29.89196014,0.0,2024
632524,兴海县,0.021993997,1319.710519,16.86378098,0.0,2024
130822,兴隆县,0.262110817,4336.079721,42.98148346,0.0,2024
211103,兴隆台区,10.89738498,14528.09451,108.413414,4.233900151,2024
131103,冀州区,0.622160308,2876.688716,12.42320919,0.0,2024
130523,内丘县,0.683182079,2704.795544,12.77054882,0.0,2024
411325,内乡县,0.592363295,6542.678148,58.57478333,0.0,2024
410527,内黄县,1.825693805,10259.15342,48.07040024,1.113440316,2024
522327,册亨县,0.073979976,847.9480385,17.61216927,0.0,2024
513433,冕宁县,0.178616571,3605.166041,46.75040817,0.0,2024
220122,农安县,0.238771345,7007.972675,26.68196869,0.0,2024
371525,冠县,1.746576302,10103.12199,52.4804039,0.885483056,2024
431381,冷水江市,1.025257873,2039.925435,22.97613525,0.0,2024
431103,冷水滩区,1.532945413,8360.521971,69.34490204,0.000221,2024
150622,准格尔旗,0.892401244,35145.5362,318.0232849,0.250097752,2024
150925,凉城县,0.14342505,2597.373106,23.37185669,0.0,2024
620602,凉州区,0.474889638,11833.42106,79.60839081,0.002969082,2024
451027,凌云县,0.059515738,537.634838,10.88471031,0.0,2024
210703,凌河区,21.99987633,4704.177478,69.21100616,19.31287503,2024
210781,凌海市,0.459420642,6241.479848,26.98332024,0.0,2024
211382,凌源市,0.617151422,10787.93997,73.76881409,0.011507708,2024
520327,凤冈县,0.207625495,1779.282099,46.38711929,0.0,2024
433123,凤凰县,0.244066121,1930.044259,35.92990112,0.0,2024
610330,凤县,0.077752629,1175.772814,10.17412567,0.0,2024
340421,凤台县,1.704421742,8868.774725,38.75691986,1.130736149,2024
210682,凤城市,0.190331278,5536.815985,45.24176407,0.0,2024
451223,凤山县,0.095402694,728.4583101,10.1318655,0.0,2024
530921,凤庆县,0.186337516,2736.205654,42.53672791,0.0,2024
410704,凤泉区,4.773382399,2734.137281,31.68474197,3.814206206,2024
610305,凤翔区,0.670842823,4028.169123,50.92598343,0.0,2024
341126,凤阳县,1.255249704,11603.54304,54.21993256,0.0,2024
451481,凭祥市,0.57909352,1601.095932,23.38392258,0.0,2024
522601,凯里市,1.082346198,7648.104418,50.89923477,0.0,2024
360521,分宜县,0.338310256,2120.859037,23.10066986,0.0,2024
632224,刚察县,0.020858609,1015.899632,19.96438599,0.0,2024
422802,利川市,0.169009655,3627.900278,40.29857635,0.0,2024
510802,利州区,1.364230881,9972.228145,49.52593231,0.0,2024
370522,利津县,2.060286202,12319.33995,89.17356873,1.234851637,2024
341623,利辛县,0.888074063,8522.961708,63.23582077,0.886172204,2024
640302,利通区,2.277254335,12750.39167,62.58337784,0.646644815,2024
230804,前进区,18.70236883,2934.291655,94.98236084,8.771895595,2024
220721,前郭尔罗斯蒙古族自治县,0.293585594,9934.551972,85.89874268,0.003686901,2024
511603,前锋区,2.018202206,4744.690497,47.80059052,0.0,2024
532931,剑川县,0.198359029,1987.750382,54.20576477,0.0,2024
522629,剑河县,0.077626774,762.2982732,20.07943535,0.0,2024
510823,剑阁县,0.115341465,1746.235851,21.96891785,0.0,2024
540528,加查县,0.048230368,975.5953796,33.45810699,0.0,2024
520326,务川仡佬族苗族自治县,0.131785799,1667.826807,38.19950485,0.0,2024
230921,勃利县,0.257085567,3524.720749,45.34640503,0.0,2024
610725,勉县,0.407387215,4650.019919,40.80076218,0.0,2024
532822,勐海县,0.293823656,6817.121329,53.67570877,0.0,2024
532823,勐腊县,0.352678055,10416.5884,128.5650787,0.039810644,2024
340111,包河区,22.86686928,31869.15218,86.11351776,20.64277181,2024
440982,化州市,1.047283915,10691.54489,50.39025116,0.0,2024
150922,化德县,0.189511601,2585.040055,37.9990387,0.0,2024
630224,化隆回族自治县,0.189489894,2545.801186,89.4938736,0.007507728,2024
330206,北仑区,21.59248733,60447.9566,324.8676147,10.98224356,2024
410503,北关区,7.74838516,3551.221655,45.66064835,4.871597634,2024
810112,北区,10.89634289,7464.678569,90.48348236,5.729993734,2024
430511,北塔区,4.384439903,1666.809306,29.43437195,2.547164613,2024
231181,北安市,0.108584787,4675.589821,43.38851547,0.0,2024
659005,北屯市,0.810169932,4337.846797,54.88533783,0.0,2024
510726,北川羌族自治县,0.100366762,1463.748469,17.27601242,0.0,2024
130304,北戴河区,5.937359545,5053.414769,38.11097336,3.90700614,2024
231202,北林区,0.802973561,12910.74738,65.05391693,0.000781,2024
450981,北流市,0.696875827,7444.601484,42.06054688,0.0,2024
431002,北湖区,1.667913616,6060.602864,44.37409973,0.0,2024
500109,北碚区,4.452879508,15479.57123,47.20815277,1.377119908,2024
211381,北票市,0.238082373,5652.639466,17.06663322,0.0,2024
120113,北辰区,13.85057767,34175.83871,96.35739136,8.214803647,2024
210782,北镇市,0.742453043,6725.657923,100.2194366,0.002316312,2024
210311,千山区,1.591859078,2868.405207,33.03718567,1.122664226,2024
610328,千阳县,0.231414802,1126.243206,34.96509171,0.0,2024
620881,华亭市,0.657959892,3881.29508,37.85213089,0.0,2024
530723,华坪县,0.179522673,1734.790248,34.82368851,0.0,2024
530424,华宁县,0.348264158,1911.845944,39.22501373,0.0,2024
350629,华安县,0.612714674,3461.7442,23.7708931,0.0,2024
420703,华容区,5.549663821,12227.4546,70.98181915,2.21612734,2024
430623,华容县,0.234885215,1721.444263,35.16889572,0.0,2024
610503,华州区,0.831902583,4567.533404,43.07648468,0.0,2024
621023,华池县,0.528301059,9968.226785,43.45323181,0.0,2024
511681,华蓥市,1.008964686,2171.818248,31.16812134,0.0,2024
610582,华阴市,1.059365807,3485.824495,32.86959457,0.0,2024
410902,华龙区,9.15476829,18111.18327,72.42185974,3.719090903,2024
623022,卓尼县,0.031399685,783.9764876,12.73884583,0.0,2024
150921,卓资县,0.193603716,3181.010024,54.40938568,0.0,2024
371722,单县,1.836451743,14506.0531,49.67556763,0.891611079,2024
361023,南丰县,0.280348125,2417.013117,48.29331589,0.0,2024
451221,南丹县,0.151658149,2652.863215,36.33972931,0.0,2024
410923,南乐县,2.077302627,6334.119315,38.73654175,1.112667141,2024
220102,南关区,23.44782096,69099.99274,317.5541077,2.792668548,2024
810105,南区,14.09940775,2428.305058,75.325737,8.750194525,2024
532324,南华县,0.314343227,3158.920142,63.1463623,0.0,2024
430921,南县,0.263485624,1602.532995,15.32018852,0.0,2024
411321,南召县,0.267733635,3774.146556,19.81805038,0.0,2024
130506,南和区,2.75132239,5631.169298,41.91077805,1.365867988,2024
361021,南城县,0.203707073,1580.174935,20.79870224,0.0,2024
350583,南安市,4.579042414,40787.12896,66.71701813,2.238222595,2024
130581,南宫市,1.202177029,5218.113041,32.57519913,0.873580665,2024
440305,南山区,32.21219217,24207.14661,176.3799744,31.57739898,2024
230404,南山区,7.769091521,1414.888668,48.50836182,5.167215551,2024
230726,南岔县,0.046773071,817.5417391,15.19284725,0.0,2024
230103,南岗区,27.67644512,26927.44454,185.2377472,7.640459083,2024
430412,南岳区,1.481632703,1205.636487,34.01501465,0.0,2024
500108,南岸区,14.23460058,17076.99911,63.73153305,9.910537074,2024
500119,南川区,0.404412561,4810.271721,39.21222687,0.0,2024
360703,南康区,1.672388695,13006.35051,77.33746338,0.002833323,2024
120104,南开区,60.34939765,13161.13864,118.4961243,61.29786348,2024
710008,南投县,1.623147614,29265.48516,56.63964081,0.0,2024
360121,南昌县,4.816087428,39806.58684,73.42008209,1.243721776,2024
520102,南明区,13.10460718,12248.38812,134.2710571,9.486325953,2024
540221,南木林县,0.015181235,569.0957409,6.255715847,0.0,2024
511922,南江县,0.090821627,1455.516648,29.61699677,0.0,2024
460322,南沙区,0.017757556,374.1506582,18.97485352,0.0,2024
440115,南沙区,15.26585442,48252.43237,218.037735,10.48167748,2024
330503,南浔区,6.495229995,21442.71552,87.42590332,3.73815678,2024
440605,南海区,17.83458821,83623.86629,113.3339844,14.24078872,2024
532926,南涧彝族自治县,0.240957989,1852.803458,37.62672424,0.0,2024
330402,南湖区,15.61434017,32002.53929,68.54953003,10.21857532,2024
511503,南溪区,1.359232193,4399.786637,36.89143372,0.0,2024
420624,南漳县,0.166652208,3026.700149,25.14644623,0.0,2024
440523,南澳县,3.788695848,1788.82903,37.29079437,2.096699189,2024
130927,南皮县,1.342924456,5436.247726,32.93328857,1.113490016,2024
211404,南票区,0.4986259,2666.045139,17.79422188,0.0,2024
210505,南芬区,0.594829241,1947.657548,12.96078777,0.0,2024
341103,南谯区,3.599446288,19828.77087,67.10157013,0.0,2024
610703,南郑区,0.389237268,5258.566492,54.93817139,0.0,2024
511321,南部县,0.44851029,4666.879723,66.33787537,0.0,2024
340223,南陵县,1.329647678,7820.706069,41.28736496,0.0,2024
440282,南雄市,0.30116547,3077.914649,33.95133591,0.0,2024
350627,南靖县,1.107538764,9595.759283,50.25279999,0.0,2024
652701,博乐市,0.322727162,12044.94843,72.6346283,0.001486694,2024
371625,博兴县,3.516032286,15960.2771,116.6927872,1.737068053,2024
370304,博山区,1.233031249,4294.304527,29.88090897,0.692587835,2024
340506,博望区,1.693983254,3102.653226,22.30391884,1.067340027,2024
652829,博湖县,0.067378554,1289.862277,11.95368385,0.0,2024
410822,博爱县,1.828843262,3825.789494,27.39048004,0.829318659,2024
450923,博白县,0.370028176,6150.042409,32.12326813,0.0,2024
441322,博罗县,3.3210835,41508.00861,88.74082184,1.237813471,2024
130637,博野县,1.193407636,2015.000933,11.86203098,1.029311149,2024
540302,卡若区,0.065676688,3342.531312,64.39598846,0.003677013,2024
411224,卢氏县,0.208635112,3695.746834,32.58349609,0.0,2024
130324,卢龙县,0.903063887,4490.547155,26.71120071,0.697800132,2024
411303,卧龙区,2.245925977,10930.91292,57.98688507,0.679273121,2024
410403,卫东区,8.701667821,4433.277948,43.24500656,4.777224764,2024
410703,卫滨区,10.40861257,3283.570312,53.20149612,6.859977555,2024
410781,卫辉市,1.43201531,6036.427488,29.83509636,0.819231205,2024
610203,印台区,0.607249428,1805.373982,21.57638931,0.0,2024
520625,印江土家族苗族自治县,0.197762594,1773.763731,36.08436203,0.0,2024
370215,即墨区,3.318174189,30498.69226,57.20059967,1.364733024,2024
370102,历下区,32.61099193,16208.17453,79.1370163,36.14751961,2024
370112,历城区,7.952807307,51680.46063,272.9251099,2.953376855,2024
640402,原州区,0.806576719,10926.68849,67.10083771,0.006538406,2024
140981,原平市,0.675219616,8851.475136,53.91464996,0.0,2024
410725,原阳县,2.06903533,13258.12687,33.81747437,1.376199006,2024
230719,友好区,0.018738807,333.826703,4.820624352,0.0,2024
230522,友谊县,0.134284086,1320.948346,16.11441422,0.0,2024
211102,双台子区,12.66783427,7647.596385,563.8104248,1.835262724,2024
230113,双城区,0.488504819,8762.086799,33.57946396,0.0,2024
211302,双塔区,2.435164164,6583.089106,46.90338898,0.652314733,2024
431321,双峰县,0.425892944,3070.955356,40.33047867,0.0,2024
532322,双柏县,0.069174957,1188.009893,29.84816742,0.0,2024
130802,双桥区,2.897650194,10061.60736,67.09473419,0.778478643,2024
530925,双江拉祜族佤族布朗族傣族自治县,0.188402218,1782.879008,65.85197449,0.012860134,2024
659007,双河市,0.551495407,2296.033259,22.03046417,0.0,2024
510116,双流区,15.98661693,79689.02232,158.3527222,9.455943582,2024
430502,双清区,6.044832966,3708.30353,32.79502869,3.124814414,2024
540630,双湖县,0.004187641,2362.454224,8.503583908,1.3e-07,2024
130803,双滦区,2.441934125,5883.567352,43.71383286,0.873957525,2024
431123,双牌县,0.102336567,790.6619487,13.64215183,0.0,2024
220382,双辽市,0.431982971,7416.796951,63.91781616,0.0,2024
220112,双阳区,1.629589864,15099.06394,105.9995041,0.82000308,2024
511504,叙州区,1.041573586,12268.09075,61.07118607,0.0,2024
510524,叙永县,0.118319724,1592.773257,29.16591072,0.0,2024
450303,叠彩区,8.18067774,1840.62041,39.26830673,4.109692629,2024
433126,古丈县,0.08117824,477.5387988,12.31807518,0.0,2024
140181,古交市,0.847052257,6501.564543,63.56747437,0.0,2024
130204,古冶区,5.183115959,6687.784685,44.32257843,3.102572089,2024
141025,古县,0.343673355,2044.620609,39.22855759,0.0,2024
530702,古城区,2.070528856,11759.04492,114.1773376,0.008839673,2024
210702,古塔区,12.50785908,4441.221932,71.12423706,3.282008065,2024
620622,古浪县,0.151707804,3864.464207,48.05944824,0.0,2024
350922,古田县,0.498897679,5329.395222,48.68112946,0.0,2024
510525,古蔺县,0.211069748,3055.296686,29.38838959,0.0,2024
321183,句容市,2.287482745,14894.58956,34.75033569,1.371615507,2024
411104,召陵区,4.790572804,9977.598384,56.07364655,1.370056054,2024
659008,可克达拉市,1.836982709,10160.74758,77.48182678,0.001702223,2024
710013,台东县,0.687415637,10698.77792,46.14586258,0.0,2024
710016,台中市,9.950243497,97701.636,100.581955,2.751501026,2024
370405,台儿庄区,2.198822975,5691.200573,35.34407806,1.117001966,2024
410927,台前县,1.57426815,3442.794798,18.85893822,1.188224535,2024
710009,台北市,25.32454179,30332.04786,95.68238831,16.30411349,2024
710014,台南市,8.740115742,86074.44213,101.8789673,4.749364501,2024
210321,台安县,0.902280851,6700.801124,59.69822311,0.693147618,2024
440781,台山市,1.529517423,20995.54171,52.89551544,0.873345372,2024
350103,台江区,51.51723288,3981.777031,74.56556702,52.12481308,2024
522630,台江县,0.224290744,1089.042386,33.40676498,0.0,2024
451002,右江区,0.447962539,7342.966809,63.38747406,0.0,2024
140623,右玉县,0.355681031,3718.759554,48.05186462,0.0,2024
410422,叶县,1.598895467,10708.11645,96.92139435,0.000141,2024
653126,叶城县,0.046762419,6705.890919,36.61180496,0.0,2024
341504,叶集区,1.501949668,4022.28011,30.11193657,0.0,2024
623001,合作市,0.31486322,3218.183632,84.40784454,0.00829805,2024
451381,合山市,0.520972553,835.5071776,14.73713589,0.0,2024
500117,合川区,0.872280851,9420.085877,38.91835022,0.0,2024
621024,合水县,0.439274315,6383.863372,96.42888641,0.007629577,2024
510522,合江县,0.256843018,2849.469829,27.11373138,0.0,2024
450521,合浦县,0.742531923,7800.676399,31.3705368,0.0,2024
610524,合阳县,0.636786949,4093.273998,41.38215256,0.0,2024
141028,吉县,0.128811672,1134.278203,7.777020454,0.0,2024
360821,吉安县,0.499345737,4773.651255,24.26891327,0.0,2024
360802,吉州区,3.90378241,7470.323948,45.57015991,1.122350088,2024
654326,吉木乃县,0.075576643,3184.509882,68.83911896,0.002189183,2024
652327,吉木萨尔县,0.864490505,39377.64423,230.9781342,0.053147098,2024
360822,吉水县,0.132411669,1500.923132,10.53576279,0.0,2024
460203,吉阳区,6.428985431,9945.993426,53.76350021,3.366098806,2024
540234,吉隆县,0.01284929,530.7802277,11.79173279,0.0,2024
433101,吉首市,1.306248761,6422.989082,89.78015137,0.000779,2024
632301,同仁市,0.193939828,3053.422876,60.89108658,0.0,2024
350212,同安区,8.811813424,25333.54892,67.21161652,2.226447007,2024
632522,同德县,0.058426142,1322.909225,33.60643768,0.0,2024
640324,同心县,0.307955059,6813.233966,42.08889008,0.0,2024
230881,同江市,0.117396226,4361.926291,22.75974464,0.0,2024
511803,名山区,1.05085318,3000.371275,40.42214203,0.0,2024
230402,向阳区,18.04147827,901.9324119,41.04851532,14.33691788,2024
230803,向阳区,18.10638162,5160.673788,94.77549744,8.207931527,2024
430611,君山区,0.53530239,1493.911414,15.83326149,0.0,2024
340522,含山县,1.314488924,6368.265829,33.20201492,0.0,2024
320681,启东市,3.432528498,24724.19317,133.4910126,1.45342358,2024
320506,吴中区,8.192276306,93860.77298,103.6906128,1.28007867,2024
330502,吴兴区,9.096127376,36694.52693,91.58328247,4.255105833,2024
610829,吴堡县,0.6457579,1402.540575,26.97196388,0.0,2024
440883,吴川市,3.957481239,14609.3291,81.9101944,2.224144452,2024
130928,吴桥县,0.616140793,1847.649182,12.80024624,0.0,2024
320509,吴江区,10.43338666,59718.1276,71.07878876,6.242645822,2024
610626,吴起县,0.747698129,14209.04412,59.27717972,0.629794909,2024
530114,呈贡区,12.38153372,27831.2115,128.0163422,4.46008769,2024
350925,周宁县,0.587812632,2757.226205,35.49201965,0.0,2024
370306,周村区,5.250527762,8025.997918,35.58288193,2.884689903,2024
610124,周至县,0.519996438,7411.417467,60.40946579,0.0,2024
230111,呼兰区,1.111738975,14007.13069,75.98019409,0.001653461,2024
652323,呼图壁县,0.24444364,13020.33171,190.4939423,0.062640154,2024
232721,呼玛县,0.00636906,1324.141513,17.02521896,0.0,2024
340523,和县,1.567013266,9710.154402,48.11622238,0.896854788,2024
654226,和布克赛尔蒙古自治县,0.065397577,10891.09088,628.3101807,0.031037414,2024
210102,和平区,42.12721166,13598.49872,115.5426331,40.68503316,2024
120101,和平区,85.92706805,4416.651298,118.4961243,86.88650706,2024
441624,和平县,0.290297503,2916.847832,39.41184616,0.0,2024
622925,和政县,0.653595437,1942.962379,29.81213188,0.0,2024
150123,和林格尔县,0.4281761,7723.039173,24.37404823,0.0,2024
653221,和田县,0.03531325,7152.938194,43.49601364,2.3e-06,2024
653201,和田市,5.359642712,12507.85074,84.13076782,1.739017268,2024
652828,和硕县,0.099548852,6785.010025,72.10108185,0.000815,2024
652827,和静县,0.044831936,8505.472883,87.61877441,0.000881,2024
140723,和顺县,0.269953004,2994.669135,42.90511703,0.0,2024
222406,和龙市,0.053829023,1474.845154,15.09041214,0.0,2024
422826,咸丰县,0.200089565,2360.972911,40.32121277,0.0,2024
421202,咸安区,1.406207729,9763.945461,34.47817612,0.0,2024
654324,哈巴河县,0.086449876,4230.261258,65.93228912,0.001139793,2024
320921,响水县,1.976806093,13094.35581,239.1503143,0.180929257,2024
130627,唐县,0.668368828,4868.859847,20.67597198,0.0,2024
411328,唐河县,0.534664043,6373.333775,31.82154274,0.0,2024
611023,商南县,0.088560551,977.195872,6.459319115,0.0,2024
411524,商城县,0.222737031,2215.334652,25.21301079,0.0,2024
611002,商州区,0.475536237,6075.527419,82.77002716,0.010053908,2024
411623,商水县,1.270866807,7762.932903,48.43874359,0.884261125,2024
370126,商河县,1.773592309,10366.04889,43.37722015,0.887165633,2024
150923,商都县,0.140578944,3224.44655,25.61959457,0.0,2024
653101,喀什市,5.156040933,26829.12537,155.1029663,1.413269473,2024
211324,喀喇沁左翼蒙古族自治县,0.569272505,6749.781496,47.60748672,0.0,2024
150428,喀喇沁旗,0.356469652,5888.84091,55.83506775,0.0,2024
513432,喜德县,0.161336947,1621.404054,36.88382721,0.0,2024
710006,嘉义县,3.254751157,27827.40762,42.83480453,1.87423448,2024
710005,嘉义市,23.04353639,6194.464049,59.73392868,18.60011164,2024
330421,嘉善县,10.01804251,23214.27954,63.19914627,6.115572992,2024
310114,嘉定区,23.69663526,50759.86542,105.1508865,21.22897228,2024
620200,嘉峪关市,2.332545289,14888.10604,75.05888367,0.000931,2024
370829,嘉祥县,2.30325817,11025.74202,61.23253632,1.36327149,2024
431024,嘉禾县,0.631368901,1967.097901,30.6805172,0.0,2024
230722,嘉荫县,0.022013263,905.4596438,15.36097622,0.0,2024
511304,嘉陵区,1.326793918,7233.872955,74.95808411,0.0,2024
421221,嘉鱼县,1.034994255,4939.755641,42.99185562,0.0,2024
540621,嘉黎县,0.007076551,431.4298083,20.08786201,0.0,2024
542523,噶尔县,0.044798254,3821.977662,135.4187317,0.004489653,2024
632725,囊谦县,0.011077567,632.7057369,15.76237869,0.0,2024
441284,四会市,3.606320676,19983.59869,76.17928314,1.225505673,2024
150929,四子王旗,0.024513556,3187.783801,35.99005508,0.0,2024
230505,四方台区,0.820419066,946.8890777,18.18417358,0.0,2024
150103,回民区,11.01810497,11382.43698,113.2465973,1.275180752,2024
421121,团风县,0.832667472,3209.067783,27.29471207,0.0,2024
130828,围场满族蒙古族自治县,0.09705133,4719.660619,42.16108322,0.0,2024
411525,固始县,0.652893335,9027.586873,44.39198685,0.0,2024
131022,固安县,4.326406127,15781.88124,81.44100952,2.22236015,2024
340323,固镇县,0.830608567,5418.06294,32.95800018,0.0,2024
150222,固阳县,0.202438866,5249.242175,104.0419464,0.006020006,2024
222402,图们市,0.186912411,1160.489318,24.52037811,0.0,2024
659003,图木舒克市,1.374875551,14286.64456,88.05402374,7.42e-05,2024
150221,土默特右旗,0.433535918,5298.50258,42.06752777,0.0,2024
150121,土默特左旗,1.231282373,17994.27928,63.96743774,0.0,2024
370704,坊子区,2.074352941,9238.16743,29.25767899,1.315697584,2024
440804,坡头区,3.449609884,7706.644926,37.75033188,2.119109645,2024
440310,坪山区,19.53423281,14105.4014,76.86336517,19.79265404,2024
140827,垣曲县,0.325909193,2575.545322,29.36492538,0.0,2024
370505,垦利区,1.813356353,17233.4561,64.80471039,0.791586875,2024
500231,垫江县,0.70575888,4984.462221,38.49821091,0.0,2024
341302,埇桥区,2.098691266,29532.88226,61.66600418,0.876221058,2024
630102,城东区,14.66317822,8148.759408,90.8228302,4.707638949,2024
630103,城中区,8.658408322,6755.799491,79.07639313,2.226742828,2024
450202,城中区,13.07540323,4341.238976,62.79974365,5.880104541,2024
620102,城关区,8.545600571,13017.89874,76.75402832,2.246659786,2024
540102,城关区,8.663890117,20726.98108,174.9219971,0.098578701,2024
630105,城北区,13.96548685,9304.464537,68.37424469,7.281305671,2024
441502,城区,5.527678926,9567.50178,58.04201126,2.629405293,2024
140502,城区,16.32276611,11459.41395,120.1654434,8.236231077,2024
140302,城区,25.2558222,1971.241683,52.31296539,22.67600632,2024
350302,城厢区,3.958184079,8488.985455,103.3985519,1.293583106,2024
500229,城口县,0.076586975,1201.354709,21.19263268,0.0,2024
610722,城固县,0.466291377,4961.579796,52.23512268,0.0,2024
230306,城子河区,1.166071352,1168.655,25.84704781,0.0,2024
430529,城步苗族自治县,0.09190387,1072.034139,19.4292202,0.0,2024
630104,城西区,29.01370012,7600.906756,147.7813721,7.573057062,2024
370214,城阳区,15.39888473,40484.63415,80.08222961,11.2416566,2024
710004,基隆市,12.70430233,7569.821178,91.85214996,6.706404227,2024
540103,堆龙德庆区,0.918660758,11336.50072,104.7627258,0.00606271,2024
653131,塔什库尔干塔吉克自治县,0.013768268,1637.553572,21.26781845,0.0,2024
654201,塔城市,0.46340272,10469.11065,81.19886017,0.002461466,2024
232722,塔河县,0.01067538,988.1414172,13.18718529,0.0,2024
440118,增城区,5.732469365,40488.52104,91.78677368,2.22821799,2024
530822,墨江哈尼族自治县,0.066158376,1530.889524,43.37251282,0.0,2024
653222,墨玉县,0.056938217,7387.958322,49.01496124,0.0,2024
540127,墨竹工卡县,0.226700115,5768.273301,70.88050079,0.004412292,2024
540423,墨脱县,0.014121722,2038.643139,34.44394684,3.65e-06,2024
513230,壤塘县,0.016613685,523.019133,23.79474258,0.0,2024
140427,壶关县,0.718574003,3578.199832,69.27642822,0.007842386,2024
130404,复兴区,4.631884404,5873.992323,51.88624954,1.625179026,2024
140828,夏县,0.568441791,3761.049412,34.70130157,0.0,2024
623027,夏河县,0.090479373,2779.958867,42.73056412,0.0,2024
371427,夏津县,0.924306488,4070.605902,13.63240337,0.780124612,2024
411426,夏邑县,1.249457755,9039.47407,59.3379631,0.89128246,2024
152531,多伦县,0.126842052,2655.923341,54.73788071,0.0,2024
210104,大东区,26.55189721,14380.09103,108.8344421,22.25259726,2024
320904,大丰区,1.398187227,18151.76555,43.89136887,0.0,2024
360723,大余县,0.355044622,2165.428289,16.29317284,0.0,2024
530624,大关县,0.075945906,654.7064273,13.2739706,0.0,2024
110115,大兴区,11.77373281,63451.00085,246.1678009,6.46438896,2024
420281,大冶市,2.0337689,14671.55302,56.38167191,0.665018792,2024
451229,大化瑶族自治县,0.142844094,1744.917356,34.33758163,0.0,2024
131028,大厂回族自治县,6.145320576,5599.760705,34.53744888,4.630557861,2024
230606,大同区,0.653734171,8799.69264,88.66627502,0.0,2024
130425,大名县,1.402840585,7439.159095,71.80171967,0.863801984,2024
131025,大城县,1.528026757,7016.614975,18.73861122,1.183190363,2024
810116,大埔区,8.440287914,5018.595194,79.06983948,2.77510439,2024
441422,大埔县,0.434720164,4688.24898,28.27250862,0.0,2024
532326,大姚县,0.110781571,1993.649049,34.81056976,0.0,2024
141030,大宁县,0.204988511,984.0099672,17.81314087,0.0,2024
510304,大安区,1.871718673,3451.918997,36.56634903,0.0,2024
220882,大安市,0.388299194,10791.61577,88.90625,0.005123688,2024
420922,大悟县,0.275037851,2554.580685,15.93332481,0.0,2024
451424,大新县,0.146528952,1757.426307,52.33124542,0.0,2024
520521,大方县,0.258104818,4074.383951,41.03331375,0.0,2024
632857,大柴旦行政委员会,0.056821025,6023.002381,147.6755524,0.010663188,2024
640202,大武口区,1.665200705,8169.807697,72.84056854,0.004741356,2024
211104,大洼区,3.036721089,24132.17942,180.2247925,1.384762804,2024
500104,大渡口区,13.05630777,6275.629534,58.2677536,11.45576636,2024
532901,大理市,1.949146276,15088.8611,82.73082733,0.020893765,2024
350425,大田县,0.322433082,3211.84571,25.42411995,0.0,2024
210882,大石桥市,1.443131315,11927.72933,46.82343674,0.886792667,2024
430503,大祥区,3.022239137,2917.71707,55.40605927,0.65351295,2024
511724,大竹县,0.622845211,6071.116528,75.8580246,0.000791,2024
230725,大箐山县,0.018877153,406.3749775,15.32646751,0.0,2024
510923,大英县,1.213234858,3939.092874,55.81685257,0.0,2024
610523,大荔县,0.525971613,4332.487989,22.5789299,0.0,2024
340803,大观区,8.790094646,7868.27225,145.1085968,2.442286082,2024
500111,大足区,1.568522969,10373.31901,55.1242485,0.0,2024
340402,大通区,3.648389389,5316.991007,41.65664673,1.88195675,2024
630121,大通回族土族自治县,0.494929887,7867.688862,70.80487061,0.006552225,2024
510129,大邑县,0.719502482,4293.048408,27.36174393,0.0,2024
430211,天元区,5.547152265,8247.680017,50.23075104,0.86817288,2024
511825,天全县,0.072311182,801.8181418,24.47971916,0.0,2024
331023,天台县,1.310095083,8626.395568,44.55572128,0.0,2024
320402,天宁区,20.92705675,15307.11617,128.483963,16.69180302,2024
650102,天山区,14.73445451,13906.43595,108.0732346,3.676162281,2024
451222,天峨县,0.056169617,797.8845701,11.43746471,0.0,2024
632823,天峻县,0.004449647,579.6428716,18.90790367,0.0,2024
430103,天心区,19.70232692,12373.2931,180.0715637,14.48849186,2024
522627,天柱县,0.200179707,1960.911738,56.41762161,0.0,2024
370105,天桥区,11.20986009,14478.43549,70.62767029,4.235956484,2024
440106,天河区,31.60845394,18582.54809,73.10292053,29.78370617,2024
460204,天涯区,2.709279296,10830.35992,118.0866241,0.005036961,2024
620623,天祝藏族自治县,0.083157324,2748.4337,55.93127823,0.0,2024
451425,天等县,0.166385127,1571.544066,19.99473381,0.0,2024
140222,天镇县,0.601211131,5368.164676,69.65617371,0.005609814,2024
341181,天长市,1.517754992,12656.56483,81.42905426,0.853602786,2024
429006,天门市,0.764481995,9310.251466,41.89648819,0.0,2024
152527,太仆寺旗,0.135648673,2501.15833,27.40648842,0.0,2024
320585,太仓市,12.83549302,49494.36579,181.0,7.499176879,2024
210711,太和区,4.915418733,18434.65148,130.022644,1.387028627,2024
341222,太和县,1.53284521,13715.76069,60.65135193,1.115410046,2024
629900,太子山天然林保护区,0.012284736,45.34686211,9.915103912,0.0,2024
211011,太子河区,2.165099854,3162.208997,33.10612869,1.116156856,2024
210904,太平区,4.084299134,2086.276014,40.69134903,2.365494797,2024
411627,太康县,0.867555187,7354.210884,31.49514771,0.709017891,2024
340825,太湖县,0.434876744,4149.332964,33.9807663,0.0,2024
610331,太白县,0.071955575,945.4299372,21.32640648,0.0,2024
140703,太谷区,1.595417851,8432.853213,68.05039978,0.002806079,2024
650106,头屯河区,13.54481555,20760.43093,111.4652634,8.252367932,2024
420506,夷陵区,0.57078003,9138.472558,48.63066101,0.0,2024
511126,夹江县,1.079890087,3699.665324,37.96396637,0.0,2024
652325,奇台县,0.216588038,20244.90771,116.379509,0.001832195,2024
150525,奈曼旗,0.211174499,9392.337818,53.77048492,0.0,2024
330213,奉化区,4.651094891,26978.95863,84.49421692,1.262341757,2024
360921,奉新县,0.440615776,3328.273341,30.29221916,0.0,2024
500236,奉节县,0.142303009,2718.239702,46.72969437,0.0,2024
310120,奉贤区,12.92909431,43321.69377,148.2255249,9.500020666,2024
654003,奎屯市,2.567959981,13080.31201,90.21432495,0.0,2024
370705,奎文区,23.80687174,22432.04824,96.87149048,22.23039316,2024
320623,如东县,1.851634005,18488.68898,82.50012207,1.208176245,2024
320682,如皋市,3.9865902,29735.47603,74.97273254,2.226298876,2024
440222,始兴县,0.327385173,3086.764581,28.07377052,0.0,2024
320508,姑苏区,56.0154341,21511.46437,102.774086,54.78790365,2024
532325,姚安县,0.237878506,1800.759878,16.43484497,0.0,2024
321204,姜堰区,4.930104017,20085.24376,77.98011017,2.746751014,2024
530629,威信县,0.281467237,1798.991777,55.192379,0.0,2024
130533,威县,0.92803202,4719.515938,21.73192787,0.817726855,2024
520526,威宁彝族回族苗族自治县,0.175184722,4988.384281,68.54393768,0.001860427,2024
511024,威远县,0.809552333,4818.087219,38.01224136,0.0,2024
431302,娄星区,3.655897379,10453.5296,52.40756989,0.89533167,2024
140123,娄烦县,0.441825585,2893.754862,45.39178467,0.0,2024
330702,婺城区,3.257703769,20768.37254,74.30265045,0.000999,2024
361130,婺源县,0.2580879,3522.925142,46.04668808,0.0,2024
231183,嫩江市,0.085438868,8018.209968,74.16805267,0.000272,2024
610831,子洲县,0.197751954,2021.529046,27.94132614,0.0,2024
610681,子长市,0.428780451,5172.146535,60.5437088,0.0,2024
231124,孙吴县,0.059994246,1589.83857,21.49628639,0.0,2024
141181,孝义市,3.25198843,15336.97682,73.88153839,0.773581256,2024
420902,孝南区,4.27824705,20558.99037,98.63488007,1.73406441,2024
420921,孝昌县,0.635990475,3554.934853,35.75008011,0.0,2024
410883,孟州市,2.568322276,6333.855391,29.87639618,1.312439638,2024
130930,孟村回族自治县,1.796760107,3523.841152,18.30997467,1.181869167,2024
410308,孟津区,3.119416691,12355.58136,77.93873596,1.725316503,2024
530827,孟连傣族拉祜族佤族自治县,0.238975893,1956.849883,43.91985703,0.0,2024
430182,宁乡市,0.883603445,11708.49411,35.78363419,0.0,2024
350424,宁化县,0.268250613,2881.751112,28.95389938,0.0,2024
513427,宁南县,0.281776416,2105.318457,61.84958649,0.0,2024
621026,宁县,0.220163447,2883.333896,18.94138908,0.0,2024
341881,宁国市,0.698588533,8025.06728,29.91443253,0.0,2024
150429,宁城县,0.634026706,14660.64179,851.1456299,0.325957465,2024
231084,宁安市,0.117861461,4750.068789,63.80519104,0.0,2024
610726,宁强县,0.068342916,1065.807775,20.63419151,0.0,2024
451422,宁明县,0.134153357,2157.31225,25.35303497,0.0,2024
130528,宁晋县,1.885866662,10571.99101,31.42749214,1.182369294,2024
140925,宁武县,0.374077966,3746.808914,35.1920929,0.0,2024
220702,宁江区,2.218365168,20013.69907,98.26641846,0.000782,2024
120117,宁河区,2.583440467,17439.42876,54.12268829,1.365162808,2024
371422,宁津县,1.005143086,4118.705843,27.26674843,0.814575218,2024
530821,宁洱哈尼族彝族自治县,0.092503532,1482.747456,25.4010334,0.0,2024
330226,宁海县,2.416251742,19079.87029,79.27313232,0.815252245,2024
530724,宁蒗彝族自治县,0.151044923,4123.73074,73.70227814,0.012267222,2024
431126,宁远县,0.342802884,3813.216952,30.44961357,0.0,2024
360730,宁都县,0.287177443,5218.26866,47.34669876,0.0,2024
370921,宁阳县,1.168603457,6502.888706,56.32706451,0.883447469,2024
610923,宁陕县,0.037800078,666.2955955,13.36438274,0.0,2024
411423,宁陵县,1.426925996,5527.318156,20.7803421,1.182444254,2024
370784,安丘市,0.919893676,7841.693164,14.4173069,0.72034163,2024
360123,安义县,0.802861,2424.816535,27.78774071,0.0,2024
430721,安乡县,0.461587208,2317.618512,27.52547455,0.0,2024
431028,安仁县,0.217696693,1426.458005,19.74089622,0.0,2024
430923,安化县,0.116698357,2630.445945,26.33042908,0.0,2024
330523,安吉县,2.547971222,22261.73448,61.38232803,1.123053576,2024
130683,安国市,1.970950452,4886.534945,33.19356155,1.117902389,2024
222426,安图县,0.124645501,5048.947864,58.07319641,0.0,2024
610603,安塞区,0.740567966,10965.15134,40.88884735,0.0,2024
540624,安多县,0.006515436,1361.813898,21.26729202,0.0,2024
620105,安宁区,3.94173319,8643.463455,64.19249725,0.792736996,2024
530181,安宁市,2.998169098,17317.75392,111.3103027,0.755243318,2024
621102,安定区,0.305744129,5497.063617,67.10458374,0.007029067,2024
510904,安居区,0.740509714,4337.252513,51.26521301,0.0,2024
512021,安岳县,0.343687843,4272.72457,50.04623795,0.0,2024
510705,安州区,0.620985188,3450.502977,36.24452972,0.0,2024
131125,安平县,1.394573081,3521.696259,22.20352554,0.932886755,2024
130632,安新县,2.991674062,11172.64729,108.7529373,1.710730953,2024
131002,安次区,4.286116774,12691.62878,73.99897003,1.717259221,2024
141026,安泽县,0.211591002,2059.162971,38.25262833,0.0,2024
360302,安源区,5.098696837,4802.832456,36.57363892,2.123610523,2024
350524,安溪县,1.385162568,18394.30707,66.69626617,0.007080706,2024
360829,安福县,0.203385272,2569.374915,37.51815033,0.0,2024
231281,安达市,0.343124605,7207.672762,41.32255554,0.0,2024
360726,安远县,0.261616261,2732.772667,38.34445572,0.0,2024
410522,安阳县,1.882991373,9981.663423,86.01799774,1.224490665,2024
420982,安陆市,0.487177405,3098.421548,27.46656609,0.0,2024
522328,安龙县,0.172216418,1698.480707,20.16887474,0.0,2024
211004,宏伟区,9.313634387,7428.664359,206.1190796,2.438155824,2024
621223,宕昌县,0.123569369,1981.458572,23.64353752,0.0,2024
530111,官渡区,15.18224501,42478.96894,176.9555664,5.489004113,2024
130626,定兴县,1.710650793,6325.221871,22.14668083,1.314279042,2024
360728,定南县,0.503137434,2977.14312,28.52056694,0.0,2024
469021,定安县,0.582829885,2962.378025,28.23215485,0.0,2024
130682,定州市,2.084980655,13672.57544,49.07588577,1.120848018,2024
540223,定日县,0.017273238,1094.246266,12.41077995,0.0,2024
330902,定海区,9.279378546,22983.78341,270.2774048,4.932328256,2024
540231,定结县,0.020160652,535.8978898,10.4849329,0.0,2024
140921,定襄县,0.516373718,2252.981058,32.82363129,0.0,2024
610825,定边县,0.916761631,31571.43704,72.977005,0.774092142,2024
341125,定远县,0.795336086,11337.81221,44.00582886,0.0,2024
371703,定陶区,2.439826549,10109.87578,53.78219986,1.36498768,2024
411302,宛城区,3.70686207,17130.02017,73.41811371,0.848901583,2024
360924,宜丰县,0.453142923,4001.577203,51.3723259,0.0,2024
710021,宜兰县,2.073681505,21058.94317,76.90052795,0.005806169,2024
320282,宜兴市,4.769702873,44109.35175,49.35600281,2.867198111,2024
610222,宜君县,0.194347621,1448.680123,24.39932823,0.0,2024
420684,宜城市,0.351768956,3501.626821,38.36680222,0.0,2024
610630,宜川县,0.126341011,1847.578744,69.2724762,0.009355302,2024
451203,宜州区,0.206160194,3513.698144,30.18442535,0.0,2024
340811,宜秀区,4.100372455,7922.803978,59.82019043,0.876315028,2024
431022,宜章县,0.318090519,3031.194332,25.53422546,0.0,2024
530125,宜良县,0.557174876,4723.025032,43.15346909,0.0,2024
420581,宜都市,1.183515637,7450.917841,53.25243378,0.0,2024
410327,宜阳县,0.924121383,7276.038902,41.04667282,0.0,2024
361026,宜黄县,0.083925393,735.7660193,13.0779562,0.0,2024
410421,宝丰县,1.777211535,6248.801206,63.59560776,1.11619626,2024
511827,宝兴县,0.014024563,203.44257,4.741659164,0.0,2024
120115,宝坻区,2.30187744,18076.60743,47.15807724,1.370489886,2024
610602,宝塔区,1.220460732,21551.79539,114.4998016,0.014965394,2024
440306,宝安区,39.07943128,62235.60347,137.194458,37.63935794,2024
310113,宝山区,29.06383481,41413.22919,151.6784363,27.48054666,2024
230506,宝山区,0.376107399,1097.593486,22.12439346,0.0,2024
321023,宝应县,2.006498266,14047.50223,55.17870712,0.890625383,2024
230523,宝清县,0.138852319,8042.862124,71.17526245,0.005509609,2024
130705,宣化区,1.058562417,11245.07949,51.2804184,0.0,2024
530381,宣威市,0.286086781,7738.82132,44.82327271,0.0,2024
341802,宣州区,1.102529971,13335.18215,39.87449265,0.0,2024
422825,宣恩县,0.101264184,1286.938317,23.4625721,0.0,2024
511722,宣汉县,0.288071332,5768.700722,49.53619766,0.0,2024
450921,容县,0.319583019,3146.594353,24.00080109,0.0,2024
130629,容城县,13.73962691,21972.8424,95.4152832,5.77896596,2024
220103,宽城区,8.634372625,44453.57648,258.6351929,0.549641396,2024
130827,宽城满族自治县,0.752964574,7655.166414,61.34007263,0.0,2024
210624,宽甸满族自治县,0.115910104,3853.478695,44.16558838,0.0,2024
230125,宾县,0.177508318,3915.512593,23.75200272,0.0,2024
532924,宾川县,0.371284685,4198.204755,87.21330261,0.012960328,2024
450126,宾阳县,0.751051036,7567.39879,45.06933975,0.0,2024
321302,宿城区,5.699805586,26586.15082,174.3329926,1.428874388,2024
340826,宿松县,0.436877896,4799.639932,55.97460938,0.0,2024
321311,宿豫区,3.118853338,17916.4915,174.3329926,1.40936802,2024
110118,密云区,1.216983024,14111.35246,52.30370331,0.0,2024
230382,密山市,0.098481352,4337.572149,61.19791031,0.0,2024
610628,富县,0.265188752,5489.405094,146.9472809,0.062300412,2024
532628,富宁县,0.078426963,1822.338456,26.31551743,0.0,2024
451123,富川瑶族自治县,0.308082293,2061.778522,38.7747879,0.0,2024
610528,富平县,1.231030357,7511.520344,35.6664505,0.0,2024
230206,富拉尔基区,1.940744279,4192.121803,41.43559265,0.0,2024
530124,富民县,0.510269295,2264.601145,24.68966866,0.0,2024
530325,富源县,0.317765762,4601.699343,30.21218872,0.0,2024
654322,富蕴县,0.034015224,6372.542553,62.0542984,0.0,2024
230227,富裕县,0.255138129,6061.134438,110.199646,0.001496626,2024
230882,富锦市,0.237308295,11476.76426,87.62337494,0.007215997,2024
330111,富阳区,3.343565215,28226.84958,52.76177979,1.123911163,2024
510322,富顺县,0.575174104,3543.248413,51.27196884,0.0,2024
370703,寒亭区,4.419052718,27654.96913,116.6853714,1.719597213,2024
150927,察哈尔右翼中旗,0.07576595,1693.427228,14.7637701,0.0,2024
150926,察哈尔右翼前旗,0.811664007,10567.66166,99.88455963,0.00322898,2024
150928,察哈尔右翼后旗,0.165969509,3359.553495,29.56990623,0.0,2024
654022,察布查尔锡伯自治县,0.491324975,11159.48727,72.63558197,0.001248859,2024
540425,察隅县,0.009145571,1310.899913,19.67634773,0.0,2024
540325,察雅县,0.040383838,1554.451036,44.55805969,0.0,2024
360734,寻乌县,0.172436656,1795.716792,22.07461548,0.0,2024
530129,寻甸回族彝族自治县,0.329354546,5256.813694,59.03277969,0.0,2024
370783,寿光市,2.472083825,24263.06649,187.0681,1.461435366,2024
340422,寿县,0.870477693,12172.72934,54.25097656,0.0,2024
350924,寿宁县,0.354112873,2310.676758,37.00671005,0.0,2024
140725,寿阳县,0.65953664,7067.242884,66.24217987,0.00356042,2024
410727,封丘县,1.500647057,9031.676677,51.67000198,1.114655221,2024
441225,封开县,0.3927074,4698.340557,28.84225845,0.0,2024
510981,射洪市,1.068099608,7502.867791,70.83280945,0.0,2024
320924,射阳县,1.089929205,12921.94848,63.84140778,0.0,2024
350428,将乐县,0.227300199,2286.451027,33.87877655,0.0,2024
410223,尉氏县,2.114895741,13330.80989,151.1939697,1.35271398,2024
652823,尉犁县,0.021250824,6659.573973,59.40695953,0.0,2024
140105,小店区,29.95203522,43900.6393,173.6438293,22.53092922,2024
513227,小金县,0.0335579,875.1708117,28.80794334,0.0,2024
230502,尖山区,3.975092204,2748.363161,38.99114609,1.366006623,2024
632322,尖扎县,0.207585401,1598.766587,89.4938736,0.011347875,2024
140108,尖草坪区,14.66349553,21987.94029,85.68461609,6.291777213,2024
130725,尚义县,0.268799245,3744.796185,80.09346008,0.005776802,2024
230183,尚志市,0.09206863,4640.537329,35.62215424,0.0,2024
350426,尤溪县,0.290330689,4443.53282,32.97605515,0.0,2024
141002,尧都区,2.876173713,18612.6337,109.1708527,0.778314849,2024
654028,尼勒克县,0.055776331,3194.790576,16.53144646,0.0,2024
540123,尼木县,0.028122056,424.4489474,8.635669708,0.0,2024
540629,尼玛县,0.002192361,764.3653833,12.18334389,0.0,2024
710011,屏东县,3.371932809,40811.00527,69.46121216,1.227614371,2024
350923,屏南县,0.298431053,1995.211711,32.5317688,0.0,2024
511529,屏山县,0.284474813,1952.205612,40.82217407,0.0,2024
532523,屏边苗族自治县,0.075145863,604.8973799,13.82233143,0.0,2024
469022,屯昌县,0.385934039,2014.153425,23.99584198,0.0,2024
341002,屯溪区,4.705664291,4192.0641,27.5068531,2.567969451,2024
140405,屯留区,1.098451619,6513.395951,91.44503021,0.011458448,2024
810115,屯门区,18.22584204,5910.747784,88.73394775,7.331883351,2024
620725,山丹县,0.136223767,2388.208299,18.77472687,0.0,2024
370406,山亭区,0.829047632,4150.508303,23.50926208,0.697020631,2024
410603,山城区,3.783481054,2584.32528,36.63050461,1.859676844,2024
130303,山海关区,5.971790079,5953.804453,64.48820496,3.243754023,2024
410811,山阳区,6.801357334,7759.388527,36.85852432,3.381651543,2024
611024,山阳县,0.118667452,2010.397426,28.23278046,0.0,2024
140621,山阴县,1.299123735,11100.57928,98.05916595,0.780917157,2024
610323,岐山县,0.979731153,4048.27986,33.66488647,0.0,2024
522626,岑巩县,0.20307971,1366.882538,33.58060074,0.0,2024
450481,岑溪市,0.406675416,4915.364544,38.62815094,0.0,2024
540237,岗巴县,0.026433419,475.7624699,9.813427925,0.0,2024
141127,岚县,0.348101315,2692.820312,20.32367897,0.0,2024
371103,岚山区,3.454211975,13012.09779,85.85871124,1.211111809,2024
610925,岚皋县,0.094598655,870.6786014,21.71389008,0.0,2024
140929,岢岚县,0.33707153,3426.699581,48.57783508,0.0,2024
210323,岫岩满族自治县,0.192964991,4563.733265,50.09688568,0.0,2024
230503,岭东区,0.211199135,906.7855558,26.40324402,0.0,2024
330921,岱山县,18.85442021,24687.68206,1410.168335,2.68715434,2024
370911,岱岳区,2.278020891,19795.50127,52.27814102,1.122137969,2024
430304,岳塘区,11.82930051,10937.6032,61.21780014,7.883226856,2024
653128,岳普湖县,0.208279841,3329.305076,35.54225159,0.0,2024
511621,岳池县,0.587206582,4089.679685,57.86112595,0.0,2024
340828,岳西县,0.198052572,2201.299972,40.37570572,0.0,2024
430621,岳阳县,0.269288211,3486.263257,23.56577301,0.0,2024
430602,岳阳楼区,7.40115882,13840.60236,72.1054306,2.752721323,2024
430104,岳麓区,11.96476373,29212.08795,78.24959564,3.221111274,2024
621126,岷县,0.244254941,4246.890355,50.92570496,0.0,2024
370404,峄城区,1.516278013,4683.271409,15.28838539,1.217872679,2024
360823,峡江县,0.172102065,1008.636888,18.97476196,0.0,2024
530426,峨山彝族自治县,0.407985383,3474.241929,65.55229187,0.015879328,2024
511181,峨眉山市,0.987570497,5380.30343,37.43896866,0.0,2024
511132,峨边彝族自治县,0.02411975,263.5843118,7.038002014,0.0,2024
130406,峰峰矿区,3.224413702,5937.271008,267.3739319,0.940805975,2024
370212,崂山区,8.10701213,15087.88079,80.72486115,2.750378425,2024
620802,崆峒区,0.926120032,8688.938043,71.33777618,0.01267218,2024
360725,崇义县,0.088108128,866.2656355,11.15013409,0.0,2024
361024,崇仁县,0.460338352,3172.765651,38.25240326,0.0,2024
620823,崇信县,0.374026771,1551.012746,29.00343895,0.0,2024
320613,崇川区,22.48972627,61475.09348,128.1459656,20.50538045,2024
510184,崇州市,1.401224911,7134.674579,36.03269196,0.0,2024
310151,崇明区,3.758605372,30081.40114,85.08521271,1.733355624,2024
130709,崇礼区,0.230006544,2848.601279,26.87260437,0.0,2024
421223,崇阳县,0.220171045,1998.761101,18.85582352,0.0,2024
460205,崖州区,3.227332443,4752.810224,53.87080765,1.11782125,2024
330683,嵊州市,1.730681192,14264.61374,53.5603981,0.0,2024
330922,嵊泗县,31.28338903,7427.535316,338.020813,4.999795254,2024
410325,嵩县,0.214166543,3116.409598,26.08611298,0.0,2024
530127,嵩明县,2.534776243,9355.948575,59.01977539,1.120320024,2024
532927,巍山彝族回族自治县,0.213450162,2067.748642,55.19187546,0.0,2024
411602,川汇区,12.21039221,19756.07942,53.80295944,7.875139663,2024
340181,巢湖市,1.346166057,12983.31234,42.53533554,0.0,2024
230403,工农区,18.06028134,1285.183785,49.40925217,13.4966507,2024
540421,工布江达县,0.013944536,837.2633039,26.86010742,0.0,2024
140226,左云县,0.929492509,6312.212786,44.21089554,0.0,2024
140722,左权县,0.304333024,3106.401172,49.7180481,0.0,2024
540327,左贡县,0.011388478,622.2691437,23.76078796,0.0,2024
530622,巧家县,0.340431462,4963.668269,52.1172905,0.0,2024
371724,巨野县,1.392548397,8893.431152,47.0871582,1.115248387,2024
130529,巨鹿县,1.581516462,5061.479083,31.46563148,0.935126205,2024
410181,巩义市,2.46637213,12507.53405,47.86465073,1.120693794,2024
654024,巩留县,0.117835631,2666.19843,18.27009964,0.0,2024
500237,巫山县,0.144837502,2017.736924,24.78241348,0.0,2024
500238,巫溪县,0.110843939,2114.080381,26.28039551,0.0,2024
422823,巴东县,0.194423603,3042.867386,29.1121521,0.0,2024
500113,巴南区,2.057407607,17275.22872,65.14098358,0.0,2024
513335,巴塘县,0.080955751,2870.810628,69.76828003,0.008296503,2024
540402,巴宜区,0.107012822,4235.066847,62.00673676,1.19e-05,2024
511902,巴州区,0.860720296,5708.67842,37.53045273,0.0,2024
230126,巴彦县,0.234124495,4256.859837,34.61532974,0.0,2024
150423,巴林右旗,0.043845626,2421.126241,29.38430405,0.0,2024
150422,巴林左旗,0.133388803,4819.547747,24.03515244,0.0,2024
653130,巴楚县,0.084641473,8073.758925,75.71935272,0.000192,2024
650521,巴里坤哈萨克自治县,0.043343371,8935.599141,66.83004761,0.001592409,2024
540628,巴青县,0.015809458,735.4135644,24.12464714,0.0,2024
451227,巴马瑶族自治县,0.137353143,1195.373631,17.16560173,0.0,2024
370103,市中区,10.67035003,15164.36671,68.03061676,5.732331454,2024
511002,市中区,2.467086987,4392.730616,41.28436279,0.0,2024
370402,市中区,4.654845896,8519.645791,38.14401245,2.113504367,2024
511102,市中区,2.032262394,7866.688485,63.44172668,0.0,2024
370203,市北区,35.56009475,11600.26071,74.08930206,35.29914993,2024
370202,市南区,40.27919915,5175.008323,80.59140015,38.69458573,2024
654321,布尔津县,0.046364786,2890.087503,20.02511787,0.0,2024
513429,布拖县,0.249005091,1896.340748,89.63682556,0.009972043,2024
530323,师宗县,0.291114883,3590.297021,47.75906372,0.0,2024
430482,常宁市,0.324399822,2978.360568,24.11496162,0.0,2024
330822,常山县,1.185031295,5936.844138,51.07326889,0.0,2024
320581,常熟市,10.90095355,65590.18252,124.8459778,6.251622595,2024
450330,平乐县,0.236697054,1984.958207,16.54779816,0.0,2024
130532,平乡县,1.968792073,3978.133541,29.83535767,1.311019606,2024
610926,平利县,0.109830999,1377.260915,34.23040771,0.0,2024
450821,平南县,0.557228489,7300.777074,44.57884979,0.0,2024
371426,平原县,0.818049616,4300.875006,21.31004524,0.0,2024
350628,平和县,0.625279068,6388.861217,44.02143478,0.0,2024
520403,平坝区,1.218142931,5382.022984,46.74482346,0.0,2024
140213,平城区,21.15952352,26976.89887,134.8665771,12.53783555,2024
522727,平塘县,0.112482334,1402.04774,38.79011917,0.0,2024
630203,平安区,1.31961151,4824.903326,91.88922882,0.006909519,2024
140321,平定县,0.793926193,5644.198771,41.74870682,0.0,2024
210502,平山区,4.466710083,4239.888793,58.95397949,1.365301869,2024
130131,平山县,0.431878828,5827.488368,36.78369522,0.0,2024
620403,平川区,0.529664281,5308.104329,131.1713104,0.115952782,2024
370283,平度市,1.55501158,24692.54112,61.84508514,0.878385466,2024
230108,平房区,23.36942222,13029.69009,75.10342407,18.21262756,2024
511923,平昌县,0.210122715,2206.356079,68.68427277,0.000141,2024
451082,平果市,0.511106048,5489.998509,58.53828049,0.0,2024
451103,平桂区,0.56821989,4549.355619,34.79136276,0.0,2024
411503,平桥区,1.675865835,14962.19589,67.69696045,0.001217224,2024
510727,平武县,0.040080029,1130.74517,32.19189072,0.0,2024
430626,平江县,0.300811918,5663.613647,34.84923553,0.0,2024
130881,平泉市,0.426951575,7440.06652,58.78748322,0.0,2024
330482,平湖市,12.4429474,32539.57614,165.403595,6.4878789,2024
350128,平潭县,8.350850031,11352.14553,60.82044983,4.387813254,2024
640221,平罗县,0.784266422,8291.698263,47.35895538,0.0,2024
411723,平舆县,1.05567175,6456.6416,44.65369415,0.0,2024
110117,平谷区,2.573988457,12744.17014,35.09520721,1.37323589,2024
441426,平远县,0.386555266,2352.579896,20.4024868,0.0,2024
140728,平遥县,0.946739721,5963.743692,43.4627533,0.0,2024
371326,平邑县,1.319171067,11842.72116,43.13565063,0.872409361,2024
330326,平阳县,5.121737766,22514.27547,59.50692749,2.128160259,2024
370124,平阴县,1.555640904,5533.15237,31.56583405,0.933920127,2024
140829,平陆县,0.350795162,2013.319362,15.76549721,0.0,2024
140425,平顺县,0.232906011,1733.043579,15.91369724,0.0,2024
140603,平鲁区,0.714037931,8655.859015,55.86414337,0.0,2024
361103,广丰区,0.752782782,4655.645633,39.32555008,0.0,2024
361104,广信区,1.430769639,14527.22695,83.93435669,0.001155939,2024
532627,广南县,0.107192251,3665.075421,47.41027069,0.0,2024
441223,广宁县,0.399636497,4309.051533,28.67060661,0.0,2024
511602,广安区,1.452362458,6957.345861,51.77455521,0.0,2024
130531,广宗县,1.215841934,3046.880815,13.5791769,0.967927502,2024
130432,广平县,1.484173878,2340.833221,13.36038589,1.093651858,2024
341882,广德市,0.962328479,9651.864059,65.72013855,0.00038,2024
361030,广昌县,0.197128226,1420.44029,16.59488869,0.0,2024
421381,广水市,0.378992897,4717.614412,37.32532883,0.0,2024
510681,广汉市,4.580956069,11813.80066,51.54455566,2.605619356,2024
622924,广河县,0.801428514,2114.350705,37.61658859,0.0,2024
140223,广灵县,0.713492861,4466.72832,91.98820496,0.00755682,2024
131003,广阳区,16.10486723,31889.59497,356.9724731,8.881194175,2024
321002,广陵区,13.66260045,21717.58747,71.47067261,6.758241135,2024
370523,广饶县,4.564999149,26212.58315,187.0681,1.467180475,2024
210283,庄河市,0.403724012,8260.503596,58.59095001,0.0,2024
620825,庄浪县,0.4908055,3616.834265,42.93974304,0.0,2024
371423,庆云县,1.47707703,3738.904814,18.05629158,1.060918128,2024
331126,庆元县,0.132645511,1129.609173,19.88604164,0.0,2024
621021,庆城县,0.638723241,8522.008289,35.40781021,0.646631733,2024
231224,庆安县,0.068800121,2206.459258,23.2969265,0.0,2024
360483,庐山市,1.236074855,4294.986873,55.01283646,0.0,2024
340124,庐江县,1.337815482,14710.29902,42.25091553,0.0,2024
340103,庐阳区,15.57824504,10075.70343,81.29710388,9.730219414,2024
150524,库伦旗,0.145456393,3718.094154,58.54180908,0.0,2024
652801,库尔勒市,1.134513383,41346.3837,238.4087067,0.041016526,2024
652902,库车市,0.515740291,40194.44209,162.3994293,0.069144339,2024
140622,应县,0.514927455,4467.391458,22.56433296,0.0,2024
420981,应城市,1.170175865,6005.08556,56.82814026,0.0,2024
610822,府谷县,0.999832112,16576.44008,225.9339752,0.202138953,2024
622922,康乐县,0.306646797,1154.190886,28.63700676,0.0,2024
130723,康保县,0.18956764,3417.972205,48.11672974,0.0,2024
621224,康县,0.052653818,752.2935987,20.34835434,0.0,2024
513301,康定市,0.082421699,4426.609891,68.5058136,0.004823244,2024
150603,康巴什区,1.863570516,3614.427902,33.17233658,0.0,2024
210123,康平县,0.543012025,6449.762675,46.3055191,0.0,2024
540230,康马县,0.027473508,771.2903013,30.28961563,0.0,2024
440881,廉江市,1.603008052,19361.72216,111.5965042,0.826122177,2024
222401,延吉市,1.15423215,10796.23037,82.73878479,0.003840525,2024
230129,延寿县,0.105228258,1856.310655,18.85666275,0.0,2024
610622,延川县,0.321894408,3217.502496,76.88278961,0.011943876,2024
350702,延平区,0.5009441,5974.24558,29.25687218,0.0,2024
110119,延庆区,1.106746449,11725.08021,53.38946533,0.0,2024
410726,延津县,1.355278973,5905.104616,38.58376694,1.117296469,2024
610621,延长县,0.372582875,4378.183374,81.34333801,0.007591328,2024
230203,建华区,9.042483693,5920.273647,88.63291931,1.713797368,2024
422822,建始县,0.1937162,2418.286196,28.65654182,0.0,2024
350430,建宁县,0.170913084,1328.907537,31.65944862,0.0,2024
411003,建安区,2.22516663,10782.2587,29.85098648,1.183203029,2024
211322,建平县,0.377567503,9891.309116,63.04090881,0.0,2024
330182,建德市,1.036019666,11058.80301,41.73651123,0.0,2024
211422,建昌县,0.297322964,5010.20443,25.11546516,0.0,2024
532524,建水县,0.344412485,5714.098912,44.92665482,0.0,2024
320925,建湖县,2.673547309,14886.01785,47.66514969,1.367966791,2024
350783,建瓯市,0.296722267,5613.815407,51.43034744,0.0,2024
320105,建邺区,33.41757878,12537.75136,90.81229401,36.29754646,2024
350703,建阳区,0.756788462,11587.68079,110.5159225,0.011132909,2024
330824,开化县,0.389838852,4013.947459,27.09084892,0.0,2024
211282,开原市,0.374181996,5714.677658,53.48121643,0.0,2024
500154,开州区,0.384580556,7213.13862,71.38344574,0.002037866,2024
130205,开平区,6.854645698,8747.253697,46.68701553,4.365766359,2024
440783,开平市,2.104129708,15147.75354,61.52501678,0.874607661,2024
511723,开江县,0.487429829,2346.037994,47.41221619,0.0,2024
430105,开福区,19.86161955,17189.18022,180.0715637,17.46224904,2024
532502,开远市,0.835769215,7118.30212,59.43148804,0.0,2024
520121,开阳县,0.371792391,3385.098274,32.35354614,0.0,2024
150523,开鲁县,0.275462291,6646.187804,28.8428688,0.0,2024
340209,弋江区,7.660212653,18044.63725,75.62020111,3.714363307,2024
361126,弋阳县,0.395947794,2847.049416,22.64974403,0.0,2024
211005,弓长岭区,2.07703559,3650.980579,31.50231743,0.939692505,2024
130722,张北县,0.295963973,6609.898036,33.29525375,0.0,2024
620525,张家川回族自治县,0.308946667,1893.594697,24.1498394,0.0,2024
320582,张家港市,11.45191353,53142.62719,141.2070923,7.469893797,2024
370303,张店区,14.87219896,26757.24386,78.66262817,13.74188758,2024
420303,张湾区,1.666026029,5217.490448,33.7171402,0.0,2024
532504,弥勒市,0.544681991,9387.882483,85.83444977,0.008771873,2024
532925,弥渡县,0.353076026,2396.482062,64.41609192,0.011452204,2024
340521,当涂县,2.201718542,10093.12677,39.701931,1.121011143,2024
420582,当阳市,0.440409226,4425.838112,50.90772629,0.0,2024
540122,当雄县,0.026297722,1252.24037,30.37152672,0.0,2024
530628,彝良县,0.125207988,1588.826021,36.7542038,0.0,2024
610482,彬州市,1.104377486,6419.386864,96.92701721,0.004093122,2024
511403,彭山区,3.233877099,6991.033559,46.61042786,0.0,2024
510182,彭州市,2.796295307,18642.22093,82.51564789,0.0,2024
500243,彭水苗族土家族自治县,0.119866785,2152.953647,37.48539352,0.0,2024
360430,彭泽县,0.676107359,4826.112662,71.06632233,0.002398782,2024
640425,彭阳县,0.182772376,2306.707084,34.12184525,0.0,2024
710023,彰化县,15.25788318,74507.05582,103.3894806,12.75267741,2024
210922,彰武县,0.281389851,5536.062834,24.49296188,0.0,2024
130609,徐水区,3.267040847,12193.78795,38.41896439,2.118224083,2024
310104,徐汇区,44.50114946,11154.9548,91.82327271,42.82650995,2024
440825,徐闻县,1.098711466,8922.838319,98.90357208,0.76298737,2024
513338,得荣县,0.042407728,563.2117161,8.054843903,0.0,2024
630225,循化撒拉族自治县,0.270331537,2423.984447,46.82889175,0.0,2024
370826,微山县,0.891994638,7273.401236,35.62099838,0.0,2024
632802,德令哈市,0.057506958,8087.415254,147.9539032,0.005388898,2024
451024,德保县,0.142805087,1610.865467,22.70837021,0.0,2024
361181,德兴市,0.352543312,3361.870996,22.80099106,0.0,2024
350526,德化县,0.688775156,6778.268722,60.17158508,0.0,2024
371402,德城区,9.269032346,24698.88152,99.29502869,3.733169213,2024
360426,德安县,0.896774764,3544.176954,35.78752136,0.0,2024
441226,德庆县,0.532927552,4663.590493,30.5420208,0.0,2024
220183,德惠市,0.61824059,10472.83559,72.35604095,0.000143,2024
513424,德昌县,0.324565365,3368.685557,128.3146973,0.056787082,2024
513330,德格县,0.023780704,1287.125201,34.06045532,0.0,2024
520626,德江县,0.295614869,2791.177044,57.29436111,0.0,2024
330521,德清县,4.691322394,20544.64377,51.76385117,2.877669338,2024
533422,德钦县,0.032591265,1238.858773,8.71843338,0.0,2024
621227,徽县,0.14086131,1852.127361,23.04154778,0.0,2024
341004,徽州区,0.424311177,821.9406693,13.30426788,0.0,2024
610625,志丹县,0.771867804,14629.1439,233.3630219,0.225955385,2024
500233,忠县,0.473022615,4816.555563,88.10085297,0.000504,2024
451321,忻城县,0.145576162,1615.755532,13.58196545,0.0,2024
140902,忻府区,1.441194615,14646.64611,45.69395447,0.0,2024
140681,怀仁市,2.386237112,15343.85087,77.97047424,0.857152055,2024
340822,怀宁县,0.960569728,6023.190323,33.82037735,0.0,2024
130728,怀安县,0.412450626,3689.38541,33.86391068,0.0,2024
130730,怀来县,0.939435298,8705.868479,38.45788193,0.0,2024
110116,怀柔区,1.307870983,14655.29958,61.55263901,0.0,2024
340321,怀远县,0.834410691,8772.192311,41.06142807,0.0,2024
441224,怀集县,0.384500471,6033.121498,47.12006378,0.0,2024
520624,思南县,0.233962656,2352.292658,46.62094498,0.0,2024
350203,思明区,34.37041105,11219.58045,100.7079391,35.16302836,2024
530802,思茅区,0.405025643,6835.539944,59.37646484,0.0,2024
230303,恒山区,0.263655127,819.4463398,6.054382801,0.0,2024
440785,恩平市,1.21296002,8934.22589,42.11057281,0.0,2024
422801,恩施市,0.412830363,7627.440839,55.68972015,0.0,2024
511903,恩阳区,0.395142934,2155.478361,30.90457535,0.0,2024
450332,恭城瑶族自治县,0.175876395,1653.096035,38.31271744,0.0,2024
411528,息县,0.618975691,5567.953352,49.64610672,0.0,2024
520122,息烽县,0.489198085,2287.03558,33.90579605,0.0,2024
441323,惠东县,1.781644479,27156.23737,206.9582672,0.093832385,2024
640205,惠农区,1.619431885,8948.885336,64.45393372,0.0,2024
441302,惠城区,8.515177911,55390.49767,81.53183746,3.231102092,2024
350521,惠安县,10.29646275,32943.55275,156.3587341,6.474608014,2024
320206,惠山区,18.34902612,28237.99989,61.54227448,16.87771293,2024
445224,惠来县,4.058528216,22126.02948,234.500946,1.45351329,2024
371621,惠民县,1.063939793,7313.972748,45.15088272,0.887899456,2024
522731,惠水县,0.164547139,1817.283127,34.59502029,0.0,2024
410108,惠济区,13.30970614,14376.57043,129.8991089,5.490460526,2024
441303,惠阳区,9.661872203,50349.34219,135.1372833,4.474696634,2024
430821,慈利县,0.159641473,2565.119815,35.0810051,0.0,2024
330282,慈溪市,12.74051525,72622.23595,75.5969696,8.759466138,2024
510108,成华区,34.74737826,17750.32346,77.72957611,35.80032062,2024
621221,成县,0.362749459,2941.284992,43.52867126,0.0,2024
130424,成安县,1.915264484,4566.839256,32.53421021,1.117952419,2024
371723,成武县,1.298470427,6296.318745,31.73374367,0.937945366,2024
420325,房县,0.109457989,2654.558848,32.56520462,0.0,2024
110111,房山区,3.263186817,33992.80903,121.4873505,0.745008335,2024
150783,扎兰屯市,0.0567454,5653.295174,40.51280212,0.0,2024
540521,扎囊县,0.083747746,828.0773497,33.06460953,0.0,2024
152223,扎赉特旗,0.107497703,6972.383657,31.23024178,0.0,2024
150703,扎赉诺尔区,1.054064708,1744.353083,24.70186043,0.0,2024
150526,扎鲁特旗,0.071328441,6631.215208,51.9897995,0.0,2024
150122,托克托县,1.123263276,8312.095383,114.0467224,0.000438,2024
650422,托克逊县,0.142177044,12757.52942,78.35073853,0.001934479,2024
654224,托里县,0.020733131,2370.36187,12.35956669,0.0,2024
321182,扬中市,3.875193238,6110.602257,31.93924522,2.933827102,2024
220781,扶余市,0.272342099,6620.384368,25.63654327,0.0,2024
411621,扶沟县,1.224149338,6896.142084,88.05874634,0.0,2024
451421,扶绥县,0.730736346,9041.268994,51.81272125,0.0,2024
610324,扶风县,0.845344168,2900.674198,49.1378479,0.0,2024
130821,承德县,0.227487456,4388.299043,28.38139534,0.0,2024
130306,抚宁区,1.43631062,7812.718678,35.65613937,0.879063906,2024
220621,抚松县,0.11252932,3746.473063,30.48531342,0.0,2024
230883,抚远市,0.109985541,4119.779753,45.24902344,0.0,2024
210421,抚顺县,0.20834672,1893.278507,40.70960236,0.0,2024
540225,拉孜县,0.077640057,1602.061776,42.99862289,0.0,2024
370685,招远市,1.08733005,7839.167827,29.09988594,0.811752416,2024
652926,拜城县,0.252040483,21591.19521,208.4651947,0.042827782,2024
230231,拜泉县,0.168220089,3587.774964,45.67972946,0.0,2024
330105,拱墅区,43.59467513,19915.24432,84.91802216,46.22831684,2024
210603,振兴区,5.22827221,7157.730189,55.41230774,1.867874829,2024
210604,振安区,0.764473928,2678.434837,27.58082771,0.0,2024
420804,掇刀区,3.765899015,10592.32201,46.84696198,0.879392146,2024
542527,措勤县,0.006781247,724.8481902,44.94843674,0.0,2024
540526,措美县,0.017290196,330.0799537,12.27080631,0.0,2024
445203,揭东区,5.39606973,16771.11169,76.86408234,2.73648548,2024
445222,揭西县,1.490409962,8801.548816,42.04989243,0.649478145,2024
520304,播州区,0.530273804,5991.401514,37.30326843,0.0,2024
430223,攸县,0.12526079,1505.561504,14.66251373,0.0,2024
542526,改则县,0.001994512,1305.331583,46.23332596,1.46e-06,2024
350725,政和县,0.430532987,3407.813788,31.80838203,0.0,2024
131126,故城县,0.908472203,4431.666351,82.75421906,0.849755615,2024
150430,敖汉旗,0.204209295,9136.315029,63.5308075,0.0,2024
222403,敦化市,0.103039443,6695.974162,66.86664581,0.004221556,2024
620982,敦煌市,0.037302023,5239.065205,79.9108429,0.000324,2024
621222,文县,0.07464243,1800.614553,31.77375221,0.0,2024
211003,文圣区,3.003851472,4798.823533,42.46827316,1.369458883,2024
131026,文安县,2.433032181,12900.66176,48.19115067,1.614824577,2024
532601,文山市,0.803216839,10418.03739,69.2828598,0.009190281,2024
410502,文峰区,12.66511934,7119.634751,56.00447083,11.17461681,2024
330328,文成县,0.720813522,4247.909556,22.12331963,0.0,2024
469005,文昌市,1.006337047,10247.9682,44.08327866,0.0,2024
141121,文水县,0.821155489,4438.670659,30.16396713,0.0,2024
371003,文登区,0.888932509,6945.02402,19.84690666,0.697430496,2024
440403,斗门区,7.372331614,19673.4283,62.57758713,4.111686913,2024
440233,新丰县,0.485298344,4186.429018,40.67944717,0.0,2024
130184,新乐市,1.850458162,4972.246391,24.14754677,1.059791459,2024
410721,新乡县,3.730734425,7049.873745,80.12216187,2.214880571,2024
440705,新会区,4.807137143,28129.93384,41.39744186,2.864338269,2024
230902,新兴区,0.197861302,2463.779794,20.51200676,0.0,2024
445321,新兴县,1.183000446,7836.348051,37.10305023,0.0,2024
431322,新化县,0.288331313,4741.59826,50.48204041,0.0,2024
320411,新北区,15.04703277,36257.80224,80.82262421,10.68946335,2024
710012,新北市,6.995924698,63681.68029,89.30072021,1.720509014,2024
410402,新华区,11.2239314,7067.731613,45.3082695,8.859575987,2024
130902,新华区,15.14142217,6202.045279,59.25775146,13.13598738,2024
130105,新华区,20.05123306,9252.818419,98.6569519,17.69851508,2024
411523,新县,0.221467216,1633.650748,25.57418442,0.0,2024
320214,新吴区,29.5112152,30197.14843,121.6868515,29.20470864,2024
652925,新和县,0.17814724,5532.475026,40.91153717,0.0,2024
610102,新城区,47.47005039,6958.737073,103.3645782,43.85162354,2024
150102,新城区,7.136314991,24932.66142,111.6374359,0.0,2024
430528,新宁县,0.115052434,1425.928738,28.316185,0.0,2024
410323,新安县,0.843941992,4779.696911,30.77090073,0.0,2024
210422,新宾满族自治县,0.118099373,2706.177661,35.29263687,0.0,2024
410183,新密市,2.628995847,12730.67011,38.12343216,1.620220164,2024
150727,新巴尔虎右旗,0.011251917,1691.775261,18.602211,0.0,2024
150726,新巴尔虎左旗,0.008854148,1074.573356,14.60830498,0.0,2024
650104,新市区,20.26582934,29554.09603,125.7017288,12.22058191,2024
360824,新干县,0.318555747,1803.522724,23.4949894,0.0,2024
530427,新平彝族傣族自治县,0.231935855,4351.001124,67.57595825,0.009253178,2024
360112,新建区,3.310890493,32097.03187,205.2434692,0.052626018,2024
210402,新抚区,7.15656698,4167.816219,63.78354263,2.891218742,2024
330624,新昌县,1.976020007,11033.4293,54.6041832,0.661316933,2024
659011,新星市,0.379591976,5021.273916,107.73246,0.0012561,2024
431227,新晃侗族自治县,0.142288638,972.1316,16.04986763,0.0,2024
210181,新民市,0.60983383,10828.71169,38.8273735,0.0,2024
320381,新沂市,2.590753397,20105.53665,52.77570724,1.119876433,2024
130530,新河县,1.060840787,1964.602255,22.47864151,0.808410451,2024
370982,新泰市,1.058110496,10107.96359,34.44435883,0.870456769,2024
510118,新津区,6.485530774,9926.143,48.08551407,4.378737152,2024
420117,新洲区,2.464560918,17026.08566,137.9010925,0.110194114,2024
654025,新源县,0.12369659,5019.55088,33.21461105,0.0,2024
431128,新田县,0.3900919,1740.706319,48.58353424,0.0,2024
710020,新竹县,4.119996568,25665.59133,88.70528412,1.231082158,2024
710019,新竹市,18.24325521,9430.117474,71.34156799,13.72930448,2024
140825,新绛县,1.137267046,3344.011102,35.6354866,0.874468227,2024
350802,新罗区,1.108757886,13162.81708,53.05532074,0.0,2024
140212,新荣区,0.729265706,4251.930792,49.89238358,0.0,2024
411729,新蔡县,0.995912468,6791.009955,50.43119431,0.0,2024
210903,新邱区,1.896565097,1252.37259,18.73174858,1.183516111,2024
430522,新邵县,0.243113184,1937.636862,24.94385147,0.0,2024
410184,新郑市,8.2686086,35532.7728,246.3903198,3.453777189,2024
510114,新都区,10.8854784,25171.87906,95.25122833,6.755011606,2024
411329,新野县,1.131307666,5654.510848,45.90395737,0.0,2024
513329,新龙县,0.021222996,918.715445,29.38535118,0.0,2024
411322,方城县,0.730685622,8917.427739,48.57565689,0.0,2024
141128,方山县,0.333719698,2420.20723,17.48073769,0.0,2024
230124,方正县,0.123785153,2115.538753,27.32881355,0.0,2024
530521,施甸县,0.295187401,2549.456026,34.96103668,0.0,2024
522623,施秉县,0.19163191,1321.870905,47.87568283,0.0,2024
210212,旅顺口区,3.914413015,10020.5596,109.3843536,2.237774817,2024
341825,旌德县,0.180523401,760.6965859,7.497395039,0.0,2024
510603,旌阳区,6.303366842,19114.89815,93.40036011,1.769671344,2024
340281,无为市,1.093721995,10374.85812,42.95943832,0.0,2024
130130,无极县,1.672566144,4267.549237,14.33920193,1.341384484,2024
371623,无棣县,2.36813879,23662.04346,389.3239746,0.724263979,2024
542524,日土县,0.004191306,1563.463531,21.31789207,0.0,2024
610429,旬邑县,0.269186858,2398.947886,26.67393112,0.0,2024
610981,旬阳市,0.056298066,950.4089357,12.98917484,0.0,2024
510821,旺苍县,0.10300513,1458.107903,18.17364883,0.0,2024
540226,昂仁县,0.005802671,738.1955911,7.514605522,0.0,2024
230205,昂昂溪区,0.529447346,2265.187526,26.89464188,0.0,2024
320583,昆山市,19.92680081,87232.11023,80.86686707,17.23154193,2024
659009,昆玉市,0.869191577,2961.952658,65.42221069,0.00207363,2024
150203,昆都仑区,13.34510083,21371.78647,210.8317413,4.462315019,2024
370725,昌乐县,1.662489065,9122.599068,29.44151115,1.064109373,2024
652301,昌吉市,0.644860304,28655.84195,87.54595947,0.000329,2024
211224,昌图县,0.334655213,7866.198085,23.34998894,0.0,2024
530524,昌宁县,0.12333682,2056.286451,27.6743412,0.0,2024
110114,昌平区,5.983489013,42193.64042,77.0002594,1.739775275,2024
360202,昌江区,3.923153954,5649.01861,55.6092186,0.868409226,2024
469026,昌江黎族自治县,1.677237863,11383.84749,136.9350586,0.149158979,2024
220202,昌邑区,2.251275027,10642.51865,111.0926056,6.12e-05,2024
370786,昌邑市,1.79835248,13110.34925,51.08944321,1.124438589,2024
130322,昌黎县,1.995791164,12485.43472,47.36297226,1.11287012,2024
341182,明光市,0.818098486,9167.303643,65.05134583,0.000321,2024
210504,明山区,2.266130226,4987.086119,57.64612961,0.876918381,2024
231225,明水县,0.201986096,2726.257038,23.01706314,0.0,2024
350421,明溪县,0.270132041,2095.18754,31.00097656,0.0,2024
130633,易县,0.435077013,5715.099986,26.75265694,0.0,2024
530425,易门县,0.274871272,1852.110655,12.90369225,0.0,2024
140724,昔阳县,0.353409628,3457.985704,33.76808929,0.0,2024
510811,昭化区,0.101242511,685.9501709,8.366132736,0.0,2024
451121,昭平县,0.124946377,1773.146858,33.26585007,0.0,2024
654026,昭苏县,0.055616371,3158.839331,28.32357407,0.0,2024
513431,昭觉县,0.175900387,2157.297528,53.30187607,0.0,2024
530602,昭阳区,1.479753183,13296.0814,81.16457367,0.001815962,2024
530115,晋宁区,1.508396885,8901.552814,54.95394516,0.0,2024
350111,晋安区,5.687697944,14050.93361,79.64563751,0.002385406,2024
130183,晋州市,2.090086322,6388.090655,25.80713272,1.437052655,2024
350582,晋江市,19.62323134,57912.38816,144.3316956,16.49316105,2024
140110,晋源区,11.85874742,17496.58197,169.3129883,3.469505067,2024
542521,普兰县,0.010136795,621.8935116,12.21260548,0.0,2024
210214,普兰店区,0.644042041,8737.400138,52.84870529,0.0,2024
445281,普宁市,4.554939936,32300.4545,118.5699921,1.748158591,2024
522323,普安县,0.11937428,773.1647395,22.71550941,0.0,2024
520422,普定县,0.412046176,1995.953291,32.84438705,0.0,2024
513428,普格县,0.136657129,1179.324768,29.65858269,0.0,2024
310107,普陀区,44.85125139,11476.64374,105.1508865,43.20285873,2024
330903,普陀区,6.854453547,11989.8639,134.8513641,3.500709479,2024
530823,景东彝族自治县,0.053648839,1054.10038,10.66615582,0.0,2024
131127,景县,0.723542381,4362.637093,66.79125977,0.0,2024
331127,景宁畲族自治县,0.207537249,1823.323788,18.3743515,0.0,2024
620423,景泰县,0.173603737,4788.876792,45.62533569,0.0,2024
532801,景洪市,0.668500965,19867.69925,215.0641785,0.04881629,2024
530824,景谷傣族彝族自治县,0.039639227,1303.576404,23.35879135,0.0,2024
522324,晴隆县,0.163131866,953.6535355,16.22024345,0.0,2024
130435,曲周县,1.164137616,3927.740969,19.48007965,0.935876336,2024
540525,曲松县,0.036916482,350.057283,9.373972893,0.0,2024
540124,曲水县,0.193723904,1451.958379,25.63549995,0.0,2024
440205,曲江区,0.984025062,7059.380359,34.65517807,0.0,2024
141021,曲沃县,1.514258252,3276.510437,39.32995224,0.879701779,2024
370881,曲阜市,1.90627506,7656.0417,24.13860893,1.189324505,2024
130634,曲阳县,0.756308999,4150.131444,19.15594673,0.689045893,2024
632726,曲麻莱县,0.002089268,476.4586996,8.120389938,0.0,2024
371721,曹县,1.754119307,16788.89601,43.59332657,1.116940761,2024
130209,曹妃甸区,4.756229978,34996.02309,91.05993652,1.726166929,2024
421303,曾都区,1.25494148,8417.286211,41.12743378,0.0,2024
360602,月湖区,9.235908786,5771.646168,56.14242935,6.147086089,2024
140602,朔城区,2.376617072,21813.29982,101.7448578,0.000708,2024
540426,朗县,0.016685152,314.0674339,9.22545433,0.0,2024
430112,望城区,7.858568641,34053.95153,62.74990463,3.121729155,2024
231221,望奎县,0.268507788,3636.510487,39.87324524,0.0,2024
340827,望江县,0.724745777,4522.859867,44.92048264,0.0,2024
210404,望花区,5.541162254,9401.30972,50.9197464,1.867703294,2024
522326,望谟县,0.124476189,1664.193444,50.09339905,0.0,2024
130631,望都县,1.647721694,3060.736741,20.418993,1.061391279,2024
510812,朝天区,0.113308314,859.726607,14.86250114,0.0,2024
220104,朝阳区,20.4501497,37091.51917,317.5541077,4.945412469,2024
110105,朝阳区,33.34986943,80857.73932,211.5116272,31.5530777,2024
211321,朝阳县,0.301299002,6038.720861,84.55917358,0.006586347,2024
230127,木兰县,0.078889726,1446.62813,16.02697945,0.0,2024
652328,木垒哈萨克自治县,0.088425252,6655.183691,82.41954803,0.001569739,2024
513422,木里藏族自治县,0.040091835,2414.471833,33.92765045,0.0,2024
610112,未央区,36.26428766,46114.80589,144.3899994,35.44243372,2024
210521,本溪满族自治县,0.211653806,3762.802122,48.49221039,0.0,2024
542522,札达县,0.0072905,843.4885869,7.501062393,0.0,2024
632722,杂多县,0.003218281,547.2754459,12.76164722,0.0,2024
370213,李沧区,25.94453687,12196.98463,63.65501404,25.06023026,2024
140107,杏花岭区,20.45432555,15185.13086,197.8918152,4.503617958,2024
230624,杜尔伯特蒙古族自治县,0.456274762,16070.14028,361.2476196,0.126797842,2024
340602,杜集区,4.256449554,4783.231089,19.32266045,3.313674343,2024
410221,杞县,1.009416163,6184.091141,24.47244263,0.818587217,2024
422827,来凤县,0.284019495,1760.097767,55.54724121,0.0,2024
341122,来安县,2.416874412,17086.86611,66.31700134,0.804602465,2024
310110,杨浦区,38.49631242,10808.5568,71.67864227,38.8563261,2024
610403,杨陵区,7.979157763,5251.662604,45.97112656,3.356222952,2024
150826,杭锦后旗,0.288743137,2671.863673,25.55101204,0.0,2024
150625,杭锦旗,0.080263645,7918.813134,88.70200348,0.003689172,2024
230109,松北区,6.27627309,27287.19253,202.799469,0.224954047,2024
150404,松山区,0.646314799,19750.10031,120.9059448,0.008297117,2024
520628,松桃苗族自治县,0.237220568,3065.241381,36.86544037,0.0,2024
310117,松江区,16.72050279,47133.45811,60.61056519,13.87153918,2024
350724,松溪县,0.404115064,1922.709746,33.9570694,0.0,2024
421087,松滋市,0.70240197,7058.197756,77.82440186,0.000843,2024
513224,松潘县,0.02914782,1157.824211,15.95685959,0.0,2024
331124,松阳县,0.631172742,4035.609604,34.81882095,0.0,2024
231025,林口县,0.062622222,2369.252842,13.93732166,0.0,2024
540121,林周县,0.064762978,1341.37563,26.31325912,0.0,2024
410581,林州市,0.784276997,8125.607933,28.96961403,0.0,2024
230623,林甸县,0.149735129,3079.986416,67.83377838,0.003643556,2024
150424,林西县,0.245613088,5143.796874,96.02738953,0.008528902,2024
420583,枝江市,1.901355524,12149.47539,80.00849915,0.0,2024
340722,枞阳县,0.326649832,2249.040458,11.47687626,0.0,2024
131121,枣强县,0.656500481,2995.408307,10.45611382,0.0,2024
420683,枣阳市,0.376293333,5831.876713,30.17430115,0.0,2024
130524,柏乡县,1.267084301,1674.702836,9.417847633,1.093199311,2024
411424,柘城县,1.330560018,6719.99598,42.05018616,0.903822864,2024
350926,柘荣县,0.995623726,2416.507628,42.46409988,0.0,2024
611026,柞水县,0.105808475,1203.522852,12.22186852,0.0,2024
652929,柯坪县,0.038835217,1820.596174,27.5339222,0.0,2024
330802,柯城区,5.420633587,15101.63009,75.28988647,1.225384621,2024
330603,柯桥区,7.117251096,35223.05239,75.39376831,2.731631655,2024
450205,柳北区,5.468012096,7298.93842,45.97454834,1.879124976,2024
450204,柳南区,3.185270908,7591.087664,72.80532074,0.001234153,2024
450222,柳城县,0.316407663,2959.173505,28.00477791,0.0,2024
141125,柳林县,1.233822076,7904.948047,43.6876564,0.0,2024
450206,柳江区,0.729669644,5688.035268,33.05892181,0.0,2024
220524,柳河县,0.178957919,3234.799836,28.55460167,0.0,2024
360404,柴桑区,2.143623979,9084.367386,38.26509094,0.0,2024
320113,栖霞区,18.77224569,34452.96017,94.42276764,14.78109903,2024
370686,栖霞市,0.452764955,4092.029291,25.07092285,0.0,2024
150785,根河市,0.00739668,947.4233789,7.351828575,0.0,2024
632801,格尔木市,0.041939571,24640.20586,131.1250458,0.007491218,2024
130111,栾城区,6.793719843,12109.17953,63.06048584,3.116178255,2024
410324,栾川县,0.52283604,6252.436275,50.92124939,0.0,2024
431027,桂东县,0.073821017,476.655069,10.39521503,0.0,2024
450881,桂平市,0.43747819,7794.404803,38.48471451,0.0,2024
431021,桂阳县,0.204432661,2699.914096,25.87776566,0.0,2024
710018,桃园市,13.03424429,69930.25404,214.2220764,9.509703747,2024
131102,桃城区,4.432900577,13251.19147,55.56526184,1.619676417,2024
230903,桃山区,6.059835558,2656.34674,57.31996918,2.869544844,2024
430922,桃江县,0.279144225,2633.333865,25.11893654,0.0,2024
430725,桃源县,0.146803289,2990.210295,24.64542961,0.0,2024
330483,桐乡市,9.619023565,32784.12194,61.69776154,6.129176032,2024
340881,桐城市,0.956281473,6938.763367,37.95026016,0.0,2024
330122,桐庐县,1.440997873,12180.22383,64.81808472,0.003554837,2024
411330,桐柏县,0.386903464,3527.482334,55.75464249,0.0,2024
520322,桐梓县,0.283817137,4159.940054,57.50105667,0.0,2024
540523,桑日县,0.081305345,986.089397,20.59678459,0.0,2024
430822,桑植县,0.08578822,1364.689391,21.58738708,0.0,2024
540202,桑珠孜区,0.433012641,7303.500248,126.1147919,0.004463313,2024
210522,桓仁满族自治县,0.21909702,4126.913193,55.61767578,0.0,2024
370321,桓台县,5.406978708,13619.07676,111.6344986,2.73898244,2024
130702,桥东区,5.072207388,10943.81455,87.35671997,1.228769288,2024
130703,桥西区,5.85609278,6451.324422,67.05323792,2.738312958,2024
130104,桥西区,41.86807148,14054.70112,111.0599518,41.27804947,2024
230822,桦南县,0.1239082,3166.023134,32.97122574,0.0,2024
230826,桦川县,0.321432629,4196.188263,55.05615997,0.0,2024
220282,桦甸市,0.117635681,4201.284519,27.04179573,0.0,2024
411402,梁园区,4.94128026,16953.72635,69.04986572,1.732001831,2024
420702,梁子湖区,0.643797447,1475.457513,19.35301781,0.0,2024
370832,梁山县,1.273117989,6070.14669,21.06311226,1.060582378,2024
500155,梁平区,0.497951902,4350.810808,50.01194382,0.0,2024
533122,梁河县,0.180817687,911.7494335,22.24863052,0.0,2024
320213,梁溪区,42.79799912,14534.03267,96.54203796,40.76727971,2024
441403,梅县区,0.730695762,7952.806705,47.79402542,0.0,2024
441402,梅江区,3.10851096,7813.748192,47.71240997,0.660078658,2024
220581,梅河口市,0.819265292,9716.316083,109.0694962,0.001088794,2024
230208,梅里斯达斡尔族区,0.293231642,3602.455364,12.76770782,0.0,2024
510725,梓潼县,0.598649645,4073.759184,69.1086731,9.49e-05,2024
230305,梨树区,0.328053811,758.8412108,18.70336914,0.0,2024
220322,梨树县,0.310902734,6046.615604,57.30599976,0.0,2024
331002,椒江区,15.75986881,23530.53479,79.50842285,11.74515173,2024
532301,楚雄市,0.602226518,11817.90189,85.72602081,0.006632294,2024
620123,榆中县,0.663551083,10843.0258,53.14998245,0.0,2024
220182,榆树市,0.397069424,10460.76283,67.38061523,0.001125632,2024
140702,榆次区,4.097085037,27387.58351,89.10289764,0.840211181,2024
140721,榆社县,0.287828443,2461.747006,32.74950409,0.0,2024
610802,榆阳区,1.614291241,56130.81194,189.4455414,0.137887522,2024
445202,榕城区,12.55501837,18585.11984,90.61077881,9.30516627,2024
522632,榕江县,0.134243571,1980.651236,58.95207596,0.0,2024
370104,槐荫区,19.73786751,14964.94153,60.84566879,16.34651618,2024
420606,樊城区,4.726490321,10955.0778,56.70328903,0.877882919,2024
360982,樟树市,1.141960977,6682.769072,33.1905899,0.0,2024
610803,横山区,0.848069028,18476.56396,342.3705444,0.223962774,2024
361125,横峰县,0.456962736,1367.974399,27.86430931,0.0,2024
450181,横州市,0.600775537,9023.23156,48.86271667,0.0,2024
341021,歙县,0.177342154,1747.834197,11.35858345,0.0,2024
621025,正宁县,0.334836775,2118.369149,57.55622864,0.0,2024
520324,正安县,0.199568242,2359.705853,37.49387741,0.0,2024
130123,正定县,6.701698788,16286.99402,107.5220413,2.749579738,2024
152530,正蓝旗,0.052685795,2925.779609,79.02901459,0.001811989,2024
152529,正镶白旗,0.030755285,1044.514841,19.93554688,0.0,2024
411724,正阳县,0.637091016,5752.724512,38.45232391,0.0,2024
330723,武义县,1.416779061,10184.21348,50.09632111,0.0,2024
140429,武乡县,0.530215971,4277.38531,58.20264053,0.0,2024
510107,武侯区,38.62068112,21827.50025,89.68273926,38.25623444,2024
430581,武冈市,0.346548053,2398.089421,40.86962128,0.0,2024
610431,武功县,1.731386637,3299.506909,31.19173622,0.930406961,2024
371428,武城县,1.004328371,3694.750782,25.5943203,0.709536129,2024
350782,武夷山市,0.62729308,8009.750356,52.21081161,0.0,2024
360423,武宁县,0.193599644,3139.403468,31.33446693,0.0,2024
130481,武安市,1.735163791,15690.8548,267.3739319,0.522378667,2024
532329,武定县,0.117813202,1551.014967,25.61917114,0.0,2024
451323,武宣县,0.620934108,4644.217002,29.15408134,0.0,2024
620524,武山县,0.202209655,1963.594526,24.10883713,0.0,2024
150125,武川县,0.085569395,2129.970893,16.46961594,0.0,2024
350824,武平县,0.172078248,2026.195728,19.23325157,0.0,2024
131123,武强县,0.946663216,2134.339462,14.00018024,0.844036564,2024
420106,武昌区,32.02494697,14290.78722,84.54831696,32.7189668,2024
440203,武江区,2.190187726,6536.413428,44.56575394,0.0,2024
120114,武清区,4.802272253,39800.29081,55.39954758,2.362925505,2024
421182,武穴市,1.681020443,9574.940822,57.12443542,0.0,2024
511622,武胜县,0.789505442,3537.489044,43.81204224,0.0,2024
320412,武进区,10.11412676,50951.04396,59.61611938,5.876153058,2024
131122,武邑县,0.881129754,3724.957032,21.17430878,0.698688836,2024
621202,武都区,0.265617105,5931.242457,50.83919525,0.0,2024
410823,武陟县,2.01913015,7916.534228,25.5297718,1.433709006,2024
430702,武陵区,5.878574311,11145.823,51.85412598,2.874898548,2024
430811,武陵源区,0.186062405,340.6218903,8.898612976,0.0,2024
500156,武隆区,0.181879954,2426.669454,28.67261696,0.0,2024
450110,武鸣区,0.784677108,11631.96422,42.19350052,0.0,2024
410505,殷都区,4.704490925,4434.692983,37.75305176,2.620361904,2024
540622,比如县,0.013279443,729.8558491,28.35606575,0.0,2024
653227,民丰县,0.018529878,5282.446106,110.8200378,8.1e-05,2024
620722,民乐县,0.354003829,4064.244388,77.98756409,0.009288144,2024
620621,民勤县,0.029597743,2411.778854,24.03868484,0.0,2024
630222,民和回族土族自治县,0.299446388,2792.945854,29.40923119,0.0,2024
411421,民权县,1.751197787,10569.48129,70.03934479,0.866569876,2024
520204,水城区,0.298968304,4081.881089,35.30040741,0.0,2024
530681,水富市,0.49576003,988.6913124,37.5134697,0.0,2024
650105,水磨沟区,17.28400076,26436.45529,141.9506531,3.458528771,2024
360825,永丰县,0.16811718,2054.298318,32.9047966,0.0,2024
532327,永仁县,0.12355621,1191.709819,27.4112606,0.0,2024
360425,永修县,0.555235482,4961.074758,60.35902786,0.0,2024
431023,永兴县,0.181726698,1614.779253,15.63206959,0.0,2024
220221,永吉县,0.31512805,4570.031475,57.32156754,0.0,2024
141032,永和县,0.227376621,1379.913935,29.48082733,0.0,2024
530625,永善县,0.11510652,1465.77906,33.4658699,0.0,2024
330324,永嘉县,1.420702283,17324.95734,42.38753128,0.0,2024
411481,永城市,1.465528464,14305.59806,51.23432159,0.873555163,2024
640121,永宁县,2.029845667,9712.437388,50.05412292,0.87232059,2024
350481,永安市,0.382552366,5002.568278,29.23500252,0.0,2024
430802,永定区,0.516519371,5158.148792,40.12880325,0.0,2024
350803,永定区,0.672120817,6689.795092,24.19625664,0.0,2024
610426,永寿县,0.522776329,2259.117426,48.09631729,0.0,2024
500118,永川区,1.648257598,11985.00456,52.23882675,0.0,2024
532928,永平县,0.197116189,2444.779532,52.90727234,0.0,2024
130408,永年区,2.070748317,7911.842085,47.00330353,1.365872724,2024
330784,永康市,4.298478095,20627.06469,93.99814606,1.729777841,2024
530923,永德县,0.184951738,2621.772849,92.10222626,0.01252295,2024
360830,永新县,0.147393861,1444.646534,13.12835121,0.0,2024
620321,永昌县,0.188205842,4326.48992,40.13518906,0.0,2024
350525,永春县,0.967438333,6260.263102,42.46187592,0.0,2024
350125,永泰县,0.449485876,4468.303844,23.87578773,0.0,2024
140881,永济市,0.72231281,4282.864582,32.77668762,0.0,2024
131023,永清县,2.560371783,10080.80623,52.25875854,1.867846556,2024
620121,永登县,0.650999769,19007.96019,87.85449982,0.00395638,2024
450326,永福县,0.140831727,1745.054211,13.61155319,0.0,2024
530722,永胜县,0.15124148,3344.207118,33.92329788,0.0,2024
622923,永靖县,0.213696882,2021.294282,24.17670822,0.0,2024
433127,永顺县,0.098899078,1728.889306,23.2553215,0.0,2024
520303,汇川区,0.726597637,4983.245943,60.06742477,0.0,2024
420113,汉南区,6.138352358,8269.925305,83.14778137,1.210779347,2024
610702,汉台区,4.488510192,11766.51505,68.45352936,0.003931003,2024
430722,汉寿县,0.336859911,3235.169559,27.84051323,0.0,2024
420984,汉川市,1.424000553,10980.69722,43.71912003,0.0,2024
511823,汉源县,0.126293597,1291.356979,16.24502182,0.0,2024
610902,汉滨区,0.699449689,12163.77295,64.69515228,0.003839409,2024
420105,汉阳区,37.24590485,19751.72243,90.40814209,40.34311748,2024
610921,汉阴县,0.203838755,1328.803262,28.21833229,0.0,2024
411727,汝南县,0.802273252,5754.75008,40.61885834,0.0,2024
431026,汝城县,0.135035297,1460.354843,24.0210228,0.0,2024
410482,汝州市,1.090145934,8319.087449,83.08078766,0.815838222,2024
410326,汝阳县,0.627105006,4022.042474,34.33808899,0.0,2024
500105,江北区,18.05547853,18514.44171,86.57500458,15.30137267,2024
330205,江北区,18.43704759,17881.7671,88.43008423,13.24720939,2024
431129,江华瑶族自治县,0.205128009,2984.784674,50.15710449,0.0,2024
450105,江南区,3.588720353,18525.10112,98.87068939,0.000664,2024
520621,江口县,0.163598624,1390.672994,29.6577301,0.0,2024
441702,江城区,5.002799772,15936.82086,44.69373322,1.873672083,2024
530826,江城哈尼族彝族自治县,0.050610613,753.7216353,13.01185513,0.0,2024
420115,江夏区,4.334192665,40568.29829,88.4332428,0.0,2024
540222,江孜县,0.091374676,1612.299351,57.73846436,0.0,2024
320115,江宁区,7.896405072,57608.54835,187.3860016,3.459149538,2024
511523,江安县,0.635170519,2746.609338,43.7247467,0.0,2024
330881,江山市,0.90083793,8283.042265,39.58772659,0.0,2024
420102,江岸区,35.82947373,13541.57396,80.3631897,38.75155759,2024
530403,江川区,0.895367678,3182.006813,29.60397148,0.0,2024
451402,江州区,0.638714464,8105.8952,68.31755066,0.001473153,2024
431125,江永县,0.096360124,705.3564825,15.68373871,0.0,2024
420103,江汉区,56.83786137,7852.317718,102.6034241,57.20911265,2024
510781,江油市,0.603536969,7768.763363,35.42473602,0.0,2024
500116,江津区,1.052301041,15553.24047,61.65937805,0.0,2024
440704,江海区,21.10117118,9974.482242,59.19682693,17.97789669,2024
220605,江源区,0.272233893,1978.471025,26.22179031,0.0,2024
540321,江达县,0.02549203,1582.211825,18.57113266,0.0,2024
321012,江都区,2.894816362,18265.96203,52.40921783,1.621999308,2024
510502,江阳区,2.721974069,8145.726227,52.34815598,0.0,2024
320281,江阴市,12.13667126,56690.81982,64.1410141,8.742070884,2024
421024,江陵县,1.375871189,6675.95902,179.6989746,0.090678979,2024
230828,汤原县,0.170404131,3415.643221,41.8874855,0.0,2024
230723,汤旺县,0.057187812,714.4222177,23.46421432,0.0,2024
410523,汤阴县,2.616589682,8207.851911,50.10821152,1.125785026,2024
430681,汨罗市,0.574410616,4395.290919,30.61256218,0.0,2024
222424,汪清县,0.035964039,1750.182341,21.35261726,0.0,2024
370830,汶上县,1.476932315,6475.531546,27.30044365,1.061386884,2024
513221,汶川县,0.090615929,1734.87003,13.6931963,0.0,2024
141034,汾西县,0.174755633,759.4893506,7.165010452,0.0,2024
141182,汾阳市,1.050233975,6170.404665,40.04233551,0.0,2024
140430,沁县,0.254955984,1684.033263,31.80976105,0.0,2024
140521,沁水县,0.484218339,6352.414813,38.08858871,0.0,2024
140431,沁源县,0.441057701,5616.172775,67.37433624,0.004412442,2024
410882,沁阳市,1.848067701,5388.371137,30.7791748,1.058358848,2024
371321,沂南县,1.322810426,11222.68734,23.67516327,1.061861316,2024
371323,沂水县,0.857772751,10233.59222,22.80038834,0.692091076,2024
370323,沂源县,0.669463428,5443.375629,32.25668716,0.0,2024
430981,沅江市,0.210329209,2052.336329,27.63280296,0.0,2024
431222,沅陵县,0.075748192,2018.339386,26.05135155,0.0,2024
411624,沈丘县,1.399764732,7218.800804,34.24510956,1.111144424,2024
210113,沈北新区,4.795191584,21236.43676,60.20515442,1.371159101,2024
210103,沈河区,41.24799931,12927.4465,143.9216003,34.69373989,2024
511129,沐川县,0.138343617,895.0636726,22.27479935,0.0,2024
650103,沙依巴克区,10.67992763,24949.35799,143.2044067,2.416425106,2024
350405,沙县区,0.67947042,5483.811247,44.13639832,0.0,2024
640502,沙坡头区,0.528504431,14384.76729,71.72224426,0.00382434,2024
500106,沙坪坝区,13.51228916,24760.7665,71.93000031,8.270471795,2024
421002,沙市区,6.423854194,15447.0769,53.29130936,1.630901672,2024
210204,沙河口区,37.27522336,7791.544924,103.5969009,33.16301473,2024
130582,沙河市,1.261087864,5243.009885,47.97232437,0.64129869,2024
420822,沙洋县,0.249362265,2509.764704,19.29989052,0.0,2024
511111,沙湾区,0.385296866,1073.285972,21.08208847,0.0,2024
654203,沙湾市,0.173960102,12081.11428,57.51331329,0.0,2024
810114,沙田区,19.99702049,6347.367981,68.51116943,11.30646102,2024
652924,沙雅县,0.194288899,32540.41986,225.5065155,0.027859643,2024
320322,沛县,2.625141542,16923.48453,62.79815292,1.357836769,2024
130921,沧县,1.807803861,14108.97333,32.61120224,1.368270916,2024
530927,沧源佤族自治县,0.172825871,1872.24367,36.69920349,0.0,2024
321322,沭阳县,2.173632204,24266.67712,100.4264297,1.215354158,2024
120102,河东区,56.18036079,11767.47228,109.3674622,55.83856743,2024
371312,河东区,4.363674654,17832.38749,43.30576324,2.62183408,2024
120105,河北区,52.62341797,8022.078928,118.4961243,50.20495802,2024
632324,河南蒙古族自治县,0.021412195,700.856982,18.65886879,0.0,2024
370503,河口区,2.441221518,24159.75458,250.4284668,0.179285772,2024
532532,河口瑶族自治县,0.131041307,752.188406,19.31658554,0.0,2024
140930,河曲县,0.520910239,3544.044476,32.27447891,0.0,2024
140882,河津市,3.38315519,9851.840784,81.44730377,1.213936737,2024
120103,河西区,60.73413075,14791.26165,118.1280365,61.28564453,2024
130984,河间市,1.7731942,12018.21658,31.25733757,1.311593185,2024
810109,油尖旺区,93.37649501,2403.987019,122.3177719,94.44016266,2024
632724,治多县,0.007226215,2849.286352,9.104201317,1.42e-07,2024
130724,沽源县,0.247610958,4765.556425,77.99453735,0.005051051,2024
371603,沾化区,1.25142349,10866.17396,99.69886017,0.856793467,2024
530303,沾益区,0.577853475,7257.592636,54.84204865,0.0,2024
520627,沿河土家族自治县,0.178154626,2021.273219,28.68171883,0.0,2024
510311,沿滩区,2.810000857,6077.414755,71.57685852,0.0,2024
320311,泉山区,19.23615035,9450.909257,62.7092247,15.62833059,2024
350505,泉港区,9.986558701,13038.76434,126.10009,4.762745581,2024
130981,泊头市,1.276035424,6545.81152,21.49010277,0.815713996,2024
411726,泌阳县,0.752500955,8435.470786,39.03691864,0.0,2024
210124,法库县,0.50035579,6178.705282,53.2624855,0.0,2024
341324,泗县,1.187633928,10583.07579,54.82151794,0.690129143,2024
370831,泗水县,0.913635953,5043.288374,14.45075321,0.845105972,2024
321324,泗洪县,0.645780165,8386.227846,38.16245651,0.0,2024
321323,泗阳县,1.692057507,11246.29672,65.01486969,0.866193578,2024
540424,波密县,0.014024715,1090.188274,19.87144089,0.0,2024
321283,泰兴市,5.246014794,29048.02739,87.0493927,2.230663352,2024
360826,泰和县,0.387478418,4351.719967,47.53269577,0.0,2024
350429,泰宁县,0.285507754,1965.943691,32.63773346,0.0,2024
370902,泰山区,8.219270398,13834.77263,66.1227951,2.240278304,2024
230224,泰来县,0.235199644,5379.838599,78.40201569,0.00457615,2024
330329,泰顺县,0.906225828,7252.681669,50.30025864,0.0,2024
510521,泸县,0.610756339,4273.224985,33.43246841,0.0,2024
513322,泸定县,0.211924111,2120.169422,104.5644836,0.002325195,2024
533301,泸水市,0.188599595,2603.99979,40.69594193,0.0,2024
433122,泸溪县,0.110879324,791.0374485,16.35344505,0.0,2024
532527,泸西县,0.575074275,4178.613718,39.24660873,0.0,2024
140525,泽州县,1.198228508,11980.51828,55.46298599,0.0,2024
632323,泽库县,0.032287721,1042.466427,22.91604614,0.0,2024
653124,泽普县,0.706734833,3567.300883,47.65156174,0.0,2024
341823,泾县,0.48622714,4607.543672,34.0280571,0.0,2024
620821,泾川县,0.166081687,1190.877994,9.235622406,0.0,2024
640424,泾源县,0.196202118,1110.412425,16.23366547,0.0,2024
610423,泾阳县,4.04397325,15293.54561,102.3761139,1.223577262,2024
610723,洋县,0.15511936,2381.849867,30.15142441,0.0,2024
611021,洛南县,0.121711141,1669.68832,13.78822136,0.0,2024
410328,洛宁县,0.416061792,4653.424353,38.89557266,0.0,2024
610629,洛川县,0.288723656,2549.493286,55.18764877,0.0,2024
540527,洛扎县,0.025168303,553.7031662,8.545743942,0.0,2024
350504,洛江区,4.479671194,7419.301701,54.21579742,1.619956052,2024
653224,洛浦县,0.08113991,5829.164036,34.01173782,0.0,2024
540329,洛隆县,0.026311236,990.4075426,58.78023529,0.0,2024
410311,洛龙区,11.00281843,28114.48794,64.3908844,5.247407024,2024
430525,洞口县,0.240815046,2365.427985,36.72833252,0.0,2024
330305,洞头区,12.43159843,8450.85436,123.7081375,6.749078638,2024
120112,津南区,16.10047022,31757.07257,69.87812042,11.24946996,2024
430781,津市市,1.12638641,2893.797118,41.1147728,0.0,2024
420111,洪山区,22.43746441,54081.6804,254.4585266,14.49504618,2024
431281,洪江市,0.206317442,2129.651519,18.81429863,0.0,2024
320813,洪泽区,1.245868453,7645.640637,104.1203918,0.000356,2024
141024,洪洞县,1.115365409,8312.433485,49.35761261,0.643586347,2024
421083,洪湖市,0.45770153,5162.81762,39.26052856,0.0,2024
511423,洪雅县,0.131314563,1153.039708,15.68888569,0.0,2024
220802,洮北区,0.912273714,13174.35936,96.46749878,0.00183137,2024
220881,洮南市,0.23367198,6809.932767,59.1254921,0.0,2024
532930,洱源县,0.147260687,1664.563769,21.88237,0.0,2024
440204,浈江区,2.356020546,5954.31991,39.21065521,0.0,2024
411502,浉河区,0.791832008,6748.222161,49.45159912,0.0,2024
419001,济源市,1.638514707,15182.74715,55.87199402,0.0,2024
370115,济阳区,2.965880963,16406.8813,146.887085,1.348701288,2024
430181,浏阳市,0.493981752,11183.49116,35.71058273,0.0,2024
210112,浑南区,11.10768287,47964.71703,207.7599487,4.470249315,2024
220602,浑江区,0.70079906,5184.456481,45.79971695,0.0,2024
140225,浑源县,0.394987452,4046.615469,58.07713318,0.0,2024
360403,浔阳区,20.61666726,5381.677801,88.2853241,19.30348081,2024
410621,浚县,1.497722118,7047.446262,44.57564926,1.119686897,2024
421125,浠水县,0.613262619,5594.140729,20.81713104,0.0,2024
310115,浦东新区,25.77786235,180528.4354,250.28125,22.50281063,2024
450722,浦北县,0.252927392,2774.515297,35.03544617,0.0,2024
320111,浦口区,9.821351756,43039.66688,65.23503876,4.240262097,2024
350722,浦城县,0.242583189,3739.053607,42.56034088,0.0,2024
330726,浦江县,2.573132215,10894.51062,46.93751907,0.0,2024
540531,浪卡子县,0.030494921,1113.467406,10.06752205,0.0,2024
141027,浮山县,0.218290695,1017.158453,21.91662979,0.0,2024
360222,浮梁县,0.37839245,4969.34347,31.00123215,0.0,2024
441521,海丰县,2.961607129,22809.33414,92.07798004,1.248012817,2024
231283,海伦市,0.204583026,5611.370628,60.12924194,0.0,2024
130924,海兴县,1.038674761,4530.353081,16.52129936,0.938261497,2024
150302,海勃湾区,4.257950173,10779.32647,65.74916077,1.740571728,2024
150303,海南区,2.56017847,12817.46825,141.4578705,1.451410847,2024
640522,海原县,0.212067639,5271.907527,68.86839294,0.010346095,2024
450502,海城区,15.8887018,7414.042113,62.08584213,14.36348447,2024
210381,海城市,1.32299833,17971.98287,77.79883575,0.00094,2024
330481,海宁市,8.591892506,34645.20608,67.45241547,5.705809522,2024
320685,海安市,3.069007918,17027.0846,54.38279343,1.611422946,2024
210902,海州区,7.547882842,2813.258733,85.33683014,1.676179584,2024
320706,海州区,5.343308628,18254.39765,77.96713257,1.722656832,2024
150702,海拉尔区,0.82551144,6628.652911,65.49917603,0.0,2024
632223,海晏县,0.094044707,2100.434688,71.50850677,0.00259009,2024
330203,海曙区,9.544805053,26287.32888,119.4461517,2.229908485,2024
231083,海林市,0.058717317,2892.321527,24.88353157,0.0,2024
460202,海棠区,3.149722906,3334.556057,30.63581848,1.444317417,2024
350205,海沧区,26.54317543,20724.70319,221.5544281,24.5582462,2024
110108,海淀区,22.6579098,50934.18154,79.68793488,21.69477922,2024
130302,海港区,5.414657546,20481.82338,69.07078552,0.760950683,2024
440105,海珠区,37.60549086,15148.81897,73.64015961,38.39647957,2024
330424,海盐县,6.04308523,17897.5093,98.69350433,3.239632398,2024
320614,海门区,4.231932693,22600.56187,120.8223953,1.707385356,2024
370687,海阳市,0.895414126,8343.170359,62.7984848,0.665496275,2024
321202,海陵区,13.99910645,25284.2528,67.91311646,9.224112974,2024
130426,涉县,0.946355882,7026.859428,117.8426361,0.001544622,2024
130623,涞水县,0.453236021,3896.999737,12.86926079,0.0,2024
130630,涞源县,0.368264774,4666.873624,36.38804626,0.0,2024
320826,涟水县,1.603808084,12997.29845,63.84470367,0.722640524,2024
431382,涟源市,0.4285423,3557.744731,27.15859985,0.0,2024
341621,涡阳县,0.95268292,9654.122582,38.0586319,0.0,2024
321111,润州区,13.71093169,9973.761857,62.25077057,8.841641045,2024
410305,涧西区,11.51324097,8031.907798,68.58197784,7.707537456,2024
510703,涪城区,8.558654654,22219.94565,60.88954163,3.628483251,2024
500102,涪陵区,0.998470424,13559.01692,100.1021118,9.57e-05,2024
350303,涵江区,3.218866908,11023.53358,80.33866882,0.000261,2024
130681,涿州市,2.853053031,11079.96011,30.3696003,1.933785329,2024
130731,涿鹿县,0.345740682,5046.317098,44.99282837,0.0,2024
370302,淄川区,2.038162175,9758.161,29.88090897,1.185889553,2024
411326,淅川县,0.22958697,3104.398475,18.49279976,0.0,2024
410622,淇县,1.638456911,4651.662699,31.54162025,0.937123956,2024
410611,淇滨区,6.281058656,10633.33967,63.95752716,1.864863737,2024
340311,淮上区,3.618311692,6982.490199,57.72328568,1.367829011,2024
320803,淮安区,2.81051986,19907.14362,88.59049988,0.881561192,2024
411527,淮滨县,0.479045908,2741.040571,28.34111214,0.0,2024
411603,淮阳区,1.505567394,9695.269505,67.8422699,1.228668289,2024
320804,淮阴区,2.522590526,15891.38052,73.18323517,0.87749513,2024
131182,深州市,1.099571907,6997.748918,30.24215508,0.934948554,2024
810106,深水埗区,79.36602127,3646.790868,171.1557159,76.24982452,2024
130128,深泽县,1.904334839,2888.973034,37.53682327,1.115758241,2024
610430,淳化县,0.299285936,1440.3611,18.15372658,0.0,2024
330127,淳安县,0.248757193,5067.568371,28.3150444,0.0,2024
410922,清丰县,1.405342907,5734.383244,21.9200573,1.186863808,2024
210423,清原满族自治县,0.15993094,3375.378232,65.25666046,0.008294305,2024
441802,清城区,4.878883253,27765.91592,49.99306488,2.381208379,2024
140121,清徐县,4.823225988,14808.363,98.68179321,1.711097022,2024
441803,清新区,0.974816774,10063.97015,45.48406219,0.0,2024
620521,清水县,0.338589222,3280.480763,62.14638519,0.0,2024
150124,清水河县,0.246300578,3600.123389,56.0242157,0.0,2024
320812,清江浦区,15.63584027,31700.53179,70.52802277,10.71758245,2024
211204,清河区,0.661787307,1721.160856,29.86675453,0.0,2024
130534,清河县,2.154133278,5445.640479,29.09690475,1.309651298,2024
210905,清河门区,0.950450892,481.6139671,8.970999718,0.780261286,2024
350423,清流县,0.210930757,1707.548995,18.33796692,0.0,2024
610830,清涧县,0.138304133,1315.266336,13.91129017,0.0,2024
130608,清苑区,2.500294949,11000.94479,67.69210052,1.738779559,2024
520181,清镇市,0.988243126,6154.840197,38.88676071,0.0,2024
430212,渌口区,0.400453027,1909.517073,41.34555817,0.0,2024
411221,渑池县,0.620776619,4131.158852,39.2569046,0.0,2024
500103,渝中区,40.9165635,4418.507487,109.2389297,36.24354471,2024
500112,渝北区,7.990513222,53739.17828,147.6057281,1.496325592,2024
360502,渝水区,1.347734819,10910.30447,47.44250488,0.0,2024
511725,渠县,0.417072664,3933.624917,45.86459351,0.0,2024
410825,温县,1.737016161,4086.041016,21.63364029,1.185007472,2024
652922,温宿县,0.231979687,17748.77219,84.42207336,0.000877,2024
331081,温岭市,7.668390859,33733.94305,81.47634125,4.753215081,2024
510115,温江区,9.795512518,12554.58188,88.53172302,6.781635964,2024
652723,温泉县,0.067910759,2261.564094,15.91397095,0.0,2024
610404,渭城区,22.00713709,28792.23951,201.6833954,15.52696613,2024
621123,渭源县,0.28867213,2909.940726,50.67372131,0.0,2024
610302,渭滨区,2.335339237,9563.717875,76.71980286,0.005627337,2024
450802,港北区,1.63854783,7859.207921,57.83708572,0.0,2024
450803,港南区,0.663134678,3169.336472,24.56926727,0.0,2024
450602,港口区,10.60804122,14405.13757,116.5918808,3.253995559,2024
510704,游仙区,2.007699091,9625.63379,47.8025589,0.0,2024
520328,湄潭县,0.338202379,2863.913659,48.39985657,0.0,2024
360429,湖口县,1.535764326,4797.763889,47.69929886,0.0,2024
411202,湖滨区,4.08529174,4005.412271,40.3885498,1.114969428,2024
350206,湖里区,58.72995871,17735.75659,228.3151398,56.53777837,2024
360313,湘东区,0.335505888,1300.741856,13.90891457,0.0,2024
430381,湘乡市,0.415827257,3710.398891,29.60422325,0.0,2024
445102,湘桥区,7.976583147,11341.66897,66.46414185,4.231887074,2024
430321,湘潭县,0.463967354,4498.088897,35.61154556,0.0,2024
430624,湘阴县,0.612758979,4338.287917,26.3756237,0.0,2024
410411,湛河区,4.728149175,4178.756783,36.08065414,1.610731884,2024
630106,湟中区,1.097663154,13394.98578,127.2512589,0.003750016,2024
630123,湟源县,0.308719808,2387.158359,42.931633,0.0,2024
810107,湾仔区,40.58363366,1505.095778,96.17584229,30.27386475,2024
340210,湾沚区,3.089652644,9422.313751,52.37817383,1.363600023,2024
431224,溆浦县,0.152657194,2377.34785,32.87647247,0.0,2024
441602,源城区,7.508476393,11918.77876,54.32009506,3.140452276,2024
411102,源汇区,5.784666945,6404.919352,85.20418549,1.232188948,2024
320117,溧水区,3.640432947,18160.47821,52.17081833,1.625934407,2024
320481,溧阳市,3.304295159,23717.18105,47.60363388,1.36844373,2024
210503,溪湖区,2.633075628,4406.467553,31.08506966,1.306683812,2024
410526,滑县,1.413436208,12388.7351,39.34222412,1.119638118,2024
370481,滕州市,2.795542429,20379.57009,113.9590836,1.266185917,2024
130607,满城区,2.015723178,6817.705411,36.84119415,1.118968987,2024
150781,满洲里市,2.153728684,6472.655712,96.26342773,0.808992065,2024
130224,滦南县,1.37818543,8233.75537,36.34310532,1.117643612,2024
130284,滦州市,2.561206168,13719.08577,86.16726685,1.243069309,2024
130824,滦平县,0.329456671,5249.557423,29.65620613,0.0,2024
371602,滨城区,6.435628945,33847.57211,71.53627014,2.229315267,2024
330108,滨江区,35.22675876,11829.69817,84.78816986,34.78101807,2024
320922,滨海县,1.804292358,16207.73183,93.63011169,0.847248783,2024
120116,滨海新区,11.55630178,140822.4197,299.2219543,2.806819139,2024
320211,滨湖区,8.730489745,25751.62374,82.07740784,2.741202893,2024
230304,滴道区,0.254423596,724.2282403,12.45968628,0.0,2024
232701,漠河市,0.011900348,1452.689321,21.10211754,0.0,2024
621125,漳县,0.147045186,1553.714035,36.9836235,0.0,2024
350881,漳平市,0.379277436,4980.866132,41.21817017,0.0,2024
350623,漳浦县,3.803244578,34061.38117,190.2258606,1.428761545,2024
532922,漾濞彝族自治县,0.150356738,1246.453818,41.24809265,0.0,2024
370702,潍城区,8.948400077,12790.7027,75.37387085,4.744047623,2024
340406,潘集区,2.718088711,7744.698129,85.50443268,1.25872273,2024
340882,潜山市,0.620344759,4888.654851,40.27736282,0.0,2024
429005,潜江市,1.361695387,12682.17402,144.3104248,0.125366239,2024
140406,潞城区,3.04466196,9326.277177,83.21889496,1.224375729,2024
140403,潞州区,16.61935789,28354.84048,106.6759415,6.754175886,2024
411526,潢川县,0.758500531,5868.661386,50.15658188,0.0,2024
440514,潮南区,8.386424028,22101.41744,71.46452332,3.212296003,2024
445103,潮安区,5.268270599,25107.00752,86.97745514,1.212688347,2024
440513,潮阳区,8.488982401,24320.06903,75.98134613,5.237472174,2024
610522,潼关县,0.850361708,1792.629176,28.24315071,0.0,2024
500152,潼南区,0.799480831,5904.736545,58.77125931,0.0,2024
610525,澄城县,0.445623278,2453.274981,18.83195686,0.0,2024
530481,澄江市,1.090369072,3658.222445,54.32870865,0.0,2024
440515,澄海区,14.01391368,22231.06813,89.40949249,9.753204577,2024
469023,澄迈县,0.950617063,8373.161844,42.62041855,0.0,2024
710010,澎湖县,7.074384046,2705.882541,50.42487335,5.097440066,2024
530828,澜沧拉祜族自治县,0.074097244,2819.564905,51.97136688,0.0,2024
430723,澧县,0.455833147,4365.98955,42.33389664,0.0,2024
820000,澳门特别行政区,109.1707288,11908.59997,598.609314,73.74435251,2024
360402,濂溪区,7.643857991,13739.81975,58.9017601,2.862870355,2024
340621,濉溪县,1.648590493,15810.79096,260.5467529,0.672880986,2024
440512,濠江区,15.09603049,10683.96398,117.2509079,12.20807283,2024
410928,濮阳县,2.434803568,16034.2509,57.16434097,1.372983199,2024
410304,瀍河回族区,18.5075976,2870.492098,41.98774719,18.86394501,2024
320723,灌云县,1.55525627,11469.67954,53.88599777,1.113621804,2024
320724,灌南县,1.810363411,8978.564784,45.126194,1.112199691,2024
450327,灌阳县,0.075576882,616.2115121,7.932271481,0.0,2024
610111,灞桥区,23.26320648,36814.16109,133.3547821,14.39086974,2024
211081,灯塔市,1.439936723,9002.512628,51.87393188,0.885132308,2024
140224,灵丘县,0.273074821,3864.980005,28.4756546,0.0,2024
620822,灵台县,0.131702955,1278.873916,11.5300293,0.0,2024
411282,灵宝市,0.508000783,7419.666199,59.90481949,0.0,2024
130126,灵寿县,0.901579669,4886.109251,49.86322784,0.0,2024
450721,灵山县,0.376561371,5813.96433,76.69329071,0.001567207,2024
450323,灵川县,0.391847373,4013.818646,45.7080574,0.0,2024
640181,灵武市,3.956250019,60680.12499,1184.323486,0.991346166,2024
341323,灵璧县,1.101179259,11313.01046,63.18685532,0.692841898,2024
140729,灵石县,1.236585309,7473.897363,85.45214081,0.793825188,2024
513327,炉霍县,0.110241783,2322.047752,94.00087738,0.004498122,2024
430225,炎陵县,0.087267025,787.0958624,9.167161942,0.0,2024
420504,点军区,1.961705725,4897.886845,95.31266785,0.003026799,2024
340604,烈山区,3.101203136,5740.327005,24.10172653,1.813156417,2024
652826,焉耆回族自治县,0.410152766,5200.203065,63.94471741,0.0,2024
231004,爱民区,1.940336845,4774.354795,108.2942276,0.002285279,2024
231102,爱辉区,0.109118082,9768.229723,72.40216827,0.000327,2024
150782,牙克石市,0.020920515,3563.966986,31.70825005,0.0,2024
532323,牟定县,0.268774584,1736.876173,22.8705616,0.0,2024
370612,牟平区,1.195286548,9054.544032,32.99969482,0.0,2024
371702,牡丹区,4.853248322,34207.78773,72.65245819,1.715579226,2024
410711,牧野区,11.44308861,5525.216807,39.95572281,7.627659109,2024
654027,特克斯县,0.047236241,2082.852045,23.83971596,0.0,2024
511123,犍为县,0.303312386,1916.454928,26.80813789,0.0,2024
522726,独山县,0.20181626,2201.566096,27.88546944,0.0,2024
650202,独山子区,6.877052408,15365.7353,120.4800262,1.215529285,2024
420505,猇亭区,8.476425313,4713.025438,61.97950363,5.617925087,2024
130929,献县,1.123276429,6702.942855,19.40538597,0.934817916,2024
320102,玄武区,23.50710964,8364.659273,72.77166748,23.24465886,2024
520622,玉屏侗族自治县,1.068908565,2509.193693,25.7623558,0.0,2024
361123,玉山县,0.413786703,3287.525616,26.8399353,0.0,2024
450902,玉州区,6.089615736,11550.49656,50.71984863,2.618973324,2024
632701,玉树市,0.045907996,3377.289774,104.6320572,0.002342696,2024
150104,玉泉区,15.45552053,15534.19216,102.2070694,5.780836923,2024
331083,玉环市,8.195107945,16276.31996,75.09288788,5.755101085,2024
130229,玉田县,2.339842441,13977.48467,42.92861938,1.369746684,2024
620981,玉门市,0.184829222,12908.50909,110.3387299,0.002248084,2024
530721,玉龙纳西族自治县,0.182386087,5103.050408,64.43130493,0.010382757,2024
610202,王益区,2.550070446,1903.812593,25.47907448,1.31065266,2024
632626,玛多县,0.006807023,813.6033395,16.38406181,0.0,2024
623025,玛曲县,0.018144244,841.008101,23.21938705,0.0,2024
632621,玛沁县,0.021169249,1386.115704,27.24446297,0.0,2024
652324,玛纳斯县,0.35347235,18262.04502,318.832489,0.113525231,2024
621022,环县,0.31102827,14380.3384,114.8924179,0.008141894,2024
451226,环江毛南族自治县,0.07096114,1433.612876,36.16536331,0.0,2024
371002,环翠区,8.179508935,40386.95086,184.1910248,3.471506775,2024
511526,珙县,0.342449995,1780.029557,44.77703857,0.0,2024
360203,珠山区,12.36175541,6373.139361,74.8581543,8.143403264,2024
430405,珠晖区,5.158233151,5006.924979,37.37529755,2.630807396,2024
540627,班戈县,0.003240899,432.3712948,10.83394432,0.0,2024
632622,班玛县,0.030215531,926.0998783,29.54674149,0.0,2024
222404,珲春市,0.257516041,7329.615444,79.85792542,0.004477339,2024
341102,琅琊区,9.986004102,11498.39421,66.31700134,3.251361001,2024
513222,理县,0.057204655,1164.402766,22.18527222,0.0,2024
513334,理塘县,0.02688535,1743.25907,43.28149796,0.0,2024
469030,琼中黎族苗族自治县,0.158641575,1823.350981,34.28277588,0.0,2024
460107,琼山区,2.010342442,8002.723891,80.24098969,0.002094751,2024
469002,琼海市,0.96063254,6897.288898,49.17596817,0.0,2024
540524,琼结县,0.078169728,367.9565576,14.49725437,0.0,2024
533102,瑞丽市,1.788894073,7456.44723,73.25576019,0.016819433,2024
330381,瑞安市,7.027925805,40216.68531,67.21659088,2.742840702,2024
360481,瑞昌市,1.023488363,6797.540105,63.79106522,0.0,2024
360781,瑞金市,0.550283811,5977.023066,39.77088928,0.0,2024
340102,瑶海区,33.9717126,40014.54755,95.70355988,36.80060924,2024
500120,璧山区,2.391740001,10100.50561,44.39986038,0.0,2024
620922,瓜州县,0.071547316,8911.4738,83.66858673,0.001830379,2024
210281,瓦房店市,2.209986792,42784.86763,325.0658264,0.496280882,2024
522725,瓮安县,0.444225044,3937.81635,67.43028259,0.000295,2024
330304,瓯海区,9.700864001,20531.44117,78.67028046,3.264939103,2024
210211,甘井子区,12.87098041,34313.32713,130.285965,6.479523322,2024
230225,甘南县,0.143300367,4108.853683,39.13471222,0.0,2024
513328,甘孜县,0.101752585,3306.552788,113.177742,0.004247671,2024
620702,甘州区,0.649720702,12267.00457,58.31636429,0.0,2024
632623,甘德县,0.018032339,621.6298829,13.9111805,0.0,2024
610627,甘泉县,0.238216702,2694.087032,59.95571899,0.0,2024
513435,甘洛县,0.063631322,627.2743243,29.60469246,0.0,2024
620523,甘谷县,0.652225764,5037.978516,51.26251221,0.0,2024
451022,田东县,0.30924704,3817.153846,34.47378159,0.0,2024
340403,田家庵区,8.024674417,9507.886004,76.24717712,3.208530372,2024
451029,田林县,0.05129308,1243.643565,12.56992149,0.0,2024
451003,田阳区,0.251741722,2622.168432,21.80351639,0.0,2024
540625,申扎县,0.006343556,761.7389105,25.15496445,0.0,2024
440904,电白区,2.90948769,27568.11468,86.33037567,1.23654328,2024
341282,界首市,2.648620635,8513.040643,50.48113632,1.365765609,2024
610729,留坝县,0.032216602,302.8077587,4.506597042,0.0,2024
610727,略阳县,0.057408383,772.6159708,13.55374336,0.0,2024
440113,番禺区,23.59571222,52887.15178,115.3512115,20.76126099,2024
653122,疏勒县,0.717066194,7788.230281,54.30731964,0.0,2024
653121,疏附县,0.459562657,6454.418751,46.31878662,0.0,2024
410185,登封市,1.574919084,9334.841869,63.95324707,0.872031521,2024
520113,白云区,6.47602719,7881.731429,38.30070114,3.129765724,2024
440111,白云区,20.69982107,60586.34689,146.2103729,14.4707942,2024
150206,白云鄂博矿区,4.03134601,5338.087058,63.12311554,1.121167607,2024
211002,白塔区,29.2176697,3873.575527,64.33676147,28.60150464,2024
540228,白朗县,0.022972873,295.3628561,11.44395638,0.0,2024
659012,白杨市,0.705893393,418.1380273,11.71475792,0.0,2024
610527,白水县,0.661496367,3191.683652,42.35877609,0.0,2024
469025,白沙黎族自治县,0.188642069,1699.003686,24.83071327,0.0,2024
610929,白河县,0.085834896,588.8741717,24.15316391,0.0,2024
513331,白玉县,0.026950955,1297.34086,32.28214645,0.0,2024
650204,白碱滩区,2.532029919,18381.29602,800.5025635,0.451992207,2024
620402,白银区,1.489636078,10010.69326,58.7287178,0.0,2024
210105,皇姑区,35.93645473,13012.09701,138.5132446,33.52041872,2024
620122,皋兰县,1.531503915,15404.29279,550.2462769,0.361728841,2024
653223,皮山县,0.028612551,5615.241503,42.41698456,0.0,2024
140322,盂县,0.415601338,5334.565873,36.35596466,0.0,2024
533123,盈江县,0.155079138,2953.352649,40.33827972,0.0,2024
510723,盐亭县,0.380002243,2937.023927,34.58164215,0.0,2024
130925,盐山县,1.355098412,5573.381602,19.75268364,1.059396013,2024
640323,盐池县,0.457004065,15128.3346,90.73458099,0.002128999,2024
530623,盐津县,0.030480847,278.983543,6.484838009,0.0,2024
140802,盐湖区,3.529766266,20898.9709,69.24447632,0.776444422,2024
513423,盐源县,0.098884572,3763.934988,67.96723175,0.010193613,2024
440308,盐田区,19.29542868,6274.646402,170.4653625,7.434942307,2024
510422,盐边县,0.198357552,2933.436717,34.89412689,0.0,2024
320903,盐都区,4.682754441,23574.06932,78.70469666,1.224432019,2024
421088,监利市,0.351649579,5225.707187,25.08144951,0.0,2024
210881,盖州市,0.631647976,9706.655825,62.47585297,0.0,2024
211122,盘山县,1.116308244,10892.60314,75.55337524,0.000685,2024
520281,盘州市,0.483889531,8722.061361,59.54515839,0.0,2024
530103,盘龙区,3.554474014,13664.66657,84.42114258,0.007914677,2024
320830,盱眙县,0.756242601,9008.919408,53.33538437,0.0,2024
320507,相城区,17.59233342,40768.95639,101.9965973,13.70225558,2024
340603,相山区,7.293887176,4883.529198,51.71839523,4.102330383,2024
610326,眉县,0.728607876,3026.765697,25.47475815,0.0,2024
411422,睢县,2.223894922,9926.228527,64.30877686,0.876708378,2024
320324,睢宁县,1.69719792,14492.16006,55.31482697,0.885027124,2024
411403,睢阳区,2.855258795,13259.78825,61.66309738,0.89769429,2024
341722,石台县,0.12198491,800.0368391,12.58942223,0.0,2024
360735,石城县,0.327125589,2305.600393,35.14229202,0.0,2024
532525,石屏县,0.144017448,1923.997421,34.6052742,0.0,2024
430204,石峰区,7.293467903,5536.829008,51.84887695,3.877547781,2024
150205,石拐区,0.496358135,2046.587754,39.38508224,0.0,2024
110107,石景山区,25.51576129,11072.43954,69.05757141,26.23954344,2024
530126,石林彝族自治县,0.494961795,3673.878184,28.94449043,0.0,2024
500240,石柱土家族自治县,0.195048128,2723.047788,32.30529022,0.0,2024
511824,石棉县,0.123116578,1514.658842,30.22932243,0.0,2024
141126,石楼县,0.112745811,957.4471552,12.68105125,0.0,2024
659001,石河子市,6.6594284,17031.47508,104.8095245,2.249120882,2024
610922,石泉县,0.134930387,978.4797116,19.94237709,0.0,2024
513332,石渠县,0.009439185,1012.819095,28.47790527,0.0,2024
350581,石狮市,31.33829602,22097.30845,115.9477234,26.76486576,2024
430726,石门县,0.156047915,2879.028345,27.24543381,0.0,2024
520623,石阡县,0.203946083,1999.282654,25.28800392,0.0,2024
421081,石首市,0.577718454,3773.194767,20.13912392,0.0,2024
430407,石鼓区,5.836635687,2714.264482,41.21389008,3.405983716,2024
410404,石龙区,4.256170837,732.8792364,26.51723099,2.034615791,2024
140303,矿区,21.25769298,1200.934608,44.30243301,21.17835808,2024
341321,砀山县,1.132707853,6608.106567,31.2834301,0.934689066,2024
532622,砚山县,0.291051899,4945.125847,35.94868469,0.0,2024
420104,硚口区,42.69108413,8050.19914,75.25086212,41.78926849,2024
411725,确山县,0.824327951,6317.769026,45.13280106,0.0,2024
623026,碌曲县,0.038127751,802.3358771,8.771368027,0.0,2024
610103,碑林区,57.30803103,6377.147798,122.0027771,54.12172699,2024
520602,碧江区,1.208447093,5557.212191,47.65486908,0.0,2024
230207,碾子山区,0.373491885,666.2187123,24.31209183,0.0,2024
130427,磁县,1.146433353,3861.443793,27.75186539,0.692302312,2024
330727,磐安县,0.476916443,2619.767482,22.25864029,0.0,2024
220284,磐石市,0.317066432,6707.295421,52.36525726,0.0,2024
150822,磴口县,0.178865413,3467.65816,28.07497597,0.0,2024
621226,礼县,0.092627941,1914.581771,18.8658886,0.0,2024
610425,礼泉县,0.687580657,3380.507826,21.51223564,0.0,2024
411327,社旗县,0.591899967,3264.978247,19.65380478,0.0,2024
430426,祁东县,0.35453382,2978.802886,42.68169785,0.0,2024
140727,祁县,0.838470243,3606.983903,22.10764503,0.0,2024
632222,祁连县,0.018237263,1294.001363,27.0843544,0.0,2024
341024,祁门县,0.081502762,837.6067593,7.069988251,0.0,2024
431181,祁阳市,0.185733259,2117.208382,18.16866493,0.0,2024
429021,神农架林区,0.031088298,470.957847,5.888458729,0.0,2024
610881,神木市,1.277325847,49433.16148,200.011673,0.134481764,2024
140927,神池县,0.422969745,3218.806392,51.79167175,0.0,2024
532923,祥云县,0.691931944,7481.792274,76.18882751,0.015515904,2024
410212,祥符区,1.140327199,6951.80577,28.93909836,0.938299245,2024
532302,禄丰市,0.379968059,5984.935003,44.07625961,0.0,2024
530128,禄劝彝族苗族自治县,0.122707991,2330.80172,21.08471489,0.0,2024
440604,禅城区,29.20552183,19539.98301,83.65882874,29.73521329,2024
350981,福安市,1.705522446,13695.35193,82.39085388,0.772790932,2024
370611,福山区,8.146949208,38189.92665,233.5241394,1.401745533,2024
522702,福泉市,0.586327468,4458.532934,52.61110687,0.0,2024
654323,福海县,0.032504541,6100.181908,73.51228333,0.000778,2024
350181,福清市,5.781127995,42521.32996,252.3480835,2.452049007,2024
440304,福田区,37.72296133,12088.35994,91.45999146,35.6602108,2024
450903,福绵区,0.571763016,2066.820162,17.69909096,0.0,2024
533323,福贡县,0.068308291,844.3930674,31.28628349,0.0,2024
350982,福鼎市,2.610390327,17502.40098,79.07883453,1.229351904,2024
340304,禹会区,4.487199543,7007.281194,36.45882797,1.61920742,2024
371482,禹城市,0.95385554,4730.932709,21.03230667,0.714512926,2024
411081,禹州市,1.494182949,10647.35433,46.40713882,0.875274026,2024
410205,禹王台区,10.59163487,3181.810188,38.87686157,8.124168284,2024
810110,离岛区,13.33856204,9358.544359,166.0909729,3.461052813,2024
141102,离石区,1.620185653,10857.62014,92.65853119,0.006533067,2024
500241,秀山土家族苗族自治县,0.34452311,3867.708301,54.63380814,0.0,2024
350305,秀屿区,6.719996174,16882.60686,120.8740234,5.267739405,2024
450302,秀峰区,8.241591829,1616.386238,38.60849762,5.105138143,2024
330411,秀洲区,10.24218963,26774.73047,62.19417953,6.610000834,2024
460105,秀英区,7.921636408,16687.47074,128.7680359,2.487857706,2024
150502,科尔沁区,1.291263094,25065.51812,129.2011108,0.256430318,2024
152222,科尔沁右翼中旗,0.051525669,3736.106222,28.06021309,0.0,2024
152221,科尔沁右翼前旗,0.080999096,7865.515958,35.93119812,0.0,2024
150521,科尔沁左翼中旗,0.141904856,7560.938339,19.38759232,0.0,2024
150522,科尔沁左翼后旗,0.088161071,5564.731324,22.65423393,0.0,2024
620522,秦安县,0.319327762,2504.485131,30.95772934,0.0,2024
620502,秦州区,0.640871043,7376.579016,79.33001709,0.009248056,2024
320104,秦淮区,37.95974847,9004.201199,72.77166748,36.70720291,2024
610402,秦都区,20.79829146,26072.16724,81.07782745,19.27194285,2024
420527,秭归县,0.107237016,1139.473621,11.35425282,0.0,2024
622927,积石山保安族东乡族撒拉族自治县,0.772545453,3496.043868,46.70540237,0.0,2024
632723,称多县,0.008720163,616.0347065,6.983278275,0.0,2024
140824,稷山县,1.477204417,5015.288577,61.14808273,0.881381584,2024
513337,稻城县,0.030894748,1000.348193,37.44103241,0.0,2024
231085,穆棱市,0.048608885,1638.612572,13.70625687,0.0,2024
152224,突泉县,0.169350831,4639.510787,77.56664276,0.012268459,2024
210304,立山区,10.58455547,10412.54606,165.8656158,6.490218122,2024
210802,站前区,8.278025843,3737.447511,62.13893127,1.890010006,2024
130602,竞秀区,16.37777671,12849.93938,73.68405914,10.25078482,2024
370114,章丘区,2.548363682,21837.43806,205.1771393,1.452027705,2024
360702,章贡区,8.388274358,22154.22206,92.81578064,2.762821227,2024
441202,端州区,13.56006913,8992.984671,53.2363205,7.185120686,2024
420323,竹山县,0.069831767,1195.358823,8.380330086,0.0,2024
420324,竹溪县,0.082192875,1277.487118,16.32279778,0.0,2024
653225,策勒县,0.021828832,3462.656935,49.36085892,0.0,2024
511527,筠连县,0.259645349,1495.722164,42.54869843,0.0,2024
510185,简阳市,3.535195591,36362.13459,239.5437927,0.006311972,2024
410104,管城回族区,27.30986974,28626.74095,111.3238602,26.26685219,2024
650109,米东区,1.603820248,30579.10354,135.0124969,0.015340673,2024
510421,米易县,0.358750958,3404.950358,30.93239594,0.0,2024
540422,米林市,0.015267627,667.5501678,10.81658745,0.0,2024
610827,米脂县,0.652311964,3873.315888,50.55368042,0.0,2024
540323,类乌齐县,0.02487512,740.7896547,41.45484161,0.0,2024
652722,精河县,0.125715336,7331.242656,308.9002991,0.044813682,2024
540626,索县,0.015354779,423.7981017,10.79745674,0.0,2024
520425,紫云苗族布依族自治县,0.192419664,1930.132976,53.66413498,0.0,2024
441621,紫金县,0.676083935,10763.7653,54.14098358,0.0,2024
610924,紫阳县,0.066888888,703.3954127,18.38781166,0.0,2024
500110,綦江区,0.566189151,7115.811964,44.44409561,0.0,2024
140924,繁峙县,0.349849242,4286.254131,38.17111206,0.0,2024
340212,繁昌区,2.414155583,6624.461854,36.85419846,1.365600561,2024
513233,红原县,0.042378624,1677.114279,55.65559769,0.0,2024
620111,红古区,1.170609897,3099.407757,55.73530197,0.0,2024
530402,红塔区,2.845445596,11933.09584,135.7162323,0.125072515,2024
421122,红安县,0.523203995,4399.197673,98.81598663,0.000819,2024
640303,红寺堡区,0.814074768,11320.42796,213.5081024,0.14797737,2024
150402,红山区,5.325172838,14024.95991,83.74588776,1.187192075,2024
230605,红岗区,3.771468228,13897.54983,88.66627502,1.731299045,2024
410702,红旗区,14.16173224,10744.03419,54.91399765,10.43108084,2024
120106,红桥区,57.56633759,7174.345916,96.35739136,58.83539963,2024
532529,红河县,0.138428472,1228.380062,23.98098755,0.0,2024
520302,红花岗区,1.615082499,10290.97,58.85899734,0.0,2024
360113,红谷滩区,10.18175936,18681.41221,77.90992737,1.257843112,2024
510503,纳溪区,0.473466795,2500.107059,27.85394096,0.0,2024
520525,纳雍县,0.22836807,2522.706847,41.27289581,0.0,2024
210911,细河区,10.53304154,5601.38888,75.13713837,4.793831202,2024
520524,织金县,0.26625025,3431.312103,45.54579163,0.0,2024
140826,绛县,0.465199174,2239.062001,30.56215286,0.0,2024
211421,绥中县,0.603991372,8830.972065,46.99297333,0.0,2024
430527,绥宁县,0.023523876,308.7359219,9.434179306,0.0,2024
610826,绥德县,0.430981877,4041.771704,62.0509491,0.0,2024
231226,绥棱县,0.05937763,1517.753932,21.75037575,0.0,2024
530626,绥江县,0.199373312,689.7980392,27.02372932,0.0,2024
230422,绥滨县,0.120455098,2394.132937,25.91480255,0.0,2024
231081,绥芬河市,1.714493538,3972.306716,70.22279358,0.001136192,2024
520323,绥阳县,0.156054589,1808.616999,40.55850983,0.0,2024
341824,绩溪县,0.300628294,1540.675205,20.40687561,0.0,2024
533423,维西傈僳族自治县,0.073599663,1143.448116,21.04100418,0.0,2024
510683,绵竹市,1.00222651,5864.801581,36.32855225,0.0,2024
220106,绿园区,21.30114447,33595.91445,147.6757965,10.53795028,2024
532531,绿春县,0.043555534,588.1148324,13.87487125,0.0,2024
331122,缙云县,1.044647656,7127.925916,36.31269455,0.0,2024
451225,罗城仫佬族自治县,0.125738738,1474.438579,27.97506332,0.0,2024
445381,罗定市,0.686760058,6988.300678,29.71977234,0.0,2024
411521,罗山县,0.33195342,3253.687657,22.82482338,0.0,2024
530324,罗平县,0.354521214,4738.548622,53.45061874,0.0,2024
371311,罗庄区,6.707290526,18686.82704,69.83179474,3.265763593,2024
510604,罗江区,1.265420246,2674.408623,34.04507446,0.0,2024
440303,罗湖区,24.28902364,8314.942428,107.4062576,14.72559977,2024
350123,罗源县,1.799272868,8609.922866,71.04470825,0.765740628,2024
421123,罗田县,0.202452314,2021.445072,19.75387192,0.0,2024
522728,罗甸县,0.092885908,1237.240654,24.44192123,0.0,2024
460108,美兰区,8.738748383,19169.86677,278.9656372,2.833125697,2024
513436,美姑县,0.043088834,494.5209119,11.58873749,0.0,2024
440229,翁源县,0.614646352,5886.754945,51.93515396,0.0,2024
150426,翁牛特旗,0.086218562,5601.835696,42.58787537,0.0,2024
350213,翔安区,20.83261701,34035.10422,80.64945984,14.72980428,2024
511502,翠屏区,2.781268444,19026.81012,85.05062103,0.0,2024
141022,翼城县,0.703046997,4057.791519,51.13660431,0.0,2024
610204,耀州区,1.214818762,9598.373554,55.7992897,0.0,2024
410302,老城区,21.07836376,5356.218881,58.65987778,17.58457327,2024
420682,老河口市,0.519770704,2624.071574,19.18664742,0.0,2024
210811,老边区,6.416425024,7302.571063,66.7977066,3.257350038,2024
430481,耒阳市,0.330323676,3924.817836,30.23731804,0.0,2024
530926,耿马傣族佤族自治县,0.270399274,4432.131463,45.71314621,0.0,2024
540235,聂拉木县,0.013991179,503.4088299,12.45961094,0.0,2024
540623,聂荣县,0.007363186,313.8562975,9.566874504,0.0,2024
620923,肃北蒙古族自治县,0.011188582,3262.172207,80.4021225,0.001110745,2024
620721,肃南裕固族自治县,0.015338685,1595.070872,41.17415237,0.0,2024
130926,肃宁县,2.562333411,6770.338015,65.84705353,1.234826938,2024
620902,肃州区,0.906999043,15807.26468,66.50846863,0.00153359,2024
231282,肇东市,0.312221457,7782.501827,40.6313591,0.0,2024
230621,肇州县,0.518810125,7278.344512,87.70504761,0.000223,2024
230622,肇源县,0.786160263,18765.30635,261.2021484,0.221672665,2024
340122,肥东县,2.68112569,27618.35985,65.72588348,0.825046089,2024
130407,肥乡区,1.84018482,4620.24945,24.03109932,1.308700195,2024
370983,肥城市,1.35322271,8583.263462,62.58576965,0.879062558,2024
340123,肥西县,4.363529206,34897.96652,78.92458344,0.872777081,2024
659010,胡杨河市,0.836880979,3119.229347,48.11354065,0.0,2024
370281,胶州市,5.872037085,37970.34189,360.0997009,2.798939754,2024
530581,腾冲市,0.227813852,5755.209532,31.00377083,0.0,2024
510302,自流井区,5.720011273,4085.546091,64.82207489,0.0,2024
220283,舒兰市,0.255403237,6477.494825,53.74232483,0.0,2024
341523,舒城县,0.96597377,9580.868784,47.26544952,0.0,2024
410481,舞钢市,1.489775175,4482.67508,24.93517113,0.938509369,2024
411121,舞阳县,1.040903123,3879.409201,68.92396545,0.0,2024
623023,舟曲县,0.041311794,602.4609011,10.51834679,0.0,2024
510903,船山区,6.244577874,17776.30515,62.45770264,1.624999779,2024
220204,船营区,2.731628482,8914.835591,160.4504852,0.100411019,2024
450108,良庆区,2.375601321,14129.8158,68.26494598,0.003276771,2024
540602,色尼区,0.04250223,3231.335873,52.68917465,0.0,2024
513333,色达县,0.063427057,2638.197928,116.4631805,0.002576364,2024
533103,芒市,0.539182988,6896.33649,64.20199585,0.014121806,2024
540328,芒康县,0.035660118,1906.949964,44.11599731,0.0,2024
350602,芗城区,12.4085128,14224.48649,84.7209549,5.253430265,2024
430102,芙蓉区,42.64204721,8213.359963,180.0715637,37.39705307,2024
370602,芝罘区,19.08725836,15588.97559,104.4285965,15.74360454,2024
511826,芦山县,0.084985233,472.1359605,14.08379841,0.0,2024
430203,芦淞区,3.724574947,3686.423614,64.67697144,1.261087494,2024
360323,芦溪县,0.427887201,1874.859087,51.75176239,0.0,2024
140830,芮城县,0.370452999,2099.451572,14.65051174,0.0,2024
433124,花垣县,0.262557267,1330.986188,20.86265755,0.0,2024
340503,花山区,11.07039614,9813.797649,79.39076996,6.165329562,2024
520111,花溪区,3.674177869,15929.66471,43.0644455,1.87487916,2024
710003,花莲县,0.995193205,20082.39787,87.67889404,0.004382828,2024
440114,花都区,10.18003163,43134.47073,183.4723663,5.483701594,2024
431228,芷江侗族自治县,0.161086092,1528.605937,19.86738396,0.0,2024
330327,苍南县,4.428899558,20390.41041,75.3819046,1.726966772,2024
450421,苍梧县,0.122514104,1493.095718,9.253802299,0.0,2024
510824,苍溪县,0.380110416,4185.932422,62.33562469,0.0,2024
431003,苏仙区,0.912390355,5458.863696,52.03840256,0.0,2024
210111,苏家屯区,3.51768618,14723.00651,82.35697937,1.22990677,2024
152524,苏尼特右旗,0.021746445,2667.421294,23.24063301,0.0,2024
152523,苏尼特左旗,0.012225149,2329.577073,38.45920181,0.0,2024
710007,苗栗县,3.081992463,24603.35245,65.11361694,1.237282148,2024
513232,若尔盖县,0.046437466,2311.447449,47.99212646,0.0,2024
652824,若羌县,0.009332258,9497.475644,76.78210449,0.000227,2024
653123,英吉沙县,0.306306869,5395.918623,60.74494171,0.0,2024
421124,英山县,0.19365014,1297.987528,16.17332077,0.0,2024
441881,英德市,0.68341348,16972.45586,50.46772003,0.0,2024
440902,茂南区,5.748914864,12084.87284,70.67086029,2.735882536,2024
513223,茂县,0.127703202,2350.019369,62.47151184,0.0,2024
410926,范县,2.52700464,7712.606448,87.84291077,1.251400984,2024
230904,茄子河区,0.315761677,2835.794948,36.95495987,0.0,2024
420302,茅箭区,2.261045857,5772.724945,40.01454163,0.0,2024
371503,茌平区,1.945345729,9735.303422,64.11483002,1.220871114,2024
632803,茫崖市,0.02218787,5653.383922,47.17893982,0.0,2024
430224,茶陵县,0.139262277,1573.252501,18.57541656,0.0,2024
810117,荃湾区,15.05167467,3678.688317,86.76197052,5.821627881,2024
421003,荆州区,1.887004684,9149.375313,73.93706512,0.000473,2024
350304,荔城区,11.02782829,13660.23578,83.11722565,7.749362167,2024
522722,荔波县,0.127589853,1361.940121,22.5455265,0.0,2024
450381,荔浦市,0.297033255,2306.986234,36.61435699,0.0,2024
440103,荔湾区,39.10913345,10663.75705,72.75241852,38.64221668,2024
510321,荣县,0.305827817,2261.155356,33.3731041,0.0,2024
371082,荣成市,2.162335965,16166.99739,109.252594,1.206461701,2024
500153,荣昌区,1.199059521,6019.913592,38.37216187,0.0,2024
511822,荥经县,0.063432445,519.9298778,14.50555897,0.0,2024
410182,荥阳市,2.387395236,10976.50367,36.2886467,1.369797443,2024
430202,荷塘区,6.180900767,4221.943045,64.67697144,2.241185902,2024
653125,莎车县,0.292231533,13352.67529,57.02155304,0.0,2024
371327,莒南县,2.530230001,21525.57949,281.4502258,0.932000812,2024
371122,莒县,1.229061973,11042.89047,31.87171555,0.939272567,2024
371522,莘县,1.280311365,8795.608536,23.90344238,1.059213835,2024
150722,莫力达瓦达斡尔族自治旗,0.074745736,4715.30105,41.27981186,0.0,2024
370613,莱山区,9.439777822,15613.20742,76.94719696,2.736470004,2024
370683,莱州市,1.176743878,11190.51586,42.81386185,0.878155032,2024
370116,莱芜区,1.943569842,16789.27275,56.85484314,0.872628415,2024
370285,莱西市,1.604818963,12597.84774,33.25316238,1.115351451,2024
370682,莱阳市,1.191826069,10292.90438,34.08953094,0.870093831,2024
130606,莲池区,23.68459216,21444.30838,85.34133911,17.79867172,2024
610104,莲湖区,46.09133969,8493.820528,98.83652496,44.21535683,2024
360321,莲花县,0.249031951,1194.052541,14.05305862,0.0,2024
629800,莲花山风景林自然保护区,0.11554543,62.88661956,3.294352293,0.0,2024
331102,莲都区,2.392809338,16333.42914,61.97629547,0.0,2024
410724,获嘉县,1.62882549,3764.528697,17.54029846,1.310370353,2024
230421,萝北县,0.083013033,3355.070365,15.93610668,0.0,2024
511322,营山县,0.775568989,5940.453943,71.24733734,0.000712,2024
341322,萧县,1.180498389,10661.05317,38.72859955,0.889391949,2024
330109,萧山区,15.12426116,72058.68227,277.4880371,8.976836115,2024
540236,萨嘎县,0.009553197,546.3803634,22.00016975,0.0,2024
230602,萨尔图区,6.750056429,19396.59156,93.73084259,2.756794098,2024
540224,萨迦县,0.022106229,582.2845747,10.67462826,0.0,2024
810111,葵青区,63.36518581,6135.240932,201.6109467,52.38179779,2024
341622,蒙城县,0.808926428,8318.533066,23.02432632,0.0,2024
450423,蒙山县,0.202897915,1143.953565,21.14658356,0.0,2024
532503,蒙自市,1.081233008,10283.64954,70.36457062,0.005074903,2024
371328,蒙阴县,0.572932733,4538.341726,13.15615368,0.0,2024
141033,蒲县,0.361810877,2727.218298,39.48432159,0.0,2024
610526,蒲城县,1.440811919,11138.71919,358.6197205,0.430974918,2024
510131,蒲江县,0.79558519,2145.983411,46.55319595,0.0,2024
430408,蒸湘区,10.29083774,5139.688287,94.37931061,4.695855243,2024
431127,蓝山县,0.261829618,2091.26499,30.7443428,0.0,2024
610122,蓝田县,0.716667199,6962.05648,36.95544434,0.0,2024
120119,蓟州区,1.87465856,15612.87694,59.04520035,1.12426302,2024
511323,蓬安县,0.648820387,4066.523756,60.46744156,0.0,2024
440703,蓬江区,10.94955041,15455.95596,49.51625061,8.129816801,2024
510921,蓬溪县,0.54574176,3189.77926,34.3013916,0.0,2024
370614,蓬莱区,2.709842515,16097.31468,115.7786026,1.231267008,2024
130726,蔚县,0.27619941,4609.442132,19.51014328,0.0,2024
420114,蔡甸区,7.237375031,36864.46375,88.04516602,2.196826184,2024
350902,蕉城区,3.345795282,21284.08644,102.421936,0.780071758,2024
441427,蕉岭县,0.647714136,2744.890585,20.68206406,0.0,2024
421126,蕲春县,0.355309143,3940.696087,27.47603035,0.0,2024
370403,薛城区,4.251030743,10514.08267,82.97605133,2.23872082,2024
130109,藁城区,4.304002427,17773.48773,101.4524994,1.741206394,2024
450422,藤县,0.427588586,7389.626195,58.54359436,0.0,2024
320505,虎丘区,25.0527226,47044.0025,101.4152679,24.72174982,2024
230381,虎林市,0.083127496,4447.428603,47.99319458,0.0,2024
411425,虞城县,1.544914977,11627.59962,48.3531189,0.888427928,2024
310109,虹口区,43.78600733,4941.980694,93.09662628,42.21044469,2024
340303,蚌山区,14.21578666,6052.858968,65.21646881,7.130982945,2024
220281,蛟河市,0.109085003,3841.656818,36.68075943,0.0,2024
340104,蜀山区,18.02653623,55967.8,106.0324631,6.762205383,2024
450224,融安县,0.119351165,1532.341654,25.11117744,0.0,2024
450225,融水苗族自治县,0.099696546,2047.48946,38.76414871,0.0,2024
130635,蠡县,1.83590531,6133.946832,29.35774612,1.438872051,2024
130125,行唐县,0.662078826,3264.53154,18.17923355,0.0,2024
430424,衡东县,0.228684635,1988.579709,14.58573818,0.0,2024
430422,衡南县,0.266453419,3134.809844,19.51826286,0.0,2024
430423,衡山县,0.39734246,1672.613863,25.30787468,0.0,2024
430421,衡阳县,0.231046496,2670.494298,21.20109367,0.0,2024
330803,衢江区,1.176240609,9425.575794,40.84064484,0.0,2024
360902,袁州区,1.199987083,13847.62506,52.98111343,0.0,2024
130108,裕华区,38.57097444,20881.41801,88.18729401,38.76982144,2024
341503,裕安区,1.239655625,11143.44428,61.8166008,0.0,2024
654225,裕民县,0.082687686,2890.500796,10.82483959,0.0,2024
140423,襄垣县,1.346404207,7915.668731,61.9065094,0.0,2024
420602,襄城区,2.332303935,7330.047125,33.50243378,0.877028203,2024
411025,襄城县,1.39856247,6166.185147,48.3588028,0.871326037,2024
420607,襄州区,1.878328984,22407.23466,58.1552887,0.0,2024
141023,襄汾县,0.821876721,4201.291984,27.36652756,0.695938419,2024
130502,襄都区,8.242898009,14716.93475,55.84070587,3.645585999,2024
211223,西丰县,0.21602195,3144.068168,49.53070831,0.0,2024
152526,西乌珠穆沁旗,0.055183763,6979.357607,40.54823685,0.0,2024
610724,西乡县,0.167825707,2590.156145,60.82440186,0.0,2024
450107,西乡塘区,3.719681679,17450.25206,61.17969513,0.89153443,2024
511325,西充县,0.519029975,2689.904396,40.79697418,0.0,2024
510403,西区,2.231335485,1222.955603,26.9021492,1.058850939,2024
411622,西华县,1.919046983,11206.64738,43.63415146,0.870031898,2024
640422,西吉县,0.279620288,4328.978224,54.31130219,0.0,2024
621225,西和县,0.261319613,2341.672758,35.42831802,0.0,2024
620104,西固区,5.136881272,9160.751457,96.32561493,1.227271574,2024
110102,西城区,46.61578404,12199.07647,201.4727325,43.41033307,2024
420203,西塞山区,6.208848505,3322.5131,54.27906418,3.615723027,2024
640105,西夏区,4.413591388,19946.47337,114.7933197,0.824573683,2024
231005,西安区,2.168493496,4258.946737,121.6371307,0.0,2024
220403,西安区,3.23305306,3184.379763,64.96818542,0.0,2024
530112,西山区,5.254100288,20498.01719,109.6740112,1.234535087,2024
210203,西岗区,37.88788039,5015.166725,130.3790741,27.40953217,2024
411323,西峡县,0.239942562,3977.670871,21.02189827,0.0,2024
621002,西峰区,2.227700811,10986.30404,83.90620422,0.803426536,2024
410303,西工区,21.18728173,5300.559365,69.68432617,12.75495263,2024
210803,西市区,7.875106249,11446.60591,53.46416092,3.12588276,2024
411721,西平县,1.009186054,5332.673666,25.82732964,0.0,2024
513401,西昌市,1.793294797,21647.14983,245.5426025,0.077881259,2024
451030,西林县,0.093143976,1209.843092,17.13734627,0.0,2024
460321,西沙区,0.026399891,98.25169713,9.637711525,0.0,2024
360103,西湖区,46.02623341,7334.23517,129.3815613,45.82391548,2024
330106,西湖区,19.2606329,27595.50185,129.1542511,12.50261058,2024
532623,西畴县,0.170641381,1116.845834,23.80736351,0.0,2024
530829,西盟佤族自治县,0.110632704,605.0480909,22.33619499,0.0,2024
520402,西秀区,0.984391763,7621.523906,81.3466568,0.0,2024
810113,西贡区,8.522851893,4700.035301,62.61985779,2.638133053,2024
420502,西陵区,18.8107887,5380.992085,94.51759338,17.3014595,2024
120111,西青区,16.85361498,48466.89895,94.42928314,10.22548247,2024
450804,覃塘区,0.708768076,4191.212465,13.45281696,0.0,2024
810104,观塘区,67.19003177,3422.739265,118.6104584,66.65888977,2024
520115,观山湖区,7.762842779,10621.36503,55.51263046,2.12070945,2024
410802,解放区,10.43557556,3504.634588,39.56492615,6.325503738,2024
230604,让胡路区,3.450124523,23908.84881,157.5600586,0.08947282,2024
230281,讷河市,0.109060496,4382.312911,27.89264679,0.0,2024
350624,诏安县,1.712322109,9566.696619,57.59081268,0.874192115,2024
370782,诸城市,1.35601815,14458.8812,47.3025322,0.874058816,2024
330681,诸暨市,2.741825815,29311.88133,48.55213547,1.373351689,2024
211281,调兵山市,3.715923436,5291.64984,58.92395401,1.126762379,2024
340404,谢家集区,1.774113612,2277.224403,27.58019257,0.695865028,2024
540227,谢通门县,0.008872997,573.6342868,10.16364384,0.0,2024
341602,谯城区,2.160417225,23687.06862,54.66814804,0.882959846,2024
420625,谷城县,0.198329986,2394.176589,16.20458031,0.0,2024
450304,象山区,5.52584287,2210.337148,38.66576004,2.872929279,2024
330225,象山县,3.909428563,21516.25299,59.28099823,1.869807981,2024
451322,象州县,0.329939953,2784.768245,22.69594193,0.0,2024
522325,贞丰县,0.25585552,1720.306292,39.35521698,0.0,2024
510303,贡井区,1.140102403,2138.411835,31.79246712,0.0,2024
540522,贡嘎县,0.270715423,2966.737414,151.3607788,0.057090993,2024
533324,贡山独龙族怒族自治县,0.016813522,333.7384473,13.19136524,0.0,2024
540322,贡觉县,0.042500891,1254.322964,54.74088669,0.0,2024
632525,贵南县,0.029757927,980.4268481,14.45048141,0.0,2024
522723,贵定县,0.238939891,1743.324182,21.19080734,0.0,2024
632523,贵德县,0.181963772,3165.022909,79.99170685,0.005624979,2024
341702,贵池区,1.155262613,13489.70705,39.89189148,0.0,2024
360681,贵溪市,0.779959748,8829.661262,40.84293747,0.0,2024
371325,费县,1.23105572,10027.94817,35.57775116,0.868255352,2024
640122,贺兰县,1.413527812,8764.864676,60.90346909,0.0,2024
320305,贾汪区,4.6641289,17093.97755,78.52124023,1.722618585,2024
511025,资中县,0.394827371,3172.137545,56.42752075,0.0,2024
431081,资兴市,0.197370954,2404.50377,23.42884254,0.0,2024
450329,资源县,0.057181627,494.7612245,8.65399456,0.0,2024
361028,资溪县,0.230171529,1298.199018,29.67634392,0.0,2024
430902,资阳区,0.927654034,2432.396186,36.92990875,0.0,2024
150105,赛罕区,8.157104525,43960.90748,230.336319,1.472401133,2024
130129,赞皇县,0.553607178,2362.085518,11.55911922,0.0,2024
360704,赣县区,0.29909653,3992.838978,32.93008804,0.0,2024
320707,赣榆区,2.432389426,16647.58801,55.56389236,1.363289936,2024
440802,赤坎区,22.15710359,5992.323497,59.9361496,21.09723091,2024
130732,赤城县,0.078928932,2200.420996,11.42408562,0.0,2024
421281,赤壁市,0.847141596,6694.906881,53.01559448,0.0,2024
520381,赤水市,0.216412896,1819.128616,26.0253849,0.0,2024
430903,赫山区,1.782803091,10435.44563,56.697155,0.0,2024
520527,赫章县,0.160327568,2340.075799,39.92922592,0.0,2024
130133,赵县,1.307247445,4463.00942,16.05256271,1.062110024,2024
330602,越城区,13.16848214,32509.78066,84.41999054,8.205823166,2024
440104,越秀区,42.1769668,6181.323935,96.18898773,41.18774615,2024
513434,越西县,0.11083939,1142.873204,41.67225266,0.0,2024
130203,路北区,28.21110924,24004.77754,114.5808334,22.25221825,2024
130202,路南区,10.38445572,10820.03273,114.5808334,2.216635616,2024
331004,路桥区,15.2209976,21831.62608,102.4021606,10.76791115,2024
652822,轮台县,0.187225928,14255.333,111.8981705,0.000386,2024
220523,辉南县,0.327482457,4049.34627,61.32783127,0.0,2024
410782,辉县市,1.410509352,11771.5745,40.47188187,0.626866011,2024
130181,辛集市,2.136923911,10338.21162,42.83188629,1.115180393,2024
431223,辰溪县,0.139500013,1260.564788,27.83030891,0.0,2024
540330,边坝县,0.018289637,750.4302612,13.75506687,0.0,2024
210115,辽中区,0.920923387,8114.320967,36.75453186,0.677671233,2024
211021,辽阳县,0.515693891,6787.130215,37.77044296,0.0,2024
650107,达坂城区,0.149314131,3925.915273,35.29250717,0.0,2024
540104,达孜区,0.488172644,3072.684973,36.97984695,0.0,2024
150223,达尔罕茂明安联合旗,0.032119994,3021.983787,25.04200554,0.0,2024
511703,达川区,0.883702753,9309.590174,68.91281891,0.00074,2024
150621,达拉特旗,0.330832782,14292.30443,78.29008484,0.004397574,2024
632624,达日县,0.009156342,638.6954224,17.04146385,0.0,2024
130283,迁安市,3.326338322,21369.41485,160.541214,1.428329873,2024
130227,迁西县,1.002136104,7670.078575,55.38266754,0.0,2024
340802,迎江区,8.025345741,7658.571705,43.30506134,2.632577574,2024
140106,迎泽区,27.63253932,14735.94559,237.5581207,4.374903116,2024
130903,运河区,16.59077368,10088.81694,72.13260651,11.84108543,2024
360124,进贤县,0.723074685,6432.61701,46.38838196,0.0,2024
420525,远安县,0.232443699,1904.499644,15.52907848,0.0,2024
320703,连云区,13.15553825,50525.83087,467.7860413,4.859697733,2024
441826,连南瑶族自治县,0.171138539,940.2176857,18.01947594,0.0,2024
350825,连城县,0.461225634,5292.73779,46.63060379,0.0,2024
211402,连山区,1.341986764,8236.635854,117.0629883,0.005120172,2024
441825,连山壮族瑶族自治县,0.161770838,869.5556853,21.04069138,0.0,2024
441882,连州市,0.370159047,4326.700549,29.77316666,0.0,2024
441623,连平县,0.405550523,4031.763822,31.2565918,0.0,2024
350122,连江县,3.025249039,15395.5754,137.2596436,1.472690573,2024
623024,迭部县,0.033790466,772.4481993,24.54563332,0.0,2024
231123,逊克县,0.022995151,2380.412102,26.42357063,0.0,2024
220521,通化县,0.109287128,2170.474075,17.70614624,0.0,2024
421222,通城县,0.452021184,2305.605839,25.60408401,0.0,2024
421224,通山县,0.127655632,1413.740566,17.83859444,0.0,2024
511702,通川区,1.676145652,6965.68009,57.79259872,0.0,2024
110112,通州区,12.24172439,58661.43113,94.59495544,6.737246928,2024
320612,通州区,6.062689369,40655.56278,100.6028061,3.244395191,2024
220822,通榆县,0.095021956,4551.051264,40.8521843,0.0,2024
511921,通江县,0.113227494,2198.409481,28.94524002,0.0,2024
230128,通河县,0.050532431,1654.695942,18.90475464,0.0,2024
530423,通海县,0.942994192,3060.659608,42.76582718,0.0,2024
621121,通渭县,0.115325107,1647.060968,10.35513306,0.0,2024
410222,通许县,0.997259163,3729.33081,31.51771736,0.815440993,2024
431230,通道侗族自治县,0.068681439,686.3260831,18.78247452,0.0,2024
360827,遂川县,0.186749168,2636.75398,24.81805801,0.0,2024
411728,遂平县,0.880225885,4399.075566,23.80039215,0.0,2024
331123,遂昌县,0.424356342,4917.254907,34.72771454,0.0,2024
440823,遂溪县,2.612111953,22896.02173,52.81469345,1.619951057,2024
431124,道县,0.187824817,2053.493878,27.9237957,0.0,2024
230104,道外区,4.911460118,17251.57108,132.8476715,0.139901414,2024
513326,道孚县,0.046429413,1524.60136,69.19708252,0.004771229,2024
520325,道真仡佬族苗族自治县,0.174096073,1719.480685,41.87872696,0.0,2024
230102,道里区,12.14222886,32103.76739,225.4341888,1.463323408,2024
130281,遵化市,1.36699381,10898.5967,111.6269608,0.824490013,2024
411381,邓州市,0.936638697,10494.23954,36.596035,0.0,2024
450109,邕宁区,1.546327087,8294.85021,68.26494598,0.000582,2024
321003,邗江区,12.16408302,37000.80314,85.39100647,5.733904859,2024
510183,邛崃市,0.977829497,6251.816158,41.26368332,0.0,2024
451026,那坡县,0.06374701,626.117632,15.49215126,0.0,2024
130402,邯山区,5.000399264,10705.14889,68.96798706,2.236238677,2024
130430,邱县,0.861697303,1943.58361,11.78565311,0.780814087,2024
320382,邳州市,2.173616366,22022.63778,74.93826294,1.212081169,2024
430582,邵东市,0.527201798,4224.546572,76.63523102,0.000436,2024
350781,邵武市,0.496600164,6407.460538,46.45696259,0.0,2024
430523,邵阳县,0.170360959,1538.395533,16.29360771,0.0,2024
370883,邹城市,1.847418571,14634.36606,47.40462494,1.116555578,2024
371681,邹平市,2.698684233,17015.36284,110.5436935,1.219425272,2024
511623,邻水县,0.400544318,3555.38687,65.87786865,0.0,2024
445322,郁南县,0.370616487,3163.521287,28.38798523,0.0,2024
230811,郊区,0.77762219,7547.927277,74.94549561,0.003352112,2024
340711,郊区,1.201643352,3247.490638,29.41869354,0.592396815,2024
140311,郊区,2.825133651,8995.635468,51.0005722,1.121527146,2024
341821,郎溪县,1.01216161,5221.376576,36.19130325,0.0,2024
410425,郏县,1.137731998,3987.469566,28.72463799,0.814913036,2024
371725,郓城县,1.377762532,11097.90961,58.65935135,1.116244559,2024
420322,郧西县,0.121575077,2049.622301,26.02253914,0.0,2024
420304,郧阳区,0.231678845,4236.014178,28.76813698,0.0,2024
510117,郫都区,12.09641383,24705.14636,70.37233734,5.242873877,2024
371322,郯城县,2.182188189,12548.3266,48.19665146,1.363213362,2024
411625,郸城县,1.655296636,11869.71673,70.00363922,0.888513804,2024
632822,都兰县,0.020474219,4602.546855,100.3231201,0.00099,2024
522701,都匀市,0.474866079,4860.334389,38.34066391,0.0,2024
451228,都安瑶族自治县,0.095795812,1718.266939,18.74612045,0.0,2024
360428,都昌县,0.320543576,3291.166714,27.66682625,0.0,2024
510181,都江堰市,1.552582867,8802.024559,54.40406036,0.0,2024
411103,郾城区,3.446597476,7483.401117,84.27146149,0.865424546,2024
150723,鄂伦春自治旗,0.017303296,5922.458735,39.29705048,0.0,2024
420704,鄂城区,6.303964494,18065.43174,177.4824524,2.50450037,2024
150623,鄂托克前旗,0.194353669,12112.70146,347.3938293,0.049092621,2024
150624,鄂托克旗,0.1950313,20543.96769,522.868042,0.066810235,2024
150724,鄂温克族自治旗,0.050765033,5709.618911,43.99622726,0.0,2024
371726,鄄城县,1.215448228,6252.432512,23.81510544,0.939575934,2024
330212,鄞州区,12.38660606,45672.96251,103.1598282,5.217143928,2024
610118,鄠邑区,2.56213822,15865.57372,91.15556335,0.004764016,2024
411024,鄢陵县,1.053264191,4435.312032,21.58194542,0.814197283,2024
650421,鄯善县,0.051917759,11106.89029,82.32698059,0.00054,2024
361128,鄱阳县,0.313625389,5944.892239,80.05701447,0.003556264,2024
500242,酉阳土家族苗族自治县,0.065428863,1546.267499,19.62252617,0.0,2024
430281,醴陵市,0.524319828,5120.75007,33.87930298,0.0,2024
330703,金东区,7.181670039,21769.83864,59.79630661,3.377370868,2024
370828,金乡县,1.43169029,6224.416703,55.96129227,1.121967384,2024
640106,金凤区,15.80089444,21802.56987,92.84187317,9.226728485,2024
511113,金口河区,0.088296406,244.7953802,7.016190529,0.0,2024
610303,金台区,3.446929404,5187.128611,71.63937378,0.0,2024
320413,金坛区,4.981927474,22967.01778,49.04705048,2.363457338,2024
451202,金城江区,0.244333024,2532.902731,29.19201279,0.0,2024
510121,金堂县,1.764679142,9510.361079,48.79415512,0.0,2024
620921,金塔县,0.078089042,6664.67096,103.6950302,0.001173185,2024
341502,金安区,2.177710668,17128.97541,60.52848434,0.0,2024
341524,金寨县,0.406141125,7501.108033,27.53385544,0.0,2024
310116,金山区,11.75139557,33023.58749,163.0893097,6.498982161,2024
620302,金川区,1.025988857,16065.3238,91.89758301,0.001564599,2024
513226,金川县,0.036589142,923.1358822,18.3901844,0.0,2024
210213,金州区,4.838502306,46171.83518,131.1703033,1.368736009,2024
440511,金平区,20.05433658,10159.6842,81.10297394,18.59724918,2024
532530,金平苗族瑶族傣族自治县,0.055670909,862.9119679,24.70506096,0.0,2024
230751,金林区,0.108674098,1501.344168,41.04602432,0.0,2024
410105,金水区,33.66340627,40264.99826,89.71854401,34.77459135,2024
520523,金沙县,0.401695244,4576.465078,43.39349365,0.0,2024
320831,金湖县,1.304101781,8584.554267,42.68556595,0.0,2024
440404,金湾区,11.35821964,25774.02746,92.70270538,7.202152461,2024
361027,金溪县,0.219995546,1350.873594,17.71508598,0.0,2024
510106,金牛区,33.78536548,16941.04218,85.81975555,34.17983182,2024
451324,金秀瑶族自治县,0.098661018,1071.86916,15.64597034,0.0,2024
350527,金门县,7.049652422,4537.847442,33.55710983,6.12655246,2024
513430,金阳县,0.090015545,640.0002906,16.78569984,0.0,2024
520201,钟山区,1.378099222,6424.201374,56.18632126,0.0,2024
451122,钟山县,0.340044771,2248.342686,33.25941849,0.0,2024
320404,钟楼区,21.70547527,13437.98742,71.93881989,19.27863922,2024
420881,钟祥市,0.279816942,5802.794355,46.27511978,0.0,2024
370117,钢城区,2.465883023,6178.400462,31.92280769,1.311734715,2024
450703,钦北区,0.371599449,3609.16766,50.49752426,0.0,2024
450702,钦南区,2.198837936,22572.14066,219.0072937,0.058465013,2024
330114,钱塘区,14.74860997,33760.03092,108.790329,9.775594706,2024
220303,铁东区,1.381065424,7039.739991,92.97732544,0.002392857,2024
210302,铁东区,7.668941462,5545.336385,89.8151474,2.208030012,2024
230781,铁力市,0.214484372,4736.428115,53.5318222,0.0,2024
420205,铁山区,5.399111109,701.1010438,17.57208443,3.4677072,2024
450512,铁山港区,4.132226668,7273.691223,114.2920609,1.222993094,2024
211221,铁岭县,0.684108174,8285.666018,42.92780304,0.0,2024
210106,铁西区,15.17347517,23038.92867,103.0962753,10.22664575,2024
220302,铁西区,5.524971089,5399.131747,82.57873535,1.179587342,2024
210303,铁西区,9.454109474,6565.193143,50.62310028,6.3137573,2024
230204,铁锋区,1.726807713,7652.270504,74.83447266,0.000283,2024
659006,铁门关市,0.832946998,8188.891389,60.82372284,0.0,2024
361124,铅山县,0.406026635,4023.986675,44.41290283,0.0,2024
340705,铜官区,13.53917644,9042.842492,68.01594543,11.70904112,2024
320312,铜山区,2.334823786,21975.78266,36.02809525,1.369823154,2024
500151,铜梁区,1.543668216,9563.702599,85.15763855,0.0,2024
360926,铜鼓县,0.196176484,1401.810997,28.17000198,0.0,2024
211202,银州区,5.186779641,4833.976924,48.13822937,1.868100667,2024
450503,银海区,4.139715415,8255.907505,44.73692703,1.375138001,2024
540530,错那市,0.073688511,11702.62353,33.07243347,1.57e-05,2024
320205,锡山区,14.74017566,27752.3403,78.0905838,10.74916829,2024
152502,锡林浩特市,0.280536678,23098.70907,126.8182297,0.001221043,2024
522628,锦屏县,0.084535515,611.1891199,14.78975964,0.0,2024
510104,锦江区,40.48108337,11452.33661,93.00810242,39.33768616,2024
621027,镇原县,0.157874449,2728.053149,12.58777714,0.0,2024
610927,镇坪县,0.058666418,411.9068134,9.551178932,0.0,2024
520423,镇宁布依族苗族自治县,0.263003069,2008.909235,32.85116196,0.0,2024
611025,镇安县,0.084253243,1408.648811,36.53396988,0.0,2024
610728,镇巴县,0.093962815,1526.460935,153.8853607,0.014498633,2024
411324,镇平县,1.053684895,7533.198259,48.26892853,0.0,2024
530924,镇康县,0.18065836,2018.936517,64.65150452,0.014264213,2024
530825,镇沅彝族哈尼族拉祜族自治县,0.079312652,1448.052146,26.65432358,0.0,2024
330211,镇海区,26.75318892,30314.93013,201.8139648,21.43938148,2024
220821,镇赉县,0.129192439,3491.133852,21.72026443,0.0,2024
522625,镇远县,0.203238578,1731.543272,26.48123741,0.0,2024
530627,镇雄县,0.299042801,5013.966206,69.84189606,9.33e-05,2024
340202,镜湖区,14.08701111,7633.502727,113.6959763,4.254771382,2024
152528,镶黄旗,0.022385743,622.3290998,10.1965065,0.0,2024
340121,长丰县,2.744488815,23966.69523,214.2086945,0.178196339,2024
350112,长乐区,9.835957406,29718.86315,144.313446,6.49644033,2024
330522,长兴县,3.303728551,22130.22651,45.28436661,1.36957,2024
410783,长垣市,2.888068088,14623.80638,48.36566925,1.119869215,2024
140428,长子县,1.609757682,8209.865184,147.7252197,0.128657685,2024
310105,长宁区,56.3291115,10091.3051,219.9974976,48.57897095,2024
511524,长宁县,0.338810065,1450.270503,34.18541336,0.0,2024
610116,长安区,7.108116953,54982.34388,194.370697,1.562689386,2024
130102,长安区,25.6883707,18468.12524,94.89176941,24.79030796,2024
500115,长寿区,1.985024274,13057.25614,66.8683548,0.0,2024
220722,长岭县,0.230881992,7405.259229,47.67037964,0.0,2024
610428,长武县,1.66745259,4629.580762,114.3303986,0.002755584,2024
350821,长汀县,0.322290791,4475.198484,31.61528397,0.0,2024
430121,长沙县,4.593502737,36830.95714,109.3247757,0.0,2024
350605,长泰区,2.147776695,8552.884777,37.77945709,0.87837842,2024
450405,长洲区,2.07802933,3383.642935,40.05706024,0.0,2024
210224,长海县,1.176485406,543.8684418,16.83818054,0.814005257,2024
370113,长清区,1.876813121,11272.36041,51.34990311,0.866752574,2024
220623,长白朝鲜族自治县,0.068359409,904.6686859,21.59557152,0.0,2024
411082,长葛市,2.621991411,8083.907989,32.34625244,1.614727832,2024
420528,长阳土家族自治县,0.146656597,2332.844055,16.96649742,0.0,2024
522729,长顺县,0.187945459,1302.353684,17.91252899,0.0,2024
110109,门头沟区,1.333999743,10112.13656,68.57211304,0.006720095,2024
632221,门源回族自治县,0.065649164,2110.190697,23.54032898,0.0,2024
310112,闵行区,31.49097606,55514.02152,166.8731537,30.4913522,2024
140823,闻喜县,0.984436478,5657.085455,45.67702866,0.0,2024
350121,闽侯县,2.553358666,24328.26119,52.11678314,0.0,2024
350124,闽清县,0.691327443,4619.916278,23.04790878,0.0,2024
511381,阆中市,0.436407735,3852.364467,33.42834091,0.0,2024
610114,阎良区,6.010833499,7027.725095,42.70946121,2.103853737,2024
341225,阜南县,1.629873544,14010.46968,63.50891113,0.891996478,2024
131128,阜城县,0.735474968,2601.369194,10.78243542,0.783462929,2024
320923,阜宁县,1.916410716,13271.27948,157.0168915,0.147294558,2024
130624,阜平县,0.363059361,4650.339086,49.23061752,0.0,2024
652302,阜康市,0.368877706,17620.38391,91.31209564,0.000495,2024
210921,阜新蒙古族自治县,0.29109997,9809.379487,34.30682373,0.0,2024
450603,防城区,0.47283902,4859.216413,29.47375679,0.0,2024
441704,阳东区,1.238559867,9088.212311,77.57572937,0.001478591,2024
371622,阳信县,1.829602428,7396.939119,64.71425629,1.20580801,2024
130727,阳原县,0.308221994,2986.886268,13.77130127,0.0,2024
140522,阳城县,0.888659489,8406.175113,52.19631195,0.0,2024
441823,阳山县,0.164562481,2416.898823,25.27134323,0.0,2024
420222,阳新县,0.818897177,10501.94524,79.66582489,0.002684221,2024
231003,阳明区,0.522818958,3892.288731,67.18359375,0.004362672,2024
441781,阳春市,0.601932149,10548.64846,42.97245789,0.0,2024
140122,阳曲县,1.014508942,10753.93005,63.09235382,0.0,2024
450321,阳朔县,0.524946163,3329.904378,44.17786407,0.0,2024
441721,阳西县,1.509160736,9298.548875,48.78765106,0.666627916,2024
371521,阳谷县,1.496112494,7488.013699,49.38527679,1.115646271,2024
140221,阳高县,0.68607962,5770.785185,75.85360718,0.003660171,2024
620924,阿克塞哈萨克族自治县,0.009000353,1354.842129,24.77387619,0.0,2024
652901,阿克苏市,0.356293094,26991.30746,82.55071259,5.91e-05,2024
653022,阿克陶县,0.041941599,5089.955121,49.59318924,0.0,2024
654301,阿勒泰市,0.193901771,12489.30814,97.83999634,0.000966,2024
653023,阿合奇县,0.024380141,1474.099899,24.31111336,0.0,2024
653001,阿图什市,0.10564192,8575.864836,92.0509491,0.000817,2024
513231,阿坝县,0.043865633,2118.710266,66.58540344,0.003495207,2024
230112,阿城区,0.693762053,9690.438434,49.28515244,0.0,2024
152202,阿尔山市,0.021679134,944.8338868,11.99733257,0.0,2024
152522,阿巴嘎旗,0.012048089,1850.057339,34.46789551,0.0,2024
152922,阿拉善右旗,0.006596378,2472.221155,86.4421463,0.000443,2024
152921,阿拉善左旗,0.043680404,18095.68859,113.0121613,0.001176103,2024
659002,阿拉尔市,0.721011666,14916.86333,70.9597168,0.000153,2024
652702,阿拉山口市,0.303381109,2148.120283,34.42126846,0.0,2024
652928,阿瓦提县,0.084287204,5743.617302,68.78785706,9.36e-05,2024
150721,阿荣旗,0.071455026,4792.666241,33.74905777,0.0,2024
150421,阿鲁科尔沁旗,0.047043083,3473.768805,21.73270607,0.0,2024
441581,陆丰市,2.673997881,24474.76705,141.0786438,1.494841777,2024
450922,陆川县,0.673060224,4537.547676,28.60095215,0.0,2024
441523,陆河县,1.246718731,5392.141626,41.02975845,0.64111989,2024
530322,陆良县,0.691456486,6098.567572,64.22032166,0.011014204,2024
610327,陇县,0.207631977,2315.148651,37.81695175,0.0,2024
533124,陇川县,0.414574875,3424.394972,55.51865005,0.0,2024
621122,陇西县,0.477414663,5634.620098,47.76271057,0.0,2024
610304,陈仓区,0.688636803,8239.866108,39.63354111,0.0,2024
150725,陈巴尔虎旗,0.050368622,5429.356619,56.7361908,0.0,2024
411203,陕州区,0.555953684,4372.096079,44.96535873,0.0,2024
371403,陵城区,0.901446806,5513.354716,14.86918736,0.0,2024
140524,陵川县,0.331709563,2754.438164,27.17696953,0.0,2024
469028,陵水黎族自治县,1.907327172,8871.367624,53.8884697,0.642725646,2024
130825,隆化县,0.270056053,7884.02278,91.85289001,0.005358095,2024
430524,隆回县,0.23161559,3002.269404,33.38969803,0.0,2024
540529,隆子县,0.033204085,1516.838255,55.73590088,6.86e-05,2024
450123,隆安县,2.196741703,22094.10442,123.6841278,0.000583,2024
130525,隆尧县,1.665249607,6251.973944,47.29479218,1.118044145,2024
640423,隆德县,0.418973333,2055.989226,40.93548203,0.0,2024
511083,隆昌市,0.872850062,3126.162131,37.22285843,0.0,2024
451031,隆林各族自治县,0.127994128,2000.247054,40.93905258,0.0,2024
530502,隆阳区,0.57770805,12440.86582,111.0803375,0.017522047,2024
421321,随县,0.16297828,4265.139042,19.30669022,0.0,2024
141031,隰县,0.171833497,1210.3837,16.08236122,0.0,2024
610113,雁塔区,50.30510206,36876.79621,97.21170807,50.20603249,2024
450311,雁山区,1.331712795,1787.132459,22.15937805,0.0,2024
430406,雁峰区,7.497953265,2826.257921,41.21389008,6.872852303,2024
512002,雁江区,1.337336095,10126.56589,47.47620773,0.0,2024
130638,雄县,5.201836864,13847.24893,49.39977646,2.874410834,2024
513325,雅江县,0.047634643,1669.254074,30.30794716,0.0,2024
150902,集宁区,6.094841439,12744.28955,70.11515808,1.232830816,2024
220582,集安市,0.130144348,2316.128426,25.05369377,0.0,2024
350211,集美区,17.98889004,20218.94804,80.78321838,14.33584981,2024
230521,集贤县,0.355743508,4607.810334,51.8724823,0.0,2024
511802,雨城区,0.865001085,4283.247921,30.59467888,0.0,2024
340504,雨山区,11.78351153,9724.262025,56.73898315,8.088707906,2024
430302,雨湖区,4.636504071,9459.413788,40.33617783,1.629077939,2024
430111,雨花区,15.36325146,20507.47052,88.17366791,3.220899178,2024
320114,雨花台区,27.03996855,17277.58555,134.7488708,25.51088493,2024
431102,零陵区,0.457999182,4072.848425,32.53459549,0.0,2024
522634,雷山县,0.181725982,979.0383925,14.79561329,0.0,2024
440882,雷州市,0.853151783,13190.0143,184.1709595,0.229213598,2024
513437,雷波县,0.072383285,931.2498466,20.71865845,0.0,2024
654023,霍城县,0.316424538,5131.147761,48.62190628,0.0,2024
654004,霍尔果斯市,0.636686154,6758.096444,78.67411041,0.000393,2024
341525,霍山县,0.246153671,2359.800915,16.02723312,0.0,2024
141082,霍州市,0.862116536,3291.855068,27.7713604,0.0,2024
150581,霍林郭勒市,2.404314861,8013.619148,55.5476532,0.0,2024
341522,霍邱县,0.697491425,10810.57824,34.59277344,0.0,2024
440803,霞山区,18.25995995,8186.763533,82.20677948,15.76680129,2024
350921,霞浦县,1.216918799,8205.48303,92.72016144,0.002556906,2024
131081,霸州市,5.354330761,22055.83224,72.9359436,2.735756932,2024
360104,青云谱区,35.97035066,5989.839215,90.80454254,35.22321923,2024
231223,青冈县,0.273983506,4291.753917,37.26268005,0.0,2024
360803,青原区,0.935476906,3857.525235,45.10349274,0.0,2024
130922,青县,1.224486816,6193.867281,20.33168983,1.06195252,2024
150204,青山区,8.621598765,12543.34428,73.17095184,1.196923654,2024
420107,青山区,26.89136023,11196.8242,85.41196442,25.36584797,2024
360111,青山湖区,26.99257667,16360.67706,76.75073242,26.24026203,2024
510822,青川县,0.076266512,1153.799268,32.70979691,0.0,2024
370781,青州市,2.171586959,16924.56528,60.9776001,1.373908619,2024
654325,青河县,0.025502293,2327.625814,12.44582081,0.0,2024
310118,青浦区,13.69347604,42995.79636,101.4634705,8.752952571,2024
331121,青田县,0.543504782,6137.113193,33.62221909,0.0,2024
510113,青白江区,9.573558995,17020.99948,71.18785858,4.769438194,2024
511425,青神县,1.068290798,1913.233411,34.79185486,0.0,2024
450103,青秀区,5.18713974,19495.65112,116.5046158,0.0,2024
510105,青羊区,32.24938355,10127.44465,91.05767059,31.6800101,2024
640381,青铜峡市,0.820641447,7593.652761,29.36169243,0.0,2024
341723,青阳县,0.758175703,4234.22696,42.54035187,0.0,2024
130321,青龙满族自治县,0.274600976,5047.061491,24.81988907,0.0,2024
220622,靖宇县,0.128918898,2155.762594,33.66344833,0.0,2024
360925,靖安县,0.235824325,1490.687178,20.98230171,0.0,2024
431229,靖州苗族侗族自治县,0.119795007,1197.112917,20.86060524,0.0,2024
321282,靖江市,6.941807032,21575.16348,65.22930145,3.23479936,2024
451081,靖西市,0.240484879,3501.334407,31.98012352,0.0,2024
610824,靖边县,1.401676997,35231.32722,631.3664551,0.559964273,2024
620421,靖远县,0.179915915,5021.270462,70.59697723,0.003531992,2024
140926,静乐县,0.215757123,2248.638509,33.21902466,0.0,2024
620826,静宁县,0.360229864,3895.311029,65.30409241,0.006165598,2024
310106,静安区,49.08102739,8479.661736,92.27629089,46.32841096,2024
120118,静海区,3.329444878,25432.68934,62.41271591,1.869679751,2024
542525,革吉县,0.001303933,282.085423,11.23081589,0.0,2024
610581,韩城市,1.047403387,8249.599634,61.38753891,0.0,2024
430382,韶山市,0.806340711,899.313376,15.70373249,0.0,2024
411681,项城市,1.362946523,7067.984114,28.26530647,0.936923532,2024
110113,顺义区,10.94673762,58134.98975,180.9082489,6.458862403,2024
210411,顺城区,3.448131504,6415.985617,50.97095871,0.894391673,2024
130636,顺平县,0.856091649,3144.179548,22.17343712,0.0,2024
511302,顺庆区,3.886724014,9850.269469,84.25324249,0.0,2024
440606,顺德区,17.34105779,61016.78998,56.34947586,16.14527371,2024
350721,顺昌县,0.330315237,2944.019396,26.49962997,0.0,2024
410203,顺河回族区,9.180307195,3191.6508,61.01861572,4.860259655,2024
341226,颍上县,1.721798302,16315.58515,79.94133759,1.229311523,2024
341203,颍东区,4.252732761,13896.41302,107.8889999,1.733819038,2024
341202,颍州区,6.94533489,20610.89411,62.89773178,2.371962358,2024
341204,颍泉区,3.0854512,9634.605718,54.08181,1.362516852,2024
150784,额尔古纳市,0.011444092,2123.953879,15.14436245,0.0,2024
654221,额敏县,0.11214583,5954.590413,33.3181076,0.0,2024
152923,额济纳旗,0.019105631,9021.819715,101.5721283,0.000686,2024
445122,饶平县,1.788958892,13222.60909,57.7873764,0.874601197,2024
230524,饶河县,0.051328605,1989.872739,22.14858818,0.0,2024
131124,饶阳县,1.030501691,3007.634358,11.32707024,0.905940833,2024
130433,馆陶县,1.142846312,2606.774174,14.94983387,0.908166496,2024
230110,香坊区,14.63528602,28598.78372,99.73912048,5.703831306,2024
533401,香格里拉市,0.147334875,7665.568897,89.15289307,0.007835454,2024
131024,香河县,3.715828156,8405.247005,46.40741348,2.117473376,2024
440402,香洲区,15.40592582,34281.38698,162.9099731,9.48339736,2024
532625,马关县,0.14058295,1638.640384,28.401577,0.0,2024
513201,马尔康市,0.081402687,2551.479748,50.9996109,0.0,2024
350105,马尾区,7.008341453,7557.025879,56.01568604,2.870354479,2024
450124,马山县,0.156810541,1608.990535,15.47225094,0.0,2024
410804,马村区,4.112518373,2426.240692,24.32968712,2.184999856,2024
511133,马边彝族自治县,0.056137669,588.2122537,16.46624756,0.0,2024
530304,马龙区,0.751886636,5339.804533,62.69036102,0.0,2024
411702,驿城区,3.270904816,21110.56078,60.18244171,0.0,2024
511525,高县,0.423068171,2565.634708,36.88658905,0.0,2024
620724,高台县,0.111312306,2509.147866,22.1104908,0.0,2024
371526,高唐县,1.344117285,6394.029179,35.45693207,0.880553556,2024
511303,高坪区,2.437373643,9250.138842,59.45197678,0.0,2024
360983,高安市,0.856239391,9456.099647,52.48272324,0.0,2024
370785,高密市,1.68216847,12774.6974,54.36059952,1.114067839,2024
440981,高州市,1.014735118,14381.53044,66.3028717,0.00372812,2024
140581,高平市,2.619269832,12716.2777,67.45226288,1.230746031,2024
650402,高昌区,0.163658188,12159.07301,77.31731415,0.000577,2024
440608,高明区,3.808100165,15532.12054,45.671978,1.624739667,2024
320118,高淳区,2.557092987,9468.845136,25.838274,1.313053597,2024
321203,高港区,8.436370605,13098.40825,55.73537827,5.623662684,2024
130684,高碑店市,3.61709334,12590.76148,57.53758621,1.867492771,2024
441204,高要区,1.705630207,16328.78724,49.67205811,0.878374274,2024
130127,高邑县,1.838105878,2073.282515,26.00888443,1.304676786,2024
321084,高邮市,1.617935785,14901.3472,41.3729744,0.68369292,2024
130628,高阳县,2.689145689,6821.244773,44.51390457,1.617135267,2024
610117,高陵区,11.72580103,16404.90145,69.83423615,6.751630768,2024
710001,高雄市,7.415587195,95858.12587,270.5835266,0.277309821,2024
370322,高青县,1.84603275,7751.274335,84.01422119,1.234050876,2024
130434,魏县,1.565068271,6810.409927,25.70865631,1.058577888,2024
411002,魏都区,13.85411718,6070.33085,52.48666763,11.59431086,2024
370827,鱼台县,1.295522555,4115.260419,39.37050629,0.903295419,2024
450203,鱼峰区,3.412850845,12995.21254,62.79974365,0.0,2024
410423,鲁山县,0.609923531,7081.458558,40.67956161,0.0,2024
530621,鲁甸县,0.572846024,3827.833514,71.46898651,0.00306426,2024
210804,鲅鱼圈区,10.0713374,14402.17046,123.1424332,5.272265122,2024
350502,鲤城区,28.19084459,6341.83451,78.7568512,23.19287312,2024
340207,鸠江区,6.775934713,27884.96427,74.59249115,2.245668498,2024
230321,鸡东县,0.165493024,3041.05698,41.22264862,0.0,2024
230302,鸡冠区,4.976940141,4165.894072,56.71627045,1.629524069,2024
130431,鸡泽县,1.502704317,2526.647039,22.66789055,1.059530067,2024
431202,鹤城区,2.591211767,7919.210595,46.10204697,0.0,2024
410602,鹤山区,1.875886288,1193.218164,20.08516121,1.05693325,2024
440784,鹤山市,3.526859562,16589.42071,60.60261917,1.617597539,2024
422828,鹤峰县,0.067843622,907.2405648,15.50206757,0.0,2024
532932,鹤庆县,0.410400811,4349.595178,38.74027252,0.0,2024
130804,鹰手营子矿区,1.169937656,898.0624964,29.00168037,0.0,2024
330302,鹿城区,13.41748994,17911.98074,70.6370697,5.715721363,2024
450223,鹿寨县,0.29382444,3855.60694,38.84367371,0.0,2024
130110,鹿泉区,4.087877761,12820.61064,73.68546295,2.220464769,2024
411628,鹿邑县,1.523482963,9124.330648,54.2422142,0.907129427,2024
530302,麒麟区,2.808799558,19272.51759,99.77057648,0.007021228,2024
610329,麟游县,0.304585442,2535.783694,36.0803299,0.0,2024
653127,麦盖提县,0.07778327,4357.86599,33.94792175,0.0,2024
620503,麦积区,0.438117098,7457.062274,49.28116608,0.0,2024
421181,麻城市,0.440379046,7419.012244,43.8566246,0.0,2024
230307,麻山区,0.105454289,249.8030134,8.148233414,0.0,2024
532624,麻栗坡县,0.064807525,666.2505794,7.96124649,0.0,2024
522635,麻江县,0.265342416,1142.720529,35.99615097,0.0,2024
440811,麻章区,5.58642553,19686.0597,117.9076462,2.241143377,2024
431226,麻阳苗族自治县,0.172666023,1224.914433,15.41945553,0.0,2024
440112,黄埔区,22.18772079,46800.08091,90.07511139,19.79241834,2024
810108,黄大仙区,37.14827484,1330.199598,101.7781067,29.77302361,2024
341003,黄山区,0.132901787,1078.665821,12.40787315,0.0,2024
370211,黄岛区,6.83656551,69749.37596,201.2572784,1.402522926,2024
331003,黄岩区,2.966068817,13412.34219,46.96753693,0.0,2024
421102,黄州区,7.81365422,13126.26497,122.5171967,3.233029103,2024
522622,黄平县,0.127917873,961.8621458,16.17599869,0.0,2024
421127,黄梅县,0.537758074,4231.154334,19.38716507,0.0,2024
310101,黄浦区,69.73357418,6766.617881,108.7093277,67.78360864,2024
420202,黄石港区,18.63831883,2705.260613,59.97993469,16.83876228,2024
420116,黄陂区,3.61680583,38072.56896,420.2164917,0.416009642,2024
610632,黄陵县,0.578901165,6507.452973,68.78736115,0.008892411,2024
130983,黄骅市,4.025004264,46145.26908,544.862915,1.155151596,2024
610631,黄龙县,0.053202472,722.1035846,9.762883186,0.0,2024
140426,黎城县,0.430678129,2403.067425,33.72999573,0.0,2024
361022,黎川县,0.183465572,1408.896877,28.55184937,0.0,2024
522631,黎平县,0.115417331,2273.797457,45.6348381,0.0,2024
210726,黑山县,0.375371226,5034.976441,19.41735268,0.0,2024
513228,黑水县,0.02593371,509.0689642,10.64005756,0.0,2024
500114,黔江区,0.290896746,3186.584481,30.63657951,0.0,2024
520581,黔西市,0.355038059,4096.721512,48.20180893,0.0,2024
341023,黟县,0.126598614,502.5682003,7.621626854,0.0,2024
430703,鼎城区,0.517928407,5557.725219,29.2256012,0.0,2024
441203,鼎湖区,4.666028254,11254.69802,50.05173111,2.110594847,2024
320106,鼓楼区,30.28678838,7979.796721,72.77166748,32.82481535,2024
320302,鼓楼区,19.51340087,9920.07734,147.535141,19.55987924,2024
410204,鼓楼区,8.608741815,2559.800939,61.01861572,3.128555829,2024
350102,鼓楼区,35.03331484,5622.640954,75.47750092,32.85013321,2024
371425,齐河县,1.825988519,12884.76933,57.19006729,0.885216996,2024
222405,龙井市,0.180869359,2182.237761,38.23535538,0.0,2024
410202,龙亭区,11.05272711,19958.23443,67.2305603,3.757770639,2024
230603,龙凤区,8.587733315,19944.85908,76.35053253,3.221132276,2024
440309,龙华区,35.315232,26888.74066,93.73443604,35.76347303,2024
460106,龙华区,7.822304794,10027.09042,84.26547241,1.23139802,2024
360783,龙南市,0.56058525,4138.134797,24.69431686,0.0,2024
370681,龙口市,4.089021082,18700.07156,89.728302,1.746743183,2024
450406,龙圩区,0.815897254,3503.437211,47.2578392,0.0,2024
211303,龙城区,1.383727968,4707.382858,84.55917358,0.746482384,2024
340302,龙子湖区,10.17325105,7190.094786,80.22123718,7.796167557,2024
410506,龙安区,2.60123965,3035.18763,21.71077919,1.562923661,2024
220402,龙山区,7.625701709,10582.7694,88.85089111,1.741964706,2024
433130,龙山县,0.199831666,2880.805424,54.4171257,0.0,2024
440307,龙岗区,18.18152625,53740.5988,73.57883453,13.78705355,2024
441622,龙川县,0.388332185,5260.731536,48.33856201,0.0,2024
451423,龙州县,0.350247859,3521.850728,85.83143616,0.00243477,2024
350603,龙文区,18.59091242,9835.686253,79.74214935,11.18793961,2024
230221,龙江县,0.23856207,8274.577773,63.44887924,0.0,2024
230202,龙沙区,17.05473733,12396.58695,117.7896881,3.211185202,2024
331181,龙泉市,0.327553645,4533.020033,47.26586151,0.0,2024
510112,龙泉驿区,14.73631547,38188.72812,88.83188629,7.251570025,2024
350604,龙海区,5.993231972,33290.94643,66.51302338,2.728312492,2024
211403,龙港区,9.584195746,8454.125105,79.75398254,5.72088715,2024
330383,龙港市,19.14598502,12969.18992,80.21970367,13.81402745,2024
330825,龙游县,1.890525108,9918.88834,50.6470871,0.0,2024
440507,龙湖区,27.45288161,15187.79537,72.48687744,23.72485642,2024
330303,龙湾区,16.65225062,22198.95204,168.4687958,11.61643307,2024
220203,龙潭区,1.575411192,10276.56166,51.35952759,0.0,2024
450328,龙胜各族自治县,0.074780745,814.1115782,17.07158852,0.0,2024
522730,龙里县,0.823547448,5611.24861,32.84857559,0.0,2024
441324,龙门县,0.832924375,8285.843487,40.39631653,0.0,2024
530523,龙陵县,0.179884902,2219.102475,38.69236755,0.0,2024
510504,龙马潭区,4.871602303,7424.971456,47.33943558,1.879506631,2024
