county_code,county,ntl_mean,ntl_sum,ntl_max,ntl_median,year
540324,丁青县,0.010846304,632.0910143,30.90335274,0.0,2019
520502,七星关区,0.690304891,10643.48626,109.5133972,0.003649215,2019
450305,七星区,9.657519155,2981.105736,46.69403458,7.862957685,2019
620103,七里河区,3.418176557,6662.441653,55.29737473,0.436677555,2019
130708,万全区,0.507191374,3108.408859,18.68807602,0.0,2019
469006,万宁市,0.709669276,5642.508057,49.35625076,0.000304,2019
360828,万安县,0.051687794,472.4554221,6.350029469,0.0,2019
520603,万山区,0.52232273,1992.364208,52.35446548,0.0,2019
500101,万州区,0.408652693,6577.459005,22.13529587,0.0,2019
361129,万年县,0.292666197,1543.46873,13.66207886,0.0,2019
140109,万柏林区,13.24076525,19373.16076,139.3622589,1.384993639,2019
511781,万源市,0.068800849,1323.979788,38.64596558,5.14e-05,2019
450403,万秀区,1.257958174,2446.190934,24.6774559,0.0,2019
140822,万荣县,0.245032363,1301.615758,9.970763206,0.0,2019
360922,万载县,0.209246856,1648.919386,22.07573509,0.0,2019
350404,三元区,1.156923936,5979.323172,47.91900635,0.00014,2019
610422,三原县,0.961545376,2698.952288,17.72679138,0.484163831,2019
510722,三台县,0.266777803,3320.753845,27.79774857,0.0,2019
440607,三水区,5.951216434,21504.89562,51.50112152,4.372709714,2019
450226,三江侗族自治县,0.095339503,1021.981152,22.08086777,0.0,2019
131082,三河市,4.333830223,14339.28457,56.63241577,1.868686137,2019
522624,三穗县,0.251123605,1155.611742,29.70503426,0.0,2019
522732,三都水族自治县,0.163486929,1731.127828,30.25432205,0.0,2019
331022,三门县,1.169533062,5530.309072,38.48944092,0.633649975,2019
140404,上党区,2.021003631,4851.938338,33.48784637,1.125641825,2019
330102,上城区,38.9980566,21729.41127,73.57328033,40.74348323,2019
450621,上思县,0.104970748,1281.135041,23.02133751,0.0,2019
350823,上杭县,0.55410313,7018.378887,45.15686035,0.000796,2019
450125,上林县,0.178029385,1455.396505,35.76507187,3.25e-05,2019
360322,上栗县,0.63041329,2089.503614,33.83683014,0.0,2019
360724,上犹县,0.184203854,1267.641078,22.58849335,0.0,2019
411722,上蔡县,0.964820836,7006.585667,33.40795517,0.630780864,2019
330604,上虞区,3.396041294,21438.75588,40.43123245,1.615584079,2019
410106,上街区,7.199146903,2183.600068,22.21050453,5.569839636,2019
360923,上高县,0.523357208,3212.725708,39.88510132,0.0,2019
130706,下花园区,1.11619164,1852.829973,34.67158127,0.0,2019
420204,下陆区,8.370386886,2418.450959,21.51016617,7.695700419,2019
652825,且末县,0.010722958,7550.873026,292.9696655,0.00288272,2019
532626,丘北县,0.074174854,1643.058253,27.86444092,0.0,2019
130403,丛台区,5.307366064,10508.7305,53.05208969,2.119764388,2019
220421,东丰县,0.262189412,3602.691244,51.75551605,0.0,2019
120110,东丽区,19.59283049,47923.75603,223.3100433,15.48308735,2019
152525,东乌珠穆沁旗,0.009592306,2507.27427,62.85606384,8.35e-06,2019
361003,东乡区,0.594114343,3433.170108,29.70637131,0.0,2019
622926,东乡族自治县,0.112235782,836.9448678,9.770247459,0.0,2019
130923,东光县,0.76298541,2798.097891,21.41107178,0.567212578,2019
451224,东兰县,0.045859573,491.4216559,10.4730444,0.0,2019
511011,东兴区,0.98906491,5415.58031,59.14512253,0.0,2019
450681,东兴市,1.148540567,2495.035478,49.14828873,0.0,2019
510402,东区,5.503051356,4070.704201,100.5210953,1.762612666,2019
810102,东区,29.14023292,2541.713963,101.0200424,21.41281528,2019
320981,东台市,0.925470188,10979.9017,133.3630219,0.16303519,2019
511402,东坡区,1.317285227,8131.92715,33.1742897,0.0,2019
110101,东城区,44.84830674,9743.514484,187.7442169,39.69550043,2019
231086,东宁市,0.058901251,2327.074534,58.63422775,0.000125,2019
231002,东安区,1.925536222,6275.54153,141.5588989,0.023058396,2019
431122,东安县,0.151609335,1502.827238,18.94337082,0.0,2019
420802,东宝区,0.444395144,3436.903247,31.68994713,0.0,2019
230406,东山区,0.066832167,1723.190361,13.2793951,0.0,2019
350626,东山县,4.620408742,4406.837142,47.63082123,2.405082748,2019
530113,东川区,0.238584654,1998.596513,26.59327316,0.0,2019
370923,东平县,0.528033566,3506.741318,15.49375343,0.0,2019
469007,东方市,1.581781295,15290.323,91.24927521,0.019543571,2019
220502,东昌区,2.741663019,5976.535087,73.86893463,0.012157468,2019
371502,东昌府区,3.258242797,23437.9204,54.79939651,0.87279417,2019
371728,东明县,1.087270764,7006.044492,45.17900467,0.0,2019
150202,东河区,3.755434145,9232.712754,54.8957634,0.622442335,2019
210403,东洲区,2.125311662,6863.064754,94.02509308,0.033804612,2019
320722,东海县,1.098349286,10959.31625,43.11035919,0.656654274,2019
371102,东港区,3.081068479,18799.18161,105.2865143,1.220782912,2019
210681,东港市,0.854617242,9486.459174,79.80459595,0.043762274,2019
360102,东湖区,12.86767325,3147.029185,94.45838928,6.708455722,2019
441625,东源县,0.242921648,4284.401477,28.42912865,0.0,2019
150602,东胜区,1.695493729,19018.35316,61.14055634,3.63e-05,2019
341721,东至县,0.153967001,2322.449711,23.04624939,0.0,2019
441900,东莞市,17.00679656,182215.7536,195.3942413,15.48066963,2019
370502,东营区,5.473457645,30405.12161,59.67380142,1.879880365,2019
420112,东西湖区,7.765278787,17620.6052,55.37431717,3.627043919,2019
220422,东辽县,0.170105896,2041.745053,44.40719986,0.0,2019
330783,东阳市,2.813898037,22631.57499,70.22310638,0.006597947,2019
371524,东阿县,0.9021002,3254.391918,14.26515579,0.483822984,2019
230805,东风区,4.357612041,4180.129065,43.22476196,0.605717088,2019
621228,两当县,0.019929028,137.7892213,4.829698086,0.0,2019
532501,个旧市,0.660265832,4501.87887,54.15214157,0.001171566,2019
629700,中农发山丹马场,0.002851893,29.400454,0.819869995,0.0,2019
410102,中原区,18.85206933,18152.47273,74.21125793,15.71800513,2019
640521,中宁县,0.449915407,7638.437933,93.96378326,0.024022303,2019
210202,中山区,25.63246457,6179.534869,108.6167755,19.26962573,2019
442000,中山市,9.901202717,75689.41413,85.23740387,7.235857205,2019
431221,中方县,0.196996032,1351.473122,23.78069878,0.0,2019
510623,中江县,0.386205644,3975.447929,32.09297943,0.0,2019
410122,中牟县,4.846457674,32853.92751,200.6920166,2.425269991,2019
410803,中站区,2.530066301,1584.545798,15.94832039,1.141101,2019
810101,中西区,43.38146668,2036.377083,109.0098267,30.88288943,2019
141129,中阳县,0.52082294,3773.033365,38.02151489,0.0,2019
130207,丰南区,2.491844832,16835.88088,66.41161346,1.239809061,2019
320321,丰县,0.937523664,6641.572051,34.07466125,0.0,2019
110106,丰台区,24.58882876,39341.64388,105.9895477,21.21497126,2019
360981,丰城市,0.411373635,5315.892713,56.73963928,0.000187,2019
130826,丰宁满族自治县,0.14027832,6537.228284,111.7689743,0.015132178,2019
230724,丰林县,0.024182791,439.1229819,10.2149086,0.0,2019
350503,丰泽区,20.66934694,10766.46018,72.16508484,16.77096089,2019
130208,丰润区,2.29492753,14555.82535,48.57989502,1.118556255,2019
220211,丰满区,1.39810831,9028.594187,69.80565643,0.004069893,2019
500230,丰都县,0.165798524,2221.851068,28.29777336,0.0,2019
150981,丰镇市,0.253376438,3598.606191,58.30626678,0.0,2019
441423,丰顺县,0.420492147,5004.979514,38.78725052,2.53e-05,2019
141124,临县,0.222251722,3386.115669,19.04255676,0.0,2019
130522,临城县,0.485235609,1920.549222,13.90635967,0.0,2019
622921,临夏县,0.245742489,1237.245009,11.05788803,0.0,2019
622901,临夏市,5.429616724,2364.140292,32.29626083,2.87831845,2019
330112,临安区,0.738559213,10761.33197,42.12743759,0.000176,2019
361002,临川区,0.92373052,8928.703138,43.20736694,0.000302,2019
330113,临平区,15.83989097,21013.13724,66.30728149,12.32286032,2019
370724,临朐县,0.940663006,8568.827635,33.30021286,0.0,2019
450312,临桂区,0.771968818,7709.031986,52.78967285,0.0,2019
431025,临武县,0.234966968,1461.748856,29.00733376,0.0,2019
220681,临江市,0.043218337,698.2391877,12.46723461,0.0,2019
371329,临沭县,1.015003149,4950.978381,16.25265884,0.691806872,2019
150802,临河区,0.41368743,5113.144183,42.90544128,0.0,2019
341221,临泉县,1.17077296,10408.17621,59.27371979,0.0,2019
620723,临泽县,0.058692981,828.9391584,7.089542389,0.0,2019
621124,临洮县,0.209773286,2949.281602,29.11335182,0.0,2019
331082,临海市,1.829726424,18411.61855,47.36172485,0.0,2019
370305,临淄区,4.225214919,14038.91449,51.74707031,2.368688878,2019
371581,临清市,1.357532382,6433.564228,34.88438416,0.636576346,2019
610502,临渭区,2.265517216,13926.42751,70.9298172,0.017399787,2019
430682,临湘市,0.260516497,2062.788012,17.7635479,0.0,2019
130423,临漳县,0.628465847,2366.242922,10.40084267,0.595344853,2019
623021,临潭县,0.082841076,567.3814515,12.79859829,0.0,2019
610115,临潼区,2.403199384,10726.1197,48.27957153,1.11845796,2019
430724,临澧县,0.532384666,2959.110891,45.30556488,0.0,2019
140821,临猗县,0.41199361,2743.618934,26.30199623,0.0,2019
530902,临翔区,0.339053547,3806.365368,64.28650665,0.033747865,2019
130535,临西县,0.638873067,1753.308213,15.83002663,0.0,2019
371424,临邑县,0.908254007,4647.927552,27.54858589,0.0,2019
411122,临颍县,1.565082889,6062.241161,48.91601944,0.638599165,2019
469024,临高县,0.616185899,3445.813035,26.991045,0.0,2019
611022,丹凤县,0.097167195,1129.189503,15.71353722,0.0,2019
522636,丹寨县,0.361163729,1521.776829,35.35470963,5.82e-05,2019
513323,丹巴县,0.032321171,681.5980976,36.19217682,0.00062,2019
321112,丹徒区,3.541203613,10257.46427,41.01935577,2.114805609,2019
511424,丹棱县,0.349010759,722.8163368,22.84700394,0.0,2019
420381,丹江口市,0.248100077,3700.00304,20.24200058,0.0,2019
321181,丹阳市,4.261829133,21082.58349,53.39799881,1.870759626,2019
540502,乃东区,0.158149969,1591.689513,49.5255127,0.000686,2019
632625,久治县,0.014903582,594.497508,25.38920975,0.0,2019
330782,义乌市,10.18365117,51662.50102,110.9609222,3.250930133,2019
210727,义县,0.183379081,2428.924239,27.606987,0.0,2019
340706,义安区,1.100987855,4085.688214,28.98532677,0.0,2019
411281,义马市,3.831274405,1867.152801,26.0401783,1.693782766,2019
652927,乌什县,0.042085509,2023.726106,22.83374214,0.0,2019
632821,乌兰县,0.022074465,1353.599768,66.00964355,0.003154431,2019
152201,乌兰浩特市,0.644732682,8627.097224,69.12351227,0.013165757,2019
150626,乌审旗,0.28359128,16962.18388,161.501709,0.044705976,2019
650205,乌尔禾区,0.793564988,10164.96377,635.1051025,0.176499313,2019
520112,乌当区,1.694996509,5206.298101,37.22947311,0.0,2019
653024,乌恰县,0.027195558,2717.801164,43.56185913,5.05e-06,2019
150824,乌拉特中旗,0.028469029,3491.941824,49.73971939,4.06e-06,2019
150823,乌拉特前旗,0.133426322,5287.714973,104.2368088,0.01843398,2019
150825,乌拉特后旗,0.012383929,1625.635909,12.03172779,0.0,2019
230718,乌翠区,0.063861073,918.6998908,24.63844681,0.0,2019
654202,乌苏市,0.136380149,10997.34385,67.75121307,0.007369776,2019
150304,乌达区,3.870629692,4150.347198,34.60433578,1.617902834,2019
650121,乌鲁木齐县,0.493160446,11453.13692,69.81911469,0.008793257,2019
451028,乐业县,0.059258814,693.3948224,30.09124947,0.0,2019
469027,乐东黎族自治县,0.956142593,11219.59467,117.887558,0.024742688,2019
130225,乐亭县,1.906661323,14224.81503,156.0610657,0.226298807,2019
361025,乐安县,0.071220236,776.3014059,16.93623543,0.0,2019
360281,乐平市,0.327515053,2979.309396,33.38127136,0.0,2019
440281,乐昌市,0.280748194,2989.972672,27.5946331,0.0,2019
330382,乐清市,3.734080799,22017.97083,44.00505829,1.373384608,2019
512022,乐至县,0.322758265,2130.991829,36.87981415,0.0,2019
630202,乐都区,0.19252428,2372.615627,28.96760368,0.0,2019
371481,乐陵市,0.772806686,4562.108195,20.36419678,0.0,2019
150207,九原区,4.531288871,19478.98021,121.1906586,0.735854358,2019
220113,九台区,0.748477814,14098.26939,159.6667633,0.065679208,2019
513225,九寨沟县,0.045991205,1163.476659,25.12342262,0.0,2019
513324,九龙县,0.027559079,855.47693,25.4772644,0.0,2019
500107,九龙坡区,7.670607331,15071.90114,52.0752449,3.856254392,2019
810103,九龙城区,69.72381619,2986.9136,104.1967087,72.82709503,2019
520330,习水县,0.255750664,3594.560541,33.39325333,0.0,2019
513336,乡城县,0.025593173,581.3823405,13.73371124,0.0,2019
141029,乡宁县,0.26838023,2678.405221,29.94206619,0.0,2019
371083,乳山市,0.576524524,4740.02411,119.3487549,0.043917267,2019
440232,乳源瑶族自治县,0.208649273,2121.918106,20.87141037,0.0,2019
610424,乾县,0.349119799,1700.685762,11.02756691,0.0,2019
220723,乾安县,0.126721522,2522.254233,22.92935753,0.0,2019
410103,二七区,14.20093071,10664.00792,90.93339539,8.271866198,2019
152501,二连浩特市,0.149182729,3301.485753,34.76054001,1.17e-05,2019
220105,二道区,9.540402116,26769.62007,119.949791,2.203108126,2019
220503,二道江区,0.704371387,1400.939444,49.16618729,0.0,2019
210114,于洪区,6.581982202,17686.84446,88.57466125,2.759667265,2019
653226,于田县,0.022945721,4503.306198,63.14474106,0.0,2019
360731,于都县,0.311564126,4021.653857,44.18254852,0.000177,2019
140214,云冈区,3.612866544,13929.62657,63.66440582,1.374286707,2019
530922,云县,0.099281795,1602.852014,34.53327942,0.00212374,2019
331125,云和县,0.345132789,1556.598957,23.98940086,0.0,2019
445302,云城区,1.321464996,4542.362318,33.19615173,0.0,2019
445303,云安区,0.527927097,2714.762617,17.85190201,0.0,2019
520103,云岩区,18.26071586,7643.004721,77.50756836,15.74969251,2019
140215,云州区,1.209477695,9338.718782,50.78182602,0.0,2019
710022,云林县,6.031339949,35528.99163,109.6547775,4.246773549,2019
420923,云梦县,0.499640075,1413.865809,11.61642838,0.0,2019
430603,云溪区,2.346888624,4144.715752,31.8238945,1.062431197,2019
500235,云阳县,0.108549435,1846.511022,17.96611786,0.0,2019
350622,云霄县,1.471212193,6630.141791,39.09856796,0.0,2019
320303,云龙区,17.65219548,10154.16586,65.58704376,16.25270916,2019
532929,云龙县,0.040955755,799.8869436,13.95893288,0.0,2019
630223,互助土族自治县,0.245558877,4122.909468,66.49284363,0.011953965,2019
530102,五华区,6.3453645,10609.22549,79.40174103,0.716303739,2019
441424,五华县,0.470342962,6685.458545,35.77912903,7.5e-05,2019
150821,五原县,0.130057237,1730.84863,13.65255833,0.0,2019
140922,五台县,0.162455127,2396.330984,19.93801498,0.0,2019
231182,五大连池市,0.048698765,2581.790436,21.78430176,0.0,2019
659004,五家渠市,2.047083463,8494.16812,154.4981689,0.146453616,2019
140928,五寨县,0.344593645,2468.586441,41.64403152,0.0,2019
420529,五峰土家族自治县,0.072661357,796.6126698,16.78671455,0.0,2019
230184,五常市,0.104288787,4432.252169,39.71467209,6.39e-06,2019
469001,五指山市,0.201467043,979.9341184,24.01943588,0.0,2019
340322,五河县,0.66316545,4532.434173,43.3093605,0.0,2019
371121,五莲县,0.579071845,4276.704455,13.63559246,0.0,2019
511112,五通桥区,1.138147474,2436.407748,33.31182098,0.0,2019
360881,井冈山市,0.163355166,1041.483996,15.31018448,0.0,2019
511124,井研县,0.199142427,772.9709382,20.78541565,0.0,2019
130121,井陉县,0.493569837,3449.522817,22.42921448,0.0,2019
130107,井陉矿区,3.158493393,1133.688562,22.6690979,1.556310622,2019
540233,亚东县,0.01476621,286.3915643,16.63236237,0.0,2019
141130,交口县,0.378087971,2388.749422,29.69826698,0.0,2019
141122,交城县,0.368002382,3399.154303,32.55251312,0.0,2019
321102,京口区,14.18682597,21636.85682,70.56300354,10.17992474,2019
420882,京山市,0.147298411,2428.568983,20.61947441,0.0,2019
320902,亭湖区,6.488116608,31344.34577,109.1890945,1.25539429,2019
510682,什邡市,1.096792831,4218.140496,31.68817329,0.0,2019
440224,仁化县,0.247100756,2413.593938,21.80779457,0.0,2019
510411,仁和区,0.602082109,4639.864317,67.56231689,0.030661468,2019
511421,仁寿县,0.750675694,9068.271302,56.36577606,0.0,2019
540229,仁布县,0.018588886,181.2380652,4.475020409,0.0,2019
520382,仁怀市,0.643056418,5216.952804,57.55970764,0.0,2019
140781,介休市,2.463962391,9116.100416,50.91558456,1.120242721,2019
440117,从化区,1.378087057,11988.9845,54.45411301,5.2e-05,2019
522633,从江县,0.087533907,1274.4597,22.79099274,0.0,2019
350104,仓山区,29.31622494,19017.60757,58.09634399,29.12209463,2019
331024,仙居县,0.494952405,4531.867681,37.41592789,0.0,2019
429004,仙桃市,0.636388452,7441.330103,33.95317078,0.0,2019
350322,仙游县,1.631976411,13352.13981,53.97612762,9.28e-05,2019
140923,代县,0.301404148,2688.751943,8.748965263,0.0,2019
321081,仪征市,3.297484638,14122.7517,74.42221069,1.212932465,2019
511324,仪陇县,0.343003797,2885.964005,52.54087067,0.0,2019
540232,仲巴县,0.00155246,314.6872074,14.60830879,0.0,2019
130982,任丘市,2.988546901,15989.04236,103.8488693,1.22394207,2019
370811,任城区,6.144280591,25967.80197,171.2273102,2.447605368,2019
130505,任泽区,1.410951252,3069.388886,16.26037407,0.936035361,2019
650522,伊吾县,0.052259223,5637.87787,156.363327,0.007020845,2019
654021,伊宁县,0.243692833,6061.143428,42.6738205,0.0,2019
654002,伊宁市,6.514642066,23179.8629,193.5045471,1.422838285,2019
410329,伊川县,1.029909409,5298.427519,29.86602211,0.0,2019
650502,伊州区,0.054696186,23209.26033,178.0359192,0.009536093,2019
230717,伊美区,0.123084237,2033.284499,34.14616776,0.0,2019
220323,伊通满族自治县,0.248981493,3453.626188,46.36385345,0.0,2019
150627,伊金霍洛旗,0.516946561,14688.94126,151.4641266,0.099014891,2019
420503,伍家岗区,12.34884954,4847.674059,35.29728699,12.07700575,2019
341022,休宁县,0.111802206,1095.823841,25.51214409,0.0,2019
513426,会东县,0.169081635,2426.745164,89.3976059,0.015672387,2019
431225,会同县,0.056689542,575.3397164,25.48339462,0.0,2019
620422,会宁县,0.063572539,1779.348501,22.69619942,0.0,2019
360733,会昌县,0.145909272,1755.324023,21.21412277,0.0,2019
530326,会泽县,0.204692194,5397.570998,70.45262909,0.01942998,2019
513402,会理市,0.102548647,2073.721857,36.16684341,0.00208692,2019
653129,伽师县,0.139533135,4734.457756,30.01773262,0.0,2019
330281,余姚市,4.88161947,33376.22577,61.49253464,1.876663729,2019
361127,余干县,0.226354309,2438.431529,34.36727905,0.0,2019
520329,余庆县,0.286836559,2102.230766,37.40390396,0.0,2019
330110,余杭区,6.057866826,26524.12046,79.99876404,2.726350493,2019
360603,余江区,0.380163783,1609.385359,30.34152031,0.0,2019
441821,佛冈县,0.799813246,4550.266153,32.38402939,0.0,2019
610730,佛坪县,0.04058267,247.6211283,9.058688164,0.0,2019
610828,佳县,0.199928695,2047.887656,65.1079483,0.019720571,2019
230123,依兰县,0.079101705,2107.700283,21.85386086,0.0,2019
230223,依安县,0.05727953,1251.005158,20.45445442,0.0,2019
141081,侯马市,2.990657849,3232.936319,52.62690735,1.615948922,2019
469029,保亭黎族苗族自治县,0.233011115,1138.092079,25.70994377,0.0,2019
420626,保康县,0.048032358,729.0671533,8.103060722,0.0,2019
140931,保德县,0.565217268,2871.673881,25.99921227,0.0,2019
433125,保靖县,0.085366354,685.5885692,15.01851082,0.0,2019
360722,信丰县,0.262474631,3353.576597,32.50658417,0.000412,2019
440983,信宜市,0.285803775,3827.251031,27.04941368,0.0,2019
361102,信州区,4.288578858,6233.642776,48.69909286,0.854184067,2019
130503,信都区,1.074579172,10228.19432,35.84205627,0.0,2019
520123,修文县,0.62597083,3023.932519,33.78097534,0.0,2019
410821,修武县,1.295309559,3934.175147,28.88041306,0.0,2019
360424,修水县,0.073011878,1512.407843,22.94916534,0.0,2019
410307,偃师区,2.115926134,6850.240327,32.8950386,0.870856575,2019
140932,偏关县,0.113427347,981.6367341,10.78900623,0.0,2019
460400,儋州市,1.097241836,15466.4068,85.01160431,0.031711242,2019
210602,元宝区,3.320768076,1648.077662,33.57044601,1.114993831,2019
150403,元宝山区,1.282666683,6446.949344,107.6977386,0.02637558,2019
810118,元朗区,20.38420124,13029.02187,88.99528503,12.72657927,2019
130132,元氏县,1.029142563,3514.122304,36.73989868,0.632765474,2019
530428,元江哈尼族彝族傣族自治县,0.328581563,3915.778644,57.62760925,0.002698672,2019
532328,元谋县,0.216210501,1946.660998,49.99157715,0.004172843,2019
532528,元阳县,0.102103692,987.3699256,26.45907211,0.0,2019
411522,光山县,0.243937063,2112.537059,17.77528954,0.0,2019
440311,光明区,23.75209095,16268.31939,98.20552063,20.75257168,2019
350723,光泽县,0.11574728,1182.825082,24.60114861,0.0,2019
230230,克东县,0.117133561,1458.009212,33.66730881,0.0,2019
150425,克什克腾旗,0.024950881,2590.513066,47.61233521,2.4e-05,2019
230229,克山县,0.044039294,840.8417265,14.98297596,0.0,2019
650203,克拉玛依区,1.556250318,30342.56032,265.5946655,0.136487011,2019
370812,兖州区,3.152201684,10109.90194,47.71069717,1.378708102,2019
360729,全南县,0.251149363,1711.764131,25.66374016,0.0,2019
450324,全州县,0.093498606,1649.870529,16.11249924,0.0,2019
341124,全椒县,0.923019892,6840.891348,46.41696167,0.0,2019
340405,八公山区,3.193156904,1030.375383,18.82020187,2.069411516,2019
540326,八宿县,0.007268534,416.0880351,17.83019447,0.0,2019
451102,八步区,0.273545242,4371.639146,39.1275444,0.000121,2019
220184,公主岭市,0.605565738,13906.88367,87.06454468,0.016210211,2019
421022,公安县,0.346865491,3623.30251,28.64830971,0.0,2019
320116,六合区,4.112833924,29089.47758,126.5311203,1.247864128,2019
520203,六枝特区,0.386587205,3111.625255,52.6181221,0.0,2019
533325,兰坪白族普米族自治县,0.112028766,2199.355326,32.7102356,0.002824852,2019
371302,兰山区,6.750112853,29542.83509,64.59089661,2.750399343,2019
330781,兰溪市,1.162007814,7027.094155,44.93179321,0.0,2019
410225,兰考县,1.442912316,7741.920567,40.29935074,0.0,2019
231222,兰西县,0.137233,1975.631018,29.59226418,0.0,2019
371324,兰陵县,0.995470845,8333.390944,29.23268127,0.692144168,2019
632521,共和县,0.030655283,2539.074627,17.70302582,0.0,2019
360482,共青城市,1.588058151,2250.70811,20.87370872,0.573845656,2019
520424,关岭布依族苗族自治县,0.232996278,1521.758999,18.69111061,0.0,2019
450924,兴业县,0.363241651,2322.859136,31.57012749,0.0,2019
522301,兴义市,0.988008472,12678.57804,77.77838898,0.011070628,2019
522302,兴仁市,0.253367894,2004.589148,36.06682968,3.58e-05,2019
321281,兴化市,1.11467413,12761.92597,35.04080963,0.661718052,2019
141123,兴县,0.242915541,3888.757738,36.3447113,0.0,2019
150924,兴和县,0.13106979,2440.01782,37.07342911,0.0,2019
360732,兴国县,0.175363907,2529.715142,29.11518669,0.0,2019
211481,兴城市,0.619309964,6663.670785,34.85373688,3.53e-05,2019
450102,兴宁区,2.436792339,7707.010362,67.54970551,0.016862404,2019
441481,兴宁市,0.526630079,4806.790233,36.37532806,0.0,2019
230405,兴安区,9.239563967,6855.683997,946.8106689,1.247785772,2019
450325,兴安县,0.092364525,959.939804,13.45781612,0.0,2019
451302,兴宾区,0.455357973,8800.917821,46.06319427,4.36e-05,2019
230407,兴山区,0.800596412,136.8800093,12.77440548,0.610822115,2019
420526,兴山县,0.080863977,878.4279145,13.45916271,0.0,2019
610481,兴平市,1.977794518,4863.730229,38.38768387,0.879973814,2019
640104,兴庆区,5.967181932,19690.67074,108.6008072,1.235598953,2019
511528,兴文县,0.254183981,1600.37723,80.9828186,0.006082507,2019
632524,兴海县,0.012612595,756.7962691,13.20889568,0.0,2019
130822,兴隆县,0.15772678,2609.262376,24.18562889,0.0,2019
211103,兴隆台区,12.84663898,17126.78644,114.6189499,4.792854954,2019
131103,冀州区,0.43492346,2010.959868,7.956650257,0.0,2019
130523,内丘县,0.483450854,1914.036912,16.00642586,0.0,2019
411325,内乡县,0.272924254,3014.460157,24.54962158,0.0,2019
410527,内黄县,1.884417115,10589.13835,59.98136139,0.862333522,2019
522327,册亨县,0.106386548,1219.387597,20.2788353,0.0,2019
513433,冕宁县,0.096439231,1946.512802,37.95559311,0.001694992,2019
220122,农安县,0.250823239,7361.697465,88.93491364,0.016864084,2019
371525,冠县,0.938379333,5428.082849,37.37556839,0.47540555,2019
431381,冷水江市,1.346675559,2679.440751,47.53952026,0.0,2019
431103,冷水滩区,1.081583504,5898.841909,34.3855896,0.0,2019
150622,准格尔旗,0.783331101,30850.01476,966.3308105,0.277599968,2019
150925,凉城县,0.096721736,1751.593844,35.7445755,0.0,2019
620602,凉州区,0.397758324,9911.443316,63.03972244,0.0,2019
451027,凌云县,0.057090387,515.7254545,19.93764305,0.0,2019
210703,凌河区,19.91299898,4257.945814,70.51155853,18.86956878,2019
210781,凌海市,0.387956102,5270.595126,18.98166084,0.0,2019
211382,凌源市,0.342884714,5993.69876,54.06062317,1.8e-05,2019
520327,凤冈县,0.199193303,1707.020993,33.44554901,0.0,2019
433123,凤凰县,0.193054117,1526.647732,20.05255318,0.0,2019
610330,凤县,0.047995327,725.7838237,4.594541073,0.0,2019
340421,凤台县,0.996956698,5187.556663,40.29854584,0.459771731,2019
210682,凤城市,0.135491538,3941.505154,35.55420303,5.66e-05,2019
451223,凤山县,0.045226498,345.3321569,22.20301247,0.0,2019
530921,凤庆县,0.129678374,1904.215036,36.03953934,0.002150977,2019
410704,凤泉区,3.9959504,2288.833378,23.06645966,2.929906115,2019
610305,凤翔区,0.463602976,2783.768607,30.62111282,0.0,2019
341126,凤阳县,0.77823801,7194.041322,49.43601608,0.0,2019
451481,凭祥市,0.533578553,1475.254722,31.00309753,0.0,2019
522601,凯里市,1.289585316,9112.503159,36.15722275,0.0,2019
360521,分宜县,0.238361809,1494.284574,33.54327774,8.65e-05,2019
632224,刚察县,0.007787168,379.26695,7.261155605,0.0,2019
422802,利川市,0.133196648,2859.151194,37.62175369,5.89e-05,2019
510802,利州区,1.093805678,7995.4793,47.73057938,0.0,2019
370522,利津县,1.179125316,7050.498904,55.08171463,0.643500556,2019
341623,利辛县,0.481118534,4617.356834,32.03861237,0.0,2019
640302,利通区,1.264278613,7078.720746,43.49208069,0.0,2019
230804,前进区,17.22396331,2702.338527,103.9106445,6.89812851,2019
220721,前郭尔罗斯蒙古族自治县,0.236747367,8011.220816,86.75640106,0.029204898,2019
511603,前锋区,1.327614741,3121.154574,40.77642441,0.0,2019
532931,剑川县,0.165677803,1660.252713,51.95775223,0.001608577,2019
522629,剑河县,0.069886302,686.2864978,14.83950424,0.0,2019
510823,剑阁县,0.056047967,848.5497364,16.17067909,0.0,2019
540528,加查县,0.026695583,539.9935369,21.56442261,0.0,2019
520326,务川仡佬族苗族自治县,0.147131552,1862.036339,36.72372818,2.89e-05,2019
230921,勃利县,0.195678261,2682.80804,60.0728302,0.0,2019
610725,勉县,0.389331323,4443.925432,40.16787338,0.0,2019
532822,勐海县,0.102396771,2375.74885,50.88860703,0.002507341,2019
532823,勐腊县,0.082290539,2430.507549,88.08023071,0.010197858,2019
340111,包河区,19.15933175,26702.02256,84.09589386,13.21455605,2019
440982,化州市,0.606065158,6187.217003,36.61359024,0.0,2019
150922,化德县,0.121572544,1658.314811,37.32058716,0.0,2019
630224,化隆回族自治县,0.139853241,1878.931586,153.6677246,0.043223296,2019
330206,北仑区,13.5909788,38047.81191,174.9787445,7.482019901,2019
410503,北关区,6.507115287,2982.325768,39.174366,3.864001954,2019
810112,北区,10.98610642,7526.172223,93.39435577,6.254515391,2019
430511,北塔区,4.199699061,1596.577358,29.74155998,2.189377285,2019
231181,北安市,0.074086534,3190.117625,43.38168716,5.95e-06,2019
659005,北屯市,0.895504101,4794.746686,54.17664337,0.0,2019
510726,北川羌族自治县,0.078359987,1142.801744,21.31203079,0.0,2019
130304,北戴河区,6.028301901,5130.81777,46.97557449,3.640071143,2019
231202,北林区,0.61859285,9946.150669,82.64395905,0.013367494,2019
450981,北流市,0.514675347,5498.185908,41.00334167,5.54e-05,2019
431002,北湖区,1.28521977,4670.029996,35.28700638,0.0,2019
500109,北碚区,2.821765724,9809.320783,58.18493652,0.899197548,2019
211381,北票市,0.151218885,3590.294511,18.51702881,0.0,2019
120113,北辰区,10.73292319,26483.1302,58.99118042,6.121902135,2019
210782,北镇市,0.432902524,3921.533241,55.41870117,0.0,2019
210311,千山区,2.341350947,4218.930772,36.74917603,1.113657686,2019
610328,千阳县,0.110435088,537.4624536,13.57588482,0.0,2019
620881,华亭市,0.387754141,2287.355595,29.58880615,0.0,2019
530723,华坪县,0.182650712,1765.01758,45.94699097,0.002648225,2019
530424,华宁县,0.259953281,1427.050746,27.41774178,0.0,2019
350629,华安县,0.475990809,2689.27527,24.79328156,0.0,2019
420703,华容区,3.08281262,6792.294553,35.11953354,1.613003471,2019
430623,华容县,0.127941782,937.6692617,13.59849262,0.0,2019
610503,华州区,0.603517762,3313.594155,30.94417,0.0,2019
621023,华池县,0.587735811,11089.66894,118.6856766,0.035352093,2019
511681,华蓥市,0.763987155,1644.498829,30.68337631,0.0,2019
610582,华阴市,0.864403229,2844.303571,34.73566055,0.0,2019
410902,华龙区,7.704987167,15243.03295,110.4357834,3.238779335,2019
623022,卓尼县,0.034838176,869.8275483,32.87981796,4.87e-05,2019
150921,卓资县,0.147664637,2426.207005,22.04033089,0.0,2019
371722,单县,1.080134206,8531.933502,41.40087509,0.0,2019
361023,南丰县,0.181757159,1567.014003,30.98199081,0.0,2019
451221,南丹县,0.131880684,2306.908124,43.37707901,5.79e-05,2019
410923,南乐县,1.570594688,4789.063482,26.04301834,0.808756103,2019
220102,南关区,15.57872617,45910.01727,219.0117645,2.435651132,2019
810105,南区,13.55564387,2334.65399,74.68506622,9.097102608,2019
532324,南华县,0.220118843,2212.033813,54.39206314,0.002825799,2019
430921,南县,0.278216365,1692.126113,11.640172,0.0,2019
411321,南召县,0.188316796,2654.635401,14.68570232,0.0,2019
130506,南和区,2.082876876,4263.052692,42.90349579,1.108109062,2019
361021,南城县,0.151397095,1174.401519,15.58538151,0.0,2019
350583,南安市,3.556998278,31683.42512,48.91952515,1.620185837,2019
130581,南宫市,0.959159731,4163.283593,25.41511154,0.568096226,2019
440305,南山区,28.024116,21059.84843,119.1178513,28.77586074,2019
230404,南山区,5.62212766,1023.888661,74.4604187,3.749619768,2019
230726,南岔县,0.035285279,616.7477884,16.339571,0.0,2019
230103,南岗区,23.90959363,23262.53439,129.7283936,7.408739921,2019
430412,南岳区,0.911200591,741.4635746,22.45395851,0.0,2019
500108,南岸区,12.32221788,14782.74734,84.62228394,8.289909073,2019
500119,南川区,0.331211497,3939.584112,43.19610596,4.67e-05,2019
360703,南康区,0.891831681,6935.872906,32.24954605,4.45e-05,2019
120104,南开区,47.78525775,10421.12145,117.8004227,47.31394196,2019
710008,南投县,1.528380764,27556.83104,84.15382385,0.015043588,2019
360121,南昌县,2.66424424,22020.87718,63.79111481,0.0,2019
520102,南明区,14.29511129,13361.10796,84.93862915,8.774286163,2019
540221,南木林县,0.007602026,284.9755412,8.772319794,0.0,2019
511922,南江县,0.079281229,1270.569066,20.22346497,0.0,2019
460322,南沙区,0.016650146,350.8175955,26.23766136,0.0,2019
440115,南沙区,11.18024916,35338.61924,223.4422913,7.461591764,2019
330503,南浔区,3.583502349,11830.22333,32.21342468,2.12696474,2019
440605,南海区,12.34700555,57893.36594,55.3150177,10.37715,2019
532926,南涧彝族自治县,0.145041485,1115.270619,25.63515472,0.0,2019
330402,南湖区,10.56515386,21653.92503,68.87802887,6.247664847,2019
511503,南溪区,0.824904967,2670.188263,55.9642334,0.0,2019
420624,南漳县,0.071867021,1305.232766,13.13955402,0.0,2019
440523,南澳县,2.100784659,991.8834171,20.69027328,1.31512919,2019
130927,南皮县,0.912594009,3694.241389,23.82879066,0.686515377,2019
211404,南票区,0.362187168,1936.536666,14.45669937,0.0,2019
210505,南芬区,0.394399191,1291.386686,13.31280708,0.0,2019
341103,南谯区,2.478732176,13654.93702,76.94683838,0.013093663,2019
610703,南郑区,0.308641431,4169.72274,82.39201355,0.004261246,2019
511321,南部县,0.25762006,2680.611487,30.02631569,0.0,2019
340223,南陵县,1.064276633,6259.84978,39.15768433,0.0,2019
440282,南雄市,0.206609913,2111.555738,33.30015564,0.000252,2019
350627,南靖县,0.701872134,6081.047697,47.99176788,8.41e-05,2019
652701,博乐市,0.27950113,10431.64968,68.45417023,0.010078815,2019
371625,博兴县,2.293910393,10412.71596,65.81308746,1.24497037,2019
370304,博山区,0.976903202,3402.281852,18.00785446,0.0,2019
340506,博望区,0.912629552,1671.547236,16.33069038,0.0,2019
652829,博湖县,0.090236105,1727.436121,51.34104919,0.0,2019
410822,博爱县,1.566806364,3277.629883,24.49286652,0.573395674,2019
450923,博白县,0.167431387,2782.788437,19.08879662,0.0,2019
441322,博罗县,2.046029009,25571.95256,46.89325714,0.635930201,2019
130637,博野县,0.772878151,1304.96081,9.2541399,0.720390065,2019
540302,卡若区,0.045035637,2292.031372,51.34037781,0.000322,2019
411224,卢氏县,0.129062703,2286.207108,30.04382133,0.0,2019
130324,卢龙县,0.544859653,2709.352019,29.60491562,0.0,2019
411303,卧龙区,1.673263092,8143.764906,42.40660858,0.0,2019
410403,卫东区,8.051120704,4101.840774,48.41996384,3.874804639,2019
410703,卫滨区,8.890841515,2804.764137,38.18404007,6.420951746,2019
410781,卫辉市,0.954384596,4023.052941,19.10713387,0.0,2019
610203,印台区,0.365342101,1086.174961,11.89727497,0.0,2019
520625,印江土家族苗族自治县,0.151645488,1360.132166,27.33946991,0.0,2019
370215,即墨区,2.891186797,26574.077,46.61629105,1.113393903,2019
370102,历下区,25.64556322,12746.24721,70.85564423,26.26941068,2019
370112,历城区,5.342470299,34717.46709,158.1031952,1.468474688,2019
640402,原州区,0.843669932,11429.18995,92.56632233,0.014450819,2019
140981,原平市,0.395853855,5189.260598,53.43951797,5.13e-06,2019
410725,原阳县,1.534541475,9833.15522,36.41842651,0.876055377,2019
230719,友好区,0.017680353,314.970627,7.058094025,0.0,2019
230522,友谊县,0.172490488,1696.783515,37.52328873,0.0,2019
211102,双台子区,12.01842405,7255.546166,90.71087646,4.277863089,2019
230113,双城区,0.391700049,7025.744052,46.57058334,0.0,2019
211302,双塔区,2.288167206,6185.705601,53.71966934,0.0,2019
431321,双峰县,0.238853311,1722.282242,24.06234741,0.0,2019
532322,双柏县,0.054959507,943.8739274,53.38261414,0.001524196,2019
130802,双桥区,1.943238717,6747.572571,54.7153244,0.44380985,2019
530925,双江拉祜族佤族布朗族傣族自治县,0.065712883,621.8510632,28.34531212,0.0,2019
659007,双河市,0.375021932,1561.323661,13.45198631,0.0,2019
510116,双流区,13.52173474,67402.2419,251.6722107,8.489853974,2019
430502,双清区,5.034705319,3088.62389,33.7259903,2.128425691,2019
540630,双湖县,0.00018,101.4479159,4.693901539,0.0,2019
130803,双滦区,2.090503159,5036.833717,47.08654022,0.625324065,2019
431123,双牌县,0.055756031,430.7763411,16.43665886,0.0,2019
220382,双辽市,0.280781617,4820.792432,62.73152161,0.0,2019
220112,双阳区,1.115079829,10331.83994,73.59383392,0.019298918,2019
511504,叙州区,0.581282988,6846.594939,51.05726624,0.0,2019
510524,叙永县,0.112170831,1509.999292,32.18958282,5.6e-05,2019
450303,叠彩区,8.858095633,1993.03678,42.29686356,4.624567611,2019
433126,古丈县,0.064018586,376.5954802,9.642788887,0.0,2019
140181,古交市,0.612769555,4703.32353,42.66389465,0.0,2019
130204,古冶区,4.260096356,5496.810681,39.74666214,2.37359943,2019
141025,古县,0.224040341,1332.886278,15.90865326,0.0,2019
530702,古城区,1.903426635,10810.03012,112.2662659,0.020516835,2019
210702,古塔区,12.30697569,4369.893359,83.56118011,2.266873832,2019
620622,古浪县,0.103331457,2632.169891,47.50216675,0.0,2019
350922,古田县,0.318970454,3407.35122,42.8492775,0.000354,2019
510525,古蔺县,0.10849802,1570.540747,21.34056091,0.0,2019
321183,句容市,2.346505294,15278.90574,56.26612854,1.123029046,2019
411104,召陵区,3.177904276,6618.80194,53.09859848,1.125858046,2019
659008,可克达拉市,0.328260838,1815.681498,35.34515381,0.0,2019
710013,台东县,0.602747821,9381.027621,39.34360123,0.000626,2019
710016,台中市,8.618186609,84622.14329,82.70176697,2.260394205,2019
370405,台儿庄区,1.34335639,3477.001443,26.68362427,0.811151883,2019
410927,台前县,1.109223412,2425.780253,18.9638958,0.812960944,2019
710009,台北市,25.60962599,30673.50271,106.3078308,16.30897789,2019
710014,台南市,8.836142464,87020.13287,116.2364426,4.746310703,2019
210321,台安县,0.671117105,4984.060392,59.0419693,0.0,2019
440781,台山市,0.906024487,12436.91287,43.5222702,0.0,2019
350103,台江区,47.46655191,3668.699104,75.17062378,46.16083304,2019
522630,台江县,0.153560151,745.6104077,36.39447403,0.0,2019
451002,右江区,0.443204961,7264.980964,53.76456451,0.000108,2019
140623,右玉县,0.277409485,2900.405371,59.91993332,0.0,2019
410422,叶县,0.933441969,6251.443897,39.62226868,0.0,2019
653126,叶城县,0.036762086,5271.80897,27.45879936,0.0,2019
341504,叶集区,1.003770157,2688.135845,32.34502029,0.0,2019
623001,合作市,0.224033698,2289.824706,40.38847733,2.83e-06,2019
451381,合山市,0.467310009,749.4461368,17.54405212,0.0,2019
500117,合川区,0.602251686,6503.940326,42.42920685,0.0,2019
621024,合水县,1.16060011,16866.71012,411.0368652,0.225434561,2019
510522,合江县,0.181250256,2010.828011,27.19142342,0.0,2019
450521,合浦县,0.456119472,4791.76759,25.46584892,0.0,2019
610524,合阳县,0.378575381,2433.487003,26.28569603,0.0,2019
141028,吉县,0.077406107,681.6157176,7.123674393,0.0,2019
360821,吉安县,0.369783822,3535.063729,25.81369972,0.0,2019
360802,吉州区,2.400135114,4592.926792,38.80493164,0.0,2019
654326,吉木乃县,0.056236319,2369.58281,58.22494888,0.0,2019
652327,吉木萨尔县,0.408379102,18601.71613,160.1707153,0.044647202,2019
360822,吉水县,0.076454989,866.6385891,7.902407646,0.0,2019
460203,吉阳区,5.797731088,8969.4083,78.72750854,2.208804241,2019
540234,吉隆县,0.004725509,195.2019923,6.587372303,0.0,2019
433101,吉首市,0.960715758,4723.959944,67.94287872,0.009227558,2019
632301,同仁市,0.149448347,2352.941143,52.29860687,3.27e-05,2019
350212,同安区,7.476250045,21493.86705,56.45867157,1.617721585,2019
632522,同德县,0.032145289,727.8471141,34.98822021,0.000109,2019
640324,同心县,0.153706334,3400.617021,51.89240646,0.0,2019
230881,同江市,0.141372468,5252.777779,46.45474243,0.0,2019
511803,名山区,0.720526232,2057.229543,35.48184586,0.0,2019
230402,向阳区,19.98284218,998.9853808,74.4604187,12.77440548,2019
230803,向阳区,14.40520362,4105.765487,100.3209763,5.172004491,2019
430611,君山区,0.352225497,982.9840109,11.05504036,0.0,2019
340522,含山县,0.764006979,3701.36214,40.65911865,0.0,2019
320681,启东市,2.484151656,17893.12032,370.5790405,0.72012492,2019
320506,吴中区,7.336265723,84053.26503,91.22814941,0.843281898,2019
330502,吴兴区,5.414035253,21840.66407,62.58030319,2.12714529,2019
610829,吴堡县,0.294529451,639.6971765,9.83746624,0.0,2019
440883,吴川市,2.371915257,8756.097252,43.98352814,1.372126228,2019
130928,吴桥县,0.461908646,1385.146288,10.36200714,0.0,2019
320509,吴江区,8.377203369,47949.04242,67.53660583,4.729406311,2019
610626,吴起县,0.591021608,11231.60776,38.37189865,0.0,2019
530114,呈贡区,10.73164914,24122.60093,82.52055359,3.246493958,2019
350925,周宁县,0.438378937,2056.28431,35.73879242,0.000131,2019
370306,周村区,4.523861435,6915.210071,22.34873199,2.939461074,2019
610124,周至县,0.254989908,3634.326165,19.33500481,0.0,2019
230111,呼兰区,0.978485121,12328.22567,56.02449799,0.0,2019
652323,呼图壁县,0.160338067,8540.4342,41.13458633,0.0,2019
232721,呼玛县,0.005221435,1085.547788,18.50019455,0.0,2019
340523,和县,1.101108788,6823.130717,30.676054,0.0,2019
654226,和布克赛尔蒙古自治县,0.038724384,6449.027717,435.5241699,0.013645667,2019
210102,和平区,39.13705236,12633.28702,123.558342,34.37000682,2019
120101,和平区,77.55578716,3986.36746,132.1065216,71.52590179,2019
441624,和平县,0.268523606,2698.068329,49.10402679,0.000255,2019
622925,和政县,0.236008537,701.5895188,15.63774872,0.0,2019
150123,和林格尔县,0.278021633,5014.693638,63.86619568,0.0,2019
653221,和田县,0.021218217,4297.893696,51.21203232,0.0,2019
653201,和田市,4.447432303,10379.01637,92.73483276,1.251062382,2019
652828,和硕县,0.03463849,2360.876095,22.35877228,0.0,2019
652827,和静县,0.021352108,4050.90184,43.84498596,2.58e-06,2019
140723,和顺县,0.208360038,2311.399998,24.69498825,0.0,2019
222406,和龙市,0.063312885,1734.69061,48.52196121,0.000194,2019
422826,咸丰县,0.086554606,1021.308027,23.00945663,0.0,2019
421202,咸安区,1.08916093,7562.544071,30.12574768,0.0,2019
654324,哈巴河县,0.079387356,3884.670231,111.2969589,0.004112457,2019
320921,响水县,1.748600695,11582.72415,511.0466919,0.383273242,2019
130627,唐县,0.483183225,3519.840102,16.72442627,0.0,2019
411328,唐河县,0.337472555,4022.760197,22.23696327,0.0,2019
611023,商南县,0.082595049,911.3712614,7.567023754,0.0,2019
411524,商城县,0.118859025,1182.16767,15.12461185,0.0,2019
611002,商州区,0.291142373,3719.681769,40.94529724,0.000154,2019
411623,商水县,0.777663988,4750.264404,39.27612686,0.623934138,2019
370126,商河县,0.598864854,3500.163103,13.00502872,0.0,2019
150923,商都县,0.0801058,1837.3795,35.01735687,0.0,2019
653101,喀什市,2.673392311,13910.82391,70.81885529,0.01584947,2019
211324,喀喇沁左翼蒙古族自治县,0.349508521,4144.071819,35.7420578,0.0,2019
150428,喀喇沁旗,0.228538371,3775.429683,41.63124847,1.88e-05,2019
513432,喜德县,0.060012403,603.1126527,21.65573311,0.0,2019
710006,嘉义县,3.136427322,26815.76482,41.73911285,1.62283833,2019
710005,嘉义市,24.86483626,6684.058022,64.3480835,21.39227464,2019
330421,嘉善县,5.667063608,13131.98648,43.02109909,3.617562669,2019
310114,嘉定区,21.71999577,46525.76411,85.02256012,19.70298336,2019
620200,嘉峪关市,1.665666525,10631.57057,109.2728882,0.012225239,2019
370829,嘉祥县,1.443968808,6912.306996,31.15372658,0.93440052,2019
431024,嘉禾县,0.468863244,1460.794001,23.40136909,0.0,2019
230722,嘉荫县,0.023677131,973.898596,54.85074234,1.72e-05,2019
511304,嘉陵区,1.030326424,5617.489162,68.43663788,0.003314464,2019
421221,嘉鱼县,0.842510206,4021.07985,69.86283112,0.019448563,2019
540621,嘉黎县,0.003632552,221.4625789,17.49176216,0.0,2019
542523,噶尔县,0.02491066,2125.261068,113.8991699,0.00049,2019
632725,囊谦县,0.004692723,268.0292912,7.620282173,0.0,2019
441284,四会市,2.188065979,12124.66565,49.37706757,0.642443449,2019
150929,四子王旗,0.01181646,1536.632175,21.95207405,0.0,2019
230505,四方台区,0.474638676,547.8056245,10.54673195,0.0,2019
150103,回民区,9.379124872,9689.261268,91.73404694,1.234811625,2019
421121,团风县,0.495784609,1910.73444,26.70178223,0.0,2019
130828,围场满族蒙古族自治县,0.059336649,2885.574531,29.2449646,0.0,2019
411525,固始县,0.30925708,4276.112197,23.58852196,0.0,2019
131022,固安县,2.306589689,8413.986914,32.10728455,1.368431868,2019
340323,固镇县,0.558229989,3641.336408,36.36363983,0.0,2019
150222,固阳县,0.104149857,2700.60702,46.01514053,1.05e-05,2019
222402,图们市,0.227323601,1411.391617,33.24666214,0.0,2019
659003,图木舒克市,0.837275064,8700.315634,77.83461761,0.024280717,2019
150221,土默特右旗,0.313869492,3835.987387,22.56127548,0.0,2019
150121,土默特左旗,0.760952295,11120.75379,53.36826706,0.0,2019
370704,坊子区,1.864784663,8304.851406,34.23716736,1.119603527,2019
440804,坡头区,2.086552863,4661.490017,33.82161331,1.116947619,2019
440310,坪山区,16.09488215,11621.89349,67.05930328,14.19287663,2019
140827,垣曲县,0.265125799,2095.195618,30.7372551,0.0,2019
370505,垦利区,1.32314064,12574.63052,53.80513763,0.0,2019
500231,垫江县,0.444608151,3140.070345,29.32121468,0.0,2019
341302,埇桥区,1.559048327,21939.00143,51.27687454,0.0,2019
630102,城东区,11.41429328,6343.258493,61.73499298,4.169977948,2019
630103,城中区,6.704214197,5231.022282,74.98342896,1.718195145,2019
450202,城中区,17.86498037,5931.453717,89.89440918,9.683306703,2019
620102,城关区,7.51361256,11445.82486,61.14943314,2.128044639,2019
540102,城关区,5.64424097,13502.95008,167.8469238,0.142198559,2019
630105,城北区,11.86613097,7905.774855,60.97311401,6.911447644,2019
441502,城区,5.82637144,10084.48932,71.17974091,2.22772933,2019
140502,城区,12.64660537,8878.561702,118.6353302,5.26811588,2019
140302,城区,22.80814769,1780.198288,47.43875122,20.88229752,2019
350302,城厢区,3.128265105,6709.085894,65.13891602,1.217797684,2019
500229,城口县,0.033750235,529.4112093,17.19512177,0.0,2019
610722,城固县,0.35844342,3814.022135,44.66265488,0.0,2019
230306,城子河区,0.956783308,958.9032394,22.41631126,0.0,2019
430529,城步苗族自治县,0.079178415,923.5950988,23.52357674,0.0,2019
630104,城西区,25.55485737,6694.771341,99.41447449,8.056621552,2019
370214,城阳区,13.06400203,34346.08104,138.3987885,9.512558711,2019
710004,基隆市,11.0985601,6613.044395,71.67386627,6.731402312,2019
540103,堆龙德庆区,0.673629507,8312.754544,92.59567261,0.007950024,2019
653131,塔什库尔干塔吉克自治县,0.011196691,1331.698492,38.03733444,0.0,2019
654201,塔城市,0.186168074,4205.875534,53.73194885,0.0,2019
232722,塔河县,0.008455055,782.6222923,22.82199287,0.0,2019
440118,增城区,4.316436686,30487.06002,70.28161621,1.736774039,2019
530822,墨江哈尼族自治县,0.054840113,1268.987523,42.65077972,0.00223977,2019
653222,墨玉县,0.043124196,5595.534609,52.03097534,0.0,2019
540127,墨竹工卡县,0.040079237,1019.796545,36.05076599,0.000505,2019
540423,墨脱县,0.005724017,826.3318345,11.76764679,0.0,2019
513230,壤塘县,0.007264827,228.7056516,11.28435993,0.0,2019
140427,壶关县,0.456952855,2275.435269,21.03337479,0.0,2019
130404,复兴区,4.195511511,5320.599622,38.74765778,1.359319995,2019
140828,夏县,0.211391405,1398.654238,17.03531456,0.0,2019
623027,夏河县,0.039987237,1228.599071,17.43615723,0.0,2019
371427,夏津县,0.645071096,2840.865282,12.20146561,0.47478559,2019
411426,夏邑县,0.607761422,4396.982285,20.20282364,0.0,2019
152531,多伦县,0.087421783,1830.509293,31.80689812,0.0,2019
210104,大东区,26.32616942,14257.8404,114.6557083,21.16505747,2019
320904,大丰区,1.265179422,16425.01075,70.5767746,0.006045479,2019
360723,大余县,0.186701974,1138.701198,12.36321163,0.0,2019
530624,大关县,0.076085717,655.9116896,30.18400955,0.0,2019
110115,大兴区,8.795648672,47401.50982,134.9157257,4.482474876,2019
420281,大冶市,1.354754401,9773.16106,27.53931236,0.0,2019
451229,大化瑶族自治县,0.136145204,1663.086816,34.68495941,0.000503,2019
131028,大厂回族自治县,5.313201722,4841.514426,25.20894051,3.678855398,2019
230606,大同区,0.496777628,6686.954156,69.89147949,0.025310495,2019
130425,大名县,0.562878211,2984.901212,16.66359329,0.472232388,2019
131025,大城县,1.020381787,4685.537144,19.66459846,0.810582072,2019
810116,大埔区,8.494437225,5050.792374,76.94574738,2.753281266,2019
441422,大埔县,0.335823132,3621.691809,34.54285431,7.93e-06,2019
532326,大姚县,0.081902402,1473.933289,41.41596222,0.001896193,2019
141030,大宁县,0.104774434,502.9505667,9.438189507,0.0,2019
510304,大安区,1.279755601,2360.190522,33.74775696,0.0,2019
220882,大安市,0.161000613,4474.530937,41.32154083,1.16e-05,2019
420922,大悟县,0.384818524,3574.2352,37.46400452,3.08e-05,2019
451424,大新县,0.090862676,1089.780922,18.39031982,0.0,2019
520521,大方县,0.337596419,5329.220283,42.07402802,0.0,2019
632857,大柴旦行政委员会,0.037689699,3995.090644,122.3636703,0.003436805,2019
640202,大武口区,1.364350525,6693.776544,64.816185,0.012430197,2019
211104,大洼区,2.847944759,22632.01391,95.43995667,0.795044252,2019
500104,大渡口区,11.35987503,5460.224169,38.17011642,9.609042493,2019
532901,大理市,1.824053825,14120.48707,85.20137787,0.044755653,2019
350425,大田县,0.277214965,2761.415453,37.60243988,0.000639,2019
210882,大石桥市,1.217834484,10065.61214,99.1869278,0.017152143,2019
430503,大祥区,2.599177541,2509.28677,41.13110733,0.0,2019
511724,大竹县,0.330449409,3221.019976,49.83892059,0.0,2019
230725,大箐山县,0.019602382,421.987234,12.96703148,0.0,2019
510923,大英县,0.670391342,2176.605578,37.50288391,0.0,2019
610523,大荔县,0.292378299,2408.353297,21.24695206,0.0,2019
340803,大观区,4.040041485,3616.359958,76.65418243,0.763245452,2019
500111,大足区,1.300289861,8599.377762,40.54077911,0.0,2019
340402,大通区,2.418251912,3524.246536,33.7258873,1.136739416,2019
630121,大通回族土族自治县,0.246912869,3925.068332,47.15843582,0.0,2019
510129,大邑县,0.672146882,4010.492214,29.70153618,0.0,2019
430211,天元区,7.052341097,10485.64199,97.52016449,0.007898373,2019
511825,天全县,0.101341866,1123.72312,25.46092224,0.0,2019
331023,天台县,0.997183653,6566.012463,44.79507446,0.0,2019
320402,天宁区,15.66932582,11461.34373,60.3711586,8.372646223,2019
650102,天山区,13.94705183,13163.28221,129.0706787,4.393086419,2019
451222,天峨县,0.024445021,347.2394105,10.53244781,0.0,2019
632823,天峻县,0.005607155,730.4282106,27.95781708,0.0,2019
430103,天心区,14.22359127,8932.582655,99.25997162,7.670106207,2019
522627,天柱县,0.181742014,1780.300579,68.28996277,0.004978734,2019
370105,天桥区,9.060130466,11701.88686,80.20102692,3.245115104,2019
440106,天河区,25.36830429,14913.97635,64.94063568,24.67703437,2019
460204,天涯区,2.114753647,8453.740142,178.803009,0.089626721,2019
620623,天祝藏族自治县,0.037554653,1241.219274,29.2761631,0.0,2019
451425,天等县,0.094122183,889.0046874,19.13532257,0.0,2019
140222,天镇县,0.254430382,2271.787927,28.82305717,0.0,2019
341181,天长市,0.893947228,7454.629437,53.55421448,0.0,2019
429006,天门市,0.443428789,5400.301848,32.43399811,0.0,2019
152527,太仆寺旗,0.083065097,1531.595958,16.50527954,0.0,2019
320585,太仓市,10.3425984,39881.62725,118.398941,6.760329032,2019
210711,太和区,5.28605094,19824.66034,202.4126892,1.403698458,2019
341222,太和县,1.229180378,10998.59515,44.96893311,0.627552757,2019
629900,太子山天然林保护区,0.006315596,23.31287239,3.334209442,0.0,2019
211011,太子河区,3.223955631,4708.707308,65.5109787,0.827755055,2019
210904,太平区,3.456993373,1765.845772,55.53170013,1.62306892,2019
411627,太康县,0.804677787,6821.203111,37.90727234,0.0,2019
340825,太湖县,0.185840815,1773.18155,37.14735031,0.000114,2019
610331,太白县,0.04078133,535.8290937,15.9827776,0.0,2019
140703,太谷区,0.934458135,4939.237881,41.19678116,0.0,2019
650106,头屯河区,11.28532688,17297.26391,116.6683807,5.290810966,2019
420506,夷陵区,0.386076109,6181.27078,36.00666809,0.000638,2019
511126,夹江县,1.060522577,3633.31292,34.52281952,0.0,2019
652325,奇台县,0.085144149,7958.590267,102.7856674,0.006546152,2019
150525,奈曼旗,0.11048517,4914.012065,38.86678314,3.2e-05,2019
330213,奉化区,2.478282569,14375.42868,53.07971191,0.642684076,2019
360921,奉新县,0.181111176,1368.057005,17.9070282,0.0,2019
500236,奉节县,0.120702711,2305.635724,38.30758667,0.000198,2019
310120,奉贤区,10.85190869,36361.63941,110.1242447,8.238497498,2019
654003,奎屯市,1.967673727,10022.65864,59.87043762,0.0,2019
370705,奎文区,17.64457242,16625.61566,70.37750244,15.20056852,2019
320623,如东县,1.312617742,13106.57567,51.72441864,0.659298024,2019
320682,如皋市,2.518344417,18784.01498,60.02003479,1.117882427,2019
440222,始兴县,0.185458597,1748.604018,23.78944588,0.0,2019
320508,姑苏区,41.72013397,16021.6767,79.11517334,40.72531509,2019
532325,姚安县,0.068564091,519.0358135,13.90786171,0.0,2019
321204,姜堰区,3.424264288,13950.45271,65.95571136,1.721818874,2019
530629,威信县,0.261534884,1671.594572,98.52317047,0.005888749,2019
130533,威县,0.578580962,2942.379155,13.85587978,0.0,2019
520526,威宁彝族回族苗族自治县,0.129764626,3695.047207,50.51309586,0.000811,2019
511024,威远县,0.913756375,5438.262276,94.99338531,0.001503974,2019
431302,娄星区,2.775053738,7934.879833,45.35115433,0.0,2019
140123,娄烦县,0.285625043,1870.712982,24.24928665,0.0,2019
330702,婺城区,2.83963101,18103.09312,66.42418671,0.003075131,2019
361130,婺源县,0.138840205,1895.182414,28.76449203,0.0,2019
231183,嫩江市,0.04512015,4234.405712,30.06270027,0.0,2019
610831,子洲县,0.096376781,985.2163631,12.77414036,0.0,2019
610681,子长市,0.227458296,2743.706332,30.14602089,0.0,2019
231124,孙吴县,0.065869765,1745.53895,40.57654572,0.0,2019
141181,孝义市,2.126212836,10027.61162,35.68102646,0.630301372,2019
420902,孝南区,2.416951456,11614.58914,294.0538635,0.494248043,2019
420921,孝昌县,0.44464777,2485.404917,29.86713219,0.0,2019
410883,孟州市,1.507369786,3717.392608,24.12973022,0.81500325,2019
130930,孟村回族自治县,1.045094031,2049.658906,12.78241444,0.783628475,2019
410308,孟津区,1.795077857,7110.057008,42.1617012,0.883423511,2019
530827,孟连傣族拉祜族佤族自治县,0.149474715,1223.971065,19.04539108,0.0,2019
430182,宁乡市,0.662730794,8781.744388,35.88066483,0.000111,2019
350424,宁化县,0.164899801,1771.478465,21.79639816,0.0,2019
513427,宁南县,0.190840575,1425.882945,41.17344666,0.000589,2019
621026,宁县,0.165560437,2168.23467,109.1738129,0.026341554,2019
341881,宁国市,0.479257264,5505.489436,41.35406494,0.0,2019
150429,宁城县,0.222097022,5135.564254,32.14427185,2.97e-05,2019
231084,宁安市,0.09737981,3924.61447,76.36620331,0.009130796,2019
610726,宁强县,0.074882183,1167.787649,24.12033653,0.0,2019
451422,宁明县,0.087521705,1407.431389,21.75397682,0.0,2019
130528,宁晋县,1.258370154,7054.304649,36.80804443,0.867094131,2019
140925,宁武县,0.270787921,2712.243674,58.97281647,8.4e-05,2019
220702,宁江区,2.086284101,18822.08699,114.3057404,0.017082314,2019
120117,宁河区,2.12941761,14374.56259,69.79853058,1.222463022,2019
371422,宁津县,0.648697297,2658.122395,16.11571121,0.471331259,2019
530821,宁洱哈尼族彝族自治县,0.091552256,1467.499377,31.12921906,0.0,2019
330226,宁海县,1.627312158,12850.02898,45.47423935,0.0,2019
530724,宁蒗彝族自治县,0.048377391,1320.76823,44.16025543,0.002597978,2019
431126,宁远县,0.364805831,4057.969883,28.12864113,0.0,2019
360730,宁都县,0.133495928,2425.739318,30.30541229,0.0,2019
370921,宁阳县,0.868080617,4830.579275,21.05580139,0.68546232,2019
610923,宁陕县,0.035319899,622.5778996,9.998106956,0.0,2019
411423,宁陵县,0.852120994,3300.762515,33.21116257,0.634396534,2019
370784,安丘市,0.713971492,6086.296184,15.41617393,0.0,2019
360123,安义县,0.399984632,1208.041428,10.46878719,0.0,2019
430721,安乡县,0.292824535,1470.265099,23.82268906,0.0,2019
431028,安仁县,0.11870594,777.8209054,9.568545341,0.0,2019
430923,安化县,0.086676013,1953.725611,27.06306458,0.0,2019
330523,安吉县,1.716959229,15001.14685,67.30979919,0.016499877,2019
130683,安国市,2.006447394,4974.541747,59.72977829,0.63728149,2019
222426,安图县,0.137113096,5553.965964,76.92499542,0.00729533,2019
610603,安塞区,0.61188089,9059.758009,43.29838181,0.0,2019
540624,安多县,0.001404838,293.6301249,17.63478851,0.0,2019
620105,安宁区,3.685581628,8081.772299,84.06510925,0.740101902,2019
530181,安宁市,2.605856789,15051.71495,143.1382294,0.133658917,2019
621102,安定区,0.261765916,4706.366396,41.50322723,1.55e-05,2019
510904,安居区,0.275035349,1610.914396,37.98479462,0.0,2019
512021,安岳县,0.221807191,2757.505262,22.16132355,0.0,2019
510705,安州区,0.398548489,2214.533897,24.96203995,0.0,2019
131125,安平县,1.03219788,2606.595138,23.52520943,0.566948961,2019
130632,安新县,1.206203711,4504.664728,32.5666275,0.871793495,2019
131002,安次区,3.348798392,9916.133484,50.92430878,1.361043096,2019
141026,安泽县,0.173471538,1688.191673,39.5386734,0.0,2019
360302,安源区,4.495070673,4234.23318,44.98394012,1.630796706,2019
350524,安溪县,1.118559885,14853.94889,56.07151031,0.000259,2019
360829,安福县,0.088744397,1121.111791,14.88200951,0.0,2019
231281,安达市,0.265602242,5579.238602,47.33020782,0.0,2019
360726,安远县,0.165709276,1730.954263,42.61166382,0.000453,2019
410522,安阳县,1.48578473,7876.086587,56.47507858,0.872181159,2019
420982,安陆市,0.402772704,2561.612283,25.54355812,0.0,2019
522328,安龙县,0.264451206,2608.144315,31.05568123,0.0,2019
211004,宏伟区,12.1296781,9674.773955,251.5737305,2.495425078,2019
621223,宕昌县,0.063069179,1011.3264,16.78857803,0.0,2019
530111,官渡区,14.19020686,39703.30843,234.322876,4.500464117,2019
130626,定兴县,0.858092152,3172.84116,14.49816132,0.718150397,2019
360728,定南县,0.350651052,2074.857277,22.27839279,0.0,2019
469021,定安县,0.396757866,2016.620654,24.17764664,0.0,2019
130682,定州市,1.40435934,9209.298402,41.70529175,0.867187417,2019
540223,定日县,0.006633581,420.2322146,13.97958755,0.0,2019
330902,定海区,6.190362861,15332.70343,93.92826843,3.744577586,2019
540231,定结县,0.011023072,293.0084246,11.69103336,0.0,2019
140921,定襄县,0.300352047,1310.460716,8.297097206,0.0,2019
610825,定边县,0.777109096,26762.08304,79.60796356,0.041234307,2019
341125,定远县,0.411226169,5862.182243,36.1450386,0.0,2019
371703,定陶区,1.499427486,6213.157092,42.23570251,0.867883343,2019
411302,宛城区,2.144993075,9912.366293,39.53373718,0.0,2019
360924,宜丰县,0.298411736,2635.189783,55.80124283,0.000301,2019
710021,宜兰县,1.768822446,17962.99542,57.20347977,0.000934,2019
320282,宜兴市,3.490094066,32275.76033,43.49093246,1.867271461,2019
610222,宜君县,0.121306719,904.2283709,12.3387022,0.0,2019
420684,宜城市,0.185496397,1846.493697,16.27366066,0.0,2019
610630,宜川县,0.118523447,1733.256677,23.93851852,0.0,2019
451203,宜州区,0.183209133,3122.53097,40.12408066,0.000153,2019
340811,宜秀区,2.894596858,5592.985454,41.37902451,0.0,2019
431022,宜章县,0.219713902,2093.729595,16.21020126,0.0,2019
530125,宜良县,0.39924462,3384.291743,37.31483459,0.000153,2019
420581,宜都市,0.519124581,3268.190534,18.21970749,0.0,2019
410327,宜阳县,0.60071153,4729.682206,28.58869934,0.0,2019
361026,宜黄县,0.047849779,419.4945073,10.95115471,0.0,2019
410421,宝丰县,1.341553343,4716.996251,31.83596611,0.682573144,2019
511827,宝兴县,0.01675587,243.0633406,7.032327175,0.0,2019
120115,宝坻区,2.300611385,18066.66512,56.76728439,1.116325199,2019
610602,宝塔区,1.310363731,23139.36883,140.497467,0.141505842,2019
440306,宝安区,29.21986404,46533.83665,219.9685974,28.51506011,2019
310113,宝山区,24.49335869,34900.73087,95.61301422,23.2598514,2019
230506,宝山区,0.265173348,773.854861,20.97334671,0.0,2019
321023,宝应县,1.329475795,9307.665257,39.61302948,0.0,2019
230523,宝清县,0.092206599,5340.962052,78.37108612,0.00927391,2019
130705,宣化区,0.868917885,9230.490834,51.90788651,0.0,2019
530381,宣威市,0.225501327,6099.947968,45.62918854,0.002088908,2019
341802,宣州区,0.769577758,9308.100322,59.67581558,0.0,2019
422825,宣恩县,0.075960273,965.3579576,12.49050045,0.0,2019
511722,宣汉县,0.221046732,4426.516283,82.02013397,0.007693762,2019
450921,容县,0.220346046,2169.513346,22.00845909,0.0,2019
130629,容城县,1.85767357,2970.849854,41.10996628,1.110455351,2019
220103,宽城区,5.853764849,30137.77547,186.3987274,0.131268377,2019
130827,宽城满族自治县,0.551451384,5606.441867,51.61072922,0.0,2019
210624,宽甸满族自治县,0.059505423,1978.282051,20.98655891,0.0,2019
230125,宾县,0.131489512,2900.420925,19.25552559,0.0,2019
532924,宾川县,0.217826204,2463.012997,66.8381424,0.030690159,2019
450126,宾阳县,0.698020421,7033.075833,83.4570694,0.014587914,2019
321302,宿城区,4.914268893,22922.09655,110.5592194,1.219122493,2019
340826,宿松县,0.244541087,2686.584007,27.2851429,0.0,2019
321311,宿豫区,2.089279734,12002.0272,102.9906616,0.794514793,2019
110118,密云区,1.065888607,12359.35877,60.83574295,0.0,2019
230382,密山市,0.065847523,2900.228088,58.00872803,5.7e-06,2019
610628,富县,0.363759864,7529.826323,749.579834,0.08274262,2019
532628,富宁县,0.046420011,1078.62101,18.99594498,0.0,2019
451123,富川瑶族自治县,0.223600002,1496.397857,18.10962296,0.0,2019
610528,富平县,0.890091019,5431.17134,45.33357239,0.0,2019
230206,富拉尔基区,1.520258607,3283.848018,37.28570175,0.0,2019
530124,富民县,0.351086667,1558.140526,14.89029312,0.0,2019
530325,富源县,0.309524666,4482.356572,36.30152893,0.000803,2019
654322,富蕴县,0.01870707,3504.654233,58.84719086,0.0,2019
230227,富裕县,0.128096064,3043.086763,49.11402893,0.0,2019
230882,富锦市,0.199625362,9654.332629,90.24560547,0.006273255,2019
330111,富阳区,2.273430884,19192.62448,52.33294678,0.433728723,2019
510322,富顺县,0.358551005,2208.783866,47.75001526,0.0,2019
370703,寒亭区,3.198263002,20015.11868,71.39047241,1.243514274,2019
150927,察哈尔右翼中旗,0.057660332,1288.752748,26.1947403,0.0,2019
150926,察哈尔右翼前旗,0.519986849,6770.098268,77.55309296,0.015448027,2019
150928,察哈尔右翼后旗,0.085678077,1734.29496,22.66812706,0.0,2019
654022,察布查尔锡伯自治县,0.234202265,5319.447076,34.58114624,0.0,2019
540425,察隅县,0.000967,138.5556162,5.065639973,0.0,2019
540325,察雅县,0.0108728,418.5148219,20.49058914,0.0,2019
360734,寻乌县,0.157504659,1640.218314,21.58721161,0.0,2019
530129,寻甸回族彝族自治县,0.234040536,3735.510899,68.01771545,0.031699381,2019
370783,寿光市,1.900952225,18657.51062,58.54645538,1.124711891,2019
340422,寿县,0.360153695,5036.376558,28.47872925,0.0,2019
350924,寿宁县,0.168785523,1101.368561,19.13934898,0.0,2019
140725,寿阳县,0.365190292,3913.184396,29.38342667,0.0,2019
410727,封丘县,0.738729759,4446.060985,30.34261894,0.0,2019
441225,封开县,0.17545104,2099.091429,17.78341103,0.0,2019
510981,射洪市,0.497306243,3493.32868,39.44479752,0.0,2019
320924,射阳县,0.630587167,7476.095549,28.09025002,0.0,2019
350428,将乐县,0.142003868,1428.440852,24.07188416,0.0,2019
410223,尉氏县,0.84662244,5336.510247,22.54115295,0.689546088,2019
652823,尉犁县,0.011849506,3713.39298,63.21495056,0.0,2019
140105,小店区,21.26377478,31166.273,185.8583374,10.44433002,2019
513227,小金县,0.034701391,904.9924014,41.52632141,0.000427,2019
230502,尖山区,2.833621241,1959.154614,35.60513306,1.116227192,2019
632322,尖扎县,0.201161648,1549.29258,153.6677246,0.030528741,2019
140108,尖草坪区,10.96905374,16448.1176,102.0370331,3.220324499,2019
130725,尚义县,0.1139651,1587.713065,41.1152153,3.79e-05,2019
230183,尚志市,0.051626303,2602.12175,17.70451927,0.0,2019
350426,尤溪县,0.195949871,2999.027377,32.86666489,0.000518,2019
141002,尧都区,2.156221726,13953.59571,95.95809937,0.028811586,2019
654028,尼勒克县,0.028505878,1632.777025,12.7808094,0.0,2019
540123,尼木县,0.010226851,154.3548716,7.404174805,0.0,2019
540629,尼玛县,0.000318,110.9820467,5.47578001,0.0,2019
710011,屏东县,2.995523463,36255.26686,60.68768311,0.625078988,2019
350923,屏南县,0.236587802,1581.748111,52.1223259,0.000403,2019
511529,屏山县,0.092859432,637.2469424,15.46016502,0.0,2019
532523,屏边苗族自治县,0.067171862,540.7095184,13.79430866,0.0,2019
469022,屯昌县,0.174422073,910.2923809,12.28988171,0.0,2019
341002,屯溪区,3.608543367,3214.688548,27.76140785,1.69141659,2019
140405,屯留区,0.834665236,4949.244077,106.4745102,0.021283898,2019
810115,屯门区,17.82723991,5781.478768,85.46099091,6.774679917,2019
620725,山丹县,0.094634001,1659.076924,19.95610428,0.0,2019
370406,山亭区,0.530620085,2656.473506,17.64564896,0.0,2019
410603,山城区,2.963029688,2023.911953,43.08673096,1.356689598,2019
130303,山海关区,5.06635204,5051.093379,47.92595673,2.38250328,2019
410811,山阳区,5.734095482,6541.793426,61.1637001,2.87175809,2019
611024,山阳县,0.102968416,1744.433158,46.69583893,0.000299,2019
140621,山阴县,0.625259245,5342.631831,45.50588608,0.0,2019
610323,岐山县,0.837134243,3459.064955,32.34608459,0.0,2019
522626,岑巩县,0.143845678,968.1919756,26.7757988,0.0,2019
450481,岑溪市,0.303534114,3668.726371,34.86809921,0.000511,2019
540237,岗巴县,0.01382111,248.7595426,9.633602142,0.0,2019
141127,岚县,0.257983805,1995.69493,12.85266972,0.0,2019
371103,岚山区,2.750482228,10361.13127,80.56415558,0.766442969,2019
610925,岚皋县,0.056660233,521.4963372,26.37659073,0.0,2019
140929,岢岚县,0.317928215,3232.086907,44.36612701,6.02e-05,2019
210323,岫岩满族自治县,0.14281384,3377.629653,67.67989349,0.018457107,2019
230503,岭东区,0.204239638,876.9048869,37.32082748,0.0,2019
330921,岱山县,5.609871058,7345.477166,131.8686066,1.436253138,2019
370911,岱岳区,2.91802345,25356.98296,335.4877319,0.477742134,2019
430304,岳塘区,11.64824213,10770.19307,59.48602676,8.383881178,2019
653128,岳普湖县,0.133343605,2131.466668,16.90968895,0.0,2019
511621,岳池县,0.443617833,3089.63642,47.51663589,0.0,2019
340828,岳西县,0.101555355,1128.759891,15.56992912,0.0,2019
430621,岳阳县,0.192959844,2498.099756,18.1564827,0.0,2019
430602,岳阳楼区,6.336128852,11848.93367,49.62046432,2.61863906,2019
430104,岳麓区,9.19977963,22461.35216,60.53589249,2.867783343,2019
621126,岷县,0.102340919,1779.413999,35.260746,7.52e-05,2019
370404,峄城区,1.056496591,3263.16166,15.61581707,0.842964886,2019
360823,峡江县,0.048956048,286.916231,6.189081192,0.0,2019
530426,峨山彝族自治县,0.23564634,2006.670898,69.51631927,0.036359389,2019
511181,峨眉山市,1.168592495,6366.514828,48.75047302,0.0,2019
511132,峨边彝族自治县,0.022481669,245.6831172,8.166331291,0.0,2019
130406,峰峰矿区,2.571916946,4735.796747,26.97595787,1.438262691,2019
370212,崂山区,6.787397318,12631.95861,54.57021713,2.128657999,2019
620802,崆峒区,0.702225404,6588.339321,50.98254013,0.0,2019
360725,崇义县,0.081975046,805.9661175,19.44604111,0.0,2019
361024,崇仁县,0.254010074,1750.700186,19.75312424,0.0,2019
620823,崇信县,0.319136059,1323.392158,36.77882385,0.0,2019
320613,崇川区,20.31382014,55527.30956,146.3935852,18.49651916,2019
510184,崇州市,1.446473802,7365.070221,40.08609009,0.0,2019
310151,崇明区,2.638822732,21119.39862,79.52835083,0.844326263,2019
130709,崇礼区,0.199756623,2473.95992,25.62432671,0.0,2019
421223,崇阳县,0.117005518,1062.201784,12.12771034,0.0,2019
460205,崖州区,1.245583732,1834.339412,23.89993477,0.34271932,2019
330683,嵊州市,1.182282728,9744.606066,38.7524147,0.0,2019
330922,嵊泗县,13.44651706,3192.572271,141.0938263,2.563660534,2019
410325,嵩县,0.138956514,2022.003101,18.1399765,0.0,2019
530127,嵩明县,2.289367345,8450.135671,64.58233643,0.737563874,2019
532927,巍山彝族回族自治县,0.113565947,1100.143611,35.33955765,0.00203654,2019
411602,川汇区,7.662207214,12397.24094,69.67651367,3.266918318,2019
340181,巢湖市,1.112322895,10727.97482,38.34682846,0.0,2019
230403,工农区,15.598237,1109.982779,74.59971619,9.302321851,2019
540421,工布江达县,0.006133865,368.2919367,18.4172554,0.0,2019
140226,左云县,0.561491064,3813.103432,35.28358841,0.0,2019
140722,左权县,0.192645264,1966.377052,17.4959774,0.0,2019
540327,左贡县,0.004921434,268.908352,16.31028938,0.0,2019
530622,巧家县,0.192705399,2809.745222,58.6361084,0.001621704,2019
371724,巨野县,0.892393224,5699.218579,38.84930038,0.639403073,2019
130529,巨鹿县,0.769469757,2462.607994,15.72376251,0.591789704,2019
410181,巩义市,1.441807593,7311.734242,34.87259293,0.640133215,2019
654024,巩留县,0.075086071,1698.928946,17.1849575,0.0,2019
500237,巫山县,0.133271853,1856.615405,43.77783203,9.45e-05,2019
500238,巫溪县,0.064790788,1235.727776,20.18754959,0.0,2019
422823,巴东县,0.106933384,1673.58336,18.36165619,0.0,2019
500113,巴南区,1.676813432,14079.53167,70.01209259,0.006988373,2019
513335,巴塘县,0.052625701,1866.185155,91.16014099,0.008489048,2019
540402,巴宜区,0.056618829,2240.708347,42.86405182,3.79e-05,2019
511902,巴州区,0.611498313,4055.727792,26.98784447,0.0,2019
230126,巴彦县,0.137348823,2497.281153,28.6489315,0.0,2019
150423,巴林右旗,0.033992705,1877.054514,31.32581711,0.0,2019
150422,巴林左旗,0.08008113,2893.457488,27.76920319,0.0,2019
653130,巴楚县,0.045838225,4372.404733,32.89130402,0.0,2019
650521,巴里坤哈萨克自治县,0.017587327,3625.774928,133.8517761,0.005015794,2019
540628,巴青县,0.002956578,137.5320972,5.695203781,0.0,2019
451227,巴马瑶族自治县,0.125105555,1088.783831,23.21979141,0.0,2019
370103,市中区,9.885704069,14049.25248,80.20102692,5.245471164,2019
511002,市中区,2.180094887,3881.731617,56.85334396,0.0,2019
370402,市中区,4.024261229,7365.502748,28.16400719,1.689866181,2019
511102,市中区,1.895902868,7338.854128,47.51301956,0.0,2019
370203,市北区,31.12444114,10153.28092,65.83719635,29.79214478,2019
370202,市南区,36.1351274,4642.584486,68.1529007,35.84260559,2019
654321,布尔津县,0.051563539,3214.144832,63.3705101,0.0,2019
513429,布拖县,0.043512829,331.3793742,18.57249451,0.0,2019
530323,师宗县,0.271721902,3351.124911,67.59310913,0.023149606,2019
430482,常宁市,0.230076631,2112.366033,25.74576378,0.0,2019
330822,常山县,0.878793676,4402.635696,32.02435303,0.0,2019
320581,常熟市,8.58103389,51631.40789,89.56183624,5.237530284,2019
450330,平乐县,0.175950845,1475.536207,31.05608749,0.0,2019
130532,平乡县,1.604712184,3242.475145,24.89063454,1.064861173,2019
610926,平利县,0.081442034,1021.268414,19.02564812,0.0,2019
450821,平南县,0.35966839,4712.355496,27.56264114,0.0,2019
371426,平原县,0.615299153,3234.919613,14.97055149,0.0,2019
350628,平和县,0.448902763,4586.715916,38.11080933,9.3e-05,2019
520403,平坝区,1.534355923,6779.121424,56.62315369,0.0,2019
140213,平城区,23.66553702,30171.88919,124.2037277,12.79237982,2019
522727,平塘县,0.128453992,1601.128139,52.71116257,0.0,2019
630203,平安区,0.87230438,3189.411634,54.78147125,0.0,2019
140321,平定县,0.645730799,4590.644588,46.6410675,0.0,2019
210502,平山区,5.962959058,5660.157659,114.440834,1.225258101,2019
130131,平山县,0.327721604,4422.05942,29.7561512,0.0,2019
620403,平川区,0.188739323,1891.477404,35.45691299,2.82e-05,2019
370283,平度市,1.039433544,16505.50765,89.40979004,0.740182528,2019
230108,平房区,17.43518541,9721.038905,74.27410889,11.26274591,2019
511923,平昌县,0.145153693,1524.160452,19.73467827,0.0,2019
451082,平果市,0.44299084,4758.345282,55.26372147,0.000246,2019
451103,平桂区,0.427233405,3420.571373,32.23318863,9.14e-05,2019
411503,平桥区,0.966378741,8627.867298,66.5949173,0.026494044,2019
510727,平武县,0.014552525,410.5585103,7.561383247,0.0,2019
430626,平江县,0.175775557,3309.459452,36.50389099,0.000153,2019
130881,平泉市,0.277986943,4844.205912,88.4510498,0.029323814,2019
330482,平湖市,7.21096179,18857.40032,93.30013275,3.744825436,2019
350128,平潭县,5.738526557,7800.953002,54.50482941,2.115621049,2019
640221,平罗县,0.634654133,6709.914418,81.99132538,0.022040832,2019
411723,平舆县,0.921178157,5634.059272,44.42791748,0.0,2019
110117,平谷区,2.008073601,9942.248015,29.5230999,0.935268533,2019
441426,平远县,0.219565457,1336.277954,14.12278843,0.0,2019
140728,平遥县,0.824952079,5196.573725,34.5966835,0.0,2019
371326,平邑县,0.870731281,7816.899583,32.98408127,0.0,2019
330326,平阳县,2.660380551,11694.57386,42.90338135,1.128547368,2019
370124,平阴县,1.069920682,3805.527446,26.9607296,0.566992521,2019
140829,平陆县,0.253575561,1455.346713,16.97625542,0.0,2019
140425,平顺县,0.163869237,1219.343921,11.5071125,0.0,2019
140603,平鲁区,0.493394045,5981.123845,40.04343796,0.0,2019
361103,广丰区,0.264654858,1636.779248,20.12022781,0.0,2019
361104,广信区,0.685953379,6964.783244,92.39897919,0.008036268,2019
532627,广南县,0.076144942,2603.517983,33.25950241,0.001475204,2019
441223,广宁县,0.265957659,2867.66916,31.09589195,0.0,2019
511602,广安区,1.385114396,6635.203117,64.02114105,0.005238203,2019
130531,广宗县,0.631845397,1583.394654,7.584947586,0.484788373,2019
130432,广平县,1.01851938,1606.404771,7.386606216,0.795763018,2019
341882,广德市,0.710060242,7121.689821,56.60700989,0.0,2019
361030,广昌县,0.145942127,1051.610323,22.52025795,0.0,2019
421381,广水市,0.169718919,2112.62117,18.3073349,0.0,2019
510681,广汉市,3.235935864,8345.135966,34.18989563,1.886291634,2019
622924,广河县,0.660790073,1743.314511,39.17272186,0.0,2019
140223,广灵县,0.316161041,1979.284662,42.34982681,0.0,2019
131003,广阳区,11.42155034,22616.05818,157.8385468,4.4576482,2019
321002,广陵区,10.18446788,16188.87069,62.58021927,5.136611348,2019
370523,广饶县,2.949252993,16934.842,121.4479904,1.219619701,2019
210283,庄河市,0.318409396,6514.900979,35.55436325,0.0,2019
620825,庄浪县,0.200743152,1479.312499,26.25502586,0.0,2019
371423,庆云县,0.874186895,2212.81729,16.71590042,0.57107146,2019
331126,庆元县,0.125108543,1065.42435,17.07546997,0.0,2019
621021,庆城县,0.472748619,6307.532576,125.3803253,0.050570474,2019
231224,庆安县,0.058563182,1878.154763,37.74346542,0.0,2019
360483,庐山市,0.381478069,1325.521099,13.00211334,0.0,2019
340124,庐江县,0.997452407,10967.74806,55.0177269,0.0,2019
340103,庐阳区,12.62058241,8162.745241,86.2305069,4.762715623,2019
150524,库伦旗,0.045123395,1153.424934,11.14585495,0.0,2019
652801,库尔勒市,0.881941597,32141.6179,189.6858521,0.040538598,2019
652902,库车市,0.41734138,32525.68044,225.3078613,0.062953553,2019
140622,应县,0.324881249,2818.594547,24.56708717,0.0,2019
420981,应城市,0.566870988,2909.057423,25.3041687,0.0,2019
610822,府谷县,0.588160362,9751.242117,54.42122269,0.0,2019
622922,康乐县,0.134179215,505.0384626,17.15281296,0.0,2019
130723,康保县,0.049594259,894.2021898,9.353095055,0.0,2019
621224,康县,0.039571757,565.3831014,15.2508812,0.0,2019
513301,康定市,0.058800003,3157.96302,65.98893738,0.004185141,2019
150603,康巴什区,0.950579708,1843.666119,15.12900257,0.0,2019
210123,康平县,0.305863171,3632.967177,60.83441162,0.0,2019
540230,康马县,0.0080162,225.0465287,17.63829231,0.0,2019
440881,廉江市,0.978044402,11813.18083,53.10746765,0.0,2019
222401,延吉市,1.062603673,9939.17388,73.74973297,0.008374457,2019
230129,延寿县,0.052783731,931.1472359,12.56695652,0.0,2019
610622,延川县,0.295373125,2952.408444,69.98542023,0.031446927,2019
350702,延平区,0.43360242,5171.130555,32.63835907,0.000294,2019
110119,延庆区,1.291561369,13683.04426,123.2136917,0.018454011,2019
410726,延津县,0.754149849,3285.916658,15.52922535,0.537011929,2019
610621,延长县,0.328932062,3865.247118,45.60876083,2.78e-05,2019
230203,建华区,8.801425161,5762.448372,68.12910461,1.215523,2019
422822,建始县,0.085814245,1071.275423,16.10073471,0.0,2019
350430,建宁县,0.112767004,876.8019279,23.61930656,0.0,2019
411003,建安区,1.80305052,8736.85453,25.42931557,0.937464062,2019
211322,建平县,0.215878895,5655.478456,29.4928112,0.0,2019
330182,建德市,0.564592372,6026.638322,30.6244812,0.0,2019
211422,建昌县,0.106433807,1793.521506,13.173666,0.0,2019
532524,建水县,0.214639384,3561.051723,44.77843857,0.001790144,2019
320925,建湖县,1.808725115,10070.78284,49.70782471,0.873341012,2019
350783,建瓯市,0.209600875,3965.528551,38.3369751,0.000632,2019
320105,建邺区,31.50199292,11819.05359,73.29724884,34.75049265,2019
350703,建阳区,0.378178812,5790.541984,55.26566696,0.001132257,2019
330824,开化县,0.268277498,2762.299794,17.72302055,0.0,2019
211282,开原市,0.247739824,3783.595297,54.81832886,1.89e-05,2019
500154,开州区,0.235142312,4410.296013,57.32634354,8.27e-05,2019
130205,开平区,5.411832456,6906.071232,33.92245865,3.637149528,2019
440783,开平市,1.308465983,9419.723577,29.2234745,0.0,2019
511723,开江县,0.3223519,1551.504975,37.93212891,0.0,2019
430105,开福区,14.70326393,12724.89652,99.25997162,12.26423438,2019
532502,开远市,0.766789176,6530.794532,73.27185822,0.021624869,2019
520121,开阳县,0.347968661,3168.187796,38.45212555,0.0,2019
150523,开鲁县,0.128485448,3100.019298,15.79701138,0.0,2019
340209,弋江区,5.4169088,12760.24031,43.1982193,2.377954957,2019
361126,弋阳县,0.287336693,2066.084916,24.20258522,0.0,2019
211005,弓长岭区,1.541227496,2709.145517,36.71064758,0.632259782,2019
130722,张北县,0.182092478,4066.75415,32.36896515,0.0,2019
620525,张家川回族自治县,0.064157643,393.2347768,6.807790756,0.0,2019
320582,张家港市,8.983743068,41689.07732,119.211174,5.749870509,2019
370303,张店区,11.60119806,20872.23862,68.0324173,10.26135917,2019
420303,张湾区,1.210343897,3790.431608,22.96266937,0.0,2019
532504,弥勒市,0.412805825,7114.92693,81.9900589,0.021505853,2019
532925,弥渡县,0.18806844,1276.503105,41.38348007,0.000928,2019
340521,当涂县,1.777681162,8149.252954,42.23408508,0.0,2019
420582,当阳市,0.224346109,2254.538506,17.43151283,0.0,2019
540122,当雄县,0.017700533,842.8609389,14.02846146,0.0,2019
530628,彝良县,0.064188039,814.5137494,22.11643028,0.0,2019
610482,彬州市,0.555051768,3226.335264,40.56519699,0.0,2019
511403,彭山区,1.916122218,4142.295553,37.96359634,0.0,2019
510182,彭州市,1.848482881,12323.38593,78.13773346,0.001274162,2019
500243,彭水苗族土家族自治县,0.0600753,1079.025658,30.27194977,0.0,2019
360430,彭泽县,0.320060674,2284.620708,23.06934357,0.0,2019
640425,彭阳县,0.101058916,1275.429703,21.31521416,0.0,2019
710023,彰化县,14.70901413,71826.82707,89.92631531,12.25911094,2019
210922,彰武县,0.122794101,2415.850668,22.17836761,0.0,2019
130609,徐水区,2.605843044,9725.956608,53.16407013,1.369636383,2019
310104,徐汇区,38.63026827,9683.32058,72.3757782,38.1439023,2019
440825,徐闻县,0.41785487,3393.476418,29.9257164,0.0,2019
513338,得荣县,0.024154434,320.7920125,9.840388298,0.0,2019
630225,循化撒拉族自治县,0.150069239,1345.627317,23.90130806,0.0,2019
370826,微山县,0.688152554,5611.255296,75.57470703,0.00768262,2019
632802,德令哈市,0.039041125,5490.497212,71.24123383,0.001482031,2019
451024,德保县,0.150796131,1701.005786,22.58651352,0.0,2019
361181,德兴市,0.201758227,1923.976739,25.09807968,0.0,2019
350526,德化县,0.436654673,4297.139188,51.39147186,0.001019843,2019
371402,德城区,6.995948385,18641.87046,73.14523315,3.240178721,2019
360426,德安县,0.302535693,1195.662582,12.73525333,0.0,2019
441226,德庆县,0.367474507,3215.729063,22.60317039,0.0,2019
220183,德惠市,0.346504897,5869.703265,67.96803284,0.018195514,2019
513424,德昌县,0.098483657,1022.168437,19.04497719,0.0,2019
513330,德格县,0.013913257,753.0518674,12.19495964,0.0,2019
520626,德江县,0.331250775,3127.649037,48.49882889,0.0,2019
330521,德清县,2.751552105,12049.83437,42.49223328,1.619596348,2019
533422,德钦县,0.018077717,687.1699668,8.86856842,0.0,2019
621227,徽县,0.090087367,1184.521697,15.60128498,0.0,2019
341004,徽州区,0.34627982,670.7847508,16.81608772,0.0,2019
610625,志丹县,0.766743467,14532.02278,110.2879333,0.032791301,2019
500233,忠县,0.22556015,2296.767557,32.73482895,0.0,2019
451321,忻城县,0.068621675,761.6346671,17.4998188,0.0,2019
140902,忻府区,1.405346067,14282.32265,54.15245056,0.0,2019
140681,怀仁市,1.563174605,10051.43952,80.94501495,0.754066067,2019
340822,怀宁县,0.747043001,4684.284797,45.78419876,0.0,2019
130728,怀安县,0.343051832,3068.610748,24.12327003,0.0,2019
130730,怀来县,0.721514627,6686.36942,27.15950012,0.0,2019
110116,怀柔区,1.129862634,12660.63365,49.68031693,0.000102,2019
340321,怀远县,0.482931175,5077.074379,35.96193695,0.0,2019
441224,怀集县,0.206034648,3232.849256,28.24078178,0.0,2019
520624,思南县,0.219777244,2209.670574,51.26787186,0.0,2019
350203,思明区,31.30256689,10218.13987,79.74353027,33.27410762,2019
530802,思茅区,0.386305565,6519.604793,71.46507263,0.015237719,2019
230303,恒山区,0.257301846,799.7001914,6.545196533,0.0,2019
440785,恩平市,1.005570618,7406.670379,31.91268349,0.0,2019
422801,恩施市,0.286704405,5297.141591,43.52012634,2.69e-05,2019
511903,恩阳区,0.211232199,1152.257564,19.61458397,0.0,2019
450332,恭城瑶族自治县,0.129562664,1217.784373,20.5187149,0.0,2019
411528,息县,0.361776405,3254.334825,33.74373627,0.0,2019
520122,息烽县,0.468306374,2189.365354,34.06830978,0.0,2019
441323,惠东县,1.153860337,17587.40623,58.19078827,7.64e-05,2019
640205,惠农区,0.795262205,4394.572164,34.77131653,0.0,2019
441302,惠城区,5.468430787,35571.67049,63.88230133,2.125473061,2019
350521,惠安县,7.182208047,22979.48873,71.55371857,4.737559072,2019
320206,惠山区,13.16234287,20256.0198,144.321106,11.4405013,2019
445224,惠来县,1.508908422,8226.172257,81.48007965,0.773697549,2019
371621,惠民县,0.671692213,4617.496751,37.29765701,0.0,2019
522731,惠水县,0.264287707,2918.832819,32.18712997,2.48e-05,2019
410108,惠济区,8.242028314,8902.683446,87.33744049,4.254234579,2019
441303,惠阳区,8.030325361,41847.12766,280.737854,2.793706246,2019
430821,慈利县,0.083160844,1336.22876,18.75690079,0.0,2019
330282,慈溪市,9.986395261,56923.47121,117.1309357,5.728301614,2019
510108,成华区,31.29123284,15984.78884,93.53891754,32.71676289,2019
621221,成县,0.184545134,1496.349123,29.00706482,0.0,2019
130424,成安县,1.32488132,3159.104172,26.93416405,0.814431512,2019
371723,成武县,0.703096029,3409.331944,14.03501415,0.0,2019
420325,房县,0.049760414,1206.782155,23.26375771,0.0,2019
110111,房山区,2.524154347,26294.26432,59.25510406,0.415614438,2019
150783,扎兰屯市,0.049664592,4947.865385,49.46981049,2.52e-06,2019
540521,扎囊县,0.042988777,425.0625741,14.59663868,0.0,2019
152223,扎赉特旗,0.066168831,4291.76123,39.47848511,8.24e-06,2019
150703,扎赉诺尔区,0.637819011,1055.515426,14.08791924,0.0,2019
150526,扎鲁特旗,0.04459806,4146.162902,27.08157539,0.0,2019
150122,托克托县,0.868721863,6428.500904,65.63896942,0.032481161,2019
650422,托克逊县,0.093865083,8422.50282,78.89012909,0.006765417,2019
654224,托里县,0.013230705,1512.630122,11.20860004,0.0,2019
321182,扬中市,4.643806026,7322.590085,59.11845398,3.124591993,2019
220781,扶余市,0.166423811,4045.608812,30.67012405,0.0,2019
411621,扶沟县,0.558761875,3147.737913,14.60498905,0.0,2019
451421,扶绥县,0.393732985,4871.587198,55.78715134,0.000114,2019
610324,扶风县,0.6962437,2389.057868,50.08967209,0.0,2019
130821,承德县,0.196212292,3784.992053,44.14826584,3.18e-05,2019
130306,抚宁区,1.186281619,6452.702107,40.09581375,0.0,2019
220621,抚松县,0.133413306,4441.769995,50.45710373,0.000126,2019
230883,抚远市,0.065352808,2447.950614,31.16545677,0.0,2019
210421,抚顺县,0.093196255,846.8886195,10.92750263,0.0,2019
540225,拉孜县,0.014349507,296.0945449,15.68337345,0.0,2019
370685,招远市,1.030399305,7428.722381,32.6438942,0.635688923,2019
652926,拜城县,0.199125968,17058.24238,299.0437317,0.050971787,2019
230231,拜泉县,0.104800689,2235.17471,60.69573212,0.0,2019
330105,拱墅区,39.50411287,18046.56319,76.135849,42.32352249,2019
210603,振兴区,4.794285582,6563.583774,68.56098175,1.228974829,2019
210604,振安区,0.630300728,2208.341405,23.08574104,0.0,2019
420804,掇刀区,2.482365549,6982.134977,45.98601532,0.0,2019
542527,措勤县,0.000707,75.61037099,6.997326851,0.0,2019
540526,措美县,0.004812874,91.88056791,4.106248856,0.0,2019
445203,揭东区,3.850980119,11968.93682,41.89797974,2.133268433,2019
445222,揭西县,1.171571201,6918.660894,33.00582886,0.0,2019
520304,播州区,0.768048957,8677.950232,48.81212234,0.0,2019
430223,攸县,0.105963972,1273.625029,18.73988342,0.0,2019
542526,改则县,0.000157,102.6529634,5.587663174,0.0,2019
350725,政和县,0.162139653,1283.39004,17.26933861,0.0,2019
131126,故城县,0.555401804,2709.334944,42.81820297,0.0,2019
150430,敖汉旗,0.099089842,4433.275277,35.68084717,1.86e-05,2019
222403,敦化市,0.094825338,6162.184057,58.6571579,0.000105,2019
620982,敦煌市,0.027925826,3922.17929,68.51503754,0.001528198,2019
621222,文县,0.038530709,929.484144,9.792143822,0.0,2019
211003,文圣区,4.054157193,6476.746647,78.1013031,1.242857112,2019
131026,文安县,1.512354695,8018.955335,25.79835701,1.061261585,2019
532601,文山市,0.671299861,8707.022457,61.31580734,0.001550934,2019
410502,文峰区,14.06124215,7904.458346,40.38773727,12.60083062,2019
330328,文成县,0.347466402,2047.694451,34.06280899,0.000204,2019
469005,文昌市,0.55262874,5627.659012,31.51403809,0.0,2019
141121,文水县,0.49345491,2667.319237,12.18044472,0.0,2019
371003,文登区,0.776520335,6066.773715,27.95800018,0.457688306,2019
440403,斗门区,4.078863364,10884.64683,29.62851524,2.549593311,2019
440233,新丰县,0.290244143,2503.792807,40.95674515,0.000313,2019
130184,新乐市,1.285679139,3454.665222,20.90269089,0.811974343,2019
410721,新乡县,2.485386072,4696.570706,33.6206398,1.614712612,2019
440705,新会区,3.711146866,21716.52539,39.92042923,2.129818448,2019
230902,新兴区,0.235227074,2929.060444,34.57975006,2.18e-05,2019
445321,新兴县,1.128306375,7474.047441,39.9283638,0.0,2019
431322,新化县,0.183300429,3014.369089,35.59647751,0.000127,2019
320411,新北区,11.55318084,27838.90701,51.70603943,8.37153775,2019
710012,新北市,5.97507558,54389.21504,83.6546402,1.731413341,2019
410402,新华区,9.28175537,5844.739556,60.7391243,6.387099266,2019
130902,新华区,10.75374537,4404.818447,45.21513367,7.655032909,2019
130105,新华区,13.93376084,6429.856884,64.0059967,11.6183829,2019
411523,新县,0.191862659,1415.273025,19.27269363,0.0,2019
320214,新吴区,24.43169462,24999.56386,118.5444946,23.81223719,2019
652925,新和县,0.255722661,7941.628687,224.2417755,0.041648239,2019
610102,新城区,39.37006007,5771.342021,119.7456131,36.26174609,2019
150102,新城区,5.479609507,19144.50927,88.83171082,0.006676363,2019
430528,新宁县,0.068605193,850.2742032,21.25312233,0.0,2019
410323,新安县,0.704253353,3988.565102,26.33578682,0.0,2019
210422,新宾满族自治县,0.088987574,2039.097911,33.04249191,9.19e-05,2019
410183,新密市,2.33722218,11317.78302,32.86484146,1.369115531,2019
150727,新巴尔虎右旗,0.008407462,1264.098924,20.07905579,0.0,2019
150726,新巴尔虎左旗,0.006774792,822.2147211,12.11114883,0.0,2019
650104,新市区,18.93571034,27614.35481,165.2114868,9.478424535,2019
360824,新干县,0.185277352,1048.958988,19.95736885,0.0,2019
530427,新平彝族傣族自治县,0.15735558,2951.912307,57.77119446,0.001438298,2019
360112,新建区,1.766448286,17124.62163,141.8379211,0.061121152,2019
210402,新抚区,7.991258967,4653.921193,87.87809753,2.652617697,2019
330624,新昌县,1.146588571,6402.16389,31.6440239,0.0,2019
659011,新星市,0.145269711,1921.639706,27.10346413,0.0,2019
431227,新晃侗族自治县,0.170496964,1164.853976,19.56919289,0.0,2019
210181,新民市,0.470302816,8351.084116,48.3541069,0.0,2019
320381,新沂市,1.628770587,12640.07095,49.77861404,0.657665752,2019
130530,新河县,0.562700259,1042.08116,7.954265594,0.0,2019
370982,新泰市,0.881640399,8422.172436,28.26145935,0.568742577,2019
510118,新津区,4.793884112,7337.067832,35.90199661,3.127571288,2019
420117,新洲区,1.511745045,10443.68612,90.72150421,0.012535,2019
654025,新源县,0.075023087,3044.402464,58.98000717,0.0,2019
431128,新田县,0.200239977,893.5304575,17.55080223,0.0,2019
710020,新竹县,3.627868357,22599.86995,60.28690338,1.112799055,2019
710019,新竹市,15.70721785,8119.214897,59.20417786,12.05972636,2019
140825,新绛县,0.718467666,2112.576691,31.95781898,0.0,2019
350802,新罗区,1.000210632,11874.17898,51.39748383,0.000191,2019
140212,新荣区,0.383741256,2237.375551,31.88402367,0.0,2019
411729,新蔡县,0.913379766,6228.229165,45.68813705,0.0,2019
210903,新邱区,1.939674876,1280.839583,24.14972878,1.191318226,2019
430522,新邵县,0.237447694,1892.482333,29.64209747,0.0,2019
410184,新郑市,6.483759227,27862.72209,247.142395,3.493355788,2019
510114,新都区,9.176090484,21219.04353,58.37335587,5.62493224,2019
411329,新野县,0.331220444,1655.508621,11.42294502,0.0,2019
513329,新龙县,0.016303047,705.7373649,20.457407,0.0,2019
411322,方城县,0.45666141,5573.1836,34.6432457,0.0,2019
141128,方山县,0.277589899,2013.14182,25.20784569,0.0,2019
230124,方正县,0.090788125,1551.606086,29.9837265,0.0,2019
530521,施甸县,0.159473185,1377.328001,19.70500946,0.0,2019
522623,施秉县,0.161129003,1111.46281,46.63918686,0.0,2019
210212,旅顺口区,3.051207745,7810.828586,33.3826828,1.621683417,2019
341825,旌德县,0.086480641,364.4155179,7.559262753,0.0,2019
510603,旌阳区,4.751809549,14409.81587,51.2243309,0.0,2019
340281,无为市,0.63826114,6054.435045,33.48622513,0.0,2019
130130,无极县,1.031320151,2631.411344,12.14447403,0.907350323,2019
371623,无棣县,1.056348443,10554.85552,66.52913666,0.751996615,2019
542524,日土县,0.000437,162.8954692,6.428402901,0.0,2019
610429,旬邑县,0.133399343,1188.832453,21.41641617,0.0,2019
610981,旬阳市,0.043607864,736.1763242,11.78161144,0.0,2019
510821,旺苍县,0.098697509,1397.130585,64.28078461,0.004032659,2019
540226,昂仁县,0.002978913,378.9669123,10.51618099,0.0,2019
230205,昂昂溪区,0.447502444,1914.594457,28.71278381,0.0,2019
320583,昆山市,16.76615037,73395.96012,81.09114838,13.76845289,2019
659009,昆玉市,0.250609776,854.0053892,18.21338654,0.0,2019
150203,昆都仑区,9.554493104,15301.23969,132.9966583,2.380580841,2019
370725,昌乐县,1.487525289,8162.517935,43.83218384,0.632496095,2019
652301,昌吉市,0.618530922,27485.83567,103.3236847,0.002430631,2019
211224,昌图县,0.245921969,5780.489437,22.84421921,0.0,2019
530524,昌宁县,0.15129031,2522.330448,48.17471695,0.001940128,2019
110114,昌平区,5.137116344,36225.29252,63.00851059,1.373462123,2019
360202,昌江区,3.549019814,5110.29626,39.59658432,0.650086158,2019
469026,昌江黎族自治县,0.613397405,4163.286947,52.60269547,0.000588,2019
220202,昌邑区,1.883025468,8901.681676,79.31237793,0.015057698,2019
370786,昌邑市,1.496104151,10906.89848,91.40074158,0.795367667,2019
130322,昌黎县,1.1699825,7319.272872,32.48756409,0.640848458,2019
341182,明光市,0.985155544,11039.28214,76.25419617,0.020847535,2019
210504,明山区,2.556462945,5626.023041,74.73252869,0.799841191,2019
231225,明水县,0.117000917,1579.190737,23.48707008,0.0,2019
350421,明溪县,0.115316958,894.416869,14.65064716,0.0,2019
130633,易县,0.305877104,4017.951265,23.30233574,0.0,2019
530425,易门县,0.189404192,1276.22476,10.8075285,0.0,2019
140724,昔阳县,0.266604557,2608.629399,25.68785286,0.0,2019
510811,昭化区,0.079800185,540.6715998,8.943587303,0.0,2019
451121,昭平县,0.094545745,1341.723505,45.20424652,0.000463,2019
654026,昭苏县,0.025568706,1452.224082,15.02210331,0.0,2019
513431,昭觉县,0.047875688,587.1624604,28.73806763,0.0,2019
530602,昭阳区,1.078339082,9689.24033,77.33053589,0.009506358,2019
530115,晋宁区,1.50042325,8854.49774,223.3599701,0.134092584,2019
350111,晋安区,4.740583031,11711.1735,81.29790497,0.005050069,2019
130183,晋州市,1.200087234,3667.918383,17.87122726,0.808501799,2019
350582,晋江市,15.29609322,45142.07023,72.16508484,12.74175943,2019
140110,晋源区,10.72374977,15821.98862,191.5288544,2.461613359,2019
542521,普兰县,0.001731287,106.2146213,4.61722517,0.0,2019
210214,普兰店区,0.451084346,6119.638433,38.9813652,0.0,2019
445281,普宁市,3.308141688,23459.03164,85.77062988,1.237028007,2019
522323,普安县,0.157169736,1017.958793,35.57047653,0.000209,2019
520422,普定县,0.602543909,2918.725059,59.67807388,0.0,2019
513428,普格县,0.066530566,574.146002,23.77122688,0.0,2019
310107,普陀区,40.67609215,10408.29417,85.02256012,39.29769778,2019
330903,普陀区,5.020473201,8781.8511,163.2300262,2.451611375,2019
530823,景东彝族自治县,0.024488342,481.1505888,11.98982239,0.0,2019
131127,景县,0.583216062,3516.532122,40.38596344,0.0,2019
331127,景宁畲族自治县,0.101728441,893.7378145,15.53811169,0.0,2019
620423,景泰县,0.06991379,1928.579036,17.58298874,0.0,2019
532801,景洪市,0.288607437,8577.34852,91.4050293,0.013462804,2019
530824,景谷傣族彝族自治县,0.033176947,1091.057727,21.42223167,0.0,2019
522324,晴隆县,0.227477589,1329.812576,44.05386353,0.0,2019
130435,曲周县,0.521189087,1758.465409,10.74664402,0.0,2019
540525,曲松县,0.011714646,111.0830995,9.812046051,0.0,2019
540124,曲水县,0.109082324,817.5707332,15.19237614,0.0,2019
440205,曲江区,0.770338945,5526.399508,36.69672775,0.0,2019
141021,曲沃县,1.235480642,2673.299097,31.70992279,0.566934784,2019
370881,曲阜市,1.513891531,6080.13866,21.10558701,1.060308873,2019
130634,曲阳县,0.605918467,3324.886107,14.94809246,0.0,2019
632726,曲麻莱县,0.001393934,317.887486,10.60478783,0.0,2019
371721,曹县,1.025056777,9810.947044,32.28943634,0.640402409,2019
130209,曹妃甸区,3.77628075,27785.622,121.1574326,1.220624637,2019
421303,曾都区,0.834929353,5600.133112,31.75180435,0.0,2019
360602,月湖区,4.877760814,3048.179683,25.46063995,3.166785804,2019
140602,朔城区,1.739244794,15963.30708,104.9248428,0.018461612,2019
540426,朗县,0.007917401,149.030573,13.78823471,0.0,2019
430112,望城区,5.246583751,22735.29913,51.17916489,1.858499552,2019
231221,望奎县,0.140868076,1907.833811,26.548069,0.0,2019
340827,望江县,0.457351719,2854.156312,26.33695412,0.0,2019
210404,望花区,5.50754668,9344.276484,49.96310806,1.36263987,2019
522326,望谟县,0.077524225,1036.465756,25.23832512,0.0,2019
130631,望都县,0.945837365,1756.946689,15.48236656,0.656838797,2019
510812,朝天区,0.096195599,729.8839187,13.33143139,0.0,2019
220104,朝阳区,14.49722373,26294.38217,236.130722,1.552546138,2019
110105,朝阳区,30.22113459,73272.02968,256.8721313,27.55399478,2019
211321,朝阳县,0.182400708,3655.72721,55.35877991,0.0,2019
230127,木兰县,0.042752024,783.9586234,13.45404053,0.0,2019
652328,木垒哈萨克自治县,0.040503034,3048.395423,56.7143898,0.0,2019
513422,木里藏族自治县,0.016322525,983.0000563,27.92560387,0.0,2019
610112,未央区,30.37670974,38627.9771,162.3493042,27.56353529,2019
210521,本溪满族自治县,0.140926036,2505.396882,65.22068024,0.01703495,2019
542522,札达县,0.000703,81.32679379,4.415223122,0.0,2019
632722,杂多县,0.001193047,202.880146,5.561888218,0.0,2019
370213,李沧区,24.51904991,11526.83805,74.64730835,22.84555468,2019
140107,杏花岭区,17.27281606,12823.20317,198.9926758,3.525590494,2019
230624,杜尔伯特蒙古族自治县,0.069130665,2434.803708,23.72749329,0.0,2019
340602,杜集区,3.95468221,4444.116783,28.58180046,2.050139063,2019
410221,杞县,0.540309982,3310.157194,14.73545837,0.0,2019
422827,来凤县,0.217905893,1350.385036,59.79359436,0.0,2019
341122,来安县,1.306597926,9237.411635,55.12733459,0.0,2019
310110,杨浦区,33.5068505,9407.672425,64.40211487,33.14492501,2019
610403,杨陵区,7.9055098,5203.189536,72.80808258,2.739447421,2019
150826,杭锦后旗,0.149184162,1380.464815,11.23288345,0.0,2019
150625,杭锦旗,0.054558467,5382.739607,87.38700104,0.00454301,2019
230109,松北区,5.050963064,21959.94336,133.5943451,0.160738964,2019
150404,松山区,0.40686877,12433.10386,74.0149231,0.02127479,2019
520628,松桃苗族自治县,0.200351182,2588.834269,34.39242935,0.0,2019
310117,松江区,15.61374995,44013.63035,59.89176941,12.36239248,2019
350724,松溪县,0.192054307,913.7612525,17.6730938,0.0,2019
421087,松滋市,0.285812678,2872.034087,25.28489113,0.0,2019
513224,松潘县,0.017724533,704.0627468,16.74921799,0.0,2019
331124,松阳县,0.403199067,2577.985264,46.43766403,0.000209,2019
231025,林口县,0.035622349,1347.738032,19.42621231,0.0,2019
540121,林周县,0.027524294,570.0852197,24.23560905,0.0,2019
410581,林州市,0.773639786,8015.399673,27.71117401,0.0,2019
230623,林甸县,0.095683179,1968.161332,29.89990807,0.0,2019
150424,林西县,0.194751427,4078.617277,86.42766571,0.009486118,2019
420583,枝江市,0.701321465,4481.375407,26.21801186,0.0,2019
340722,枞阳县,0.213024112,1466.707769,15.52776527,0.0,2019
131121,枣强县,0.647206604,2953.003227,22.09365845,0.0,2019
420683,枣阳市,0.199907798,3098.214948,14.94388676,0.0,2019
130524,柏乡县,0.713106598,942.5115928,4.930997849,0.669892586,2019
411424,柘城县,0.739774554,3736.232836,28.55588531,0.0,2019
350926,柘荣县,0.513372135,1246.020609,26.86509132,0.0,2019
611026,柞水县,0.074288596,844.998697,11.01281357,0.0,2019
652929,柯坪县,0.01628929,763.6424237,17.78063774,0.0,2019
330802,柯城区,2.824068744,7867.722624,44.11640549,0.0,2019
330603,柯桥区,5.084484045,25162.95202,53.21646881,2.119963574,2019
450205,柳北区,6.511117954,8691.321117,52.23318863,1.882440098,2019
450204,柳南区,3.459210217,8243.935526,65.29763031,0.007455976,2019
450222,柳城县,0.218503196,2043.531004,30.27748299,0.0,2019
141125,柳林县,0.81556797,5225.244836,30.03131485,0.0,2019
450206,柳江区,0.734266041,5723.865822,39.65864182,3.78e-05,2019
220524,柳河县,0.173790483,3141.394515,44.80393982,3.02e-05,2019
360404,柴桑区,1.344045015,5695.867754,35.99573135,0.0,2019
320113,栖霞区,15.25931457,28005.62948,65.37033081,10.20595113,2019
370686,栖霞市,0.254857264,2303.365972,12.95747185,0.0,2019
150785,根河市,0.005853465,749.7565644,9.147366524,0.0,2019
632801,格尔木市,0.025351974,14894.71276,154.0485992,0.003610713,2019
130111,栾城区,4.877619956,8693.908065,55.05543137,2.615173429,2019
410324,栾川县,0.194413287,2324.929036,20.82148552,0.0,2019
431027,桂东县,0.057222311,369.4788504,9.304761887,0.0,2019
450881,桂平市,0.264448059,4711.583963,30.2772789,0.0,2019
431021,桂阳县,0.160014798,2113.293475,23.3195858,0.0,2019
710018,桃园市,14.76679287,79225.58103,226.855423,11.47960507,2019
131102,桃城区,3.461242526,10346.6312,52.80718994,1.375829373,2019
230903,桃山区,6.375454833,2794.699377,67.71886444,3.284439054,2019
430922,桃江县,0.220351109,2078.703356,23.84595871,0.0,2019
430725,桃源县,0.118456917,2412.828041,27.78944969,0.0,2019
330483,桐乡市,7.328801557,24978.45257,57.34947205,4.115347337,2019
340881,桐城市,0.693421251,5031.453723,40.61945724,0.0,2019
330122,桐庐县,1.101740046,9312.602478,44.91643524,0.0,2019
411330,桐柏县,0.298968212,2725.757668,37.51960373,6.81e-05,2019
520322,桐梓县,0.273692458,4011.541485,79.3877182,0.005855126,2019
540523,桑日县,0.0431661,523.528111,27.96448517,0.0,2019
430822,桑植县,0.044887756,714.0589304,11.72683144,0.0,2019
540202,桑珠孜区,0.192904373,3253.662836,70.82941437,0.012278193,2019
210522,桓仁满族自治县,0.188924656,3558.586309,74.24796295,0.016040185,2019
370321,桓台县,4.068084992,10246.67652,46.83889389,2.116551416,2019
130702,桥东区,4.529768551,9773.44639,115.2606049,0.772082086,2019
130703,桥西区,5.46041538,6015.42913,86.66771698,2.26624367,2019
130104,桥西区,31.32726066,10516.25427,68.12622833,31.58279444,2019
230822,桦南县,0.065225222,1666.593181,19.59757233,0.0,2019
230826,桦川县,0.23527164,3071.387301,55.58439636,0.0,2019
220282,桦甸市,0.063879279,2281.40838,20.61110497,0.0,2019
411402,梁园区,3.689994778,12660.51679,60.57738495,1.122260062,2019
420702,梁子湖区,0.323068064,740.4086558,13.89126205,0.0,2019
370832,梁山县,0.997391011,4755.49776,21.22343826,0.690494842,2019
500155,梁平区,0.391622235,3421.764721,49.73221207,0.0,2019
533122,梁河县,0.093543806,471.6823551,14.72122288,0.0,2019
320213,梁溪区,33.96293315,11533.67891,144.321106,33.31512249,2019
441403,梅县区,0.635567237,6917.439036,41.47635269,0.000273,2019
441402,梅江区,3.32128814,8348.598262,73.88513184,0.013211964,2019
220581,梅河口市,1.026121217,12169.58436,135.68367,0.066764127,2019
230208,梅里斯达斡尔族区,0.139678339,1715.998235,17.16150093,0.0,2019
510725,梓潼县,0.262499477,1786.286295,38.7416687,0.0,2019
230305,梨树区,0.203372508,470.4333109,48.56394958,0.0,2019
220322,梨树县,0.337586773,6565.582174,82.39267731,0.022224018,2019
331002,椒江区,10.94292212,16338.51226,73.56413269,7.727570097,2019
532301,楚雄市,0.821460195,16120.07394,131.570755,0.041158364,2019
620123,榆中县,0.586439669,9582.955437,56.53447723,0.0,2019
220182,榆树市,0.231382353,6095.749938,42.8118248,0.0,2019
140702,榆次区,3.410780186,22799.87511,94.67150879,0.804650398,2019
140721,榆社县,0.258617314,2211.909262,31.2199955,0.0,2019
610802,榆阳区,1.172162768,40757.48304,113.5708771,0.022146636,2019
445202,榕城区,9.855180989,14588.56645,65.2796936,7.274763764,2019
522632,榕江县,0.095114982,1403.341737,24.77405548,0.0,2019
370104,槐荫区,17.95662217,13614.42925,94.60603333,11.68362869,2019
420606,樊城区,2.95695644,6853.645233,42.86534119,0.0,2019
360982,樟树市,0.600745345,3515.568825,23.65738678,0.0,2019
610803,横山区,0.442380822,9637.986169,174.4111328,0.076800442,2019
361125,横峰县,0.320848598,960.4999111,18.59643745,0.0,2019
450181,横州市,0.371545042,5580.348635,37.73967361,0.000108,2019
341021,歙县,0.08061151,794.4842793,13.14152145,0.0,2019
621025,正宁县,0.162839016,1030.212851,37.03585052,8.74e-05,2019
520324,正安县,0.223867476,2647.021324,41.22455215,0.0,2019
130123,正定县,7.342451169,17844.20071,257.9241638,2.794149548,2019
152530,正蓝旗,0.03036782,1686.404249,25.41216278,0.0,2019
152529,正镶白旗,0.014525649,493.321923,8.209445,0.0,2019
411724,正阳县,0.31741146,2866.122171,26.67577553,0.0,2019
330723,武义县,0.880089479,6326.33512,33.35834503,0.0,2019
140429,武乡县,0.226161666,1824.502924,16.89420891,0.0,2019
510107,武侯区,41.50310072,23456.57598,234.6218719,40.5505046,2019
430581,武冈市,0.237308146,1642.156547,24.215765,0.0,2019
610431,武功县,1.296380454,2470.514772,72.80808258,0.01200376,2019
371428,武城县,0.780173873,2870.125062,20.59602737,0.0,2019
350782,武夷山市,0.409606328,5230.162002,50.54838562,0.000143,2019
360423,武宁县,0.137592591,2231.195517,45.44986343,8.16e-05,2019
130481,武安市,1.267328542,11460.28303,32.49415207,0.407185531,2019
532329,武定县,0.100690569,1325.594901,37.91917038,0.003456992,2019
451323,武宣县,0.26918076,2013.311631,25.35202599,0.0,2019
620524,武山县,0.125758984,1221.20604,14.50576591,0.0,2019
150125,武川县,0.053182515,1323.8052,13.64849949,0.0,2019
350824,武平县,0.168314176,1981.874341,25.45603943,0.0,2019
131123,武强县,0.57791132,1302.954329,10.10781002,0.470912203,2019
420106,武昌区,25.58416375,11416.65717,89.23384857,26.77373886,2019
440203,武江区,1.650247499,4925.01158,51.84407043,0.0,2019
120114,武清区,3.704567868,30702.7321,41.53350067,1.863888392,2019
421182,武穴市,0.696699601,3968.338089,24.53118134,0.0,2019
511622,武胜县,0.626966287,2809.209734,49.10069656,0.0,2019
320412,武进区,8.073551426,40671.41764,158.2638397,4.488285928,2019
131122,武邑县,0.633685221,2678.890606,17.51691246,0.0,2019
621202,武都区,0.169297046,3780.411008,32.30709457,0.000288,2019
410823,武陟县,1.322563142,5185.458889,54.44183731,0.878334087,2019
430702,武陵区,5.989189821,11355.55087,47.98601532,2.624591338,2019
430811,武陵源区,0.342919251,627.777566,11.99456692,0.0,2019
500156,武隆区,0.139935686,1867.042775,28.79078102,0.0,2019
450110,武鸣区,0.501375691,7432.336229,41.05690384,2.56e-05,2019
410505,殷都区,5.445656978,5133.353889,42.81893158,3.113006919,2019
540622,比如县,0.004610296,253.3880138,4.584490776,0.0,2019
653227,民丰县,0.01459929,4161.925134,71.64268494,0.000399,2019
620722,民乐县,0.211835684,2432.041459,86.43128967,0.016602395,2019
620621,民勤县,0.012529042,1020.931855,20.9682579,0.0,2019
630222,民和回族土族自治县,0.483477041,4509.405531,127.3898315,0.023441626,2019
411421,民权县,0.915461925,5525.336866,39.24320984,0.0,2019
520204,水城区,0.381775219,5212.462398,70.64635468,0.012456503,2019
530681,水富市,0.344612293,687.2582691,24.86658859,0.0,2019
650105,水磨沟区,10.31040897,15770.11421,91.92798615,1.749306044,2019
360825,永丰县,0.149675591,1828.952374,31.57319069,0.0,2019
532327,永仁县,0.04745699,457.7265799,7.944993019,0.0,2019
360425,永修县,0.23874807,2133.233666,35.35438156,3.23e-05,2019
431023,永兴县,0.137432145,1221.188622,13.54303455,0.0,2019
220221,永吉县,0.248769308,3607.687626,60.22817612,0.0,2019
141032,永和县,0.14193486,861.3809564,21.47550964,0.0,2019
530625,永善县,0.097933961,1247.101815,39.33897781,0.000123,2019
330324,永嘉县,0.893176438,10891.96793,42.51145554,0.0,2019
411481,永城市,1.042818074,10179.35617,41.19485092,0.0,2019
640121,永宁县,1.593273401,7623.519561,32.01941681,0.632621209,2019
350481,永安市,0.323804357,4234.331169,39.05886078,0.000975,2019
430802,永定区,0.82885957,8277.290701,58.72587967,2.88e-05,2019
350803,永定区,0.461090288,4589.352781,21.66598129,0.0,2019
610426,永寿县,0.250737589,1083.533482,28.80204391,0.0,2019
500118,永川区,1.128479153,8205.530377,49.9447937,0.0,2019
532928,永平县,0.156707894,1943.606224,52.97012711,0.002279024,2019
130408,永年区,1.437020216,5490.516122,39.64307785,0.876589742,2019
330784,永康市,2.487344876,11935.99747,61.274086,0.873277578,2019
530923,永德县,0.042255747,598.993943,21.16057777,0.0,2019
360830,永新县,0.071169805,697.5542328,18.65800476,0.0,2019
620321,永昌县,0.090755315,2086.289944,22.1554184,0.0,2019
350525,永春县,0.837946232,5422.323778,31.19922256,0.0,2019
350125,永泰县,0.271076755,2694.75276,19.57018661,0.0,2019
140881,永济市,0.449755198,2666.767886,23.34964752,0.0,2019
131023,永清县,1.567336938,6170.986602,58.49296951,1.120842424,2019
620121,永登县,0.552007796,16117.58207,120.2599487,0.014973379,2019
450326,永福县,0.097822194,1212.120563,11.5244112,0.0,2019
530722,永胜县,0.063967394,1414.428205,12.90943813,0.0,2019
622923,永靖县,0.135372485,1280.447457,21.47824478,0.0,2019
433127,永顺县,0.082185467,1436.71284,23.82797432,0.0,2019
520303,汇川区,0.989991905,6789.690601,57.81294632,0.0,2019
420113,汉南区,3.416996403,4603.565153,52.85945511,0.876549243,2019
610702,汉台区,3.503975022,9185.581204,82.39201355,0.005734544,2019
430722,汉寿县,0.150459024,1444.99372,15.33994198,0.0,2019
420984,汉川市,0.82049016,6326.931544,29.75927734,0.0,2019
511823,汉源县,0.229881331,2350.545627,35.08493423,0.000213,2019
610902,汉滨区,0.573138215,9967.154512,76.80976868,0.008237211,2019
420105,汉阳区,27.92166951,14807.02559,80.85710144,27.82351421,2019
610921,汉阴县,0.162649015,1060.29171,29.67593575,0.0,2019
411727,汝南县,0.415465191,2980.154622,31.31718445,0.0,2019
431026,汝城县,0.070027186,757.3171029,9.865060806,0.0,2019
410482,汝州市,0.848554541,6475.462794,31.83596611,0.0,2019
410326,汝阳县,0.380175379,2438.318153,29.49197578,0.0,2019
500105,江北区,14.50436493,14873.06019,69.9900589,11.8265902,2019
330205,江北区,14.62029416,14179.9653,67.49963379,10.30595243,2019
431129,江华瑶族自治县,0.141018679,2051.940124,30.4939518,0.0,2019
450105,江南区,3.508281873,18109.87485,80.54380798,0.008819497,2019
520621,江口县,0.146434881,1244.772288,24.72066498,0.0,2019
441702,江城区,3.777699103,12034.16419,46.72105789,1.363042335,2019
530826,江城哈尼族彝族自治县,0.024221705,360.7232192,11.2465601,0.0,2019
420115,江夏区,3.391040074,31740.33456,90.7093277,0.008452763,2019
540222,江孜县,0.028998274,511.6723871,26.74722481,0.0,2019
320115,江宁区,6.959895389,50776.2034,112.9701996,2.726472221,2019
511523,江安县,0.342492094,1481.007001,34.83833694,0.0,2019
330881,江山市,0.372919877,3428.930995,20.16592216,0.0,2019
420102,江岸区,31.49371105,11902.89371,65.51161957,31.85512972,2019
530403,江川区,0.555746833,1975.043606,27.72526741,0.0,2019
451402,江州区,0.463634166,5883.95938,57.96916199,0.0,2019
431125,江永县,0.06280159,459.7078846,11.71085262,0.0,2019
420103,江汉区,41.42920729,5723.566837,101.8505325,41.32953458,2019
510781,江油市,0.41440762,5334.279261,31.22701645,0.0,2019
500116,江津区,1.124846705,16625.48133,96.47193146,0.007784628,2019
440704,江海区,10.74974857,5081.385072,30.82962418,9.805812163,2019
220605,江源区,0.186604084,1356.152862,20.91941261,0.0,2019
540321,江达县,0.013826741,858.1832689,14.56091976,0.0,2019
321012,江都区,2.149265532,13561.62108,39.60498047,1.129532789,2019
510502,江阳区,2.053462872,6145.152725,51.99337769,0.0,2019
320281,江阴市,9.55156074,44615.67733,93.11474609,7.246398333,2019
421024,江陵县,0.415747603,2017.277478,22.63764572,0.0,2019
230828,汤原县,0.122628374,2458.008324,38.943367,0.0,2019
230723,汤旺县,0.037568737,469.3297255,32.52773666,0.0,2019
410523,汤阴县,2.018595449,6332.033112,48.17010117,0.877678792,2019
430681,汨罗市,0.364217508,2786.929529,20.88336945,0.0,2019
222424,汪清县,0.037224417,1811.518388,36.69276047,3.56e-05,2019
370830,汶上县,1.092727041,4791.00386,26.14148903,0.690384772,2019
513221,汶川县,0.05845074,1119.057529,20.57831383,0.0,2019
141034,汾西县,0.104804373,455.4806262,5.045628548,0.0,2019
141182,汾阳市,0.792339072,4655.203336,25.32886696,0.0,2019
140430,沁县,0.104460244,689.9799856,17.33728409,0.0,2019
140521,沁水县,0.264726455,3472.921451,32.85266113,0.0,2019
140431,沁源县,0.215279285,2741.241468,24.00102615,0.0,2019
410882,沁阳市,1.464577287,4270.236408,25.00721359,0.697153266,2019
371321,沂南县,0.9458091,8024.218445,33.22998428,0.642124031,2019
371323,沂水县,0.551365201,6578.020368,20.52681732,0.0,2019
370323,沂源县,0.50101987,4073.768985,57.72809982,0.0,2019
430981,沅江市,0.138523756,1351.677875,20.3242321,0.0,2019
431222,沅陵县,0.042584116,1134.669959,22.66804695,0.0,2019
411624,沈丘县,0.981884082,5063.726379,29.82139397,0.569737837,2019
210113,沈北新区,3.79248919,16795.77457,60.75652695,1.12149619,2019
210103,沈河区,39.47362467,12371.34357,157.7725677,32.53483181,2019
511129,沐川县,0.240374666,1555.190152,138.9065247,0.00551483,2019
650103,沙依巴克区,9.118995205,21302.86682,150.3823853,1.41517471,2019
350405,沙县区,0.468703797,3782.774167,30.53034592,0.0,2019
640502,沙坡头区,0.345707636,9409.42705,52.05451202,0.0,2019
500106,沙坪坝区,11.48986678,21054.75282,69.88610077,6.266353375,2019
421002,沙市区,3.507997248,8435.481508,46.3748436,0.627144989,2019
210204,沙河口区,34.89796843,7294.633385,96.02696991,33.15783024,2019
130582,沙河市,1.189464751,4945.234687,48.98040009,0.631344523,2019
420822,沙洋县,0.136435015,1373.182044,13.57976723,0.0,2019
511111,沙湾区,0.280685528,781.8798076,25.57135773,0.0,2019
654203,沙湾市,0.112494346,7812.464141,69.73155212,0.010024427,2019
810114,沙田区,22.15544307,7032.485167,75.82102966,12.86662626,2019
652924,沙雅县,0.559217033,93660.30247,1720.282349,0.150738848,2019
320322,沛县,1.704646286,10989.33319,75.57470703,0.796577858,2019
130921,沧县,1.437533111,11219.2018,58.71306229,0.87197523,2019
530927,沧源佤族自治县,0.104778249,1135.075511,34.00748062,0.002860921,2019
321322,沭阳县,1.253889586,13998.56594,57.47182846,0.469212369,2019
120102,河东区,42.84258651,8973.757767,109.915947,40.65271366,2019
371312,河东区,3.395098762,13874.25083,27.83491707,1.937860031,2019
120105,河北区,42.11752113,6420.527055,132.1065216,36.58991623,2019
632324,河南蒙古族自治县,0.007624016,249.5467964,7.657077789,0.0,2019
370503,河口区,1.270915812,12577.72549,66.85327148,0.014347658,2019
532532,河口瑶族自治县,0.076607602,439.7342439,12.47378063,0.0,2019
140930,河曲县,0.453908651,3088.195098,27.22523117,0.0,2019
140882,河津市,2.436506584,7095.174056,46.04480743,1.121254113,2019
120103,河西区,47.99770752,11689.41816,122.5885925,47.25741005,2019
130984,河间市,1.319369911,8942.321906,34.24544144,0.862687929,2019
810109,油尖旺区,95.94685316,2470.161141,124.4065475,96.90724945,2019
632724,治多县,0.000577,227.56785,4.291193008,0.0,2019
130724,沽源县,0.102857341,1979.607301,19.7318573,0.0,2019
371603,沾化区,0.653166704,5671.479786,77.44638824,0.024601736,2019
530303,沾益区,0.482767412,6063.352339,52.79904175,0.001833041,2019
520627,沿河土家族自治县,0.235081347,2667.1417,68.47598267,0.005124572,2019
510311,沿滩区,1.537459692,3325.187676,29.98711395,0.0,2019
320311,泉山区,15.74600776,7736.167988,59.16926575,13.40694459,2019
350505,泉港区,6.543288564,8543.122829,80.43226624,3.264528978,2019
130981,泊头市,0.976521038,5009.361452,24.0892067,0.469147772,2019
411726,泌阳县,0.455887019,5110.454155,32.27591324,0.0,2019
210124,法库县,0.331313675,4091.267849,35.62056732,0.0,2019
341324,泗县,0.850217462,7576.337818,55.51618195,0.0,2019
370831,泗水县,0.618160391,3412.25748,14.47053623,0.0,2019
321324,泗洪县,0.527332895,6848.048379,29.06598663,0.0,2019
321323,泗阳县,1.30039634,8643.112324,38.40830612,0.0,2019
540424,波密县,0.001861779,144.7223544,8.872400284,0.0,2019
321283,泰兴市,3.463949661,19180.44622,101.7960739,1.734381869,2019
360826,泰和县,0.219644597,2466.80004,25.83672905,0.0,2019
350429,泰宁县,0.17804392,1225.971331,22.76821518,0.0,2019
370902,泰山区,7.969880175,13414.99607,110.7953644,2.249300571,2019
230224,泰来县,0.138435801,3166.511033,53.53696823,0.0,2019
330329,泰顺县,0.378264353,3027.314882,37.78292465,0.0,2019
510521,泸县,0.408462011,2857.850109,47.20536423,0.0,2019
513322,泸定县,0.074383345,744.1592786,12.55256081,0.0,2019
533301,泸水市,0.139351447,1924.02925,58.19337082,0.001298653,2019
433122,泸溪县,0.092845398,662.3794557,17.93479347,0.0,2019
532527,泸西县,0.487159054,3539.80276,51.74365234,0.00141892,2019
140525,泽州县,0.819561507,8194.406617,61.93325806,0.0,2019
632323,泽库县,0.015765958,509.031948,18.98701859,0.0,2019
653124,泽普县,0.784270714,3958.669479,47.3936348,0.0,2019
341823,泾县,0.21486337,2036.069725,30.54601097,0.0,2019
620821,泾川县,0.165032922,1183.357887,11.65867615,0.0,2019
640424,泾源县,0.158849947,899.0165708,18.20958138,0.0,2019
610423,泾阳县,1.906234957,7209.021786,27.34060669,0.688635666,2019
610723,洋县,0.150235638,2306.860555,27.88962746,0.0,2019
611021,洛南县,0.056469746,774.6774477,8.713362694,0.0,2019
410328,洛宁县,0.206266982,2306.983754,34.20219803,0.000249,2019
610629,洛川县,0.218898114,1932.91842,87.23547363,0.020800951,2019
540527,洛扎县,0.00349599,76.91184047,4.088822365,0.0,2019
350504,洛江区,3.118445409,5164.818203,37.320858,1.366038526,2019
653224,洛浦县,0.068074246,4890.514969,58.0499649,0.0,2019
540329,洛隆县,0.010070344,379.0678961,38.32807541,0.00034,2019
410311,洛龙区,9.338486739,23861.77456,72.2386322,4.265261808,2019
430525,洞口县,0.187275974,1839.535517,27.10091782,0.0,2019
330305,洞头区,7.273063985,4944.143332,54.64200211,4.359629034,2019
120112,津南区,13.51180566,26651.10938,58.95054626,9.373203502,2019
430781,津市市,0.911884559,2342.720833,28.0013752,0.0,2019
420111,洪山区,15.53352813,37440.91973,93.13052368,11.71130481,2019
431281,洪江市,0.128899313,1330.525504,15.38062382,0.0,2019
320813,洪泽区,0.755653795,4637.293247,29.30711174,0.0,2019
141024,洪洞县,0.872880906,6505.280162,35.34093475,0.0,2019
421083,洪湖市,0.318004558,3587.052754,28.78349113,0.0,2019
511423,洪雅县,0.123905482,1087.982453,16.32608795,0.0,2019
220802,洮北区,0.621422814,8974.113079,74.6026001,0.023328187,2019
220881,洮南市,0.181680808,5294.747298,83.78412628,0.033274811,2019
532930,洱源县,0.109122458,1233.467626,21.74309921,0.0,2019
440204,浈江区,1.749765532,4422.14469,38.44606018,0.0,2019
411502,浉河区,0.589373022,5022.807926,43.74698639,3.55e-05,2019
419001,济源市,0.936089329,8673.957899,35.83156967,0.0,2019
370115,济阳区,0.946050027,5233.430029,22.74391937,0.574505037,2019
430181,浏阳市,0.349396423,7910.154146,36.98937988,7.34e-05,2019
210112,浑南区,10.079666,43525.5789,204.4314728,3.4668071,2019
220602,浑江区,0.488472947,3613.684551,37.19598389,4.02e-05,2019
140225,浑源县,0.257427077,2637.32021,29.07220078,0.0,2019
360403,浔阳区,13.94581819,3640.350752,52.50272751,13.07419229,2019
410621,浚县,0.723857865,3406.072024,28.54380226,0.0,2019
421125,浠水县,0.32872044,2998.56594,18.12091446,0.0,2019
310115,浦东新区,22.51777795,157697.2973,283.9260864,18.98394813,2019
450722,浦北县,0.17263453,1893.733767,32.01529694,0.000198,2019
320111,浦口区,7.107703917,31147.77033,62.0872612,3.121642578,2019
350722,浦城县,0.151806433,2339.866962,20.71861458,0.0,2019
330726,浦江县,2.10892751,8929.091564,36.25207901,0.0,2019
540531,浪卡子县,0.004939399,180.3532881,11.90346813,0.0,2019
141027,浮山县,0.137690785,641.5910017,16.03211975,0.0,2019
360222,浮梁县,0.27326222,3588.691651,26.01285362,0.0,2019
441521,海丰县,1.901977349,14648.41047,164.0711975,0.237517167,2019
231283,海伦市,0.094974168,2604.982775,35.04291153,0.0,2019
130924,海兴县,0.622917278,2716.95753,12.50704098,0.534787028,2019
150302,海勃湾区,2.947672944,7462.259467,114.8294296,1.226175752,2019
150303,海南区,0.971739495,4864.98901,33.22657013,0.0,2019
640522,海原县,0.105987097,2634.792254,24.13444519,0.0,2019
450502,海城区,12.9588572,6046.907684,297.6747437,11.03771635,2019
210381,海城市,1.158024311,15730.92922,66.76507568,0.014538933,2019
330481,海宁市,5.105309727,20586.21049,56.6837616,3.378991116,2019
320685,海安市,2.472383771,13716.96938,59.56086731,0.878004556,2019
210902,海州区,6.811666636,2538.855074,64.67692566,1.21540955,2019
320706,海州区,4.672406399,15962.38779,55.92511368,1.369376639,2019
150702,海拉尔区,1.421396434,11413.46219,94.84646606,0.008480354,2019
632223,海晏县,0.036113264,806.5690668,26.03188896,0.0,2019
330203,海曙区,6.814142941,18766.81771,96.23851013,1.742816667,2019
231083,海林市,0.049190459,2423.043671,18.26499557,0.0,2019
460202,海棠区,2.276408001,2409.992979,25.05823135,0.938446853,2019
350205,海沧区,22.18842161,17324.54557,133.7335815,21.6126904,2019
110108,海淀区,20.20977184,45430.85381,91.51477814,17.73647338,2019
130302,海港区,4.888590656,18491.88975,72.73391724,0.740654655,2019
440105,海珠区,31.59515662,12727.64421,69.39104462,31.37257745,2019
330424,海盐县,3.068017163,9086.39604,57.62768173,1.616360916,2019
320614,海门区,2.914171965,15563.08395,110.7238541,1.223075968,2019
370687,海阳市,0.701614221,6537.407444,26.77390671,0.0,2019
321202,海陵区,11.59175882,20936.262,61.88559723,6.897989724,2019
130426,涉县,0.561108323,4166.328318,33.23721695,0.0,2019
130623,涞水县,0.424685758,3651.519759,12.7178297,0.0,2019
130630,涞源县,0.281524674,3567.650693,38.88397217,7.15e-05,2019
320826,涟水县,1.196421819,9695.830574,47.97072601,0.0,2019
431382,涟源市,0.258848561,2148.952634,25.20228386,0.0,2019
341621,涡阳县,0.783596951,7940.670351,42.79021454,0.0,2019
321111,润州区,14.22143517,10345.1181,62.37086868,8.170149167,2019
410305,涧西区,10.16775279,7093.263586,43.25298309,7.615419882,2019
510703,涪城区,6.403937858,16625.87835,54.79570389,2.376683601,2019
500102,涪陵区,0.65325803,8871.105706,54.47137833,0.0,2019
350303,涵江区,2.624806384,8989.076636,57.10409164,0.0,2019
130681,涿州市,1.915235184,7437.902209,24.68185806,1.314838057,2019
130731,涿鹿县,0.262215367,3827.209114,40.37634659,0.0,2019
370302,淄川区,1.443777718,6912.411383,19.47465324,0.694606461,2019
411326,淅川县,0.109827025,1485.044424,8.517467499,0.0,2019
410622,淇县,1.131062614,3211.144424,26.31985283,0.0,2019
410611,淇滨区,5.820761201,9854.092184,68.46296692,1.240873329,2019
340311,淮上区,3.196355911,6168.214825,46.16623688,0.872591025,2019
320803,淮安区,1.604028718,11361.4675,57.47308731,0.0,2019
411527,淮滨县,0.278687875,1594.617045,12.44807243,0.0,2019
411603,淮阳区,0.731741727,4712.132635,28.72484589,0.0,2019
320804,淮阴区,1.748027503,11011.92204,61.85435867,0.0,2019
131182,深州市,0.703020774,4474.071077,37.83994675,0.474718607,2019
810106,深水埗区,80.96263303,3720.153612,166.9507294,83.52726746,2019
130128,深泽县,0.740737024,1123.735829,9.266087532,0.656684816,2019
610430,淳化县,0.128592687,618.872731,12.46632957,0.0,2019
330127,淳安县,0.172316413,3510.351585,17.39675522,0.0,2019
410922,清丰县,1.002942635,4092.422861,20.58163071,0.810413343,2019
210423,清原满族自治县,0.105868048,2234.368827,37.33327484,4.97e-05,2019
441802,清城区,3.861941054,21978.45799,45.06529999,1.877403499,2019
140121,清徐县,2.465189645,7568.673586,40.72190475,1.115757812,2019
441803,清新区,0.788752251,8143.047306,43.36471939,3.29e-05,2019
620521,清水县,0.083743884,811.3672337,29.10422325,0.0,2019
150124,清水河县,0.164972584,2411.369332,22.94928932,0.0,2019
320812,清江浦区,12.12097525,24574.39796,74.21038055,8.231684614,2019
211204,清河区,0.394001627,1024.710162,25.53263664,0.0,2019
130534,清河县,1.787897761,4519.798529,35.60122299,0.870788416,2019
210905,清河门区,0.671859635,340.4457682,8.007082939,0.476404173,2019
350423,清流县,0.12939688,1047.507327,12.88678551,0.0,2019
610830,清涧县,0.091838039,873.3757899,7.702144146,0.0,2019
130608,清苑区,1.535719821,6756.950405,44.80619431,0.86857925,2019
520181,清镇市,1.160313312,7226.504108,53.41909027,0.0,2019
430212,渌口区,0.232597346,1109.115363,14.0049057,0.0,2019
411221,渑池县,0.506879124,3373.191123,27.86670876,0.0,2019
500103,渝中区,29.66666728,3203.651047,63.7502327,27.55005875,2019
500112,渝北区,6.226279403,41874.04858,175.3636475,0.048257361,2019
360502,渝水区,0.87617379,7092.881092,45.2452774,3.85e-05,2019
511725,渠县,0.26144334,2465.805427,37.01885605,0.0,2019
410825,温县,0.957290139,2251.865504,16.60495758,0.691160803,2019
652922,温宿县,0.151351302,11579.89225,204.6993408,0.032556357,2019
331081,温岭市,5.35561809,23559.84703,47.3037796,3.385832822,2019
510115,温江区,8.552029533,10960.85118,36.45864868,6.391832062,2019
652723,温泉县,0.020086617,668.9245353,10.84633636,0.0,2019
610404,渭城区,17.3289431,22671.69411,216.292511,11.59611582,2019
621123,渭源县,0.12520861,1262.15729,19.56960297,0.0,2019
610302,渭滨区,1.803705246,7386.562016,53.61500168,3.19e-07,2019
450802,港北区,1.501124576,7200.06456,37.58450699,0.000212,2019
450803,港南区,0.502879024,2403.422536,22.03630829,0.0,2019
450602,港口区,6.587554329,8945.53711,86.8907547,2.211373648,2019
510704,游仙区,1.187746519,5694.485333,35.7129364,0.0,2019
520328,湄潭县,0.426474217,3611.403735,39.76371765,3.42e-05,2019
360429,湖口县,0.871582177,2722.84323,38.61714935,0.0,2019
411202,湖滨区,3.535999441,3466.860252,37.5341301,1.103217325,2019
350206,湖里区,50.96669796,15391.34318,154.2265778,48.55024099,2019
360313,湘东区,0.254443051,986.4647316,13.4946146,0.0,2019
430381,湘乡市,0.34777106,3103.137981,37.71743011,0.0,2019
445102,湘桥区,5.939177546,8444.741871,55.96356201,2.867598027,2019
430321,湘潭县,0.454123432,4402.653658,54.13442612,0.0,2019
430624,湘阴县,0.340967291,2414.023015,15.50568676,0.0,2019
410411,湛河区,4.453288358,3935.833714,35.21149063,1.373891256,2019
630106,湟中区,0.619882475,7564.540094,36.96999359,0.0,2019
630123,湟源县,0.228561513,1767.338904,19.27442932,0.0,2019
810107,湾仔区,48.54090856,1800.20146,109.9100571,37.65733337,2019
340210,湾沚区,1.765761948,5384.929957,59.67581558,0.875803444,2019
431224,溆浦县,0.123043809,1916.175229,28.19172668,0.0,2019
441602,源城区,6.18644722,9820.220754,53.39520264,2.627261395,2019
411102,源汇区,4.454728405,4932.380108,79.65686798,0.762560405,2019
320117,溧水区,2.881423556,14374.12266,44.54292679,1.11915277,2019
320481,溧阳市,2.025760693,14540.26678,36.89725494,0.873204555,2019
210503,溪湖区,4.12045417,6895.604291,63.45898438,1.355460245,2019
410526,滑县,0.951338521,8338.459748,31.62221527,0.567550828,2019
370481,滕州市,2.127120364,15506.7575,47.32813644,1.121020388,2019
130607,满城区,1.5855068,5362.600583,24.12127113,0.935664236,2019
150781,满洲里市,1.246267542,3745.439613,49.49768448,0.0,2019
130224,滦南县,1.026002652,6129.693915,40.52459717,0.6623686,2019
130284,滦州市,1.815357965,9723.954258,48.7336731,1.121455972,2019
130824,滦平县,0.243500038,3879.92579,39.32173157,2.26e-05,2019
371602,滨城区,4.504973116,23693.47327,56.79602814,1.624595132,2019
330108,滨江区,25.15550717,8447.613905,83.22640228,24.58611336,2019
320922,滨海县,1.056168982,9487.433423,39.55819702,0.0,2019
120116,滨海新区,10.89732744,132792.3108,317.1909485,2.827191284,2019
320211,滨湖区,7.111180003,20975.27597,61.57556915,2.363131664,2019
230304,滴道区,0.199333115,567.4107006,8.177989006,0.0,2019
232701,漠河市,0.008906884,1087.273694,39.15642929,0.0,2019
621125,漳县,0.072888718,770.1593471,13.21900272,0.0,2019
350881,漳平市,0.280033619,3677.545351,33.33500671,0.000784,2019
350623,漳浦县,1.915224123,17152.5069,87.83590698,1.237460646,2019
532922,漾濞彝族自治县,0.063595662,527.2065423,23.5815258,0.0,2019
370702,潍城区,8.322279475,11895.73574,64.83999634,3.776573211,2019
340406,潘集区,2.254601918,6424.077033,159.0890961,0.214171352,2019
340882,潜山市,0.25218061,1987.320673,22.18579674,0.0,2019
429005,潜江市,0.822772994,7662.910798,31.48038673,0.0,2019
140406,潞城区,2.231781565,6836.297018,415.0962524,0.53770544,2019
140403,潞州区,10.38286715,17714.55573,91.23604584,4.255246283,2019
411526,潢川县,0.301781447,2334.939858,16.52908516,0.0,2019
440514,潮南区,5.648045157,14884.74746,53.08961868,2.37425893,2019
445103,潮安区,3.885516946,18517.21573,58.26218796,0.613813662,2019
440513,潮阳区,5.722655044,16394.82322,48.92370224,3.624421489,2019
610522,潼关县,0.668518821,1409.290108,18.62136269,0.0,2019
500152,潼南区,0.645861006,4770.1445,62.81567001,0.0,2019
610525,澄城县,0.252014818,1387.408777,12.05595398,0.0,2019
530481,澄江市,1.073810045,3602.666389,65.84204102,0.045314231,2019
440515,澄海区,7.479550318,11865.23598,43.48195267,5.123450277,2019
469023,澄迈县,0.847874571,7468.192274,43.5603714,0.001393644,2019
710010,澎湖县,5.497437554,2102.715968,49.98650742,3.849728788,2019
530828,澜沧拉祜族自治县,0.049870311,1897.676234,42.34630966,0.001761568,2019
430723,澧县,0.411461762,3940.998502,33.4521637,0.0,2019
820000,澳门特别行政区,111.7744464,12192.61961,507.5973511,65.2962603,2019
360402,濂溪区,4.445594426,7990.947264,42.98831558,1.625871248,2019
340621,濉溪县,1.115517349,10698.3582,287.8610535,0.356791215,2019
440512,濠江区,12.1886682,8626.326773,51.87811279,10.12095666,2019
410928,濮阳县,1.728153333,11380.64873,56.51633835,0.869634831,2019
410304,瀍河回族区,12.70953106,1971.223346,35.74927902,13.42568874,2019
320723,灌云县,0.967468116,7134.868685,36.62620163,0.0,2019
320724,灌南县,1.311054269,6502.222491,42.28948975,0.0,2019
450327,灌阳县,0.042118979,343.4145322,9.382969856,0.0,2019
610111,灞桥区,16.07382485,25436.92237,186.6846924,9.503294051,2019
211081,灯塔市,1.291918984,8077.10282,57.47336578,0.663150163,2019
140224,灵丘县,0.174567019,2470.744232,16.72365379,0.0,2019
620822,灵台县,0.040330335,391.619257,10.97787857,0.0,2019
411282,灵宝市,0.446606067,6522.958328,37.52706146,0.000271,2019
130126,灵寿县,0.759481953,4116.010953,71.26409149,0.03775896,2019
450721,灵山县,0.248708061,3839.957849,37.76156235,0.000116,2019
450323,灵川县,0.406580164,4164.731364,53.01712418,0.0,2019
640181,灵武市,2.025464378,31066.1437,203.8761749,0.134387653,2019
341323,灵璧县,0.409518857,4207.208842,33.79969406,0.0,2019
140729,灵石县,0.823885653,4979.548735,38.05060196,0.0,2019
513327,炉霍县,0.023066371,485.8522151,24.50892448,0.0,2019
430225,炎陵县,0.091487757,825.1643157,12.12608433,0.0,2019
420504,点军区,1.363075024,3403.256231,35.890625,0.0,2019
340604,烈山区,3.158234648,5845.892333,33.18949509,1.362225573,2019
652826,焉耆回族自治县,0.333914888,4233.606039,62.64741135,2.13e-05,2019
231004,爱民区,2.225484604,5475.98378,122.3240051,0.002339223,2019
231102,爱辉区,0.0723364,6475.540652,74.09586334,0.002563901,2019
150782,牙克石市,0.021262623,3622.247697,42.14331055,2.97e-06,2019
532323,牟定县,0.129580606,837.3763031,19.50418091,0.0,2019
370612,牟平区,0.974751452,7383.944844,36.44800186,0.0,2019
371702,牡丹区,3.545889626,24992.95968,63.12723541,1.110805729,2019
410711,牧野区,9.148626421,4417.351482,27.96409988,7.332004547,2019
654027,特克斯县,0.045126007,1989.802614,49.40557098,0.0,2019
511123,犍为县,0.366590042,2316.269708,36.52233124,0.0,2019
522726,独山县,0.224710257,2451.311325,46.78366089,2.27e-05,2019
650202,独山子区,8.059750832,18008.29637,145.9429474,1.428313573,2019
420505,猇亭区,5.731059178,3186.558802,40.32299042,3.394910275,2019
130929,献县,0.639104013,3813.734147,15.64632797,0.534787835,2019
320102,玄武区,22.83111933,8124.118063,63.1072998,22.108091,2019
520622,玉屏侗族自治县,1.027072745,2410.986811,22.2004509,0.0,2019
361123,玉山县,0.370491998,2943.550206,39.93092728,0.000236,2019
450902,玉州区,6.158354121,11680.87629,54.17456436,2.384509762,2019
632701,玉树市,0.028496692,2096.401415,41.40182877,6.59e-06,2019
150104,玉泉区,12.57136091,12635.3516,83.46408081,3.766819729,2019
331083,玉环市,5.776105981,11471.93541,60.74062347,3.609646684,2019
130229,玉田县,1.653989323,9880.413318,32.07641602,0.874566228,2019
620981,玉门市,0.151421014,10575.27327,85.68829346,0.007653321,2019
530721,玉龙纳西族自治县,0.118777107,3323.310321,69.8634491,0.012267429,2019
610202,王益区,1.958798006,1462.38482,24.19460678,0.937044962,2019
632626,玛多县,0.002021365,241.6018218,10.7366972,0.0,2019
623025,玛曲县,0.012617258,584.8254934,26.36796951,0.0,2019
632621,玛沁县,0.014058048,920.4899201,23.87630463,0.0,2019
652324,玛纳斯县,0.186099293,9614.765215,63.9028511,0.0,2019
621022,环县,0.229685697,10619.47858,66.81929779,0.022946643,2019
451226,环江毛南族自治县,0.053506136,1080.973145,29.70331764,0.0,2019
371002,环翠区,7.405057318,36563.03678,158.4746246,2.44843584,2019
511526,珙县,0.255206062,1326.542094,49.9687233,5.05e-05,2019
360203,珠山区,11.40352619,5879.121467,63.84110641,5.395076382,2019
430405,珠晖区,3.681435752,3573.44697,39.56119537,1.897027299,2019
540627,班戈县,0.001598495,213.2567403,11.76901436,0.0,2019
632622,班玛县,0.011386148,348.9831226,21.6409111,0.0,2019
222404,珲春市,0.279264503,7948.636559,87.33257294,0.004925306,2019
341102,琅琊区,9.517639438,10959.09526,81.23264313,2.223680645,2019
513222,理县,0.031082131,632.6778774,15.20650768,0.0,2019
513334,理塘县,0.014649212,949.8619699,45.26397705,0.000542,2019
469030,琼中黎族苗族自治县,0.091878371,1056.006394,21.33406258,0.0,2019
460107,琼山区,1.333913934,5310.013204,50.90630722,0.0,2019
469002,琼海市,0.638482713,4584.270823,34.42198563,0.001555014,2019
540524,琼结县,0.023483952,110.5424618,6.8589468,0.0,2019
533102,瑞丽市,1.387615139,5783.841098,53.75759888,0.000944,2019
330381,瑞安市,3.752866712,21475.44863,50.43034744,1.125613963,2019
360481,瑞昌市,0.641445844,4260.188983,60.05263519,0.0,2019
360781,瑞金市,0.261325563,2838.44243,24.41582108,0.0,2019
340102,瑶海区,22.42154786,26409.85762,84.34807587,23.7069593,2019
500120,璧山区,2.021766441,8538.078249,58.36875153,0.0,2019
620922,瓜州县,0.035758928,4453.902213,45.30249405,1.61e-05,2019
210281,瓦房店市,1.230577707,23823.71898,310.3866577,0.316875639,2019
522725,瓮安县,0.441598955,3914.537487,79.8787384,0.009087372,2019
330304,瓯海区,7.153805789,15140.70733,53.11978912,2.626715961,2019
210211,甘井子区,11.62082339,30980.47714,130.7114868,6.476914923,2019
230225,甘南县,0.092693617,2657.805521,49.70222855,0.0,2019
513328,甘孜县,0.086581718,2813.560201,84.19512177,0.008077672,2019
620702,甘州区,0.613866964,11590.07068,90.85397339,0.014982867,2019
632623,甘德县,0.009029205,311.2643269,9.013079643,0.0,2019
610627,甘泉县,0.0727149,822.3615995,7.629124641,0.0,2019
513435,甘洛县,0.038021508,374.8140878,7.411018848,0.0,2019
620523,甘谷县,0.256482026,1981.14059,22.1364994,0.0,2019
451022,田东县,0.310444628,3831.936132,45.10871887,0.000173,2019
340403,田家庵区,7.662977266,9079.335872,67.86969757,2.718841867,2019
451029,田林县,0.037651705,912.897047,17.53046799,0.0,2019
451003,田阳区,0.263395562,2743.556064,28.62621498,0.0,2019
540625,申扎县,0.001164605,139.8465959,3.865183115,0.0,2019
440904,电白区,1.930817586,18294.97366,55.38763809,0.630504684,2019
341282,界首市,2.148665657,6906.114762,52.9364624,0.868033641,2019
610729,留坝县,0.035600683,334.6151437,9.604408264,0.0,2019
610727,略阳县,0.054021439,727.033663,12.34854794,0.0,2019
440113,番禺区,19.72306539,44207.04674,65.81237793,16.88712452,2019
653122,疏勒县,0.389421982,4229.606831,21.61690712,0.0,2019
653121,疏附县,0.254827212,3578.971244,37.12054825,0.0,2019
410185,登封市,0.986666808,5848.159894,28.42485237,0.558606024,2019
520113,白云区,6.918331703,8420.043774,42.46539307,2.847953698,2019
440111,白云区,14.36041392,42031.52365,351.1657715,8.887252813,2019
150206,白云鄂博矿区,1.008792457,1335.787587,18.67286873,0.0,2019
211002,白塔区,48.19202616,6389.128739,127.4728394,43.40792465,2019
540228,白朗县,0.010692261,137.4706877,3.889037371,0.0,2019
659012,白杨市,0.287119711,170.0762052,6.955497265,0.0,2019
610527,白水县,0.340641658,1643.577298,45.72051239,0.0,2019
469025,白沙黎族自治县,0.203637144,1834.056738,85.1443634,0.020970302,2019
610929,白河县,0.072309946,496.0856462,14.07867527,0.0,2019
513331,白玉县,0.016271359,783.2560438,44.59272003,0.000268,2019
650204,白碱滩区,1.045220731,7587.790146,72.74333191,0.004190562,2019
620402,白银区,1.066174786,7164.937063,73.10206604,0.023032423,2019
210105,皇姑区,29.96801686,10851.00758,109.113205,26.29303662,2019
620122,皋兰县,0.956745004,9623.207637,44.10266876,0.0,2019
653223,皮山县,0.024495907,4807.34595,53.63311005,0.0,2019
140322,盂县,0.314192465,4032.904252,31.18409348,0.0,2019
533123,盈江县,0.093647652,1783.441306,30.56842422,0.0,2019
510723,盐亭县,0.190414297,1471.705379,21.23662376,0.0,2019
130925,盐山县,0.813853678,3347.297198,11.95899487,0.655142419,2019
640323,盐池县,0.359828954,11911.51947,62.17602158,0.0,2019
530623,盐津县,0.035432715,324.3067471,10.93756485,0.0,2019
140802,盐湖区,2.018914417,11953.5489,57.06448746,0.0,2019
513423,盐源县,0.059581558,2267.908001,52.01487732,0.001467519,2019
440308,盐田区,17.95783626,5839.677083,143.3768616,7.49919073,2019
510422,盐边县,0.098505826,1456.766347,16.37887001,0.0,2019
320903,盐都区,3.97902767,20031.34593,120.2200012,0.780028151,2019
421088,监利市,0.187861077,2791.719485,18.33070183,0.0,2019
210881,盖州市,0.553131772,8500.082233,67.87563324,0.015109257,2019
211122,盘山县,1.253631566,12232.56319,101.4053192,0.008686097,2019
520281,盘州市,0.542129821,9771.836868,73.22169495,0.02289778,2019
530103,盘龙区,3.1197377,11993.38504,99.32498169,0.023337491,2019
320830,盱眙县,0.467492887,5569.119932,30.08163071,0.0,2019
320507,相城区,16.07316332,37248.38989,240.2707825,11.48086489,2019
340603,相山区,9.13899244,6118.895911,48.23527908,3.138234443,2019
610326,眉县,0.576229393,2393.758588,25.21625328,0.0,2019
411422,睢县,0.631631507,2819.251314,16.59087563,0.0,2019
320324,睢宁县,1.226408165,10472.14542,56.16217804,0.479560126,2019
411403,睢阳区,2.685752604,12472.6035,74.61504364,0.708513487,2019
341722,石台县,0.049595483,325.2714917,18.75276184,0.0,2019
360735,石城县,0.210874882,1486.258572,23.01563263,0.0,2019
532525,石屏县,0.092235027,1232.211497,25.17184448,0.0,2019
430204,石峰区,5.911515004,4487.72082,37.45431519,3.328586855,2019
150205,石拐区,0.43093794,1776.846694,45.8885231,0.0,2019
110107,石景山区,22.39038675,9716.198572,55.05059052,22.13113796,2019
530126,石林彝族自治县,0.439227568,3260.188156,27.94630623,0.0,2019
500240,石柱土家族自治县,0.177972271,2484.653431,31.05033493,0.0,2019
511824,石棉县,0.146789745,1805.901268,51.34041977,0.000206,2019
141126,石楼县,0.085220587,723.7005739,5.456722736,0.0,2019
659001,石河子市,4.980910955,12738.67,77.21243286,1.719216786,2019
610922,石泉县,0.105995385,768.6506845,22.33595848,0.0,2019
513332,石渠县,0.010092691,1082.939889,61.14385223,5.23e-05,2019
350581,石狮市,19.96281311,14076.21009,68.16362,16.22283097,2019
430726,石门县,0.114515935,2112.778139,24.83485985,0.0,2019
520623,石阡县,0.133077167,1304.554943,19.13018417,0.0,2019
421081,石首市,0.312685938,2042.214395,18.57530594,0.0,2019
430407,石鼓区,5.020647315,2334.797889,25.96338844,2.335884526,2019
410404,石龙区,1.887931788,325.0870465,19.15170479,1.311282779,2019
140303,矿区,16.7197026,944.5648456,53.59996033,13.76664777,2019
341321,砀山县,0.849973325,4958.661048,41.93968964,0.0,2019
532622,砚山县,0.196459968,3337.958872,37.44203186,0.002032961,2019
420104,硚口区,30.21638526,5697.862295,49.91703033,30.23128982,2019
411725,确山县,0.52099089,3992.949777,29.88066673,0.0,2019
623026,碌曲县,0.02080922,437.8958399,21.18427658,0.0,2019
610103,碑林区,52.08995907,5796.488936,132.4014435,47.62794018,2019
520602,碧江区,1.426631281,6560.562553,55.43028259,0.0,2019
230207,碾子山区,0.188747298,336.6792884,8.989084244,0.0,2019
130427,磁县,0.875654226,2949.399169,28.93123436,0.0,2019
330727,磐安县,0.347257771,1907.534597,16.7727375,0.0,2019
220284,磐石市,0.189363022,4005.828446,56.84384537,1.3e-05,2019
150822,磴口县,0.095047644,1842.685689,35.27928543,0.0,2019
621226,礼县,0.044913491,928.3435453,19.01416016,0.0,2019
610425,礼泉县,0.414835398,2039.548811,16.76752281,0.0,2019
411327,社旗县,0.350522534,1933.516664,14.65030384,0.0,2019
430426,祁东县,0.200535573,1684.90539,23.97143936,0.0,2019
140727,祁县,0.678805771,2920.129256,27.27794838,0.0,2019
632222,祁连县,0.006560016,465.4574561,5.392293453,0.0,2019
341024,祁门县,0.040285889,414.0195035,7.534264565,0.0,2019
431181,祁阳市,0.232857462,2654.386036,45.23911667,4.66e-05,2019
429021,神农架林区,0.014329067,217.0715935,5.72977066,0.0,2019
610881,神木市,0.637665023,24677.96146,85.89920807,0.022484452,2019
140927,神池县,0.315095889,2397.884662,54.32889175,0.0,2019
532923,祥云县,0.419408915,4535.027475,66.01114655,0.02513083,2019
410212,祥符区,0.757617986,4618.685842,21.54590225,0.0,2019
532302,禄丰市,0.218478191,3441.283395,30.3833046,0.0,2019
530128,禄劝彝族苗族自治县,0.097477299,1851.552247,28.39957237,0.0,2019
440604,禅城区,18.79073038,12571.95659,83.55366516,18.74136807,2019
350981,福安市,0.838449385,6732.75185,35.7865448,3.17e-05,2019
370611,福山区,5.383717054,25236.90208,137.0174408,1.396748046,2019
522702,福泉市,0.402170548,3058.172665,38.70921326,0.0,2019
654323,福海县,0.025761945,4834.787541,74.78273773,0.001918623,2019
350181,福清市,3.582199692,26347.78113,110.7674484,1.732902816,2019
440304,福田区,37.48610671,12012.45965,106.3642807,34.27566092,2019
450903,福绵区,0.384701789,1390.62757,19.09296989,0.0,2019
533323,福贡县,0.026716632,330.2577028,11.84941101,0.0,2019
350982,福鼎市,1.347190813,9032.777043,58.30650711,0.435964232,2019
340304,禹会区,4.588881248,7166.068939,63.9202652,1.111308949,2019
371482,禹城市,0.659218918,3269.593989,14.7196703,0.0,2019
411081,禹州市,1.125036289,8016.863002,37.12851715,0.631211091,2019
410205,禹王台区,7.418469487,2228.566418,51.16410828,3.867806099,2019
810110,离岛区,12.38923288,8692.480131,163.5222626,3.404381597,2019
141102,离石区,1.048228805,7024.670397,44.22023392,0.0,2019
500241,秀山土家族苗族自治县,0.498687276,5598.396343,118.0557404,0.007663516,2019
350305,秀屿区,5.366352448,13481.85569,55.79346848,3.87862007,2019
450302,秀峰区,9.848610336,1931.56353,54.86397934,6.141278863,2019
330411,秀洲区,6.673707522,17446.14449,56.51711655,3.622541185,2019
460105,秀英区,6.553001354,13804.34707,83.50072479,1.733763472,2019
150502,科尔沁区,1.2426189,24121.25515,142.0447235,0.184751051,2019
152222,科尔沁右翼中旗,0.031413433,2277.775855,24.42771339,0.0,2019
152221,科尔沁右翼前旗,0.058555288,5686.082659,53.23237991,1.06e-05,2019
150521,科尔沁左翼中旗,0.074655398,3977.769877,20.35326004,0.0,2019
150522,科尔沁左翼后旗,0.056387797,3559.200648,36.49520874,4.19e-06,2019
620522,秦安县,0.106770331,837.3988654,10.62554073,0.0,2019
620502,秦州区,0.486045187,5594.496377,67.52975464,0.017306676,2019
320104,秦淮区,31.26150519,7415.351624,58.58423996,32.69793892,2019
610402,秦都区,12.68963232,15907.37473,51.7752037,9.625775199,2019
420527,秭归县,0.075138892,798.4070065,16.72508812,0.0,2019
622927,积石山保安族东乡族撒拉族自治县,0.114785173,519.4438722,10.50952816,0.0,2019
632723,称多县,0.016394358,1158.177101,40.57956314,7.07e-06,2019
140824,稷山县,0.718863567,2440.6292,22.24893951,0.0,2019
513337,稻城县,0.021164945,685.3046662,40.32905197,0.000556,2019
231085,穆棱市,0.032625391,1099.806651,48.56394958,3e-05,2019
152224,突泉县,0.108824308,2981.334948,20.13794518,0.0,2019
210304,立山区,11.41151645,11226.06812,84.8875885,6.714361835,2019
210802,站前区,6.974613295,3148.969524,54.60945129,1.365430821,2019
130602,竞秀区,10.37863607,8143.037157,54.86279297,5.871032997,2019
370114,章丘区,2.502686415,21446.02043,61.5904541,1.124022653,2019
360702,章贡区,5.850641364,15452.09449,53.23944855,1.625984947,2019
441202,端州区,12.64715773,8387.545413,57.09672546,6.139800495,2019
420323,竹山县,0.030973349,530.1923149,4.982747078,0.0,2019
420324,竹溪县,0.043253509,672.2699557,15.87263298,0.0,2019
653225,策勒县,0.01854967,2942.490938,48.38453293,0.0,2019
511527,筠连县,0.110668539,637.5210908,21.41252327,0.0,2019
510185,简阳市,1.023906841,10531.64879,74.63865662,0.000351,2019
410104,管城回族区,20.48784935,21475.76541,88.4682312,15.76314814,2019
650109,米东区,1.567888009,29894.00453,218.4641876,0.016652901,2019
510421,米易县,0.301732497,2863.78099,56.173172,0.000891,2019
540422,米林市,0.00634884,277.5918582,14.33232021,0.0,2019
610827,米脂县,0.421120282,2500.539571,40.13580704,0.0,2019
540323,类乌齐县,0.011198231,333.4871797,19.28774261,0.0,2019
652722,精河县,0.073242686,4271.236281,41.22372055,0.0,2019
540626,索县,0.006919451,190.9796521,13.56133747,0.0,2019
520425,紫云苗族布依族自治县,0.428089165,4294.098616,87.3742981,0.003667479,2019
441621,紫金县,0.389083347,6194.499845,41.1436348,0.0,2019
610924,紫阳县,0.038100293,400.6580468,8.739127159,0.0,2019
500110,綦江区,0.516922531,6496.633724,58.6164856,0.0,2019
140924,繁峙县,0.212472887,2603.157818,34.77790451,0.000207,2019
340212,繁昌区,1.93335229,5305.133847,34.43003082,0.871022357,2019
513233,红原县,0.020438119,808.8290057,37.72648621,6.88e-05,2019
620111,红古区,0.767215954,2031.34715,35.5491066,0.0,2019
530402,红塔区,2.897826119,12152.76681,142.8260193,0.163746203,2019
421122,红安县,0.221170039,1859.63932,13.83355713,0.0,2019
640303,红寺堡区,0.265221114,3688.133604,63.24716568,0.0,2019
150402,红山区,4.755098661,12523.54996,96.26161957,0.740416201,2019
230605,红岗区,3.73808428,13774.53273,53.42612457,1.620623813,2019
410702,红旗区,11.59705325,8798.297735,38.18404007,8.9083301,2019
120106,红桥区,44.36202124,5528.725628,95.820755,41.8525238,2019
532529,红河县,0.060287325,534.9748231,10.26195526,0.0,2019
520302,红花岗区,2.099803343,13379.51047,54.25975418,0.0,2019
360113,红谷滩区,6.486918637,11902.14744,89.71341705,0.732220037,2019
510503,纳溪区,0.239601651,1265.199133,13.28647614,0.0,2019
520525,纳雍县,0.180961446,1999.021481,24.25123978,0.0,2019
210911,细河区,11.05391334,5878.384417,126.7509308,4.230819219,2019
520524,织金县,0.284039889,3660.576873,68.11953735,0.008123903,2019
140826,绛县,0.343794694,1654.727003,31.25482368,0.0,2019
211421,绥中县,0.46791666,6841.42049,59.31754303,0.0,2019
430527,绥宁县,0.0205431,269.6151383,8.603685379,0.0,2019
610826,绥德县,0.331048086,3104.587127,54.05693817,0.0,2019
231226,绥棱县,0.038277928,978.4236148,20.42486191,0.0,2019
530626,绥江县,0.143619536,496.8993756,17.75232315,0.0,2019
230422,绥滨县,0.070498214,1401.203416,24.07032776,0.0,2019
231081,绥芬河市,1.229958766,2849.689053,50.63833618,0.0,2019
520323,绥阳县,0.154572215,1791.436815,41.72387314,0.0,2019
341824,绩溪县,0.161779533,829.0959987,11.53003979,0.0,2019
533423,维西傈僳族自治县,0.059681574,927.2159739,27.68517876,0.0,2019
510683,绵竹市,0.759435031,4444.041066,39.70930099,0.0,2019
220106,绿园区,17.19127619,27113.87855,121.3612671,7.267210474,2019
532531,绿春县,0.023965291,323.5947697,6.498703957,0.0,2019
331122,缙云县,0.591142599,4033.532863,32.56595612,9.5e-05,2019
451225,罗城仫佬族自治县,0.075701638,887.693147,19.91311264,0.0,2019
445381,罗定市,0.498069547,5068.23266,47.49887085,0.000354,2019
411521,罗山县,0.199197263,1952.4597,14.96648502,0.0,2019
530324,罗平县,0.358850301,4796.411415,55.82076645,0.000882,2019
371311,罗庄区,4.629321786,12897.50835,91.59614563,2.235557572,2019
510604,罗江区,0.774108351,1636.04309,25.91831207,0.0,2019
440303,罗湖区,22.70922506,7774.124711,112.8928986,12.34800468,2019
350123,罗源县,1.120783026,5363.197308,40.91088104,0.0,2019
421123,罗田县,0.175696781,1754.296526,21.62538719,0.0,2019
522728,罗甸县,0.093687725,1247.920863,27.39690018,0.0,2019
460108,美兰区,5.642739472,12378.26736,121.3056717,1.222541334,2019
513436,美姑县,0.016395478,188.167233,12.54392624,0.0,2019
440229,翁源县,0.369992437,3543.590234,27.56558228,0.0,2019
150426,翁牛特旗,0.049295514,3202.852896,33.07644272,4.34e-05,2019
350213,翔安区,14.69909172,24014.5114,91.74053955,8.287920167,2019
511502,翠屏区,1.299086905,8887.124837,47.63935471,0.0,2019
141022,翼城县,0.268195103,1547.947458,26.1467247,0.0,2019
610204,耀州区,0.850432787,6719.332812,41.10532379,4.39e-05,2019
410302,老城区,12.88430567,3274.028387,38.3420372,9.053940773,2019
420682,老河口市,0.288480906,1456.400944,10.02157402,0.0,2019
210811,老边区,5.727287569,6518.259672,61.99328232,2.878950839,2019
430481,耒阳市,0.27648359,3285.104291,31.93970108,0.0,2019
530926,耿马傣族佤族自治县,0.1430389,2344.559588,39.47219849,0.002257773,2019
540235,聂拉木县,0.005949361,214.0606384,4.265445232,0.0,2019
540623,聂荣县,0.002609764,111.2413765,6.514745235,0.0,2019
620923,肃北蒙古族自治县,0.004023646,1173.14474,29.99793053,0.0,2019
620721,肃南裕固族自治县,0.00735846,765.2067621,21.23577881,0.0,2019
130926,肃宁县,1.883079911,4975.577125,57.00037384,0.872769429,2019
620902,肃州区,0.465133762,8106.394979,54.80281067,0.0,2019
231282,肇东市,0.230619637,5748.476624,33.47277069,0.0,2019
230621,肇州县,0.449304078,6303.249913,63.64371109,0.0,2019
230622,肇源县,0.148629121,3547.712995,30.95536804,0.0,2019
340122,肥东县,1.832116067,18872.68508,72.76602936,0.013781938,2019
130407,肥乡区,1.668855308,4190.083374,27.31429863,0.942498708,2019
370983,肥城市,0.944232019,5989.104476,66.77397156,0.013646921,2019
340123,肥西县,2.453686788,19623.72093,50.85136032,0.0,2019
659010,胡杨河市,0.141292794,526.627611,6.651830196,0.0,2019
370281,胶州市,3.32133161,21476.72008,53.48300934,1.616617162,2019
530581,腾冲市,0.244953458,6188.203483,42.83654022,0.002754558,2019
510302,自流井区,4.678013082,3341.293775,45.01133728,0.0,2019
220283,舒兰市,0.191952279,4868.262096,72.0275116,0.010366948,2019
341523,舒城县,0.561922107,5573.341779,31.6501255,0.0,2019
410481,舞钢市,1.040756956,3131.596866,30.71058846,0.56576244,2019
411121,舞阳县,0.604591414,2253.290861,37.18127441,0.0,2019
623023,舟曲县,0.023132003,337.3401719,6.706711769,0.0,2019
510903,船山区,3.787676463,10782.29689,59.81851959,0.0,2019
220204,船营区,2.355245391,7686.486495,118.0199432,0.011917721,2019
450108,良庆区,1.968426615,11707.98537,56.03016281,0.0,2019
540602,色尼区,0.035848937,2725.503028,61.45391464,4.18e-05,2019
513333,色达县,0.028500181,1185.442338,40.5930481,0.000225,2019
533103,芒市,0.340661692,4357.180602,36.48387909,0.001637627,2019
540328,芒康县,0.027511263,1471.184199,62.85969925,0.000543,2019
350602,芗城区,8.818848411,10109.47823,67.98641205,2.716104021,2019
430102,芙蓉区,31.45701514,6058.991198,99.25997162,30.80465851,2019
370602,芝罘区,13.23248939,10807.25949,81.96424103,11.29895608,2019
511826,芦山县,0.154534594,858.5178482,30.61377525,0.0,2019
430203,芦淞区,3.833015419,3793.753316,58.82333755,0.883453626,2019
360323,芦溪县,0.200293627,877.6199073,11.28070831,0.0,2019
140830,芮城县,0.300332293,1702.059661,17.16373444,0.0,2019
433124,花垣县,0.243485557,1234.305633,25.60078049,0.0,2019
340503,花山区,11.10832192,9847.418481,79.48085022,5.256196931,2019
520111,花溪区,4.450696617,19296.31808,71.75476074,1.771595102,2019
710003,花莲县,0.719709935,14523.31185,54.6456871,0.000421,2019
440114,花都区,7.979443161,33810.21494,351.1657715,2.90386028,2019
431228,芷江侗族自治县,0.124644324,1182.796427,20.52860641,0.0,2019
330327,苍南县,2.930627719,13492.44912,61.06576157,1.119961802,2019
450421,苍梧县,0.04161235,507.1352606,7.131639004,0.0,2019
510824,苍溪县,0.258938215,2851.534245,31.95154381,0.0,2019
431003,苏仙区,0.627468761,3754.16774,35.28700638,0.0,2019
210111,苏家屯区,3.336390174,13964.20594,80.24763489,1.230255116,2019
152524,苏尼特右旗,0.013641111,1673.220146,17.83331871,0.0,2019
152523,苏尼特左旗,0.003727041,710.2105992,13.72321129,0.0,2019
710007,苗栗县,2.772500225,22132.69533,50.47732925,0.873811347,2019
513232,若尔盖县,0.012854781,639.8529849,18.74963188,0.0,2019
652824,若羌县,0.003348616,3407.899354,34.32912445,0.0,2019
653123,英吉沙县,0.200818163,3537.623786,38.60898209,0.0,2019
421124,英山县,0.125743247,842.8249316,13.30275726,0.0,2019
441881,英德市,0.513843787,12761.22178,69.53590393,0.017251774,2019
440902,茂南区,5.080812126,10680.44491,55.90017319,2.13118536,2019
513223,茂县,0.073932381,1360.518178,41.31727982,2.75e-05,2019
410926,范县,1.420598309,4335.771888,24.80586624,0.93612394,2019
230904,茄子河区,0.228588378,2052.908302,36.11725616,3.11e-05,2019
420302,茅箭区,1.778386359,4540.43657,42.92620087,0.0,2019
371503,茌平区,1.391312057,6962.692973,33.44854736,0.640535364,2019
632803,茫崖市,0.021676474,5523.082075,434.8623962,0.007933323,2019
430224,茶陵县,0.115631809,1306.297983,20.0554409,0.0,2019
810117,荃湾区,15.83296552,3869.638862,93.64214325,6.687604381,2019
421003,荆州区,1.145915161,5556.111212,58.78356552,0.0,2019
350304,荔城区,8.814521261,10918.59934,68.39971161,5.775000721,2019
522722,荔波县,0.142812093,1524.427801,33.36446762,0.0,2019
450381,荔浦市,0.28585032,2220.131057,79.39311218,0.011824819,2019
440103,荔湾区,30.52088069,8322.026803,69.39104462,29.42965871,2019
510321,荣县,0.28742289,2125.077484,36.45429611,0.0,2019
371082,荣成市,2.272921012,16993.80146,68.63528442,0.760603322,2019
500153,荣昌区,0.882671274,4431.477094,53.57081985,0.0,2019
511822,荥经县,0.080658078,661.1213736,16.16523933,0.0,2019
410182,荥阳市,2.181825864,10031.35938,29.26464462,1.188689575,2019
430202,荷塘区,6.2340631,4258.256254,53.07336044,2.102439954,2019
653125,莎车县,0.295093423,13483.44109,53.60904694,0.0,2019
371327,莒南县,1.723137375,14659.35133,238.1042786,0.373802505,2019
371122,莒县,0.921256745,8277.318439,18.97096062,0.567926104,2019
371522,莘县,0.85512829,5874.64416,16.79178619,0.685911783,2019
150722,莫力达瓦达斡尔族自治旗,0.029237176,1844.414032,24.9485302,0.0,2019
370613,莱山区,6.885650873,11388.73153,47.92549133,2.628715721,2019
370683,莱州市,0.918040849,8730.320067,57.01172638,0.637205121,2019
370116,莱芜区,1.452657002,12548.58667,42.01289749,0.0,2019
370285,莱西市,1.038082342,8148.958597,21.29804993,0.686766995,2019
370682,莱阳市,0.87153702,7526.809028,25.90734673,0.460970442,2019
130606,莲池区,15.6651059,14183.37118,84.20220184,11.7989174,2019
610104,莲湖区,39.25894889,7234.731475,119.7456131,38.39208221,2019
360321,莲花县,0.178455432,855.6539046,12.25234795,0.0,2019
629800,莲花山风景林自然保护区,0.091816595,49.97199188,3.399985075,0.0,2019
331102,莲都区,1.991830229,13596.32688,65.15281677,0.008949409,2019
410724,获嘉县,1.055955373,2440.515777,15.16511345,0.841941352,2019
230421,萝北县,0.057960305,2342.534592,17.20650482,0.0,2019
511322,营山县,0.726627599,5565.588419,73.69644165,0.004466491,2019
341322,萧县,0.807654001,7293.904283,48.86006546,0.0,2019
330109,萧山区,11.15576402,53151.0033,262.5203247,6.954872307,2019
540236,萨嘎县,0.003348833,191.5313265,4.428582668,0.0,2019
230602,萨尔图区,8.25198399,23712.44814,123.3015442,3.251509982,2019
540224,萨迦县,0.017814586,469.2414351,29.10841942,0.0,2019
810111,葵青区,67.17809437,6504.420196,168.6358185,55.40622218,2019
341622,蒙城县,0.851036002,8751.563649,42.02484512,0.0,2019
450423,蒙山县,0.121935921,687.4838079,16.09570503,0.0,2019
532503,蒙自市,0.97803298,9302.11003,74.85366821,0.017082832,2019
371328,蒙阴县,0.382968065,3033.584658,9.207570076,0.0,2019
141033,蒲县,0.194302204,1464.589817,13.9350462,0.0,2019
610526,蒲城县,1.015388696,7849.830645,241.047699,0.203077865,2019
510131,蒲江县,0.612131021,1651.140612,43.23592758,0.0,2019
430408,蒸湘区,8.450864849,4220.726453,40.66252518,4.3809065,2019
431127,蓝山县,0.134565839,1074.793719,21.98004913,0.0,2019
610122,蓝田县,0.521590117,5066.982079,57.98836136,3.44e-05,2019
120119,蓟州区,1.631286612,13585.98183,28.77122688,0.936422665,2019
511323,蓬安县,0.340388265,2133.405477,38.36325073,0.0,2019
440703,蓬江区,8.566217228,12091.73631,39.00514221,6.368522361,2019
510921,蓬溪县,0.433424995,2533.304506,45.85277176,0.0,2019
370614,蓬莱区,2.003467552,11901.2258,239.6509705,0.260335982,2019
130726,蔚县,0.169785206,2833.514671,18.05025864,0.0,2019
420114,蔡甸区,4.626223453,23564.24063,90.30303955,1.250478971,2019
350902,蕉城区,1.899688276,12084.75895,60.29880905,0.000121,2019
441427,蕉岭县,0.508521442,2155.018151,19.59588623,0.0,2019
421126,蕲春县,0.202837935,2249.654057,41.35375214,0.00021,2019
370403,薛城区,3.28307702,8120.040832,37.07795334,1.620753147,2019
130109,藁城区,3.180988749,13135.97412,65.68054962,1.720711996,2019
450422,藤县,0.219524996,3793.851641,31.068367,0.0,2019
320505,虎丘区,20.92187577,39287.09831,77.22579193,19.67973884,2019
230381,虎林市,0.063821122,3414.512618,41.42352295,4.53e-06,2019
411425,虞城县,0.977973444,7360.588648,39.60436249,0.636644578,2019
310109,虹口区,39.47806713,4455.757844,97.79977417,36.23722502,2019
340303,蚌山区,15.76118987,6710.867414,52.70807648,11.39549594,2019
220281,蛟河市,0.059753708,2104.35195,26.06804848,0.0,2019
340104,蜀山区,11.4044723,35407.97947,96.45925903,2.717871317,2019
450224,融安县,0.078289172,1005.149456,18.55652046,0.0,2019
450225,融水苗族自治县,0.110074904,2260.632037,33.05442429,0.000118,2019
130635,蠡县,1.217145961,4066.608756,18.95998383,0.934925321,2019
130125,行唐县,0.466265904,2299.031005,22.47662544,0.0,2019
430424,衡东县,0.128782602,1119.858658,9.091152191,0.0,2019
430422,衡南县,0.176323662,2074.438205,16.36387253,0.0,2019
430423,衡山县,0.262230307,1103.858992,22.22092628,0.0,2019
430421,衡阳县,0.162743377,1881.029438,15.19773293,0.0,2019
330803,衢江区,0.672303632,5387.374649,23.81452179,0.0,2019
360902,袁州区,0.688198637,7941.682725,42.09460068,0.0,2019
130108,裕华区,28.15166991,15240.6517,72.71117401,26.77916726,2019
341503,裕安区,1.171329728,10529.25288,62.92474747,0.0,2019
654225,裕民县,0.016163098,565.0109312,8.320051193,0.0,2019
140423,襄垣县,1.43601817,8442.519765,415.0962524,0.316673349,2019
420602,襄城区,1.580581024,4967.505827,26.81366158,0.0,2019
411025,襄城县,1.37281066,6052.646831,47.38215637,0.63905402,2019
420607,襄州区,1.140402019,13604.24924,34.97135925,0.0,2019
141023,襄汾县,0.875778024,4476.826142,45.227108,0.438063529,2019
130502,襄都区,6.391361214,11411.18644,55.02143478,3.120766267,2019
211223,西丰县,0.114808447,1670.967158,34.5192337,0.0,2019
152526,西乌珠穆沁旗,0.039026912,4935.922358,48.70781708,3.95e-06,2019
610724,西乡县,0.113459614,1751.091185,27.85085487,0.0,2019
450107,西乡塘区,3.035408325,14240.10035,51.93740845,0.0,2019
511325,西充县,0.409039205,2119.870541,41.63209152,0.0,2019
510403,西区,2.673943896,1465.541462,83.10020447,1.222337542,2019
411622,西华县,0.674657274,3939.792112,23.04625893,0.0,2019
640422,西吉县,0.080665422,1248.832329,16.16241264,0.0,2019
621225,西和县,0.177739721,1592.717274,28.88510513,0.0,2019
620104,西固区,4.843607836,8637.748313,110.2974091,1.221481188,2019
110102,西城区,43.92706952,11495.4557,187.7442169,40.38740412,2019
420203,西塞山区,3.593396571,1922.918101,27.41088295,1.802916235,2019
640105,西夏区,3.427686995,15490.84665,103.609726,0.002562421,2019
231005,西安区,2.188714039,4298.660122,141.5588989,0.106181573,2019
220403,西安区,1.461979869,1439.969905,56.64011002,0.0,2019
530112,西山区,4.661221533,18184.99722,100.5569458,0.767926785,2019
210203,西岗区,35.9067059,4752.921376,103.4617691,29.56011923,2019
411323,西峡县,0.167385541,2774.84988,19.59703445,0.0,2019
621002,西峰区,1.654324127,8158.594617,110.9260559,0.014901308,2019
410303,西工区,14.21300225,3555.75874,43.96759415,9.115193367,2019
210803,西市区,8.979984247,13052.56557,93.99356842,3.224775431,2019
411721,西平县,1.114327742,5888.256367,33.2744751,0.0,2019
513401,西昌市,0.83191752,10042.21014,82.82292938,0.016078624,2019
451030,西林县,0.025813722,335.2933253,12.00645733,0.0,2019
460321,西沙区,0.012833484,47.76200144,6.032749653,0.0,2019
360103,西湖区,28.4845108,4538.978871,96.16407013,26.33248929,2019
330106,西湖区,16.02570546,22960.68809,63.8466568,10.13442215,2019
532623,西畴县,0.115637136,756.8436934,20.76944351,0.0,2019
530829,西盟佤族自治县,0.044187149,241.6586517,9.908558846,0.0,2019
520402,西秀区,1.696918238,13138.16653,86.77741241,0.00258754,2019
810113,西贡区,8.441686217,4655.275454,66.78712463,2.204724474,2019
420502,西陵区,17.19924218,4919.994983,44.76954651,16.4145981,2019
120111,西青区,13.9951704,40246.70733,71.46822357,9.287166282,2019
450804,覃塘区,0.520512375,3077.985632,22.1693821,0.0,2019
810104,观塘区,66.08937889,3366.670713,104.1967087,67.48095703,2019
520115,观山湖区,9.50982339,13011.63871,82.95942688,2.224802513,2019
410802,解放区,9.378446323,3149.613279,38.2106781,5.624932946,2019
230604,让胡路区,3.657578867,25346.4765,225.5806274,0.053541521,2019
230281,讷河市,0.088088605,3539.611911,41.07213211,0.0,2019
350624,诏安县,1.183741922,6613.533623,43.2616806,0.625195256,2019
370782,诸城市,1.257166105,13404.84665,44.57408905,0.632425414,2019
330681,诸暨市,1.843064749,19703.54751,40.76871109,0.639243298,2019
211281,调兵山市,2.688261239,3828.210511,42.29604721,0.864896985,2019
340404,谢家集区,1.537361079,1973.332566,26.13616371,0.0,2019
540227,谢通门县,0.004664552,301.5607196,4.080149651,0.0,2019
341602,谯城区,2.446395165,26822.5644,69.74045563,0.006700913,2019
420625,谷城县,0.108616655,1311.185757,10.3679781,0.0,2019
450304,象山区,6.445907291,2578.362916,54.86397934,3.386437992,2019
330225,象山县,2.577735585,14187.03785,51.79098129,1.118419106,2019
451322,象州县,0.226289488,1909.934745,24.94065094,0.0,2019
522325,贞丰县,0.380448967,2558.040388,47.91924286,0.0,2019
510303,贡井区,0.531399911,996.7103446,20.94137001,0.0,2019
540522,贡嘎县,0.081436496,892.452656,102.7474289,0.008711567,2019
533324,贡山独龙族怒族自治县,0.009060893,179.8533703,11.93708324,0.0,2019
540322,贡觉县,0.016643045,491.1839111,37.17096329,0.000507,2019
632525,贵南县,0.008740121,287.9585375,3.195177078,0.0,2019
522723,贵定县,0.241343543,1760.861418,27.66410637,0.0,2019
632523,贵德县,0.134143328,2333.248534,67.6052475,0.007717461,2019
341702,贵池区,0.61505511,7181.841736,31.43432617,0.0,2019
360681,贵溪市,0.407488562,4613.040588,35.86135864,0.000236,2019
371325,费县,0.801893714,6532.075248,28.28912163,0.0,2019
640122,贺兰县,1.029425345,6383.159757,50.3062706,0.0,2019
320305,贾汪区,3.448918577,12640.24601,40.10512924,1.62212908,2019
511025,资中县,0.246127293,1977.445551,29.25986099,0.0,2019
431081,资兴市,0.183593314,2236.655429,22.86161613,0.0,2019
450329,资源县,0.062683094,542.3624,9.740967751,0.0,2019
361028,资溪县,0.100023394,564.1456726,15.96261978,0.0,2019
430902,资阳区,0.5502356,1442.769531,44.87255859,0.0,2019
150105,赛罕区,6.35393108,34243.10373,169.5497742,1.424166695,2019
130129,赞皇县,0.330434362,1409.870124,9.172189713,0.0,2019
360704,赣县区,0.22222098,2966.576012,39.55799484,4.01e-05,2019
320707,赣榆区,1.710630229,11707.77466,36.63211441,0.868181474,2019
440802,赤坎区,17.64517651,4772.086091,54.31073761,16.1515464,2019
130732,赤城县,0.057907826,1614.383899,10.80683327,0.0,2019
421281,赤壁市,0.487387718,3851.794558,38.20246506,0.0,2019
520381,赤水市,0.219951291,1848.871735,21.01064873,0.0,2019
430903,赫山区,1.102096629,6451.003764,44.87255859,0.0,2019
520527,赫章县,0.123637467,1804.562038,36.47206879,0.000256,2019
130133,赵县,0.801887067,2737.683326,16.93389702,0.688602848,2019
330602,越城区,9.077286432,22409.61318,66.03190613,6.252601292,2019
440104,越秀区,38.57155994,5652.926816,82.20401764,38.21746572,2019
513434,越西县,0.045616629,470.3564646,13.23821449,0.0,2019
130203,路北区,22.15828443,18854.44077,95.51990509,17.65770238,2019
130202,路南区,9.127069866,9509.905706,93.00057983,1.713474013,2019
331004,路桥区,11.41999429,16379.80978,90.55451965,7.681412738,2019
652822,轮台县,0.105489369,8031.932827,84.19599152,0.004754318,2019
220523,辉南县,0.232240621,2871.673497,52.95637512,0.0,2019
410782,辉县市,0.976306137,8147.879641,35.54866028,5.61e-05,2019
130181,辛集市,1.652820517,7996.170655,61.83597946,0.638992204,2019
431223,辰溪县,0.095147384,859.7808632,22.04955673,0.0,2019
540330,边坝县,0.009888605,405.7329723,23.10704422,0.0,2019
210115,辽中区,0.730918551,6440.174946,31.16154861,0.571142845,2019
211021,辽阳县,0.481723697,6340.043026,99.31282806,0.009834455,2019
650107,达坂城区,0.121606971,3197.411128,26.86191177,0.0,2019
540104,达孜区,0.240509138,1513.826761,44.01288605,0.000431,2019
150223,达尔罕茂明安联合旗,0.019279253,1813.873011,24.0836277,0.0,2019
511703,达川区,0.488355267,5144.702083,49.02519226,0.0,2019
150621,达拉特旗,0.231385677,9996.090835,82.80727386,0.016324598,2019
632624,达日县,0.00299849,209.1579693,8.478573799,0.0,2019
130283,迁安市,2.455938965,15777.70314,56.51551819,1.117576589,2019
130227,迁西县,0.721222202,5520.039581,48.17567062,0.0,2019
340802,迎江区,5.404733163,5157.72626,34.81383133,1.88286224,2019
140106,迎泽区,19.02071203,10143.41006,198.9926758,2.484120133,2019
130903,运河区,11.24207475,6836.283614,51.61248398,8.328330199,2019
360124,进贤县,0.205582377,1828.901946,16.53951073,0.0,2019
420525,远安县,0.19807435,1622.898492,17.68170357,0.0,2019
320703,连云区,5.487919069,21077.18175,102.8596802,2.254656469,2019
441826,连南瑶族自治县,0.147747727,811.7109497,18.89297485,0.0,2019
350825,连城县,0.316349201,3630.22618,36.44995499,0.000775,2019
211402,连山区,1.279192073,7851.224451,92.73204803,0.028955051,2019
441825,连山壮族瑶族自治县,0.112513821,604.7878183,15.35510349,0.0,2019
441882,连州市,0.274840309,3212.542628,28.82009697,0.0,2019
441623,连平县,0.258239146,2567.273837,23.00118065,0.0,2019
350122,连江县,2.128640271,10832.70877,51.09886551,0.875313887,2019
623024,迭部县,0.025213322,576.3751534,17.42092705,0.0,2019
231123,逊克县,0.011276215,1167.291228,26.48386765,0.0,2019
220521,通化县,0.105396768,2093.210395,53.67710114,9.31e-05,2019
421222,通城县,0.322161645,1643.236639,21.62970161,0.0,2019
421224,通山县,0.08780249,972.3812483,11.84668636,0.0,2019
511702,通川区,1.180992492,4907.936181,71.69760895,0.00951076,2019
110112,通州区,10.18571917,48809.20733,106.0586472,5.249596705,2019
320612,通州区,5.281901592,35419.70711,113.423027,2.741550786,2019
220822,通榆县,0.054483116,2609.45432,30.5744915,0.0,2019
511921,通江县,0.060781942,1180.133835,20.47279167,0.0,2019
230128,通河县,0.027494099,900.3005178,15.02896976,0.0,2019
530423,通海县,0.724837907,2352.593603,35.96625519,0.001358437,2019
621121,通渭县,0.059852758,854.8107582,8.970909119,0.0,2019
410222,通许县,0.643054389,2404.753583,14.70014286,0.0,2019
431230,通道侗族自治县,0.077350782,772.9578702,21.25811005,0.0,2019
360827,遂川县,0.091471285,1291.503882,24.35590744,0.0,2019
411728,遂平县,0.688802276,3442.404176,26.34984016,0.0,2019
331123,遂昌县,0.197535539,2288.955066,30.73345566,0.0,2019
440823,遂溪县,0.904278951,7926.302887,37.69836044,0.0,2019
431124,道县,0.142544219,1558.439854,17.61938095,0.0,2019
230104,道外区,3.491589404,12264.25571,112.0983963,0.002229832,2019
513326,道孚县,0.026604293,873.6044227,35.1444397,0.000519,2019
520325,道真仡佬族苗族自治县,0.164411817,1623.832977,30.45256996,0.0,2019
230102,道里区,10.70099117,28293.16886,339.3208008,0.719739604,2019
130281,遵化市,0.973202784,7759.02903,27.38868141,0.568355418,2019
411381,邓州市,0.683193034,7654.596568,34.59917831,0.0,2019
450109,邕宁区,1.433050527,7687.208977,48.16700745,0.0,2019
321003,邗江区,8.597159389,26150.90686,59.97626877,3.620735388,2019
510183,邛崃市,0.532719997,3405.979769,27.55929756,0.0,2019
451026,那坡县,0.059777699,587.131406,14.76606941,0.0,2019
130402,邯山区,4.295585384,9196.241872,53.05208969,2.121303189,2019
130430,邱县,0.547621625,1235.176682,7.032564163,0.0,2019
320382,邳州市,1.573754577,15944.96045,59.64752579,0.651083529,2019
430582,邵东市,0.379916116,3044.324454,39.06092453,7.2e-05,2019
350781,邵武市,0.312267795,4029.083598,41.08884048,0.000852,2019
430523,邵阳县,0.129210558,1166.798702,12.58439922,0.0,2019
370883,邹城市,1.446836619,11461.14748,41.20362091,0.869144314,2019
371681,邹平市,2.123584323,13389.32407,49.34147263,0.873072909,2019
511623,邻水县,0.260604143,2313.22355,49.79498291,0.0,2019
445322,郁南县,0.269966751,2304.391724,19.42264938,0.0,2019
230811,郊区,0.551128501,5349.484487,66.41802979,0.013344452,2019
340711,郊区,0.817002187,2207.982053,19.28189659,0.0,2019
140311,郊区,2.177323144,6932.912816,47.43875122,0.87173403,2019
341821,郎溪县,0.778990116,4018.528964,27.02301025,0.0,2019
410425,郏县,0.797520501,2795.112321,22.12129974,0.570160732,2019
371725,郓城县,0.997766605,8037.033482,60.77841187,0.637660323,2019
420322,郧西县,0.055125604,929.3571531,13.41862583,0.0,2019
420304,郧阳区,0.139410914,2548.988053,14.7166729,0.0,2019
510117,郫都区,10.02593686,20476.50163,59.07097626,4.598216526,2019
371322,郯城县,1.393333886,8012.14522,50.52870178,0.866867704,2019
411625,郸城县,0.931874758,6682.240008,65.94530487,0.020293082,2019
632822,都兰县,0.007810844,1755.855789,25.49160957,0.0,2019
522701,都匀市,0.679384528,6953.615207,56.87125015,0.0,2019
451228,都安瑶族自治县,0.090038992,1615.00822,23.4227829,0.0,2019
360428,都昌县,0.189689947,1947.632979,25.91483879,0.0,2019
510181,都江堰市,1.256311849,7122.381666,55.59379578,0.0,2019
411103,郾城区,3.004390866,6523.263049,87.60121155,0.7546768,2019
150723,鄂伦春自治旗,0.011996238,4105.993761,29.10268402,0.0,2019
420704,鄂城区,2.741720865,7857.01937,60.3938179,1.120151364,2019
150623,鄂托克前旗,0.12938344,8063.562585,389.131897,0.033677725,2019
150624,鄂托克旗,0.12154447,12803.10218,333.9103394,0.029504412,2019
150724,鄂温克族自治旗,0.044097241,4959.68244,38.61943436,0.0,2019
371726,鄄城县,0.783166075,4028.713781,19.41303635,0.574938406,2019
330212,鄞州区,9.525845912,35124.52088,77.9516983,3.727136457,2019
610118,鄠邑区,1.380915137,8551.065173,49.57955551,0.0,2019
411024,鄢陵县,0.754294217,3176.344782,18.40500641,0.568354271,2019
650421,鄯善县,0.038281601,8189.674413,57.52677917,7.1e-06,2019
361128,鄱阳县,0.167120593,3167.836382,40.74390793,2.83e-05,2019
500242,酉阳土家族苗族自治县,0.06423305,1518.007064,22.63281441,0.0,2019
430281,醴陵市,0.509283779,4973.901054,35.84373856,9.3e-05,2019
330703,金东区,4.430904393,13431.42655,66.42418671,1.74921615,2019
370828,金乡县,0.984595406,4280.626986,31.15917397,0.57284182,2019
640106,金凤区,11.73748102,16195.74455,69.65478516,6.776078845,2019
511113,金口河区,0.078233613,216.8970157,9.956400871,0.0,2019
610303,金台区,2.636990773,3968.288491,53.61500168,0.0,2019
320413,金坛区,3.88326048,17902.0897,38.40521622,1.874465288,2019
451202,金城江区,0.380481624,3944.300805,44.78407669,4.16e-05,2019
510121,金堂县,1.304407657,7029.826282,37.88245773,0.0,2019
620921,金塔县,0.044709402,3815.816476,204.0415649,0.006175476,2019
341502,金安区,1.843617745,14501.13805,74.38379669,0.017128369,2019
341524,金寨县,0.284470385,5253.944894,28.17384338,0.0,2019
310116,金山区,11.6961031,32868.20546,2513.246094,5.537174919,2019
620302,金川区,0.435483586,6818.967648,46.90793228,0.0,2019
513226,金川县,0.012103353,305.3648951,15.30095387,0.0,2019
210213,金州区,4.11024931,39222.41671,143.2031403,0.396079734,2019
440511,金平区,15.49438517,7849.577052,142.9781494,12.64436189,2019
532530,金平苗族瑶族傣族自治县,0.043707049,677.4693669,15.35538292,0.0,2019
230751,金林区,0.053992177,745.9076367,20.82258034,0.0,2019
410105,金水区,28.63173015,34246.58085,127.1632004,27.23486434,2019
520523,金沙县,0.311312344,3546.743686,39.64950943,0.0,2019
320831,金湖县,0.648403259,4268.265747,29.79942131,0.0,2019
440404,金湾区,7.550469046,17133.49475,61.82357025,4.383094965,2019
361027,金溪县,0.109723255,673.7511304,11.49030781,0.0,2019
510106,金牛区,28.94982849,14516.35223,60.34053802,28.61427453,2019
451324,金秀瑶族自治县,0.062608001,680.1833874,10.14280319,0.0,2019
350527,金门县,5.458668787,3513.734395,23.37729454,4.815822275,2019
513430,金阳县,0.022176165,157.6700117,8.369896889,0.0,2019
520201,钟山区,1.660318633,7739.806452,61.48174667,4.95e-05,2019
451122,钟山县,0.323871727,2141.408106,41.19824219,0.000171,2019
320404,钟楼区,15.68503944,9710.700184,49.87860107,14.67939845,2019
420881,钟祥市,0.167002879,3463.276232,19.17797279,0.0,2019
370117,钢城区,1.53021596,3834.0371,27.98667717,0.812349459,2019
450703,钦北区,0.337445165,3277.443443,43.2703476,5.51e-05,2019
450702,钦南区,1.477619113,15168.47872,152.2603302,0.071168672,2019
330114,钱塘区,10.72287578,24544.99907,69.2628479,6.271683091,2019
220303,铁东区,1.197628328,6104.701402,67.86296082,0.021534316,2019
210302,铁东区,9.917418462,7171.18806,91.08182526,2.245640925,2019
230781,铁力市,0.142262237,3141.556906,51.11613846,0.0,2019
420205,铁山区,4.30522707,559.0548391,15.48148346,2.588703849,2019
450512,铁山港区,2.070273447,3644.168391,124.5771103,0.001542057,2019
211221,铁岭县,0.41425476,5017.300947,18.12891197,0.0,2019
210106,铁西区,14.49413587,22007.44118,98.11534119,7.276932162,2019
220302,铁西区,5.317926652,5196.803052,66.16223907,1.177205525,2019
210303,铁西区,11.01264702,7647.484396,59.75507736,7.390401077,2019
230204,铁锋区,1.420318917,6294.079229,85.60432434,0.007356372,2019
659006,铁门关市,0.322733526,3172.866697,50.23413849,0.0,2019
361124,铅山县,0.225087769,2230.765432,25.17639351,0.0,2019
340705,铜官区,12.2225734,8163.480741,62.35528183,11.16636086,2019
320312,铜山区,1.747635338,16449.05906,45.10785675,1.118819721,2019
500151,铜梁区,1.265689014,7841.499352,70.24836731,0.002413744,2019
360926,铜鼓县,0.06942093,496.0585531,9.636916161,0.0,2019
211202,银州区,3.968158737,3698.246136,30.95200729,1.431605427,2019
450503,银海区,2.86467958,5713.081039,34.07569504,0.650772446,2019
540530,错那市,0.034562155,5488.886707,29.38984108,0.0,2019
320205,锡山区,11.26656969,21212.34395,54.89956665,8.119951819,2019
152502,锡林浩特市,0.17912297,14748.55051,124.8127365,0.002514189,2019
522628,锦屏县,0.120846162,873.7139569,20.39096832,0.0,2019
510104,锦江区,35.59409795,10069.77969,234.6218719,37.42794499,2019
621027,镇原县,0.156926306,2711.669343,228.4042664,0.061999795,2019
610927,镇坪县,0.030499029,214.1388273,15.72436523,0.0,2019
520423,镇宁布依族苗族自治县,0.35728557,2729.071883,46.18524933,0.0,2019
611025,镇安县,0.031038665,518.9423718,9.811061859,0.0,2019
610728,镇巴县,0.034075253,553.5651796,21.42597961,0.0,2019
411324,镇平县,0.468842529,3351.935422,24.29757309,0.0,2019
530924,镇康县,0.086985816,972.1046987,50.20658875,0.002021676,2019
530825,镇沅彝族哈尼族拉祜族自治县,0.060277517,1100.517823,45.50640488,0.001757312,2019
330211,镇海区,17.97052664,20363.00275,75.41448975,14.78361935,2019
220821,镇赉县,0.091449333,2471.211646,20.92693901,0.0,2019
522625,镇远县,0.260143336,2216.357976,26.7757988,0.0,2019
530627,镇雄县,0.237082542,3975.096041,72.96855164,0.004395872,2019
340202,镜湖区,10.15536405,5503.012564,79.37905121,3.223364569,2019
152528,镶黄旗,0.012223972,339.8294064,5.385337353,0.0,2019
340121,长丰县,1.641769843,14337.02235,65.00606537,0.018560725,2019
350112,长乐区,7.391972464,22334.48245,155.5156555,4.465533755,2019
330522,长兴县,2.294313005,15368.59512,35.48284149,1.109444613,2019
410783,长垣市,1.391117958,7043.961241,28.31085396,0.573877857,2019
140428,长子县,1.333708581,6801.997447,163.0896759,0.13985244,2019
310105,长宁区,53.40013658,9566.582115,212.8547668,44.40519357,2019
511524,长宁县,0.382580242,1637.627972,29.54042435,0.0,2019
610116,长安区,5.167411492,39970.69793,186.1226807,1.508957111,2019
130102,长安区,15.49102624,11136.95438,61.45711136,11.87173426,2019
500115,长寿区,1.487406154,9783.982692,54.21944809,0.0,2019
220722,长岭县,0.14144934,4536.815632,83.30308533,0.021455758,2019
610428,长武县,0.785136649,2179.884182,30.73779488,0.0,2019
350821,长汀县,0.236055558,3277.771211,27.42455101,0.0,2019
430121,长沙县,3.621215735,29035.10657,137.3797607,0.094665212,2019
350605,长泰区,1.811968654,7215.628678,29.16721916,0.563908463,2019
450405,长洲区,1.480654441,2410.940917,25.64966011,0.0,2019
210224,长海县,0.622866637,287.9402544,3.462310553,0.584885773,2019
370113,长清区,1.455185834,8740.01732,40.32974243,0.464783173,2019
220623,长白朝鲜族自治县,0.049687529,657.5649565,23.98102379,0.0,2019
411082,长葛市,2.089276379,6441.484875,24.22841263,1.185997244,2019
420528,长阳土家族自治县,0.08225636,1308.439344,13.23455238,0.0,2019
522729,长顺县,0.344717706,2388.69498,43.31410599,0.0,2019
110109,门头沟区,1.205249902,9136.172376,55.38247299,0.0,2019
632221,门源回族自治县,0.02770562,890.5542437,13.38698959,0.0,2019
310112,闵行区,29.40467708,51836.17913,158.343689,28.48265754,2019
140823,闻喜县,0.666233882,3828.527374,37.72912216,2.33e-06,2019
350121,闽侯县,1.939769911,18482.02121,42.90590286,4.2e-05,2019
350124,闽清县,0.557397321,3724.904868,39.62825394,0.0003,2019
511381,阆中市,0.503347376,4443.270341,101.1683807,0.002324643,2019
610114,阎良区,4.292226658,5018.370415,46.44367218,1.362437235,2019
341225,阜南县,0.99047077,8514.133346,38.7026062,0.457839399,2019
131128,阜城县,0.412683625,1459.658745,6.88896656,0.0,2019
320923,阜宁县,1.327112422,9190.347202,170.5855408,0.184663221,2019
130624,阜平县,0.207742984,2660.929368,25.8701992,0.0,2019
652302,阜康市,0.318052867,15192.60593,99.10507965,0.00492632,2019
210921,阜新蒙古族自治县,0.160698088,5415.144929,63.03038406,0.0,2019
450603,防城区,0.330515305,3396.600806,24.92402267,0.0,2019
441704,阳东区,0.801697625,5882.637098,48.19406128,0.0,2019
371622,阳信县,1.077118915,4354.707294,64.87355042,0.737561265,2019
130727,阳原县,0.188391969,1825.649684,10.8590517,0.0,2019
140522,阳城县,0.424783334,4018.190471,42.48373413,0.0,2019
441823,阳山县,0.14975737,2199.45889,25.7396698,0.0,2019
420222,阳新县,0.476563511,6111.687812,53.13568878,4.81e-05,2019
231003,阳明区,0.418552732,3116.0463,67.55986023,0.012309781,2019
441781,阳春市,0.379219421,6645.686504,33.98620987,0.000109,2019
140122,阳曲县,0.49539552,5251.258561,30.65002823,0.0,2019
450321,阳朔县,0.317954887,2016.891338,26.34765625,0.0,2019
441721,阳西县,0.727784243,4484.17269,39.24796677,0.0,2019
371521,阳谷县,1.074757392,5379.139672,46.55594254,0.649024169,2019
140221,阳高县,0.324302602,2727.789311,27.71645927,0.0,2019
620924,阿克塞哈萨克族自治县,0.003429694,516.2791122,25.5472374,0.0,2019
652901,阿克苏市,0.239513179,18144.53882,72.02680969,0.005229896,2019
653022,阿克陶县,0.024274164,2945.867811,37.81750107,0.0,2019
654301,阿勒泰市,0.06893184,4439.933624,42.96934891,0.0,2019
653023,阿合奇县,0.02059756,1245.393164,28.36488724,0.0,2019
653001,阿图什市,0.053618253,4352.655519,48.60443878,3.14e-06,2019
513231,阿坝县,0.019233923,928.9985726,34.93414307,4.82e-05,2019
230112,阿城区,0.530789925,7414.05078,50.26674271,0.0,2019
152202,阿尔山市,0.016073212,700.5129956,10.90906525,0.0,2019
152522,阿巴嘎旗,0.004284225,657.8687333,7.639912605,0.0,2019
152922,阿拉善右旗,0.001925017,721.4668485,13.1867075,0.0,2019
152921,阿拉善左旗,0.031144271,12902.28508,60.00096512,2.43e-06,2019
659002,阿拉尔市,0.266713397,5517.979085,35.93489075,0.0,2019
652702,阿拉山口市,0.30136761,2133.8635,45.65693283,0.0,2019
652928,阿瓦提县,0.060639024,4132.149757,96.72475433,0.00478358,2019
150721,阿荣旗,0.040033471,2685.144429,36.82086563,7.58e-06,2019
150421,阿鲁科尔沁旗,0.02414738,1783.097741,25.50378418,0.0,2019
441581,陆丰市,1.841879409,16858.49109,81.73391724,0.79389169,2019
450922,陆川县,0.424291699,2860.433205,24.19854355,0.0,2019
441523,陆河县,0.996459157,4309.752283,48.02487183,8.91e-05,2019
530322,陆良县,0.4639867,4092.309926,54.99640656,0.001236777,2019
610327,陇县,0.109815822,1224.473981,23.27968788,0.0,2019
533124,陇川县,0.19438743,1605.643224,30.05908585,0.0,2019
621122,陇西县,0.402878644,4754.919109,47.70792007,4.8e-05,2019
610304,陈仓区,0.491370389,5879.479867,30.1459713,0.0,2019
150725,陈巴尔虎旗,0.032035736,3453.210095,58.88724899,0.0,2019
411203,陕州区,0.566622651,4455.998297,38.14074707,0.000277,2019
371403,陵城区,0.890009541,5443.40306,42.59859848,0.0,2019
140524,陵川县,0.152282268,1264.516119,13.7713213,0.0,2019
469028,陵水黎族自治县,1.407597648,6547.023702,62.68434143,0.400856257,2019
130825,隆化县,0.110447145,3224.396553,31.56296158,0.0,2019
430524,隆回县,0.136874471,1774.20715,28.42819595,0.0,2019
540529,隆子县,0.004877802,222.8291077,9.417476654,0.0,2019
450123,隆安县,0.3654435,3675.510342,62.62816238,0.000164,2019
130525,隆尧县,0.804338356,3019.788997,16.60109711,0.687252578,2019
640423,隆德县,0.371737159,1824.191504,47.30867004,0.0,2019
511083,隆昌市,0.892751293,3197.439521,48.09167862,0.0,2019
451031,隆林各族自治县,0.083261255,1301.177504,41.05204773,0.000556,2019
530502,隆阳区,0.444733381,9577.274068,62.98122787,0.001828426,2019
421321,随县,0.094809047,2481.15128,10.0227232,0.0,2019
141031,隰县,0.099424869,700.3421519,9.138666153,0.0,2019
610113,雁塔区,46.77300891,34287.55031,222.8966675,43.51643414,2019
450311,雁山区,1.617950958,2171.258462,24.98630905,0.0,2019
430406,雁峰区,6.088723145,2295.066588,36.88301468,5.371092092,2019
512002,雁江区,0.967503396,7326.121627,63.98351669,0.0,2019
130638,雄县,2.086258756,5553.604445,54.98205948,1.620426265,2019
513325,雅江县,0.025319467,887.2664996,35.54521942,0.000479,2019
150902,集宁区,4.428304249,9259.566819,53.94926071,0.875134497,2019
220582,集安市,0.113616732,2021.992862,77.67487335,0.007621549,2019
350211,集美区,16.79042415,18871.90999,83.31196594,12.68750391,2019
230521,集贤县,0.232704385,3014.131383,32.83411026,0.0,2019
511802,雨城区,0.709920467,3515.331274,31.1510334,0.0,2019
340504,雨山区,12.78891012,10553.96031,79.48085022,7.714758711,2019
430302,雨湖区,4.212219612,8593.78697,46.41759872,1.372233463,2019
430111,雨花区,11.06256807,14766.74968,55.58736801,2.358112372,2019
320114,雨花台区,22.50636348,14380.77192,68.61315918,21.32999535,2019
431102,零陵区,0.437997752,3894.981752,30.57727814,0.0,2019
522634,雷山县,0.255790204,1378.055181,25.81007195,0.0,2019
440882,雷州市,0.27124691,4193.56871,20.26038742,0.0,2019
513437,雷波县,0.121286743,1560.419114,122.9697952,0.000634,2019
654023,霍城县,0.207387206,3362.995818,37.5581665,0.0,2019
654004,霍尔果斯市,0.507143469,5383.067393,66.05231476,0.005798056,2019
341525,霍山县,0.188870556,1810.644987,22.0357933,0.0,2019
141082,霍州市,0.686659916,2621.90183,24.82411003,0.0,2019
150581,霍林郭勒市,1.233395898,4110.927876,36.28493118,0.0,2019
341522,霍邱县,0.527230653,8171.667808,122.7325592,0.024046347,2019
440803,霞山区,14.42853546,6468.963144,55.40896225,10.34055805,2019
350921,霞浦县,0.605067377,4079.869665,65.60138702,0.029243564,2019
131081,霸州市,3.945040022,16250.60998,54.19933701,2.118706618,2019
360104,青云谱区,22.07182668,3675.435201,80.29575348,20.73307238,2019
231223,青冈县,0.172089544,2695.658535,43.05661392,0.0,2019
360803,青原区,0.677550895,2793.943557,44.66065979,0.0,2019
130922,青县,0.905742745,4581.552269,20.37508202,0.690837089,2019
150204,青山区,6.619998598,9631.267214,57.62137604,1.126375293,2019
420107,青山区,17.86202411,7437.256511,71.22174072,15.22227436,2019
360111,青山湖区,16.89800469,10242.17884,47.57141495,16.37816047,2019
510822,青川县,0.036732909,555.7144569,16.77707291,0.0,2019
370781,青州市,1.848297784,14404.96609,54.5130043,1.11794781,2019
654325,青河县,0.017399979,1588.117591,16.23625755,0.0,2019
310118,青浦区,12.1306322,38088.66284,93.599823,7.285392135,2019
331121,青田县,0.366208752,4135.133011,40.19539261,0.0,2019
510113,青白江区,6.240602924,11095.27807,58.81158829,2.632343146,2019
511425,青神县,0.646475149,1157.791358,25.08337212,0.0,2019
450103,青秀区,4.911283913,18458.85836,195.464386,0.0672265,2019
510105,青羊区,31.06342748,9755.012586,234.6218719,32.38571646,2019
640381,青铜峡市,0.531415737,4917.356529,42.51421738,0.0,2019
341723,青阳县,0.421621826,2354.655384,29.97835922,0.0,2019
130321,青龙满族自治县,0.148381398,2727.19365,26.72276688,0.0,2019
220622,靖宇县,0.087167726,1457.605732,39.91737747,6.12e-05,2019
360925,靖安县,0.132551737,837.8829196,13.17207623,0.0,2019
431229,靖州苗族侗族自治县,0.088712242,886.5024812,15.05478859,0.0,2019
321282,靖江市,5.975668513,18572.40117,65.41336823,2.74708865,2019
451081,靖西市,0.237616019,3459.565309,31.86993599,0.0,2019
610824,靖边县,0.764005841,19203.38269,113.02388,0.041183174,2019
620421,靖远县,0.093997189,2623.366084,16.95864677,0.0,2019
140926,静乐县,0.165120229,1720.896629,25.06358528,0.0,2019
620826,静宁县,0.184601978,1996.175756,35.79301453,0.0,2019
310106,静安区,42.5930548,7358.743616,84.29880524,38.83816585,2019
120118,静海区,2.831064564,21625.70284,50.87637711,1.367849552,2019
542525,革吉县,0.000381,82.48578441,3.881898642,0.0,2019
610581,韩城市,1.122293601,8839.45287,53.36275101,0.0,2019
430382,韶山市,0.343419555,383.0165031,8.626721382,0.0,2019
411681,项城市,0.842516417,4369.13155,25.2204113,0.0,2019
110113,顺义区,10.09703558,53622.46546,180.3828735,5.494337595,2019
210411,顺城区,3.00304805,5587.812725,80.71317291,0.004866252,2019
130636,顺平县,0.517350935,1900.081881,12.9506216,0.0,2019
511302,顺庆区,3.684282635,9337.21474,75.40959167,0.003174882,2019
440606,顺德区,12.06588495,42455.40134,86.5222168,10.74131636,2019
350721,顺昌县,0.299356946,2668.095675,34.09517288,0.000857,2019
410203,顺河回族区,8.23045384,2861.422175,82.16831207,4.229473543,2019
341226,颍上县,1.214105639,11504.74125,64.6620636,0.012341369,2019
341203,颍东区,2.836868684,9269.874486,71.87217712,0.758633843,2019
341202,颍州区,6.101647049,18107.176,61.13744736,1.614628994,2019
341204,颍泉区,1.918538253,5990.812501,49.30096436,0.867262937,2019
150784,额尔古纳市,0.00735213,1364.510494,14.57865143,0.0,2019
654221,额敏县,0.045187504,2399.314148,19.22287178,0.0,2019
152923,额济纳旗,0.012520713,5912.372995,67.47519684,0.000794,2019
445122,饶平县,1.034937073,7649.459365,26.92218018,0.0,2019
230524,饶河县,0.037969279,1471.967412,35.37703705,0.0,2019
131124,饶阳县,0.796592795,2324.945104,23.83732224,0.571401379,2019
130433,馆陶县,0.63850829,1456.404859,12.76687908,0.0,2019
230110,香坊区,10.78022364,21065.61387,69.44700623,4.24077715,2019
533401,香格里拉市,0.117752057,6126.428041,59.65440369,0.001521767,2019
131024,香河县,3.85188095,8713.000026,58.75861359,1.864790029,2019
440402,香洲区,12.02569064,26759.66114,145.9655151,7.485781213,2019
532625,马关县,0.196945274,2295.601833,65.59552765,0.004247675,2019
513201,马尔康市,0.039384227,1234.456262,32.42541122,0.000305,2019
350105,马尾区,5.806976898,6261.606258,54.07581711,2.607951657,2019
450124,马山县,0.130777569,1341.873247,14.71041775,0.0,2019
410804,马村区,2.638401586,1556.563815,17.63373566,1.554092314,2019
511133,马边彝族自治县,0.083699308,877.0039763,30.04444504,0.0,2019
530304,马龙区,0.574272583,4078.411816,92.83332062,0.030556382,2019
411702,驿城区,2.940545797,18978.40942,77.82855225,0.018095964,2019
511525,高县,0.114762843,695.9623868,18.8019619,0.0,2019
620724,高台县,0.037600505,847.5722977,9.833295822,0.0,2019
371526,高唐县,0.952461132,4530.902425,26.8623333,0.0,2019
511303,高坪区,2.124549562,8062.932198,70.76128387,0.001495648,2019
360983,高安市,0.607604048,6710.231374,49.24650192,0.0,2019
370785,高密市,1.424876129,10820.77195,31.3249836,0.932994254,2019
440981,高州市,0.531341481,7530.540281,37.88940811,0.000364,2019
140581,高平市,1.108323183,5380.791703,25.00221252,0.688323223,2019
650402,高昌区,0.111957041,8317.908544,58.45166779,1.03e-05,2019
440608,高明区,2.425210573,9891.72063,37.593647,0.873398795,2019
320118,高淳区,1.750901753,6483.541128,21.31130791,0.812905007,2019
321203,高港区,7.997331034,12416.75025,61.30556488,5.118339555,2019
130684,高碑店市,1.837437509,6395.947033,31.62707901,0.934289025,2019
441204,高要区,1.197850536,11467.57748,27.57011223,0.0,2019
130127,高邑县,1.446545159,1631.623521,29.66697121,0.931178638,2019
321084,高邮市,1.298148319,11956.07328,72.83968353,0.003935396,2019
130628,高阳县,1.723657788,4372.203308,19.93047333,1.186553128,2019
610117,高陵区,7.308454913,10224.84369,43.67464828,3.877973972,2019
710001,高雄市,7.384834289,95460.5962,128.3070221,0.094838319,2019
370322,高青县,0.982450088,4125.192339,23.27045631,0.687104868,2019
130434,魏县,0.933081387,4060.312802,24.2393589,0.686989546,2019
411002,魏都区,13.38467083,5864.637868,52.07320786,11.38732016,2019
370827,鱼台县,0.842771408,2677.08486,27.85518646,0.575895162,2019
450203,鱼峰区,4.917319578,18723.82239,85.85171509,0.004138179,2019
410423,鲁山县,0.370246326,4298.709391,35.55307007,0.0,2019
530621,鲁甸县,0.499592484,3338.343588,79.09004974,0.018924681,2019
210804,鲅鱼圈区,9.366072443,13393.63051,101.6780472,4.733787186,2019
350502,鲤城区,22.15946629,4985.010917,62.77297974,20.54003334,2019
340207,鸠江区,4.036216375,16610.21751,45.2626152,1.126599019,2019
230321,鸡东县,0.084769719,1557.706409,18.30027008,0.0,2019
230302,鸡冠区,6.920774749,5792.959868,71.09104156,1.749484918,2019
130431,鸡泽县,0.905657745,1522.772932,15.58750725,0.65905586,2019
431202,鹤城区,2.194760329,6707.583483,41.05184937,0.0,2019
410602,鹤山区,1.326446254,843.7290541,20.95594025,0.682849458,2019
440784,鹤山市,2.393032272,11256.19505,38.65144348,0.871771038,2019
422828,鹤峰县,0.033839994,452.5261827,13.95010185,0.0,2019
532932,鹤庆县,0.245208425,2598.818896,29.55833626,0.0,2019
130804,鹰手营子矿区,0.892227508,684.8878307,17.37459946,0.0,2019
330302,鹿城区,10.90627186,14559.57354,53.79727173,3.867139972,2019
450223,鹿寨县,0.241605363,3170.380629,32.13088226,8.83e-05,2019
130110,鹿泉区,3.141568375,9852.746896,26.19747925,1.804303739,2019
411628,鹿邑县,0.922087222,5522.496088,32.3031311,0.477443942,2019
530302,麒麟区,2.468498333,16937.54807,89.64685822,0.042153401,2019
610329,麟游县,0.196012408,1631.874017,40.96570587,0.000166,2019
653127,麦盖提县,0.052806036,2958.497709,24.66153717,0.0,2019
620503,麦积区,0.327846137,5580.172667,45.32249069,0.000357,2019
421181,麻城市,0.284687336,4796.092949,27.9754467,0.0,2019
230307,麻山区,0.112909789,267.4638072,8.32719326,0.0,2019
532624,麻栗坡县,0.05165162,531.0019471,12.02015686,0.0,2019
522635,麻江县,0.412859257,1778.014817,50.90254974,0.0,2019
440811,麻章区,2.550019521,8986.038791,44.87580872,1.119626704,2019
431226,麻阳苗族自治县,0.140050821,993.5381027,14.80580616,0.0,2019
440112,黄埔区,16.17493968,34117.4514,96.11016083,11.24154669,2019
810108,黄大仙区,40.22760963,1440.463936,103.2752762,33.90649414,2019
341003,黄山区,0.086778939,704.3206715,12.22661304,0.0,2019
370211,黄岛区,5.800288787,59176.86632,203.0883789,1.39533582,2019
331003,黄岩区,2.116871263,9572.334124,38.99346161,9.61e-05,2019
421102,黄州区,5.523676962,9279.300744,79.16294098,1.735830462,2019
522622,黄平县,0.137564593,1034.399421,25.67918587,0.0,2019
421127,黄梅县,0.343988535,2706.54901,11.94551659,0.0,2019
310101,黄浦区,64.24179301,6233.721279,120.8564148,58.15082169,2019
420202,黄石港区,11.76430546,1707.531269,41.05838394,10.17324829,2019
420116,黄陂区,2.665348087,28056.98001,350.8649597,0.27223772,2019
610632,黄陵县,0.407475367,4580.448176,87.23547363,0.020496891,2019
130983,黄骅市,2.697730718,30928.54113,98.26625061,0.790456463,2019
610631,黄龙县,0.038714066,525.4561486,13.5058527,0.0,2019
140426,黎城县,0.288613755,1610.386656,29.32476234,0.0,2019
361022,黎川县,0.098831119,758.9590471,25.94987297,0.0,2019
522631,黎平县,0.073269634,1443.460062,30.49555969,0.0,2019
210726,黑山县,0.231568431,3106.102743,18.30531311,0.0,2019
513228,黑水县,0.023704086,465.3022776,7.561189651,0.0,2019
500114,黔江区,0.290861915,3186.202929,38.92779541,0.0,2019
520581,黔西市,0.431196761,4975.503334,66.10503387,0.00725484,2019
341023,黟县,0.094676789,375.8456882,7.616439819,0.0,2019
430703,鼎城区,0.470793757,5051.938261,29.5934906,0.0,2019
441203,鼎湖区,3.388201181,8172.51398,51.69148636,1.38180345,2019
320106,鼓楼区,28.37056964,7474.921928,58.58423996,30.60924788,2019
320302,鼓楼区,16.92685473,8605.148288,62.65573883,16.64779615,2019
410204,鼓楼区,9.598645351,2854.147785,82.16831207,4.243263206,2019
350102,鼓楼区,35.32423367,5669.331715,86.70774078,30.25345672,2019
371425,齐河县,1.864325768,13155.28944,94.60603333,0.747966846,2019
222405,龙井市,0.167258488,2018.01891,36.9512825,8.66e-05,2019
410202,龙亭区,8.553186136,15444.73977,82.16831207,2.748077416,2019
230603,龙凤区,10.52593746,24446.30399,95.34822083,3.25149294,2019
440309,龙华区,28.56497078,21749.14471,73.22166443,28.7327311,2019
460106,龙华区,6.412221842,8219.563147,83.57666779,0.71628782,2019
360783,龙南市,0.386053475,2849.774085,31.06522751,0.0,2019
370681,龙口市,3.112013564,14231.98247,79.4673233,1.247010191,2019
450406,龙圩区,0.667115799,2864.57431,30.83137894,0.0,2019
211303,龙城区,1.165239749,3964.095362,55.35877991,0.0,2019
340302,龙子湖区,9.719684324,6869.529833,57.58558273,5.144520163,2019
410506,龙安区,2.875655577,3355.38259,33.74332809,1.367589929,2019
220402,龙山区,3.749727757,5203.783952,77.90948486,0.79663097,2019
433130,龙山县,0.150994708,2176.763993,59.57729721,3.43e-05,2019
440307,龙岗区,14.53311666,42956.70126,68.03525543,9.713156266,2019
441622,龙川县,0.2587871,3505.785795,42.78798676,0.000323,2019
451423,龙州县,0.152647307,1534.915965,34.77600479,0.000223,2019
350603,龙文区,13.30846997,7040.963468,67.43776703,7.304312966,2019
230221,龙江县,0.138507909,4804.177227,62.39518356,0.0,2019
230202,龙沙区,15.30054572,11121.51667,103.4711227,2.733224364,2019
331181,龙泉市,0.253651459,3510.286517,37.02518082,0.000331,2019
510112,龙泉驿区,10.72485414,27793.14407,85.18964386,5.260860152,2019
350604,龙海区,5.463887116,30350.56446,75.65509033,2.244705311,2019
211403,龙港区,9.45163855,8337.197702,83.64728546,5.7955306,2019
330383,龙港市,10.43333824,7067.379667,54.34640121,7.112963404,2019
330825,龙游县,1.134914486,5954.477949,35.82233429,0.0,2019
440507,龙湖区,20.37622344,11272.76606,63.22312927,17.37529526,2019
330303,龙湾区,11.99967877,15996.65413,204.807724,8.438547583,2019
220203,龙潭区,1.221446415,7967.614717,44.14878082,0.0,2019
450328,龙胜各族自治县,0.047850785,520.9346101,14.77732468,0.0,2019
522730,龙里县,0.888943741,6056.826897,47.70219421,0.0,2019
441324,龙门县,0.560932228,5580.09441,27.55319023,0.0,2019
530523,龙陵县,0.134156431,1654.985295,34.23258209,0.003825784,2019
510504,龙马潭区,3.734326898,5691.612103,45.76081848,0.0,2019
