county_code,year,road_length_km,highway_length_km,road_density,highway_density,road_data_note
310107,2019,642.7033,280.9345,11.785294,5.151515,静态路网截面数据，2019与2024共用
310109,2019,386.5651,159.1129,16.077197,6.617487,静态路网截面数据，2019与2024共用
310101,2019,440.5641,184.223,21.302225,8.90758,静态路网截面数据，2019与2024共用
310104,2019,630.5256,244.5523,11.786695,4.571523,静态路网截面数据，2019与2024共用
310105,2019,545.8454,239.76,14.291327,6.277398,静态路网截面数据，2019与2024共用
310106,2019,532.415,241.2924,14.452991,6.550147,静态路网截面数据，2019与2024共用
310118,2019,4177.3822,1070.5905,6.23563,1.598084,静态路网截面数据，2019与2024共用
310110,2019,768.75,267.2525,12.857842,4.469972,静态路网截面数据，2019与2024共用
310112,2019,3273.7583,1200.7044,8.699609,3.190724,静态路网截面数据，2019与2024共用
310113,2019,2171.361,787.6079,7.160729,2.597379,静态路网截面数据，2019与2024共用
310114,2019,3122.2353,1057.4812,6.848062,2.319395,静态路网截面数据，2019与2024共用
310115,2019,11410.7204,3687.4518,7.634785,2.467233,静态路网截面数据，2019与2024共用
310116,2019,2916.7965,797.0932,4.849823,1.325345,静态路网截面数据，2019与2024共用
310117,2019,4391.6584,1142.8902,7.293689,1.898118,静态路网截面数据，2019与2024共用
310120,2019,4030.3496,1118.4034,5.625421,1.561029,静态路网截面数据，2019与2024共用
310151,2019,6048.8492,895.5525,3.559361,0.526975,静态路网截面数据，2019与2024共用
532532,2019,1353.83,518.4246,1.027985,0.393648,静态路网截面数据，2019与2024共用
532531,2019,1451.3503,605.4788,0.468823,0.195585,静态路网截面数据，2019与2024共用
532530,2019,1518.0332,779.5575,0.426867,0.219209,静态路网截面数据，2019与2024共用
533401,2019,4003.695,1352.9343,0.349625,0.118146,静态路网截面数据，2019与2024共用
530381,2019,2993.0364,1471.8674,0.495577,0.243707,静态路网截面数据，2019与2024共用
532504,2019,2262.7612,1088.4449,0.578386,0.278218,静态路网截面数据，2019与2024共用
530325,2019,1578.0473,681.4448,0.484776,0.20934,静态路网截面数据，2019与2024共用
532503,2019,2371.8849,861.1373,1.091324,0.396216,静态路网截面数据，2019与2024共用
530326,2019,3500.1968,1513.8702,0.595453,0.257539,静态路网截面数据，2019与2024共用
532502,2019,1112.1576,523.7791,0.573097,0.269905,静态路网截面数据，2019与2024共用
530323,2019,1495.3992,741.9202,0.536058,0.265957,静态路网截面数据，2019与2024共用
532501,2019,1926.1437,720.1099,1.236029,0.462103,静态路网截面数据，2019与2024共用
530324,2019,1957.8532,802.1859,0.649177,0.265985,静态路网截面数据，2019与2024共用
530322,2019,1257.3128,640.0406,0.632039,0.321742,静态路网截面数据，2019与2024共用
532529,2019,1305.5618,700.6061,0.643428,0.345284,静态路网截面数据，2019与2024共用
532528,2019,2005.1382,791.1117,0.905608,0.357301,静态路网截面数据，2019与2024共用
532527,2019,2136.0755,593.8176,1.297987,0.360833,静态路网截面数据，2019与2024共用
532525,2019,1699.8692,645.0188,0.558521,0.211932,静态路网截面数据，2019与2024共用
532524,2019,2263.7674,940.1462,0.598656,0.248623,静态路网截面数据，2019与2024共用
532523,2019,1278.5859,450.5721,0.693901,0.24453,静态路网截面数据，2019与2024共用
533423,2019,1436.0582,424.9078,0.417804,0.123622,静态路网截面数据，2019与2024共用
533422,2019,2353.4225,675.0267,0.282273,0.080964,静态路网截面数据，2019与2024共用
530802,2019,1597.8777,726.8466,0.412544,0.187659,静态路网截面数据，2019与2024共用
530828,2019,3822.4631,1406.9061,0.437485,0.161022,静态路网截面数据，2019与2024共用
530829,2019,1209.7063,416.5553,0.963491,0.331772,静态路网截面数据，2019与2024共用
530826,2019,1041.4945,474.3497,0.304477,0.138674,静态路网截面数据，2019与2024共用
530827,2019,1588.8461,380.5414,0.842784,0.201854,静态路网截面数据，2019与2024共用
530824,2019,2067.6475,797.9898,0.275216,0.106217,静态路网截面数据，2019与2024共用
530825,2019,1605.5662,893.9878,0.386596,0.215258,静态路网截面数据，2019与2024共用
530822,2019,1563.5551,1064.7442,0.29576,0.201405,静态路网截面数据，2019与2024共用
530823,2019,1722.482,857.923,0.386735,0.192623,静态路网截面数据，2019与2024共用
530821,2019,1532.4213,633.5645,0.41764,0.172669,静态路网截面数据，2019与2024共用
530402,2019,1516.9863,568.5966,1.595282,0.597943,静态路网截面数据，2019与2024共用
530403,2019,1187.498,470.1234,1.47353,0.583362,静态路网截面数据，2019与2024共用
530428,2019,1367.7395,880.0995,0.50318,0.323781,静态路网截面数据，2019与2024共用
530426,2019,1136.3483,641.2019,0.587957,0.331764,静态路网截面数据，2019与2024共用
530427,2019,1744.5292,989.8568,0.409077,0.232113,静态路网截面数据，2019与2024共用
530424,2019,1143.7881,458.4096,0.918291,0.368035,静态路网截面数据，2019与2024共用
530425,2019,1406.5282,609.9177,0.922948,0.400221,静态路网截面数据，2019与2024共用
532601,2019,1654.4191,959.2619,0.558474,0.323813,静态路网截面数据，2019与2024共用
530423,2019,900.2968,361.8855,1.220936,0.49077,静态路网截面数据，2019与2024共用
530481,2019,1281.5336,433.2701,1.688595,0.570892,静态路网截面数据，2019与2024共用
532628,2019,3140.138,1104.7473,0.593061,0.208648,静态路网截面数据，2019与2024共用
532627,2019,2046.544,1178.9192,0.263187,0.15161,静态路网截面数据，2019与2024共用
532626,2019,1839.9542,657.6662,0.365667,0.130703,静态路网截面数据，2019与2024共用
532625,2019,3225.2565,658.3779,1.207545,0.246498,静态路网截面数据，2019与2024共用
532624,2019,1640.0749,568.6677,0.697557,0.241866,静态路网截面数据，2019与2024共用
532623,2019,1028.8382,583.4995,0.688005,0.390198,静态路网截面数据，2019与2024共用
532622,2019,1675.2567,963.9367,0.432612,0.248923,静态路网截面数据，2019与2024共用
533103,2019,4047.3726,986.3778,1.39519,0.340019,静态路网截面数据，2019与2024共用
533102,2019,2174.9026,656.4093,2.295354,0.692763,静态路网截面数据，2019与2024共用
533124,2019,2017.9249,507.5404,1.07754,0.271018,静态路网截面数据，2019与2024共用
533123,2019,2394.6342,711.8581,0.556716,0.165496,静态路网截面数据，2019与2024共用
533122,2019,1117.4689,330.6597,0.98024,0.290054,静态路网截面数据，2019与2024共用
530927,2019,2403.9065,530.2616,0.970653,0.21411,静态路网截面数据，2019与2024共用
530925,2019,930.6401,404.3122,0.43079,0.187155,静态路网截面数据，2019与2024共用
530926,2019,1911.5009,909.6066,0.511497,0.243401,静态路网截面数据，2019与2024共用
530923,2019,1349.4046,479.2028,0.418938,0.148774,静态路网截面数据，2019与2024共用
530924,2019,1516.2127,388.2547,0.59624,0.152678,静态路网截面数据，2019与2024共用
530921,2019,2288.1812,740.8769,0.688548,0.222941,静态路网截面数据，2019与2024共用
530922,2019,1452.4048,584.0843,0.396641,0.159509,静态路网截面数据，2019与2024共用
530902,2019,1648.5766,737.8074,0.645089,0.288705,静态路网截面数据，2019与2024共用
530523,2019,2182.8745,881.9806,0.781187,0.315635,静态路网截面数据，2019与2024共用
530524,2019,2369.9805,763.7854,0.628855,0.202664,静态路网截面数据，2019与2024共用
530521,2019,1407.2512,463.2845,0.720222,0.237106,静态路网截面数据，2019与2024共用
530502,2019,4475.7265,1665.9704,0.922715,0.343456,静态路网截面数据，2019与2024共用
530114,2019,2103.4803,828.108,4.143055,1.631057,静态路网截面数据，2019与2024共用
530115,2019,1899.5336,675.081,1.422254,0.505459,静态路网截面数据，2019与2024共用
530112,2019,2312.6454,810.8679,2.626826,0.921027,静态路网截面数据，2019与2024共用
530113,2019,2657.765,756.8808,1.419348,0.404203,静态路网截面数据，2019与2024共用
530111,2019,2907.421,1039.0464,4.607567,1.64664,静态路网截面数据，2019与2024共用
530129,2019,3670.3426,1208.5472,1.024742,0.337421,静态路网截面数据，2019与2024共用
530127,2019,1305.6099,561.4734,1.571432,0.675789,静态路网截面数据，2019与2024共用
530128,2019,3079.2512,800.6298,0.724076,0.188266,静态路网截面数据，2019与2024共用
530125,2019,2663.0124,773.9054,1.391767,0.404465,静态路网截面数据，2019与2024共用
530126,2019,1414.1557,674.6579,0.842734,0.402047,静态路网截面数据，2019与2024共用
532302,2019,3118.7175,1034.6453,0.878894,0.291576,静态路网截面数据，2019与2024共用
532301,2019,3116.7654,1365.4765,0.703276,0.30811,静态路网截面数据，2019与2024共用
530124,2019,1301.5095,425.8114,1.303564,0.426484,静态路网截面数据，2019与2024共用
532329,2019,1775.0131,695.8841,0.601152,0.235678,静态路网截面数据，2019与2024共用
532328,2019,982.5053,546.8462,0.486725,0.270903,静态路网截面数据，2019与2024共用
532327,2019,886.3994,437.3036,0.411159,0.202844,静态路网截面数据，2019与2024共用
532326,2019,1872.8722,634.9592,0.464841,0.157595,静态路网截面数据，2019与2024共用
532325,2019,963.2573,505.343,0.566326,0.297105,静态路网截面数据，2019与2024共用
532324,2019,1410.4767,649.4092,0.622609,0.286661,静态路网截面数据，2019与2024共用
532323,2019,826.389,512.8031,0.568642,0.352862,静态路网截面数据，2019与2024共用
532322,2019,1159.3795,645.2135,0.298123,0.16591,静态路网截面数据，2019与2024共用
530103,2019,1905.6465,520.1638,2.201892,0.601027,静态路网截面数据，2019与2024共用
530102,2019,1464.2017,518.0145,3.886711,1.375065,静态路网截面数据，2019与2024共用
530581,2019,4214.3972,1241.0552,0.741079,0.218233,静态路网截面数据，2019与2024共用
530181,2019,2060.0974,842.5583,1.57886,0.645737,静态路网截面数据，2019与2024共用
532823,2019,3017.5152,1362.0928,0.442071,0.199549,静态路网截面数据，2019与2024共用
532822,2019,2635.8133,571.4764,0.492334,0.106744,静态路网截面数据，2019与2024共用
530602,2019,2478.8069,1117.4498,1.247818,0.562518,静态路网截面数据，2019与2024共用
530628,2019,1602.3501,725.1458,0.572244,0.25897,静态路网截面数据，2019与2024共用
530629,2019,912.6565,406.0213,0.648618,0.288556,静态路网截面数据，2019与2024共用
530626,2019,543.8441,265.1796,0.718238,0.350214,静态路网截面数据，2019与2024共用
530627,2019,2770.8482,1360.154,0.748562,0.367454,静态路网截面数据，2019与2024共用
530624,2019,1251.2863,468.3456,0.659225,0.246742,静态路网截面数据，2019与2024共用
530625,2019,1706.706,782.6908,0.609154,0.279356,静态路网截面数据，2019与2024共用
530622,2019,2531.0111,1134.8102,0.782387,0.350793,静态路网截面数据，2019与2024共用
532801,2019,3296.936,1114.9225,0.481247,0.162743,静态路网截面数据，2019与2024共用
530623,2019,918.9369,483.7388,0.45705,0.240596,静态路网截面数据，2019与2024共用
530621,2019,1357.1278,663.4651,0.916958,0.448277,静态路网截面数据，2019与2024共用
530681,2019,501.3975,250.2023,1.148491,0.573109,静态路网截面数据，2019与2024共用
533301,2019,1220.7673,417.2247,0.395303,0.135104,静态路网截面数据，2019与2024共用
533325,2019,1335.121,402.976,0.305523,0.092215,静态路网截面数据，2019与2024共用
533324,2019,794.8245,292.6098,0.181895,0.066963,静态路网截面数据，2019与2024共用
533323,2019,837.8544,185.8593,0.305452,0.067758,静态路网截面数据，2019与2024共用
530702,2019,2479.1398,496.2969,1.964969,0.393366,静态路网截面数据，2019与2024共用
532932,2019,2433.6257,664.0096,1.02897,0.280752,静态路网截面数据，2019与2024共用
532931,2019,1491.2583,441.1921,0.667445,0.197465,静态路网截面数据，2019与2024共用
532930,2019,2152.8861,586.3575,0.85169,0.231965,静态路网截面数据，2019与2024共用
530303,2019,1774.5793,794.7354,0.630253,0.282255,静态路网截面数据，2019与2024共用
530304,2019,1267.0379,637.0246,0.79308,0.398734,静态路网截面数据，2019与2024共用
530302,2019,1735.9447,845.7409,1.124602,0.547899,静态路网截面数据，2019与2024共用
530723,2019,833.4461,331.811,0.387519,0.154279,静态路网截面数据，2019与2024共用
532901,2019,3793.8957,1028.973,2.185402,0.592721,静态路网截面数据，2019与2024共用
530724,2019,2142.5905,877.2473,0.354515,0.14515,静态路网截面数据，2019与2024共用
530721,2019,4019.7391,1024.1721,0.648067,0.165118,静态路网截面数据，2019与2024共用
530722,2019,2110.543,947.6101,0.428295,0.1923,静态路网截面数据，2019与2024共用
532929,2019,1682.4107,681.4438,0.384596,0.155777,静态路网截面数据，2019与2024共用
532928,2019,1677.7088,744.017,0.601365,0.266689,静态路网截面数据，2019与2024共用
532927,2019,1887.2323,545.2866,0.865198,0.249986,静态路网截面数据，2019与2024共用
532926,2019,1271.6862,510.177,0.732452,0.293846,静态路网截面数据，2019与2024共用
532925,2019,1439.9478,649.2215,0.941683,0.424572,静态路网截面数据，2019与2024共用
532924,2019,1864.4219,777.8512,0.736036,0.30708,静态路网截面数据，2019与2024共用
532923,2019,3212.2576,929.9447,1.322202,0.382776,静态路网截面数据，2019与2024共用
532922,2019,1290.1912,444.3054,0.693167,0.238707,静态路网截面数据，2019与2024共用
150221,2019,1551.4342,590.8031,0.66862,0.254618,静态路网截面数据，2019与2024共用
150222,2019,1504.3856,744.2464,0.308327,0.152535,静态路网截面数据，2019与2024共用
150223,2019,2908.3115,1301.8294,0.166325,0.074451,静态路网截面数据，2019与2024共用
150206,2019,163.7872,59.0966,0.663761,0.239494,静态路网截面数据，2019与2024共用
150207,2019,1874.5925,711.2348,2.299485,0.872442,静态路网截面数据，2019与2024共用
150204,2019,800.9499,331.8948,2.90769,1.204878,静态路网截面数据，2019与2024共用
150205,2019,278.3529,133.8276,0.356744,0.171517,静态路网截面数据，2019与2024共用
150202,2019,834.7027,339.9542,1.789715,0.728908,静态路网截面数据，2019与2024共用
150203,2019,991.07,336.3087,3.267508,1.108793,静态路网截面数据，2019与2024共用
150627,2019,4001.5375,1351.693,0.730072,0.246613,静态路网截面数据，2019与2024共用
150626,2019,3686.3909,1649.7161,0.316061,0.141442,静态路网截面数据，2019与2024共用
152923,2019,6009.9125,2590.3025,0.068213,0.0294,静态路网截面数据，2019与2024共用
152922,2019,3561.4135,1656.0336,0.049771,0.023143,静态路网截面数据，2019与2024共用
152921,2019,8879.4514,3796.9508,0.111291,0.047589,静态路网截面数据，2019与2024共用
150727,2019,1971.0518,600.4822,0.079269,0.024149,静态路网截面数据，2019与2024共用
150726,2019,2018.3536,703.447,0.100163,0.034909,静态路网截面数据，2019与2024共用
150725,2019,1969.7544,853.3744,0.11261,0.048787,静态路网截面数据，2019与2024共用
150724,2019,2394.4262,611.048,0.128378,0.032761,静态路网截面数据，2019与2024共用
150723,2019,6153.3319,1771.3788,0.112523,0.032392,静态路网截面数据，2019与2024共用
150722,2019,2141.4658,991.2438,0.207188,0.095903,静态路网截面数据，2019与2024共用
150721,2019,2858.5411,1078.063,0.257715,0.097194,静态路网截面数据，2019与2024共用
150703,2019,326.2612,85.0001,1.211268,0.315569,静态路网截面数据，2019与2024共用
150702,2019,1247.0881,551.6386,0.950772,0.420566,静态路网截面数据，2019与2024共用
152529,2019,1905.1472,449.8347,0.304709,0.071947,静态路网截面数据，2019与2024共用
152531,2019,1489.9563,524.2266,0.384332,0.135223,静态路网截面数据，2019与2024共用
152530,2019,2191.567,930.8531,0.214781,0.091227,静态路网截面数据，2019与2024共用
152528,2019,1395.9981,329.9212,0.27196,0.064273,静态路网截面数据，2019与2024共用
152527,2019,1404.0347,536.9237,0.409475,0.156589,静态路网截面数据，2019与2024共用
152526,2019,2685.7942,1142.4798,0.119552,0.050855,静态路网截面数据，2019与2024共用
152525,2019,3961.87,1503.4039,0.086962,0.032999,静态路网截面数据，2019与2024共用
152524,2019,2666.5668,1012.7193,0.118725,0.04509,静态路网截面数据，2019与2024共用
152523,2019,2975.5411,1747.5415,0.086887,0.051029,静态路网截面数据，2019与2024共用
152522,2019,2578.7385,1159.5682,0.09381,0.042183,静态路网截面数据，2019与2024共用
152502,2019,2837.092,997.4711,0.191885,0.067463,静态路网截面数据，2019与2024共用
152501,2019,1068.4498,537.6941,0.265945,0.133836,静态路网截面数据，2019与2024共用
150782,2019,3906.5816,1252.8792,0.140543,0.045073,静态路网截面数据，2019与2024共用
150781,2019,778.0872,283.2837,1.593841,0.580281,静态路网截面数据，2019与2024共用
150303,2019,991.9924,429.6352,1.025113,0.44398,静态路网截面数据，2019与2024共用
150304,2019,407.3959,93.4653,1.97252,0.452538,静态路网截面数据，2019与2024共用
150785,2019,2429.7886,540.371,0.121389,0.026996,静态路网截面数据，2019与2024共用
150302,2019,998.7111,378.8943,2.052758,0.778782,静态路网截面数据，2019与2024共用
150784,2019,3936.3923,1131.8059,0.136373,0.039211,静态路网截面数据，2019与2024共用
150783,2019,2431.7322,1103.4139,0.145072,0.065827,静态路网截面数据，2019与2024共用
150826,2019,1502.7261,474.6323,0.85983,0.271575,静态路网截面数据，2019与2024共用
150825,2019,2255.8807,1000.5834,0.09189,0.040757,静态路网截面数据，2019与2024共用
150824,2019,4110.0867,1748.983,0.179997,0.076595,静态路网截面数据，2019与2024共用
150823,2019,2990.2232,1078.1069,0.399668,0.144098,静态路网截面数据，2019与2024共用
150822,2019,1396.8807,419.5027,0.379663,0.114018,静态路网截面数据，2019与2024共用
150821,2019,1889.888,599.4284,0.753713,0.23906,静态路网截面数据，2019与2024共用
150802,2019,2603.1392,842.7481,1.115992,0.361295,静态路网截面数据，2019与2024共用
152223,2019,2636.2457,1122.2471,0.23731,0.101023,静态路网截面数据，2019与2024共用
152222,2019,2162.014,829.739,0.169438,0.065027,静态路网截面数据，2019与2024共用
152221,2019,3981.345,1407.2039,0.237567,0.083968,静态路网截面数据，2019与2024共用
152224,2019,1576.6021,500.6793,0.329057,0.104498,静态路网截面数据，2019与2024共用
152201,2019,1384.7402,430.3448,0.5957,0.18513,静态路网截面数据，2019与2024共用
152202,2019,1173.5828,607.1443,0.158306,0.081898,静态路网截面数据，2019与2024共用
150428,2019,1901.173,627.7463,0.618848,0.204337,静态路网截面数据，2019与2024共用
150429,2019,3434.0328,578.4507,0.794557,0.13384,静态路网截面数据，2019与2024共用
150430,2019,2375.8078,1141.9168,0.287909,0.138381,静态路网截面数据，2019与2024共用
150426,2019,3708.2979,932.7484,0.312127,0.078509,静态路网截面数据，2019与2024共用
150424,2019,1818.1731,608.8581,0.480888,0.161037,静态路网截面数据，2019与2024共用
150425,2019,4361.5347,1257.0573,0.230765,0.06651,静态路网截面数据，2019与2024共用
150422,2019,1832.8459,905.5393,0.283072,0.139855,静态路网截面数据，2019与2024共用
150423,2019,2070.5285,854.4616,0.207451,0.08561,静态路网截面数据，2019与2024共用
150421,2019,3428.1785,995.3262,0.259053,0.075213,静态路网截面数据，2019与2024共用
150404,2019,2669.5514,806.0465,0.473471,0.14296,静态路网截面数据，2019与2024共用
150402,2019,1307.5516,448.8145,2.681581,0.920447,静态路网截面数据，2019与2024共用
150403,2019,1386.2802,361.9064,1.489558,0.388868,静态路网截面数据，2019与2024共用
150502,2019,3533.8382,1090.0258,1.00665,0.310505,静态路网截面数据，2019与2024共用
150981,2019,1274.1962,576.6963,0.472778,0.213977,静态路网截面数据，2019与2024共用
150929,2019,2768.1985,921.8757,0.115175,0.038356,静态路网截面数据，2019与2024共用
150928,2019,1544.1998,637.3367,0.40786,0.168336,静态路网截面数据，2019与2024共用
150927,2019,1378.4699,593.4726,0.329244,0.141749,静态路网截面数据，2019与2024共用
150926,2019,2444.2401,1182.3749,0.99518,0.481407,静态路网截面数据，2019与2024共用
150925,2019,1350.4088,696.5815,0.392637,0.202534,静态路网截面数据，2019与2024共用
150924,2019,1947.1774,791.7986,0.554386,0.225435,静态路网截面数据，2019与2024共用
150923,2019,2095.0858,456.2445,0.489823,0.106668,静态路网截面数据，2019与2024共用
150922,2019,1260.7863,582.7285,0.497569,0.229974,静态路网截面数据，2019与2024共用
150921,2019,1460.2761,821.944,0.471123,0.26518,静态路网截面数据，2019与2024共用
150902,2019,1254.4047,403.1874,3.186425,1.024172,静态路网截面数据，2019与2024共用
150121,2019,2261.7153,826.7721,0.817136,0.298705,静态路网截面数据，2019与2024共用
150122,2019,1203.6709,418.1045,0.854633,0.296864,静态路网截面数据，2019与2024共用
150125,2019,1484.0797,589.7443,0.316787,0.125885,静态路网截面数据，2019与2024共用
150123,2019,2482.6041,839.2846,0.722944,0.244403,静态路网截面数据，2019与2024共用
150124,2019,1305.4145,547.9152,0.466077,0.195624,静态路网截面数据，2019与2024共用
150581,2019,567.9697,218.4956,0.972284,0.374033,静态路网截面数据，2019与2024共用
150105,2019,1860.071,886.5936,1.824979,0.869867,静态路网截面数据，2019与2024共用
150103,2019,598.6302,305.9004,3.067646,1.567569,静态路网截面数据，2019与2024共用
150104,2019,667.142,358.1983,3.505879,1.882357,静态路网截面数据，2019与2024共用
150102,2019,1115.7544,479.6732,1.693462,0.728035,静态路网截面数据，2019与2024共用
150525,2019,3504.1759,849.472,0.430851,0.104446,静态路网截面数据，2019与2024共用
150526,2019,2911.8429,1305.9881,0.176579,0.079197,静态路网截面数据，2019与2024共用
150523,2019,2203.7693,508.8633,0.505702,0.11677,静态路网截面数据，2019与2024共用
150524,2019,1677.3669,459.1297,0.357907,0.097967,静态路网截面数据，2019与2024共用
150521,2019,3492.0369,916.8463,0.364794,0.095778,静态路网截面数据，2019与2024共用
150522,2019,3288.858,1162.3677,0.285946,0.101061,静态路网截面数据，2019与2024共用
150624,2019,4402.3898,1850.1408,0.216241,0.090877,静态路网截面数据，2019与2024共用
150625,2019,5019.7479,1761.9277,0.266762,0.093633,静态路网截面数据，2019与2024共用
150622,2019,3979.6112,1881.6707,0.526636,0.249008,静态路网截面数据，2019与2024共用
150623,2019,2984.5215,1097.1823,0.244363,0.089834,静态路网截面数据，2019与2024共用
150621,2019,4172.4224,1695.6344,0.506452,0.205818,静态路网截面数据，2019与2024共用
150602,2019,3098.9719,1188.9133,1.440635,0.552696,静态路网截面数据，2019与2024共用
150603,2019,1061.6158,404.2644,2.846567,1.083976,静态路网截面数据，2019与2024共用
110118,2019,4074.8423,1034.0955,1.851105,0.469765,静态路网截面数据，2019与2024共用
110119,2019,4294.8572,1065.161,2.13581,0.529699,静态路网截面数据，2019与2024共用
110116,2019,2824.4352,963.8482,1.329719,0.453771,静态路网截面数据，2019与2024共用
110117,2019,2977.2399,830.3132,3.152816,0.879279,静态路网截面数据，2019与2024共用
110114,2019,5759.6653,1400.621,4.283048,1.041541,静态路网截面数据，2019与2024共用
110115,2019,7060.4357,1843.9797,6.81377,1.779558,静态路网截面数据，2019与2024共用
110112,2019,6118.0287,1722.5192,6.654847,1.873659,静态路网截面数据，2019与2024共用
110113,2019,4234.9269,1598.7897,4.177452,1.577092,静态路网截面数据，2019与2024共用
110111,2019,6900.3047,1552.304,3.448774,0.775842,静态路网截面数据，2019与2024共用
110109,2019,2414.3621,780.2065,1.664804,0.537985,静态路网截面数据，2019与2024共用
110107,2019,804.1485,232.8775,9.673717,2.801462,静态路网截面数据，2019与2024共用
110108,2019,4447.7852,1033.2069,10.346264,2.403405,静态路网截面数据，2019与2024共用
110105,2019,4742.8113,1512.0798,10.219217,3.258041,静态路网截面数据，2019与2024共用
110106,2019,3040.0131,802.2552,9.907834,2.614664,静态路网截面数据，2019与2024共用
110101,2019,648.6475,176.931,15.573789,4.24805,静态路网截面数据，2019与2024共用
110102,2019,832.0325,231.8667,16.592833,4.624009,静态路网截面数据，2019与2024共用
710021,2019,0.0,0.0,0.0,0.0,静态路网截面数据，2019与2024共用
710020,2019,0.0,0.0,0.0,0.0,静态路网截面数据，2019与2024共用
710023,2019,0.0,0.0,0.0,0.0,静态路网截面数据，2019与2024共用
710022,2019,0.0,0.0,0.0,0.0,静态路网截面数据，2019与2024共用
710010,2019,0.0,0.0,0.0,0.0,静态路网截面数据，2019与2024共用
710014,2019,0.0,0.0,0.0,0.0,静态路网截面数据，2019与2024共用
710013,2019,0.0,0.0,0.0,0.0,静态路网截面数据，2019与2024共用
710012,2019,0.0,0.0,0.0,0.0,静态路网截面数据，2019与2024共用
710011,2019,0.0,0.0,0.0,0.0,静态路网截面数据，2019与2024共用
710018,2019,0.0,0.0,0.0,0.0,静态路网截面数据，2019与2024共用
710016,2019,0.0,0.0,0.0,0.0,静态路网截面数据，2019与2024共用
710019,2019,0.0,0.0,0.0,0.0,静态路网截面数据，2019与2024共用
710003,2019,0.0,0.0,0.0,0.0,静态路网截面数据，2019与2024共用
710001,2019,0.0,0.0,0.0,0.0,静态路网截面数据，2019与2024共用
710007,2019,0.0,0.0,0.0,0.0,静态路网截面数据，2019与2024共用
710006,2019,0.0,0.0,0.0,0.0,静态路网截面数据，2019与2024共用
710005,2019,0.0,0.0,0.0,0.0,静态路网截面数据，2019与2024共用
710004,2019,0.0,0.0,0.0,0.0,静态路网截面数据，2019与2024共用
710009,2019,0.0,0.0,0.0,0.0,静态路网截面数据，2019与2024共用
710008,2019,0.0,0.0,0.0,0.0,静态路网截面数据，2019与2024共用
222424,2019,1923.0842,824.2288,0.218094,0.093474,静态路网截面数据，2019与2024共用
222426,2019,2303.386,804.8524,0.309606,0.108183,静态路网截面数据，2019与2024共用
220221,2019,1185.5687,545.3051,0.451626,0.207726,静态路网截面数据，2019与2024共用
222402,2019,847.0459,304.7809,0.746739,0.268689,静态路网截面数据，2019与2024共用
222403,2019,4027.6482,1421.7255,0.342196,0.120792,静态路网截面数据，2019与2024共用
222401,2019,2150.8793,647.6967,1.260254,0.379502,静态路网截面数据，2019与2024共用
222406,2019,1963.0359,675.2853,0.388668,0.133702,静态路网截面数据，2019与2024共用
222404,2019,2099.0276,598.6144,0.403937,0.115197,静态路网截面数据，2019与2024共用
222405,2019,1450.5136,365.9669,0.654661,0.165172,静态路网截面数据，2019与2024共用
220284,2019,1962.639,932.7137,0.508044,0.24144,静态路网截面数据，2019与2024共用
220281,2019,2404.6132,807.2316,0.377916,0.126867,静态路网截面数据，2019与2024共用
220283,2019,4639.0592,577.302,1.022895,0.127293,静态路网截面数据，2019与2024共用
220282,2019,1617.214,738.817,0.247946,0.113273,静态路网截面数据，2019与2024共用
220621,2019,2203.6602,897.4255,0.358,0.145793,静态路网截面数据，2019与2024共用
220623,2019,979.8043,417.623,0.396166,0.168858,静态路网截面数据，2019与2024共用
220622,2019,1313.7685,487.8627,0.42609,0.158227,静态路网截面数据，2019与2024共用
220211,2019,993.9943,517.3653,0.851503,0.4432,静态路网截面数据，2019与2024共用
220681,2019,1372.2754,406.9139,0.456133,0.135255,静态路网截面数据，2019与2024共用
220203,2019,1154.7328,483.4423,0.985309,0.412511,静态路网截面数据，2019与2024共用
220202,2019,1071.8002,390.4367,1.261592,0.459574,静态路网截面数据，2019与2024共用
220204,2019,589.1373,360.3153,1.001466,0.612495,静态路网截面数据，2019与2024共用
220602,2019,997.3823,367.0531,0.723963,0.26643,静态路网截面数据，2019与2024共用
220605,2019,677.0987,266.2553,0.50214,0.197456,静态路网截面数据，2019与2024共用
220182,2019,3456.8003,878.4569,0.740571,0.188197,静态路网截面数据，2019与2024共用
220184,2019,4102.18,1172.5251,0.98995,0.282957,静态路网截面数据，2019与2024共用
220183,2019,2000.4518,747.3265,0.662917,0.247652,静态路网截面数据，2019与2024共用
220382,2019,1839.537,929.1091,0.593495,0.299761,静态路网截面数据，2019与2024共用
220322,2019,2793.1647,847.399,0.791836,0.24023,静态路网截面数据，2019与2024共用
220323,2019,1570.4078,546.9278,0.622831,0.216914,静态路网截面数据，2019与2024共用
220781,2019,2964.7749,821.444,0.691459,0.191581,静态路网截面数据，2019与2024共用
220302,2019,415.4735,195.6467,2.334457,1.099297,静态路网截面数据，2019与2024共用
220303,2019,671.1439,396.0246,0.720998,0.425442,静态路网截面数据，2019与2024共用
220722,2019,2433.0196,1191.8016,0.423989,0.207689,静态路网截面数据，2019与2024共用
220721,2019,2151.096,1260.5485,0.358687,0.210192,静态路网截面数据，2019与2024共用
220723,2019,1288.5176,494.9515,0.365728,0.140485,静态路网截面数据，2019与2024共用
220702,2019,1374.8058,648.3959,0.865313,0.408105,静态路网截面数据，2019与2024共用
220881,2019,1691.0149,664.9377,0.330907,0.130119,静态路网截面数据，2019与2024共用
220882,2019,2165.9065,846.9556,0.444123,0.17367,静态路网截面数据，2019与2024共用
220403,2019,246.818,167.4992,1.370566,0.930113,静态路网截面数据，2019与2024共用
220402,2019,446.1532,243.3929,1.756457,0.958211,静态路网截面数据，2019与2024共用
220421,2019,1709.5773,690.9896,0.677227,0.273727,静态路网截面数据，2019与2024共用
220422,2019,1195.1517,515.0019,0.544289,0.234539,静态路网截面数据，2019与2024共用
220802,2019,1859.5005,887.1648,0.736479,0.351373,静态路网截面数据，2019与2024共用
220821,2019,1319.9418,576.4795,0.281078,0.12276,静态路网截面数据，2019与2024共用
220822,2019,2841.0398,1104.41,0.334276,0.129945,静态路网截面数据，2019与2024共用
220122,2019,2189.1101,1147.0629,0.418102,0.21908,静态路网截面数据，2019与2024共用
220113,2019,2413.6529,1059.8008,0.715081,0.313982,静态路网截面数据，2019与2024共用
220112,2019,1726.7549,605.0332,1.028382,0.360332,静态路网截面数据，2019与2024共用
220582,2019,1436.3527,734.5091,0.429716,0.219744,静态路网截面数据，2019与2024共用
220581,2019,2031.8596,683.4405,0.930434,0.312963,静态路网截面数据，2019与2024共用
220102,2019,2203.7133,910.9995,4.139384,1.711192,静态路网截面数据，2019与2024共用
220104,2019,1845.1568,589.2356,5.627863,1.797212,静态路网截面数据，2019与2024共用
220103,2019,2364.7882,956.2074,2.557921,1.034301,静态路网截面数据，2019与2024共用
220106,2019,1539.9488,547.3153,5.421405,1.926829,静态路网截面数据，2019与2024共用
220105,2019,1355.0982,694.9996,2.679948,1.374486,静态路网截面数据，2019与2024共用
220521,2019,1744.6449,609.8022,0.471103,0.164664,静态路网截面数据，2019与2024共用
220524,2019,2973.409,631.2979,0.888426,0.188626,静态路网截面数据，2019与2024共用
220523,2019,1291.6613,577.2313,0.567489,0.253606,静态路网截面数据，2019与2024共用
220502,2019,583.7555,216.5969,1.434841,0.532384,静态路网截面数据，2019与2024共用
220503,2019,261.5499,92.8397,0.705605,0.250461,静态路网截面数据，2019与2024共用
511603,2019,754.0589,332.4143,1.494218,0.658701,静态路网截面数据，2019与2024共用
511602,2019,1380.7586,800.9289,1.343971,0.77959,静态路网截面数据，2019与2024共用
511621,2019,1208.9651,538.8779,0.808706,0.360468,静态路网截面数据，2019与2024共用
511622,2019,938.2743,479.2598,0.97396,0.497488,静态路网截面数据，2019与2024共用
511623,2019,1875.3861,701.2597,0.981615,0.367054,静态路网截面数据，2019与2024共用
510781,2019,3308.8908,861.9993,1.215324,0.316604,静态路网截面数据，2019与2024共用
510302,2019,682.0161,266.2407,4.392928,1.714881,静态路网截面数据，2019与2024共用
510304,2019,861.2448,355.3218,2.15044,0.887202,静态路网截面数据，2019与2024共用
510303,2019,577.6145,261.5026,1.417292,0.641649,静态路网截面数据，2019与2024共用
510723,2019,1089.3744,606.0787,0.661429,0.367989,静态路网截面数据，2019与2024共用
510722,2019,2081.8962,1095.11,0.783826,0.412305,静态路网截面数据，2019与2024共用
510727,2019,2203.0545,906.1772,0.371163,0.15267,静态路网截面数据，2019与2024共用
510725,2019,1392.9849,591.0619,0.964709,0.409339,静态路网截面数据，2019与2024共用
510726,2019,1415.7735,453.0597,0.458914,0.146856,静态路网截面数据，2019与2024共用
511681,2019,576.3878,365.6974,1.244782,0.78977,静态路网截面数据，2019与2024共用
513402,2019,3662.255,686.6867,0.813316,0.1525,静态路网截面数据，2019与2024共用
513401,2019,3355.3813,831.6766,1.262335,0.312887,静态路网截面数据，2019与2024共用
510311,2019,1095.3934,527.5647,2.329745,1.122055,静态路网截面数据，2019与2024共用
510322,2019,1759.2734,672.3242,1.311977,0.501385,静态路网截面数据，2019与2024共用
510321,2019,1105.0281,724.6215,0.688666,0.451592,静态路网截面数据，2019与2024共用
513422,2019,3630.6904,828.4694,0.275041,0.06276,静态路网截面数据，2019与2024共用
513426,2019,2963.359,527.0821,0.927095,0.164899,静态路网截面数据，2019与2024共用
513424,2019,1528.7285,437.6954,0.66571,0.190602,静态路网截面数据，2019与2024共用
513423,2019,3579.499,441.3393,0.426082,0.052534,静态路网截面数据，2019与2024共用
513429,2019,1727.6779,237.0398,1.027845,0.141022,静态路网截面数据，2019与2024共用
513428,2019,1491.2439,182.847,0.782531,0.095949,静态路网截面数据，2019与2024共用
513427,2019,1925.0403,381.4339,1.162081,0.230259,静态路网截面数据，2019与2024共用
513433,2019,2776.6259,558.4146,0.628489,0.126397,静态路网截面数据，2019与2024共用
513432,2019,1593.783,165.8668,0.72241,0.075182,静态路网截面数据，2019与2024共用
513431,2019,2418.5429,398.214,0.896759,0.147652,静态路网截面数据，2019与2024共用
513430,2019,1815.3697,310.3159,1.157882,0.197926,静态路网截面数据，2019与2024共用
513437,2019,2638.1842,504.0219,0.934859,0.178604,静态路网截面数据，2019与2024共用
513436,2019,2694.5747,387.3525,1.071929,0.154093,静态路网截面数据，2019与2024共用
513435,2019,1341.9262,235.1815,0.624561,0.109458,静态路网截面数据，2019与2024共用
513434,2019,1581.9783,256.3942,0.701422,0.113681,静态路网截面数据，2019与2024共用
510802,2019,3030.0095,825.5066,1.970208,0.536771,静态路网截面数据，2019与2024共用
510811,2019,2538.699,633.8408,1.775571,0.443309,静态路网截面数据，2019与2024共用
510812,2019,1359.7847,354.0033,0.853779,0.222271,静态路网截面数据，2019与2024共用
510822,2019,2506.1232,796.1458,0.787925,0.250308,静态路网截面数据，2019与2024共用
510823,2019,3155.3788,770.2242,0.985052,0.24045,静态路网截面数据，2019与2024共用
510821,2019,1931.093,715.5784,0.647885,0.240078,静态路网截面数据，2019与2024共用
510824,2019,2970.4032,870.0083,1.274712,0.373353,静态路网截面数据，2019与2024共用
511724,2019,2265.9818,802.2593,1.084691,0.384029,静态路网截面数据，2019与2024共用
511725,2019,1769.5825,798.1073,0.87779,0.395896,静态路网截面数据，2019与2024共用
511722,2019,2896.9313,1147.7847,0.680838,0.269753,静态路网截面数据，2019与2024共用
511723,2019,1067.0511,443.1807,1.038236,0.431213,静态路网截面数据，2019与2024共用
510403,2019,219.4978,99.441,1.798141,0.814627,静态路网截面数据，2019与2024共用
510402,2019,544.5387,191.6741,3.305611,1.163554,静态路网截面数据，2019与2024共用
510411,2019,1339.2923,614.4585,0.779527,0.357642,静态路网截面数据，2019与2024共用
510421,2019,874.6515,564.8116,0.415066,0.268031,静态路网截面数据，2019与2024共用
510422,2019,1113.5469,622.1851,0.3391429999999999,0.189493,静态路网截面数据，2019与2024共用
511702,2019,1268.4778,551.2049,1.434106,0.623177,静态路网截面数据，2019与2024共用
511703,2019,2342.9737,1058.77,1.042256,0.470987,静态路网截面数据，2019与2024共用
511321,2019,1823.3944,958.956,0.823191,0.432931,静态路网截面数据，2019与2024共用
511324,2019,1594.0753,715.7822,0.890825,0.400004,静态路网截面数据，2019与2024共用
511325,2019,1067.8376,603.9062,0.965051,0.545776,静态路网截面数据，2019与2024共用
511322,2019,1647.7883,636.7393,1.008676,0.389773,静态路网截面数据，2019与2024共用
511323,2019,900.8442,524.8876,0.672795,0.392012,静态路网截面数据，2019与2024共用
511781,2019,1755.3529,1070.2974,0.431406,0.263042,静态路网截面数据，2019与2024共用
511302,2019,992.5228,502.5783,1.832141,0.927731,静态路网截面数据，2019与2024共用
511303,2019,1181.4161,583.9197,1.453835,0.718564,静态路网截面数据，2019与2024共用
511304,2019,1145.916,600.7585,0.980734,0.51416,静态路网截面数据，2019与2024共用
511381,2019,1891.8627,687.8226,1.009486,0.367018,静态路网截面数据，2019与2024共用
510921,2019,1130.9228,718.3317,0.902479,0.57323,静态路网截面数据，2019与2024共用
510923,2019,934.0654,502.6161,1.340795,0.721475,静态路网截面数据，2019与2024共用
510903,2019,1477.933,1013.2954,2.418081,1.657877,静态路网截面数据，2019与2024共用
510904,2019,889.1725,641.5561,0.706085,0.509454,静态路网截面数据，2019与2024共用
510521,2019,3317.7753,1323.0382,2.178836,0.86886,静态路网截面数据，2019与2024共用
510522,2019,4128.8648,1466.1972,1.703956,0.60509,静态路网截面数据，2019与2024共用
510525,2019,2653.421,1677.5173,0.833366,0.526862,静态路网截面数据，2019与2024共用
510524,2019,2420.1527,1687.1806,0.818203,0.5704,静态路网截面数据，2019与2024共用
511802,2019,1508.6766,614.5728,1.410782,0.574695,静态路网截面数据，2019与2024共用
511803,2019,1002.3636,393.4201,1.628914,0.639336,静态路网截面数据，2019与2024共用
511823,2019,1496.323,452.4724,0.674387,0.203928,静态路网截面数据，2019与2024共用
511824,2019,1054.195,471.5412,0.394138,0.176298,静态路网截面数据，2019与2024共用
511822,2019,624.6527,289.0717,0.352251,0.163012,静态路网截面数据，2019与2024共用
511827,2019,652.0096,210.7627,0.209468,0.067711,静态路网截面数据，2019与2024共用
511825,2019,835.683,365.7399,0.349513,0.152966,静态路网截面数据，2019与2024共用
511826,2019,617.0384,178.1844,0.516843,0.14925,静态路网截面数据，2019与2024共用
510981,2019,1688.0833,1094.3307,1.1238,0.728524,静态路网截面数据，2019与2024共用
510503,2019,1650.4138,813.7077,1.42968,0.704879,静态路网截面数据，2019与2024共用
510504,2019,1397.8824,651.545,4.208392,1.961507,静态路网截面数据，2019与2024共用
510502,2019,2218.6055,903.3251,3.397514,1.383328,静态路网截面数据，2019与2024共用
510113,2019,1510.7975,636.6934,3.968855,1.672589,静态路网截面数据，2019与2024共用
510112,2019,2943.9267,822.8375,5.295911,1.480225,静态路网截面数据，2019与2024共用
510115,2019,1864.8578,460.6177,6.790974,1.677363,静态路网截面数据，2019与2024共用
510114,2019,2884.7102,838.4656,5.82845,1.694089,静态路网截面数据，2019与2024共用
510117,2019,3007.9515,847.4946,6.882315,1.939102,静态路网截面数据，2019与2024共用
510116,2019,7000.4025,2289.4448,6.537045,2.137906,静态路网截面数据，2019与2024共用
510118,2019,1725.5759,483.5168,5.245977,1.469955,静态路网截面数据，2019与2024共用
510121,2019,2688.5798,1110.5869,2.328542,0.961864,静态路网截面数据，2019与2024共用
510129,2019,2346.5933,593.6196,1.833627,0.463854,静态路网截面数据，2019与2024共用
510131,2019,1374.1083,438.0731,2.366173,0.754349,静态路网截面数据，2019与2024共用
511402,2019,2593.7118,1063.2894,1.948036,0.798595,静态路网截面数据，2019与2024共用
511403,2019,1373.7995,427.307,2.952213,0.918257,静态路网截面数据，2019与2024共用
511423,2019,1327.4242,652.4923,0.69844,0.343316,静态路网截面数据，2019与2024共用
511424,2019,414.2871,206.458,0.926951,0.461941,静态路网截面数据，2019与2024共用
511421,2019,3459.3614,1688.9742,1.32685,0.647812,静态路网截面数据，2019与2024共用
511425,2019,541.9484,218.5055,1.399668,0.564325,静态路网截面数据，2019与2024共用
510104,2019,745.7532,271.065,12.284409,4.465114,静态路网截面数据，2019与2024共用
510106,2019,1147.6859,471.4686,10.682096,4.388198,静态路网截面数据，2019与2024共用
510105,2019,748.6482,288.7874,11.116393,4.288094,静态路网截面数据，2019与2024共用
510108,2019,1245.9862,473.4782,11.378778,4.323967,静态路网截面数据，2019与2024共用
510107,2019,1691.5271,656.5898,13.95325,5.416148,静态路网截面数据，2019与2024共用
513224,2019,1117.4065,500.8544,0.133966,0.060047,静态路网截面数据，2019与2024共用
513223,2019,982.4448,215.3513,0.252133,0.055267,静态路网截面数据，2019与2024共用
513222,2019,1093.1885,493.9378,0.252914,0.114275,静态路网截面数据，2019与2024共用
513221,2019,1228.5894,372.0926,0.300904,0.091132,静态路网截面数据，2019与2024共用
513228,2019,914.2219,268.7545,0.220706,0.064881,静态路网截面数据，2019与2024共用
513227,2019,1278.5921,379.0037,0.22981,0.068121,静态路网截面数据，2019与2024共用
513226,2019,1127.2725,269.2584,0.210291,0.05023,静态路网截面数据，2019与2024共用
513225,2019,1175.4976,542.4952,0.222998,0.102914,静态路网截面数据，2019与2024共用
513231,2019,1985.1794,727.6366,0.196297,0.07195,静态路网截面数据，2019与2024共用
513230,2019,1032.3206,330.2719,0.155372,0.049708,静态路网截面数据，2019与2024共用
513233,2019,1915.8979,579.3032,0.230826,0.069794,静态路网截面数据，2019与2024共用
513232,2019,1921.5735,560.7176,0.186,0.054275,静态路网截面数据，2019与2024共用
511002,2019,771.9784,482.1175,1.999903,1.248983,静态路网截面数据，2019与2024共用
511011,2019,1288.4995,687.5302,1.086849,0.579931,静态路网截面数据，2019与2024共用
513201,2019,1390.0825,547.8407,0.20983,0.082695,静态路网截面数据，2019与2024共用
511024,2019,942.5739,622.0826,0.730963,0.482423,静态路网截面数据，2019与2024共用
511025,2019,1088.7482,622.6922,0.626803,0.35849,静态路网截面数据，2019与2024共用
510182,2019,3593.7079,807.1889,2.527073,0.56761,静态路网截面数据，2019与2024共用
510181,2019,3555.764,762.1959,2.936864,0.629532,静态路网截面数据，2019与2024共用
510184,2019,3445.9695,769.6445,3.158672,0.705478,静态路网截面数据，2019与2024共用
510183,2019,2638.4791,861.8184,1.919677,0.627033,静态路网截面数据，2019与2024共用
510185,2019,4811.4249,2061.1891,2.176149,0.932251,静态路网截面数据，2019与2024共用
511902,2019,2264.5857,973.9973,1.612125,0.693374,静态路网截面数据，2019与2024共用
511903,2019,1135.3937,517.328,0.981729,0.447313,静态路网截面数据，2019与2024共用
511083,2019,1089.8658,523.9344,1.401386,0.673692,静态路网截面数据，2019与2024共用
511504,2019,2877.661,1281.1349,1.1198,0.498535,静态路网截面数据，2019与2024共用
511502,2019,2777.4691,1395.2012,1.861659,0.935164,静态路网截面数据，2019与2024共用
511503,2019,765.4427,428.4551,1.084154,0.606853,静态路网截面数据，2019与2024共用
511922,2019,2249.0218,879.2901,0.666198,0.26046,静态路网截面数据，2019与2024共用
511923,2019,1809.3079,803.0434,0.811555,0.360201,静态路网截面数据，2019与2024共用
511921,2019,2072.6773,908.4338,0.505687,0.221638,静态路网截面数据，2019与2024共用
510603,2019,2248.1729,843.0801,3.476534,1.303724,静态路网截面数据，2019与2024共用
510604,2019,640.0418,258.0851,1.422187,0.573471,静态路网截面数据，2019与2024共用
510623,2019,2028.7998,1138.544,0.921481,0.517127,静态路网截面数据，2019与2024共用
511102,2019,1632.694,927.0435,1.947106,1.105567,静态路网截面数据，2019与2024共用
511111,2019,520.9103,268.5814,0.861021,0.443943,静态路网截面数据，2019与2024共用
511112,2019,664.1597,302.073,1.429414,0.650126,静态路网截面数据，2019与2024共用
511113,2019,292.5205,150.7116,0.485549,0.250163,静态路网截面数据，2019与2024共用
511523,2019,1204.8421,422.1341,1.274601,0.446575,静态路网截面数据，2019与2024共用
511526,2019,735.828,387.5645,0.644812,0.339626,静态路网截面数据，2019与2024共用
511527,2019,1644.9656,408.792,1.298877,0.322785,静态路网截面数据，2019与2024共用
511524,2019,854.8842,470.1617,0.91222,0.501695,静态路网截面数据，2019与2024共用
511525,2019,939.7268,600.7122,0.707581,0.452315,静态路网截面数据，2019与2024共用
511528,2019,1057.4404,459.5732,0.765411,0.332655,静态路网截面数据，2019与2024共用
511529,2019,975.6394,463.8418,0.650675,0.309346,静态路网截面数据，2019与2024共用
510682,2019,2257.1454,459.8326,2.754874,0.561231,静态路网截面数据，2019与2024共用
510683,2019,2566.5151,571.6237,2.062247,0.459311,静态路网截面数据，2019与2024共用
510681,2019,2958.752,676.2214,5.370237,1.227365,静态路网截面数据，2019与2024共用
512021,2019,3673.06,1149.5421,1.369112,0.428485,静态路网截面数据，2019与2024共用
512022,2019,1333.7615,610.2273,0.939015,0.429621,静态路网截面数据，2019与2024共用
511181,2019,1381.772,533.2996,1.169616,0.451417,静态路网截面数据，2019与2024共用
513301,2019,2548.2209,765.9051,0.219794,0.066062,静态路网截面数据，2019与2024共用
511123,2019,1185.5037,583.4917,0.863,0.424759,静态路网截面数据，2019与2024共用
511126,2019,889.7679,369.9703,1.200768,0.499286,静态路网截面数据，2019与2024共用
511124,2019,646.805,310.3636,0.769426,0.369202,静态路网截面数据，2019与2024共用
511129,2019,867.3693,537.4225,0.615243,0.381205,静态路网截面数据，2019与2024共用
511133,2019,588.4493,317.367,0.257225,0.138729,静态路网截面数据，2019与2024共用
511132,2019,757.7533,293.7198,0.318381,0.12341,静态路网截面数据，2019与2024共用
513323,2019,1251.1159,262.0218,0.277572,0.058132,静态路网截面数据，2019与2024共用
513322,2019,1214.3237,399.7445,0.561067,0.184698,静态路网截面数据，2019与2024共用
513327,2019,885.529,236.7671,0.197796,0.052885,静态路网截面数据，2019与2024共用
513326,2019,1606.2314,493.3258,0.228707,0.070243,静态路网截面数据，2019与2024共用
513325,2019,1948.1676,492.7152,0.257436,0.065109,静态路网截面数据，2019与2024共用
513324,2019,1266.4348,309.48,0.187094,0.04572,静态路网截面数据，2019与2024共用
513329,2019,1727.4619,420.7444,0.186759,0.045487,静态路网截面数据，2019与2024共用
513328,2019,1166.1937,299.3978,0.169865,0.043609,静态路网截面数据，2019与2024共用
513330,2019,2162.6182,736.4205,0.189139,0.064406,静态路网截面数据，2019与2024共用
513334,2019,2410.6249,623.6542,0.172126,0.044531,静态路网截面数据，2019与2024共用
512002,2019,1884.516,904.3418,1.154269,0.553911,静态路网截面数据，2019与2024共用
513333,2019,1836.0595,465.1949,0.209588,0.053103,静态路网截面数据，2019与2024共用
513332,2019,3402.3702,801.5926,0.151978,0.035806,静态路网截面数据，2019与2024共用
513331,2019,2067.1171,447.7919,0.201107,0.043565,静态路网截面数据，2019与2024共用
513338,2019,1276.4313,238.9269,0.439997,0.08236,静态路网截面数据，2019与2024共用
513337,2019,1389.1075,483.3907,0.196591,0.068411,静态路网截面数据，2019与2024共用
513336,2019,918.0353,264.0313,0.185676,0.053401,静态路网截面数据，2019与2024共用
513335,2019,1713.3722,517.4122,0.223705,0.067556,静态路网截面数据，2019与2024共用
510705,2019,1815.4888,448.7388,1.538497,0.380274,静态路网截面数据，2019与2024共用
510703,2019,2098.611,961.2793,3.80015,1.740678,静态路网截面数据，2019与2024共用
510704,2019,1696.9872,832.4773,1.666092,0.817321,静态路网截面数据，2019与2024共用
120119,2019,3361.1506,1091.5476,2.109656,0.685119,静态路网截面数据，2019与2024共用
120115,2019,3770.9422,1234.2588,2.496136,0.817005,静态路网截面数据，2019与2024共用
120116,2019,8647.1409,3631.2157,3.652513,1.533809,静态路网截面数据，2019与2024共用
120117,2019,4799.0303,1326.4588,3.683534,1.018134,静态路网截面数据，2019与2024共用
120118,2019,4523.949,1453.4813,3.046121,0.978676,静态路网截面数据，2019与2024共用
120111,2019,3005.0986,1357.4309,5.387421,2.433548,静态路网截面数据，2019与2024共用
120112,2019,2485.6799,968.9487,6.491499,2.530466,静态路网截面数据，2019与2024共用
120113,2019,2603.0505,935.0792,5.456215,1.960006,静态路网截面数据，2019与2024共用
120114,2019,4875.6438,1695.1987,3.051248,1.06088,静态路网截面数据，2019与2024共用
120110,2019,3106.1997,1393.1372,6.55608,2.940416,静态路网截面数据，2019与2024共用
120104,2019,659.2559,227.5862,15.599212,5.385108,静态路网截面数据，2019与2024共用
120105,2019,405.1101,157.1162,13.719165,5.320784,静态路网截面数据，2019与2024共用
120106,2019,308.5955,142.914,12.782022,5.919495,静态路网截面数据，2019与2024共用
120101,2019,166.8717,43.562,16.748516,4.372213,静态路网截面数据，2019与2024共用
120102,2019,669.5006,267.9076,16.499626,6.602497,静态路网截面数据，2019与2024共用
120103,2019,648.576,252.0362,13.735923,5.337771,静态路网截面数据，2019与2024共用
640402,2019,2776.3848,945.6043,1.01695,0.346361,静态路网截面数据，2019与2024共用
640324,2019,2766.733,781.0457,0.627306,0.177088,静态路网截面数据，2019与2024共用
640323,2019,3596.7663,1537.922,0.549673,0.235032,静态路网截面数据，2019与2024共用
640302,2019,1583.2165,761.7108,1.433395,0.689629,静态路网截面数据，2019与2024共用
640303,2019,1942.1997,744.7724,0.704287,0.270072,静态路网截面数据，2019与2024共用
640381,2019,1552.1263,520.0838,0.852279,0.28558,静态路网截面数据，2019与2024共用
640522,2019,2625.0728,1136.9121,0.526576,0.228059,静态路网截面数据，2019与2024共用
640521,2019,2105.6784,974.2998,0.624941,0.289161,静态路网截面数据，2019与2024共用
640502,2019,2830.65,1184.9942,0.523751,0.219258,静态路网截面数据，2019与2024共用
640423,2019,1074.0549,362.7277,1.07862,0.36427,静态路网截面数据，2019与2024共用
640422,2019,2321.0493,685.6924,0.742172,0.219255,静态路网截面数据，2019与2024共用
640425,2019,2121.1075,615.5067,0.832277,0.241512,静态路网截面数据，2019与2024共用
640424,2019,1050.484,392.657,0.914134,0.341691,静态路网截面数据，2019与2024共用
640122,2019,1443.5799,490.4339,1.194696,0.405879,静态路网截面数据，2019与2024共用
640121,2019,1616.3698,710.7454,1.724062,0.758099,静态路网截面数据，2019与2024共用
640104,2019,1712.3749,647.087,2.654848,1.003237,静态路网截面数据，2019与2024共用
640106,2019,1042.9192,406.4955,3.866678,1.507103,静态路网截面数据，2019与2024共用
640105,2019,1470.8241,471.4887,1.666916,0.534348,静态路网截面数据，2019与2024共用
640181,2019,2952.519,1292.5051,0.978428,0.42832,静态路网截面数据，2019与2024共用
640202,2019,824.5707,365.8254,0.867193,0.384735,静态路网截面数据，2019与2024共用
640205,2019,1264.6384,640.8819,1.182431,0.599222,静态路网截面数据，2019与2024共用
640221,2019,1763.2831,655.0749,0.858137,0.318805,静态路网截面数据，2019与2024共用
341802,2019,2727.0643,1383.8133,1.054794,0.535241,静态路网截面数据，2019与2024共用
340521,2019,1138.9562,444.5848,1.168581,0.456149,静态路网截面数据，2019与2024共用
340522,2019,2553.4346,617.2406,2.484138,0.600489,静态路网截面数据，2019与2024共用
340523,2019,1486.9835,728.9295,1.132111,0.554968,静态路网截面数据，2019与2024共用
341823,2019,1257.0033,651.0125,0.618372,0.32026,静态路网截面数据，2019与2024共用
341821,2019,1229.3488,491.4203,1.116567,0.446337,静态路网截面数据，2019与2024共用
341825,2019,489.2386,259.1808,0.539717,0.285923,静态路网截面数据，2019与2024共用
341824,2019,711.7139,413.4386,0.644545,0.37442,静态路网截面数据，2019与2024共用
340503,2019,628.6414,298.2891,3.343906,1.586677,静态路网截面数据，2019与2024共用
340506,2019,553.9738,196.9382,1.424154,0.506288,静态路网截面数据，2019与2024共用
340504,2019,671.4584,304.6595,3.833596,1.73941,静态路网截面数据，2019与2024共用
341004,2019,487.5516,213.7009,1.165123,0.51069,静态路网截面数据，2019与2024共用
341002,2019,654.8721,237.2388,3.397567,1.230828,静态路网截面数据，2019与2024共用
341003,2019,1018.2116,573.393,0.5828,0.328197,静态路网截面数据，2019与2024共用
341022,2019,1903.9241,643.9454,0.897221,0.303458,静态路网截面数据，2019与2024共用
341023,2019,489.1329,242.5059,0.571047,0.283118,静态路网截面数据，2019与2024共用
341021,2019,3413.5253,827.7905,1.602909,0.38871,静态路网截面数据，2019与2024共用
341024,2019,926.3131,596.4127,0.417137,0.268577,静态路网截面数据，2019与2024共用
340181,2019,2370.8535,1375.2674,1.158444,0.671982,静态路网截面数据，2019与2024共用
341881,2019,1575.458,895.7052,0.638753,0.363154,静态路网截面数据，2019与2024共用
341882,2019,2033.1245,947.7611,0.94785,0.44185,静态路网截面数据，2019与2024共用
340111,2019,2204.8287,989.2691,7.462877,3.348466,静态路网截面数据，2019与2024共用
340121,2019,3276.3658,1569.3866,1.779236,0.852258,静态路网截面数据，2019与2024共用
340124,2019,3941.9823,1658.4264,1.682854,0.707991,静态路网截面数据，2019与2024共用
340122,2019,3433.2916,1765.5746,1.576712,0.810826,静态路网截面数据，2019与2024共用
340123,2019,4154.5029,1595.3213,2.449062,0.940435,静态路网截面数据，2019与2024共用
340102,2019,1645.7574,966.3361,6.604073,3.877701,静态路网截面数据，2019与2024共用
340103,2019,789.9142,312.1125,5.772596,2.28088,静态路网截面数据，2019与2024共用
340104,2019,3703.0789,1446.5442,5.633724,2.200718,静态路网截面数据，2019与2024共用
340827,2019,863.1608,495.1018,0.642475,0.368518,静态路网截面数据，2019与2024共用
340828,2019,1059.2384,721.7133,0.44564,0.303637,静态路网截面数据，2019与2024共用
340811,2019,887.4215,450.2624,2.142318,1.086975,静态路网截面数据，2019与2024共用
340822,2019,1020.8591,640.7485,0.758808,0.476271,静态路网截面数据，2019与2024共用
340825,2019,1096.1106,788.3236,0.53501,0.38478,静态路网截面数据，2019与2024共用
340826,2019,1176.675,581.7909,0.496857,0.245664,静态路网截面数据，2019与2024共用
341723,2019,899.0538,569.3435,0.750476,0.475254,静态路网截面数据，2019与2024共用
341722,2019,462.7581,314.5254,0.327604,0.222664,静态路网截面数据，2019与2024共用
341721,2019,1243.3691,824.5253,0.382104,0.253388,静态路网截面数据，2019与2024共用
340881,2019,1679.2558,835.2993,1.083126,0.538771,静态路网截面数据，2019与2024共用
340882,2019,1231.4459,735.3613,0.729622,0.435696,静态路网截面数据，2019与2024共用
340403,2019,951.6922,310.6141,3.822042,1.247441,静态路网截面数据，2019与2024共用
340404,2019,393.498,140.6667,1.458152,0.521257,静态路网截面数据，2019与2024共用
340402,2019,614.3137,301.3287,2.00729,0.984601,静态路网截面数据，2019与2024共用
340405,2019,184.1066,43.3881,2.717446,0.640416,静态路网截面数据，2019与2024共用
340406,2019,942.3703,278.2474,1.577757,0.465854,静态路网截面数据，2019与2024共用
341702,2019,1953.9711,1053.8288,0.779421,0.420362,静态路网截面数据，2019与2024共用
340803,2019,308.0396,169.1604,1.602602,0.880071,静态路网截面数据，2019与2024共用
340802,2019,487.1462,274.184,2.378576,1.338751,静态路网截面数据，2019与2024共用
340421,2019,1642.7299,542.8354,1.506149,0.497703,静态路网截面数据，2019与2024共用
340422,2019,4369.8807,980.8183,1.482354,0.332714,静态路网截面数据，2019与2024共用
341324,2019,2057.9398,881.7519,1.111131,0.476079,静态路网截面数据，2019与2024共用
341323,2019,2019.5022,758.0848,0.947383,0.35563,静态路网截面数据，2019与2024共用
341322,2019,4912.5385,1037.0935,2.637376,0.556781,静态路网截面数据，2019与2024共用
341321,2019,1979.4951,575.9519,1.649771,0.480016,静态路网截面数据，2019与2024共用
341302,2019,3552.9122,1402.366,1.217301,0.48048,静态路网截面数据，2019与2024共用
340706,2019,1073.5664,415.8396,1.353582,0.524302,静态路网截面数据，2019与2024共用
340711,2019,766.0428,389.6469,1.324707,0.673811,静态路网截面数据，2019与2024共用
340722,2019,1843.5024,735.3555,1.251396,0.49917,静态路网截面数据，2019与2024共用
340705,2019,581.8606,291.129,4.075128,2.038956,静态路网截面数据，2019与2024共用
341602,2019,3049.9949,1326.5649,1.342103,0.583734,静态路网截面数据，2019与2024共用
341181,2019,2285.5621,865.5399,1.306626,0.494818,静态路网截面数据，2019与2024共用
341182,2019,1689.4185,814.1326,0.719443,0.3467,静态路网截面数据，2019与2024共用
341221,2019,2595.8251,966.3633,1.394911,0.519292,静态路网截面数据，2019与2024共用
341225,2019,2911.6331,991.4859,1.613458,0.549424,静态路网截面数据，2019与2024共用
341222,2019,4594.0848,814.3974,2.464513,0.436886,静态路网截面数据，2019与2024共用
341226,2019,3696.1948,817.4994,1.858324,0.411012,静态路网截面数据，2019与2024共用
341282,2019,1354.0251,441.7602,2.019382,0.658838,静态路网截面数据，2019与2024共用
340311,2019,848.9693,352.0624,2.104321,0.872649,静态路网截面数据，2019与2024共用
340322,2019,1394.5756,651.0469,0.977435,0.456308,静态路网截面数据，2019与2024共用
340323,2019,1393.5686,511.4303,1.024878,0.376123,静态路网截面数据，2019与2024共用
340321,2019,2903.6582,952.499,1.321584,0.433525,静态路网截面数据，2019与2024共用
341621,2019,3089.6627,967.3798,1.467113,0.459356,静态路网截面数据，2019与2024共用
341623,2019,3147.8334,775.2502,1.571234,0.386964,静态路网截面数据，2019与2024共用
341622,2019,3065.6098,953.055,1.429247,0.444333,静态路网截面数据，2019与2024共用
340304,2019,598.2853,321.3061,1.829116,0.982317,静态路网截面数据，2019与2024共用
340302,2019,447.9203,252.8242,3.027688,1.708949,静态路网截面数据，2019与2024共用
340303,2019,408.7674,158.2972,4.584588,1.775405,静态路网截面数据，2019与2024共用
341202,2019,2055.9625,853.7135,3.307789,1.373519,静态路网截面数据，2019与2024共用
341203,2019,1760.3885,445.0714,2.573894,0.650746,静态路网截面数据，2019与2024共用
341204,2019,1982.7022,444.7575,3.037576,0.681386,静态路网截面数据，2019与2024共用
340602,2019,713.0249,240.7783,3.070197,1.036761,静态路网截面数据，2019与2024共用
340603,2019,534.4152,204.1442,3.858493,1.473927,静态路网截面数据，2019与2024共用
340604,2019,1093.7669,365.1866,2.852423,0.952366,静态路网截面数据，2019与2024共用
340621,2019,2892.5989,971.4401,1.452966,0.487959,静态路网截面数据，2019与2024共用
341122,2019,1672.6217,768.3238,1.124806,0.516683,静态路网截面数据，2019与2024共用
341125,2019,2808.1191,1190.3053,0.936555,0.396987,静态路网截面数据，2019与2024共用
341126,2019,1646.6817,871.0381,0.849885,0.44956,静态路网截面数据，2019与2024共用
341124,2019,1577.0604,894.4216,1.007219,0.571239,静态路网截面数据，2019与2024共用
340281,2019,2203.1191,1044.852,1.089957,0.516923,静态路网截面数据，2019与2024共用
341103,2019,1791.5952,950.2834,1.543619,0.818754,静态路网截面数据，2019与2024共用
341102,2019,628.1284,344.0139,2.589832,1.418402,静态路网截面数据，2019与2024共用
341522,2019,2902.9786,1272.4766,0.888428,0.389429,静态路网截面数据，2019与2024共用
341525,2019,1285.5197,690.9301,0.62952,0.338349,静态路网截面数据，2019与2024共用
341524,2019,1999.5242,1321.1628,0.509297,0.336512,静态路网截面数据，2019与2024共用
341523,2019,2877.0353,1135.2497,1.362146,0.537489,静态路网截面数据，2019与2024共用
340202,2019,382.5008,210.3077,3.312748,1.821425,静态路网截面数据，2019与2024共用
340209,2019,1145.4738,569.7313,2.281154,1.134592,静态路网截面数据，2019与2024共用
340207,2019,2214.8598,892.1652,2.52904,1.01872,静态路网截面数据，2019与2024共用
341504,2019,719.5017,423.8202,1.269085,0.747551,静态路网截面数据，2019与2024共用
341503,2019,2748.3006,1119.608,1.44248,0.58764,静态路网截面数据，2019与2024共用
341502,2019,2616.3016,1030.1722,1.567712,0.617288,静态路网截面数据，2019与2024共用
340212,2019,653.5636,324.31,1.115786,0.553673,静态路网截面数据，2019与2024共用
340210,2019,1204.7368,532.9187,1.851805,0.819151,静态路网截面数据，2019与2024共用
340223,2019,1418.0918,599.1207,1.127298,0.476265,静态路网截面数据，2019与2024共用
371681,2019,1724.2239,850.3834,1.371231,0.676288,静态路网截面数据，2019与2024共用
371602,2019,2764.0505,1464.7518,2.651268,1.404985,静态路网截面数据，2019与2024共用
371603,2019,1779.1819,644.5654,1.039008,0.376414,静态路网截面数据，2019与2024共用
370725,2019,2125.78,738.8527,1.931976,0.671493,静态路网截面数据，2019与2024共用
370321,2019,1381.6817,573.3491,2.751773,1.141889,静态路网截面数据，2019与2024共用
370322,2019,1358.8138,506.7135,1.627175,0.606788,静态路网截面数据，2019与2024共用
370323,2019,1205.202,666.7472,0.735538,0.406918,静态路网截面数据，2019与2024共用
370303,2019,2422.2818,1244.2643,6.738498,3.461394,静态路网截面数据，2019与2024共用
370304,2019,874.9485,411.1714,1.251128,0.587953,静态路网截面数据，2019与2024共用
370305,2019,1458.6987,649.0652,2.198337,0.978176,静态路网截面数据，2019与2024共用
370306,2019,1050.3608,505.4463,3.436158,1.653521,静态路网截面数据，2019与2024共用
370783,2019,6238.6811,1414.7683,3.189894,0.723384,静态路网截面数据，2019与2024共用
370784,2019,2096.7146,960.789,1.223146,0.560489,静态路网截面数据，2019与2024共用
370785,2019,2705.3982,1031.1869,1.773327,0.67592,静态路网截面数据，2019与2024共用
370786,2019,4317.9173,699.5559,2.966816,0.480661,静态路网截面数据，2019与2024共用
370302,2019,1464.97,720.4405,1.526931,0.750912,静态路网截面数据，2019与2024共用
370781,2019,3842.4026,1160.2127,2.463427,0.743831,静态路网截面数据，2019与2024共用
370782,2019,3032.8374,1409.6906,1.409291,0.655051,静态路网截面数据，2019与2024共用
371623,2019,2071.6967,866.6113,1.053626,0.440742,静态路网截面数据，2019与2024共用
371625,2019,1470.0389,683.5156,1.628797,0.757332,静态路网截面数据，2019与2024共用
371622,2019,1203.274,390.9195,1.504887,0.488907,静态路网截面数据，2019与2024共用
371621,2019,1942.1193,673.3126,1.424381,0.493818,静态路网截面数据，2019与2024共用
370828,2019,1929.7054,763.535,2.173308,0.859922,静态路网截面数据，2019与2024共用
370829,2019,1366.3432,737.2051,1.403993,0.757519,静态路网截面数据，2019与2024共用
370826,2019,1560.6406,693.4718,0.935487,0.415684,静态路网截面数据，2019与2024共用
370827,2019,1431.1449,460.811,2.205325,0.710088,静态路网截面数据，2019与2024共用
370831,2019,806.574,402.2094,0.720654,0.359364,静态路网截面数据，2019与2024共用
370832,2019,1521.999,637.1835,1.577357,0.660359,静态路网截面数据，2019与2024共用
370830,2019,1107.3754,441.4644,1.246697,0.497006,静态路网截面数据，2019与2024共用
370811,2019,2833.2474,1586.6237,3.295672,1.845582,静态路网截面数据，2019与2024共用
370812,2019,1639.8484,777.9731,2.519525,1.195307,静态路网截面数据，2019与2024共用
370215,2019,6670.4318,1788.0589,3.617439,0.969682,静态路网截面数据，2019与2024共用
370211,2019,5584.9271,2351.076,2.707246,1.139664,静态路网截面数据，2019与2024共用
370212,2019,1336.6908,440.0306,3.566443,1.174052,静态路网截面数据，2019与2024共用
370213,2019,850.7891,344.5727,8.984753,3.638857,静态路网截面数据，2019与2024共用
370214,2019,2768.0325,1086.4227,5.233803,2.054211,静态路网截面数据，2019与2024共用
370285,2019,4400.819,1357.448,2.807601,0.866014,静态路网截面数据，2019与2024共用
370281,2019,3568.3412,1402.6149,2.74216,1.077866,静态路网截面数据，2019与2024共用
370283,2019,15210.0786,1939.2451,4.792687,0.611055,静态路网截面数据，2019与2024共用
371121,2019,1690.1913,640.2225,1.13014,0.428082,静态路网截面数据，2019与2024共用
371122,2019,1823.7045,725.0903,1.001443,0.398166,静态路网截面数据，2019与2024共用
371103,2019,2698.0284,643.2583,3.517204,0.838565,静态路网截面数据，2019与2024共用
371102,2019,5780.9432,1779.7947,4.662297,1.435394,静态路网截面数据，2019与2024共用
371581,2019,2740.9464,461.4234,2.893815,0.487158,静态路网截面数据，2019与2024共用
370611,2019,4379.8377,943.6814,4.716941,1.016314,静态路网截面数据，2019与2024共用
370612,2019,5606.1234,875.1954,3.726267,0.581723,静态路网截面数据，2019与2024共用
370613,2019,2018.1182,512.2522,6.151679,1.56146,静态路网截面数据，2019与2024共用
370614,2019,4622.5962,979.749,3.938616,0.834781,静态路网截面数据，2019与2024共用
370685,2019,5407.6242,871.2988,3.779963,0.609043,静态路网截面数据，2019与2024共用
370686,2019,4353.8426,834.499,2.426077,0.465005,静态路网截面数据，2019与2024共用
370202,2019,363.9414,108.2401,14.039748,4.175572,静态路网截面数据，2019与2024共用
370687,2019,7415.2152,1030.8715,3.985444,0.554061,静态路网截面数据，2019与2024共用
370203,2019,817.3797,308.3958,12.427866,4.68901,静态路网截面数据，2019与2024共用
370681,2019,4281.9667,905.202,4.735,1.000973,静态路网截面数据，2019与2024共用
370682,2019,7568.9897,1012.4764,4.39149,0.587434,静态路网截面数据，2019与2024共用
370683,2019,6909.8585,1179.2648,3.654497,0.623692,静态路网截面数据，2019与2024共用
371525,2019,1009.7952,490.7328,0.870618,0.423096,静态路网截面数据，2019与2024共用
371524,2019,1127.3049,479.0557,1.554308,0.660513,静态路网截面数据，2019与2024共用
371526,2019,1418.8714,624.9236,1.493338,0.657722,静态路网截面数据，2019与2024共用
371521,2019,1726.6151,428.4956,1.712186,0.424915,静态路网截面数据，2019与2024共用
371522,2019,1910.4701,613.0503,1.380128,0.442869,静态路网截面数据，2019与2024共用
371503,2019,1209.6305,606.4674,1.206506,0.604901,静态路网截面数据，2019与2024共用
371502,2019,3746.1218,1484.0666,2.59428,1.027752,静态路网截面数据，2019与2024共用
370724,2019,1985.5959,900.9776,1.084775,0.492224,静态路网截面数据，2019与2024共用
370703,2019,2534.9235,1167.0687,2.031674,0.935374,静态路网截面数据，2019与2024共用
370704,2019,1984.7758,732.6728,2.222581,0.820458,静态路网截面数据，2019与2024共用
370705,2019,1499.5105,694.8634,7.950524,3.684221,静态路网截面数据，2019与2024共用
370702,2019,1764.0236,652.0623,6.167543,2.279801,静态路网截面数据，2019与2024共用
370124,2019,1182.1489,530.3587,1.650579,0.740515,静态路网截面数据，2019与2024共用
370126,2019,2785.5107,578.9602,2.401333,0.49911,静态路网截面数据，2019与2024共用
370116,2019,2934.3084,1142.2371,1.689499,0.657671,静态路网截面数据，2019与2024共用
370117,2019,829.743,377.8629,1.643242,0.748328,静态路网截面数据，2019与2024共用
370112,2019,4532.9446,1804.356,3.482266,1.386129,静态路网截面数据，2019与2024共用
370113,2019,2289.6016,821.3549,1.898592,0.681087,静态路网截面数据，2019与2024共用
370114,2019,3597.295,1264.9991,2.099225,0.738198,静态路网截面数据，2019与2024共用
370115,2019,1854.3075,968.9832,1.682349,0.879125,静态路网截面数据，2019与2024共用
370105,2019,1090.0677,508.3911,4.222186,1.969163,静态路网截面数据，2019与2024共用
370102,2019,1114.7824,398.1289,11.199262,3.999659,静态路网截面数据，2019与2024共用
370103,2019,1315.0222,538.4285,4.617644,1.890669,静态路网截面数据，2019与2024共用
370104,2019,1036.2413,557.0075,6.827973,3.670219,静态路网截面数据，2019与2024共用
371426,2019,1785.072,481.3724,1.706714,0.460242,静态路网截面数据，2019与2024共用
371425,2019,2430.975,761.6809,1.722247,0.53962,静态路网截面数据，2019与2024共用
371428,2019,1264.7754,467.5051,1.730258,0.639564,静态路网截面数据，2019与2024共用
371427,2019,2559.6435,390.212,2.916628,0.444633,静态路网截面数据，2019与2024共用
371422,2019,1016.183,317.4874,1.255345,0.392209,静态路网截面数据，2019与2024共用
371424,2019,969.8586,445.3742,0.953749,0.437977,静态路网截面数据，2019与2024共用
371423,2019,570.8016,220.3652,1.143282,0.441378,静态路网截面数据，2019与2024共用
371003,2019,7300.7551,1315.0753,4.695988,0.845882,静态路网截面数据，2019与2024共用
371002,2019,4950.5436,1330.8239,5.054977,1.358898,静态路网截面数据，2019与2024共用
371482,2019,1177.029,518.0587,1.189371,0.523491,静态路网截面数据，2019与2024共用
371481,2019,1203.9472,469.0486,1.032236,0.402151,静态路网截面数据，2019与2024共用
370523,2019,2010.2133,840.3918,1.760027,0.735799,静态路网截面数据，2019与2024共用
370522,2019,1397.6708,564.6668,1.183472,0.478129,静态路网截面数据，2019与2024共用
370505,2019,2014.4989,670.0146,1.072841,0.356823,静态路网截面数据，2019与2024共用
370502,2019,3179.4004,1481.281,2.886561,1.344847,静态路网截面数据，2019与2024共用
370503,2019,1590.4909,502.766,0.816642,0.258147,静态路网截面数据，2019与2024共用
370982,2019,2533.9779,981.408,1.31237,0.50828,静态路网截面数据，2019与2024共用
370983,2019,1821.5672,767.8724,1.424703,0.600576,静态路网截面数据，2019与2024共用
371403,2019,1416.4823,574.1377,1.168158,0.473485,静态路网截面数据，2019与2024共用
371402,2019,1934.6827,987.2817,3.663422,1.869469,静态路网截面数据，2019与2024共用
370602,2019,1136.4337,464.8851,7.026491,2.874352,静态路网截面数据，2019与2024共用
371082,2019,6783.5921,1293.8033,4.559343,0.869582,静态路网截面数据，2019与2024共用
371083,2019,6942.1828,1161.1337,4.234792,0.708302,静态路网截面数据，2019与2024共用
370481,2019,3412.5256,1137.9957,2.292572,0.764518,静态路网截面数据，2019与2024共用
371327,2019,3244.1368,1071.4462,1.870996,0.617937,静态路网截面数据，2019与2024共用
371326,2019,2306.2817,957.3981,1.263808,0.52464,静态路网截面数据，2019与2024共用
371329,2019,2202.9131,525.66,2.207035,0.526644,静态路网截面数据，2019与2024共用
371328,2019,1578.8558,583.6425,0.984295,0.363856,静态路网截面数据，2019与2024共用
371323,2019,2346.146,943.5756,0.973133,0.391376,静态路网截面数据，2019与2024共用
371322,2019,1924.0907,591.0964,1.630313,0.500846,静态路网截面数据，2019与2024共用
371325,2019,2691.8449,744.5991,1.622057,0.448682,静态路网截面数据，2019与2024共用
371324,2019,3147.9581,678.9384,1.83719,0.396237,静态路网截面数据，2019与2024共用
371321,2019,2784.8978,1087.3268,1.617059,0.63136,静态路网截面数据，2019与2024共用
371312,2019,3421.1264,1113.5349,4.103458,1.335626,静态路网截面数据，2019与2024共用
371311,2019,2606.917,852.824,4.575434,1.496802,静态路网截面数据，2019与2024共用
371302,2019,5242.7806,1906.0148,5.876435,2.13638,静态路网截面数据，2019与2024共用
371726,2019,1544.7209,815.7094,1.47948,0.781258,静态路网截面数据，2019与2024共用
371728,2019,1667.6942,652.7759,1.269353,0.496855,静态路网截面数据，2019与2024共用
370402,2019,1022.7724,373.8918,2.730167,0.998059,静态路网截面数据，2019与2024共用
370403,2019,1961.6893,711.7818,3.871859,1.40487,静态路网截面数据，2019与2024共用
370404,2019,1127.1925,365.6608,1.779758,0.577353,静态路网截面数据，2019与2024共用
370405,2019,761.5786,337.0363,1.432819,0.634093,静态路网截面数据，2019与2024共用
370883,2019,2767.9736,1154.0841,1.717374,0.716045,静态路网截面数据，2019与2024共用
370881,2019,1662.9874,723.3496,2.041528,0.888004,静态路网截面数据，2019与2024共用
371723,2019,2557.6932,560.4298,2.580868,0.565508,静态路网截面数据，2019与2024共用
371722,2019,3522.2792,970.2343,2.175432,0.599237,静态路网截面数据，2019与2024共用
371725,2019,1398.22,741.028,0.855813,0.453563,静态路网截面数据，2019与2024共用
371724,2019,2002.0159,644.944,1.539224,0.495857,静态路网截面数据，2019与2024共用
371721,2019,2505.2976,985.7569,1.278354,0.502993,静态路网截面数据，2019与2024共用
371703,2019,1180.0323,751.5832,1.395363,0.888731,静态路网截面数据，2019与2024共用
371702,2019,2887.3988,1702.4462,2.011479,1.185993,静态路网截面数据，2019与2024共用
370406,2019,1186.9397,422.5907,1.161378,0.41349,静态路网截面数据，2019与2024共用
370921,2019,1485.932,722.9167,1.320064,0.642221,静态路网截面数据，2019与2024共用
370902,2019,1300.142,529.2571,3.83644,1.561724,静态路网截面数据，2019与2024共用
370911,2019,3664.6942,1419.1769,2.09298,0.81052,静态路网截面数据，2019与2024共用
370923,2019,3270.3886,649.2938,2.438757,0.484184,静态路网截面数据，2019与2024共用
140430,2019,1107.7307,392.1916,0.838254,0.296783,静态路网截面数据，2019与2024共用
140431,2019,1056.3143,451.5018,0.414615,0.17722,静态路网截面数据，2019与2024共用
140429,2019,1171.2122,396.5224,0.727287,0.246228,静态路网截面数据，2019与2024共用
140423,2019,1941.0887,675.8881,1.64756,0.573681,静态路网截面数据，2019与2024共用
140425,2019,1605.6981,480.1486,1.071955,0.320544,静态路网截面数据，2019与2024共用
140426,2019,1234.111,421.0566,1.104258,0.376753,静态路网截面数据，2019与2024共用
140427,2019,1059.1153,463.6345,1.053517,0.461184,静态路网截面数据，2019与2024共用
140428,2019,1047.602,337.357,1.019085,0.328174,静态路网截面数据，2019与2024共用
140403,2019,1600.6983,661.4497,4.662681,1.92674,静态路网截面数据，2019与2024共用
140404,2019,1215.698,458.5506,2.509125,0.94642,静态路网截面数据，2019与2024共用
140405,2019,1364.5042,483.6369,1.14477,0.405754,静态路网截面数据，2019与2024共用
140406,2019,1053.181,462.3342,1.711099,0.751152,静态路网截面数据，2019与2024共用
140881,2019,2328.0987,460.3172,1.919025,0.379434,静态路网截面数据，2019与2024共用
140882,2019,1171.5004,403.9831,1.983779,0.684091,静态路网截面数据，2019与2024共用
140830,2019,3192.589,309.4361,2.747327,0.26628,静态路网截面数据，2019与2024共用
140825,2019,685.3729,220.8402,1.149425,0.370367,静态路网截面数据，2019与2024共用
140826,2019,572.8243,322.5449,0.585918,0.329918,静态路网截面数据，2019与2024共用
140827,2019,727.6018,458.2594,0.451784,0.284543,静态路网截面数据，2019与2024共用
140828,2019,939.2587,373.0105,0.695759,0.276309,静态路网截面数据，2019与2024共用
140829,2019,1246.4429,398.7858,1.061351,0.339568,静态路网截面数据，2019与2024共用
140930,2019,987.1193,322.816,0.74993,0.245248,静态路网截面数据，2019与2024共用
140931,2019,712.6159,278.049,0.721671,0.281582,静态路网截面数据，2019与2024共用
140932,2019,962.119,492.469,0.576639,0.295158,静态路网截面数据，2019与2024共用
140924,2019,1113.6407,513.4953,0.469779,0.216613,静态路网截面数据，2019与2024共用
140925,2019,1161.0539,383.6704,0.595929,0.196925,静态路网截面数据，2019与2024共用
140926,2019,1079.915,415.7284,0.529608,0.20388,静态路网截面数据，2019与2024共用
140927,2019,833.0957,476.5252,0.565513,0.32347,静态路网截面数据，2019与2024共用
140928,2019,708.9211,389.64,0.510026,0.280323,静态路网截面数据，2019与2024共用
140929,2019,910.3211,484.2238,0.45979,0.244574,静态路网截面数据，2019与2024共用
140902,2019,1952.0388,1041.804,0.982198,0.5242,静态路网截面数据，2019与2024共用
140921,2019,717.8606,320.3613,0.84238,0.375931,静态路网截面数据，2019与2024共用
140922,2019,1304.3069,759.8456,0.454302,0.264661,静态路网截面数据，2019与2024共用
140923,2019,710.5476,338.3207,0.411006,0.195697,静态路网截面数据，2019与2024共用
140110,2019,1287.928,539.6969,4.421599,1.852839,静态路网截面数据，2019与2024共用
140121,2019,1363.9604,496.7466,2.245936,0.817957,静态路网截面数据，2019与2024共用
140122,2019,1359.1773,825.2912,0.653223,0.396636,静态路网截面数据，2019与2024共用
140123,2019,646.8225,297.8113,0.50228,0.231261,静态路网截面数据，2019与2024共用
140105,2019,1935.7385,926.5979,6.688372,3.201585,静态路网截面数据，2019与2024共用
140106,2019,541.8328,270.7552,5.155082,2.576007,静态路网截面数据，2019与2024共用
140107,2019,961.0344,332.7512,6.573109,2.275891,静态路网截面数据，2019与2024共用
140108,2019,1203.5784,519.5023,4.079088,1.760663,静态路网截面数据，2019与2024共用
140109,2019,1067.3612,480.9469,3.702013,1.668106,静态路网截面数据，2019与2024共用
140581,2019,1524.4524,543.3545,1.551806,0.553104,静态路网截面数据，2019与2024共用
140521,2019,1148.3111,611.956,0.432278,0.230369,静态路网截面数据，2019与2024共用
140522,2019,1624.2264,691.1529,0.844624,0.359411,静态路网截面数据，2019与2024共用
140524,2019,1265.7052,520.1835,0.752211,0.309146,静态路网截面数据，2019与2024共用
140525,2019,2296.3759,1014.6806,1.130338,0.499453,静态路网截面数据，2019与2024共用
140502,2019,689.0723,431.1887,4.833151,3.024356,静态路网截面数据，2019与2024共用
140981,2019,1657.4823,637.0168,0.650136,0.249866,静态路网截面数据，2019与2024共用
141081,2019,560.5366,243.446,2.556493,1.110307,静态路网截面数据，2019与2024共用
141082,2019,639.9579,344.041,0.836617,0.449765,静态路网截面数据，2019与2024共用
141027,2019,402.0989,184.1578,0.427193,0.195651,静态路网截面数据，2019与2024共用
141026,2019,640.4852,299.1697,0.326703,0.152602,静态路网截面数据，2019与2024共用
141029,2019,937.0583,641.254,0.464709,0.318013,静态路网截面数据，2019与2024共用
141028,2019,720.9493,397.5738,0.406414,0.22412,静态路网截面数据，2019与2024共用
141021,2019,533.7254,233.8776,1.21741,0.533467,静态路网截面数据，2019与2024共用
141023,2019,803.9606,460.7459,0.77789,0.445805,静态路网截面数据，2019与2024共用
141022,2019,1453.2971,469.6784,1.242636,0.401597,静态路网截面数据，2019与2024共用
141025,2019,797.3437,304.4751,0.66644,0.254488,静态路网截面数据，2019与2024共用
141024,2019,2133.2638,745.9769,1.423788,0.497882,静态路网截面数据，2019与2024共用
141030,2019,249.5337,139.354,0.258924,0.144598,静态路网截面数据，2019与2024共用
141032,2019,1009.9747,356.0974,0.832115,0.293388,静态路网截面数据，2019与2024共用
141031,2019,704.0608,557.5848,0.499607,0.395666,静态路网截面数据，2019与2024共用
141034,2019,531.1786,369.6009,0.610378,0.424709,静态路网截面数据，2019与2024共用
141033,2019,514.6092,300.5485,0.340018,0.198582,静态路网截面数据，2019与2024共用
140181,2019,908.9186,434.1696,0.601221,0.28719,静态路网截面数据，2019与2024共用
141002,2019,1554.1923,908.6886,1.191625,0.696707,静态路网截面数据，2019与2024共用
141102,2019,1074.9568,617.5208,0.81055,0.465629,静态路网截面数据，2019与2024共用
140212,2019,867.5096,292.8901,0.78073,0.263592,静态路网截面数据，2019与2024共用
140213,2019,1084.4266,608.9605,4.451318,2.499641,静态路网截面数据，2019与2024共用
140214,2019,1103.8795,384.3307,1.497038,0.521214,静态路网截面数据，2019与2024共用
140215,2019,1580.7042,665.693,1.070053,0.450639,静态路网截面数据，2019与2024共用
140223,2019,917.7998,321.9619,0.763732,0.267915,静态路网截面数据，2019与2024共用
140224,2019,1440.9732,482.9637,0.52745,0.176783,静态路网截面数据，2019与2024共用
140225,2019,1244.9597,585.7867,0.631868,0.297311,静态路网截面数据，2019与2024共用
140226,2019,819.9417,273.9156,0.631089,0.210826,静态路网截面数据，2019与2024共用
140221,2019,1060.394,471.3207,0.661109,0.293848,静态路网截面数据，2019与2024共用
140222,2019,885.822,356.6905,0.521475,0.20998,静态路网截面数据，2019与2024共用
140681,2019,1083.8648,504.6399,0.878438,0.408995,静态路网截面数据，2019与2024共用
140621,2019,1289.7905,583.7634,0.783609,0.354664,静态路网截面数据，2019与2024共用
140622,2019,1321.3487,399.9768,0.79051,0.23929,静态路网截面数据，2019与2024共用
140623,2019,1808.4709,485.8825,0.904225,0.242938,静态路网截面数据，2019与2024共用
140602,2019,2176.5051,831.9576,1.226938,0.46899,静态路网截面数据，2019与2024共用
140603,2019,1295.4793,636.5612,0.555558,0.272985,静态路网截面数据，2019与2024共用
140702,2019,2363.422,1145.5808,1.789085,0.867192,静态路网截面数据，2019与2024共用
140703,2019,1091.5998,534.1332,1.041527,0.509632,静态路网截面数据，2019与2024共用
141182,2019,1112.0052,628.7013,0.953473,0.539071,静态路网截面数据，2019与2024共用
141181,2019,1339.1038,552.0657,1.426744,0.588197,静态路网截面数据，2019与2024共用
141126,2019,1181.0516,230.9885,0.698056,0.136525,静态路网截面数据，2019与2024共用
141125,2019,829.3706,428.768,0.652887,0.337529,静态路网截面数据，2019与2024共用
141128,2019,730.1061,458.6876,0.510994,0.321031,静态路网截面数据，2019与2024共用
141127,2019,745.5995,395.3108,0.492238,0.260981,静态路网截面数据，2019与2024共用
141129,2019,685.1595,404.228,0.476154,0.280919,静态路网截面数据，2019与2024共用
141122,2019,674.4133,381.2157,0.369621,0.20893,静态路网截面数据，2019与2024共用
141121,2019,751.8896,287.4631,0.702004,0.268391,静态路网截面数据，2019与2024共用
141124,2019,1579.6502,798.2675,0.526799,0.266215,静态路网截面数据，2019与2024共用
141123,2019,1145.9259,592.4977,0.365823,0.189148,静态路网截面数据，2019与2024共用
141130,2019,496.7493,373.2387,0.394235,0.296213,静态路网截面数据，2019与2024共用
140311,2019,1122.1947,537.5503,1.789829,0.857358,静态路网截面数据，2019与2024共用
140322,2019,2077.3768,903.6453,0.825256,0.358981,静态路网截面数据，2019与2024共用
140321,2019,1362.1821,742.6771,0.972066,0.529981,静态路网截面数据，2019与2024共用
140302,2019,112.4803,61.1873,7.306941,3.974848,静态路网截面数据，2019与2024共用
140303,2019,80.2934,35.0147,7.208531,3.14353,静态路网截面数据，2019与2024共用
140781,2019,934.3592,529.7951,1.267405,0.718637,静态路网截面数据，2019与2024共用
140727,2019,883.3053,407.1179,1.034133,0.476635,静态路网截面数据，2019与2024共用
140728,2019,1392.8841,589.3878,1.111454,0.470303,静态路网截面数据，2019与2024共用
140729,2019,789.9565,394.6475,0.654299,0.326876,静态路网截面数据，2019与2024共用
140721,2019,852.1051,530.9827,0.500763,0.312047,静态路网截面数据，2019与2024共用
140722,2019,956.1347,674.3269,0.470157,0.331585,静态路网截面数据，2019与2024共用
140723,2019,1561.2688,571.3035,0.709298,0.259548,静态路网截面数据，2019与2024共用
140724,2019,1329.4231,614.3049,0.686716,0.31732,静态路网截面数据，2019与2024共用
140725,2019,1037.1653,537.961,0.490929,0.254637,静态路网截面数据，2019与2024共用
140821,2019,1041.8525,502.8441,0.766961,0.370169,静态路网截面数据，2019与2024共用
140822,2019,1060.6435,484.4459,0.981671,0.448376,静态路网截面数据，2019与2024共用
140823,2019,830.9106,500.9139,0.710802,0.428507,静态路网截面数据，2019与2024共用
140824,2019,918.9968,311.6579,1.334242,0.452479,静态路网截面数据，2019与2024共用
140802,2019,1643.1919,948.6787,1.3592,0.784719,静态路网截面数据，2019与2024共用
440311,2019,1107.8006,457.8881,7.047766,2.913059,静态路网截面数据，2019与2024共用
440310,2019,953.412,380.7717,5.751376,2.296972,静态路网截面数据，2019与2024共用
440785,2019,2102.5783,698.8193,1.239425,0.411939,静态路网截面数据，2019与2024共用
440784,2019,1813.3996,812.1379,1.678914,0.751908,静态路网截面数据，2019与2024共用
440783,2019,2355.8033,909.9373,1.422123,0.5493,静态路网截面数据，2019与2024共用
440781,2019,6043.5249,1220.0958,1.908871,0.385372,静态路网截面数据，2019与2024共用
440309,2019,1667.2832,791.17,9.536076,4.52512,静态路网截面数据，2019与2024共用
440308,2019,481.5179,167.8862,6.442407,2.246211,静态路网截面数据，2019与2024共用
440307,2019,3837.947,1545.8679,5.653034,2.276958,静态路网截面数据，2019与2024共用
440306,2019,3440.3324,1397.4455,9.407496,3.821277,静态路网截面数据，2019与2024共用
440305,2019,2143.7081,846.3989,12.414349,4.90155,静态路网截面数据，2019与2024共用
440304,2019,1241.6858,525.5566,16.855752,7.134375,静态路网截面数据，2019与2024共用
440303,2019,775.5334,296.3911,9.857582,3.767341,静态路网截面数据，2019与2024共用
441622,2019,1598.6067,884.4676,0.5203,0.287869,静态路网截面数据，2019与2024共用
441621,2019,1996.5924,949.9259,0.549575,0.261473,静态路网截面数据，2019与2024共用
441625,2019,1791.1855,911.6778,0.446431,0.227224,静态路网截面数据，2019与2024共用
441624,2019,1156.6181,615.676,0.508,0.270412,静态路网截面数据，2019与2024共用
441623,2019,1201.9632,867.6727,0.533094,0.38483,静态路网截面数据，2019与2024共用
441602,2019,852.7509,335.7196,2.356812,0.927853,静态路网截面数据，2019与2024共用
441226,2019,2209.9271,642.2015,1.104661,0.321013,静态路网截面数据，2019与2024共用
441225,2019,2739.6202,772.1498,1.003768,0.282908,静态路网截面数据，2019与2024共用
441224,2019,3669.845,757.8319,1.028408,0.212369,静态路网截面数据，2019与2024共用
441223,2019,2600.275,611.742,1.057999,0.248905,静态路网截面数据，2019与2024共用
441204,2019,3370.6268,1003.8214,1.537856,0.457996,静态路网截面数据，2019与2024共用
441203,2019,1436.3103,562.1354,2.603204,1.018828,静态路网截面数据，2019与2024共用
441202,2019,1081.0971,344.182,7.120682,2.266966,静态路网截面数据，2019与2024共用
442000,2019,10043.6966,3329.1992,5.71604,1.894704,静态路网截面数据，2019与2024共用
440282,2019,1514.8525,668.7859,0.657938,0.29047,静态路网截面数据，2019与2024共用
440281,2019,1029.6279,591.6387,0.429355,0.246714,静态路网截面数据，2019与2024共用
440705,2019,2916.6103,1142.5785,2.166342,0.848662,静态路网截面数据，2019与2024共用
440704,2019,731.444,311.7486,6.732793,2.869582,静态路网截面数据，2019与2024共用
440703,2019,1649.2197,727.2356,5.087449,2.243348,静态路网截面数据，2019与2024共用
445122,2019,3604.1014,1077.687,2.142243,0.640567,静态路网截面数据，2019与2024共用
445103,2019,3122.6326,656.1675,2.875808,0.604302,静态路网截面数据，2019与2024共用
445102,2019,1127.79,375.0402,3.47938,1.157048,静态路网截面数据，2019与2024共用
441523,2019,978.4371,338.4413,0.989567,0.342291,静态路网截面数据，2019与2024共用
441521,2019,2276.0353,810.908,1.289779,0.459524,静态路网截面数据，2019与2024共用
441502,2019,795.9233,310.7017,2.003918,0.782262,静态路网截面数据，2019与2024共用
440608,2019,1819.0754,764.6245,1.944299,0.817261,静态路网截面数据，2019与2024共用
440607,2019,2708.9402,999.2162,3.279268,1.209587,静态路网截面数据，2019与2024共用
440606,2019,6528.9679,2233.8619,8.090973,2.768296,静态路网截面数据，2019与2024共用
440605,2019,7333.6418,2703.8916,6.831525,2.518763,静态路网截面数据，2019与2024共用
440604,2019,1662.7622,773.9364,10.847885,5.049172,静态路网截面数据，2019与2024共用
441581,2019,1939.9839,571.3148,0.922452,0.271657,静态路网截面数据，2019与2024共用
440233,2019,948.3065,563.2826,0.483697,0.28731,静态路网截面数据，2019与2024共用
440232,2019,1324.7659,707.2588,0.576492,0.307775,静态路网截面数据，2019与2024共用
440224,2019,881.6124,551.2502,0.4005,0.250423,静态路网截面数据，2019与2024共用
440222,2019,1033.9234,615.961,0.485502,0.289238,静态路网截面数据，2019与2024共用
440229,2019,1238.2618,838.4668,0.570464,0.38628,静态路网截面数据，2019与2024共用
440203,2019,1136.2692,400.2628,1.683569,0.593055,静态路网截面数据，2019与2024共用
440205,2019,1494.2752,597.9671,0.920601,0.368399,静态路网截面数据，2019与2024共用
440204,2019,1100.7668,340.1749,1.929,0.596128,静态路网截面数据，2019与2024共用
441900,2019,14755.3948,6096.71,6.009401,2.482995,静态路网截面数据，2019与2024共用
441402,2019,1492.4425,453.3143,2.61642,0.794711,静态路网截面数据，2019与2024共用
441882,2019,1710.0687,861.4558,0.648118,0.326493,静态路网截面数据，2019与2024共用
441881,2019,4186.0123,1870.876,0.742573,0.331882,静态路网截面数据，2019与2024共用
441403,2019,4628.0597,1381.1281,1.875514,0.5597,静态路网截面数据，2019与2024共用
440523,2019,264.4839,110.2088,2.452625,1.021993,静态路网截面数据，2019与2024共用
440511,2019,640.9313,184.9296,5.53732,1.597697,静态路网截面数据，2019与2024共用
440515,2019,1609.2789,510.3698,4.445676,1.40991,静态路网截面数据，2019与2024共用
440514,2019,1540.0924,456.0061,2.554371,0.756324,静态路网截面数据，2019与2024共用
440513,2019,1596.3158,566.0704,2.438136,0.864589,静态路网截面数据，2019与2024共用
440512,2019,675.0917,247.4808,4.172223,1.529488,静态路网截面数据，2019与2024共用
440983,2019,2847.1265,1322.3521,0.924383,0.429331,静态路网截面数据，2019与2024共用
440982,2019,2919.829,908.6909,1.238443,0.385421,静态路网截面数据，2019与2024共用
440981,2019,5620.3341,1385.6352,1.719387,0.423897,静态路网截面数据，2019与2024共用
440507,2019,960.7673,316.1857,7.602714,2.502031,静态路网截面数据，2019与2024共用
441826,2019,447.7288,247.0282,0.35995,0.198598,静态路网截面数据，2019与2024共用
441825,2019,529.3689,379.7009,0.434817,0.311881,静态路网截面数据，2019与2024共用
441823,2019,1520.9408,762.4359,0.457222,0.229202,静态路网截面数据，2019与2024共用
441821,2019,1152.2166,582.3086,0.889911,0.449744,静态路网截面数据，2019与2024共用
441481,2019,4659.5672,1030.3379,2.249663,0.497453,静态路网截面数据，2019与2024共用
440115,2019,3359.0049,1167.8428,4.631364,1.61021,静态路网截面数据，2019与2024共用
440114,2019,3921.4817,1220.8535,4.053332,1.261902,静态路网截面数据，2019与2024共用
440113,2019,4271.6637,1282.7248,8.317632,2.497676,静态路网截面数据，2019与2024共用
440112,2019,2851.1413,1115.1837,5.910011,2.311618,静态路网截面数据，2019与2024共用
440111,2019,4299.5382,1368.166,6.425783,2.044763,静态路网截面数据，2019与2024共用
440118,2019,4353.7564,1563.9338,2.697675,0.969045,静态路网截面数据，2019与2024共用
440117,2019,3206.1905,1116.7849,1.616889,0.563197,静态路网截面数据，2019与2024共用
440104,2019,550.8312,243.9033,16.418909,7.270152,静态路网截面数据，2019与2024共用
440103,2019,804.6406,248.6615,12.890663,3.983657,静态路网截面数据，2019与2024共用
440106,2019,1479.9922,554.4015,11.004583,4.12229,静态路网截面数据，2019与2024共用
440105,2019,1095.2052,453.0494,11.872624,4.911304,静态路网截面数据，2019与2024共用
441424,2019,5724.8955,1509.28,1.768702,0.466291,静态路网截面数据，2019与2024共用
441423,2019,3220.4153,751.7032,1.189154,0.27757,静态路网截面数据，2019与2024共用
441422,2019,3639.1422,1009.7737,1.487985,0.41288,静态路网截面数据，2019与2024共用
441427,2019,1541.5699,498.8763,1.60809,0.520403,静态路网截面数据，2019与2024共用
441426,2019,1993.9727,569.8176,1.448632,0.413976,静态路网截面数据，2019与2024共用
445322,2019,2423.7438,683.7516,1.239925,0.34979,静态路网截面数据，2019与2024共用
445321,2019,2174.387,752.7386,1.429065,0.49472,静态路网截面数据，2019与2024共用
445303,2019,1410.8733,420.0161,1.196789,0.356283,静态路网截面数据，2019与2024共用
445302,2019,1164.2348,531.4811,1.477258,0.674378,静态路网截面数据，2019与2024共用
441803,2019,2247.7103,796.9823,0.956855,0.339277,静态路网截面数据，2019与2024共用
441802,2019,3071.5578,1250.0122,2.367813,0.963613,静态路网截面数据，2019与2024共用
445381,2019,4006.3844,865.8968,1.714908,0.370642,静态路网截面数据，2019与2024共用
440904,2019,4117.907,1626.1014,1.879481,0.74218,静态路网截面数据，2019与2024共用
440902,2019,1645.5534,536.8639,3.385694,1.104587,静态路网截面数据，2019与2024共用
440883,2019,1274.1276,615.5783,1.490236,0.719988,静态路网截面数据，2019与2024共用
440882,2019,3647.7221,987.629,1.01453,0.274686,静态路网截面数据，2019与2024共用
440881,2019,2734.6892,1146.8584,0.979006,0.41057,静态路网截面数据，2019与2024共用
440404,2019,2096.1936,591.0258,4.00496,1.129206,静态路网截面数据，2019与2024共用
440403,2019,2394.9465,537.7376,3.896338,0.874845,静态路网截面数据，2019与2024共用
440402,2019,3038.6805,1164.0013,5.926625,2.270261,静态路网截面数据，2019与2024共用
441721,2019,1253.3334,655.3653,0.880067,0.460185,静态路网截面数据，2019与2024共用
441704,2019,1695.8347,721.1327,1.001561,0.425901,静态路网截面数据，2019与2024共用
441702,2019,1641.8833,859.6166,2.230948,1.168024,静态路网截面数据，2019与2024共用
441324,2019,1572.0575,779.989,0.693263,0.343968,静态路网截面数据，2019与2024共用
441323,2019,4073.9453,1270.1855,1.167212,0.363917,静态路网截面数据，2019与2024共用
441322,2019,3645.0383,1565.413,1.276419,0.548176,静态路网截面数据，2019与2024共用
441303,2019,3647.3883,1270.7106,3.052505,1.06346,静态路网截面数据，2019与2024共用
441302,2019,4163.1556,2027.8445,2.797133,1.362464,静态路网截面数据，2019与2024共用
441781,2019,2581.0894,1379.441,0.639427,0.341736,静态路网截面数据，2019与2024共用
445202,2019,1471.2975,545.505,4.354546,1.614511,静态路网截面数据，2019与2024共用
445203,2019,1594.9867,461.6778,2.250666,0.651468,静态路网截面数据，2019与2024共用
441284,2019,2889.9795,996.0991,2.283863,0.787187,静态路网截面数据，2019与2024共用
445281,2019,2582.5851,890.2071,1.59311,0.549139,静态路网截面数据，2019与2024共用
440825,2019,1704.2971,506.9956,0.900255,0.267808,静态路网截面数据，2019与2024共用
440823,2019,2386.2281,728.9256,1.174295,0.358714,静态路网截面数据，2019与2024共用
440811,2019,2096.8818,620.5028,2.563285,0.758519,静态路网截面数据，2019与2024共用
440804,2019,790.3852,399.4384,1.525939,0.771166,静态路网截面数据，2019与2024共用
440803,2019,596.1161,141.9302,5.729329,1.364105,静态路网截面数据，2019与2024共用
440802,2019,459.5045,118.4661,7.328175,1.889296,静态路网截面数据，2019与2024共用
445224,2019,1950.5248,567.3926,1.562214,0.454436,静态路网截面数据，2019与2024共用
445222,2019,1449.8519,614.8166,1.075637,0.456129,静态路网截面数据，2019与2024共用
450123,2019,1026.9324,588.2042,0.446077,0.255503,静态路网截面数据，2019与2024共用
450125,2019,1124.0804,566.3914,0.602537,0.303601,静态路网截面数据，2019与2024共用
450124,2019,1109.3192,712.8993,0.474267,0.304785,静态路网截面数据，2019与2024共用
450126,2019,2357.8334,950.9026,1.022787,0.412485,静态路网截面数据，2019与2024共用
451481,2019,574.4292,329.0237,0.901087,0.516128,静态路网截面数据，2019与2024共用
451003,2019,1467.1646,728.4997,0.61819,0.306953,静态路网截面数据，2019与2024共用
451002,2019,2946.4757,1390.7737,0.790191,0.37298,静态路网截面数据，2019与2024共用
451024,2019,1022.1189,469.8178,0.396659,0.182325,静态路网截面数据，2019与2024共用
451027,2019,1285.5421,561.6336,0.627604,0.27419,静态路网截面数据，2019与2024共用
451026,2019,1513.7037,728.5721,0.674003,0.32441,静态路网截面数据，2019与2024共用
451022,2019,1694.0855,837.3119,0.60185,0.297468,静态路网截面数据，2019与2024共用
451029,2019,4833.2071,1222.5833,0.879374,0.222442,静态路网截面数据，2019与2024共用
451028,2019,1224.8464,586.4899,0.463334,0.221857,静态路网截面数据，2019与2024共用
450181,2019,2375.4013,1198.4262,0.689311,0.347768,静态路网截面数据，2019与2024共用
451030,2019,1069.2356,648.4674,0.363127,0.220229,静态路网截面数据，2019与2024共用
451031,2019,1814.2653,762.5821,0.51327,0.21574,静态路网截面数据，2019与2024共用
450521,2019,1809.6851,866.6761,0.745353,0.356957,静态路网截面数据，2019与2024共用
451402,2019,1328.6592,792.7733,0.455491,0.271778,静态路网截面数据，2019与2024共用
451421,2019,1322.7953,784.0646,0.465122,0.275693,静态路网截面数据，2019与2024共用
451423,2019,1361.3465,898.6721,0.58863,0.388575,静态路网截面数据，2019与2024共用
451422,2019,1901.5851,956.4039,0.512595,0.25781,静态路网截面数据，2019与2024共用
451425,2019,1099.9959,565.7046,0.508831,0.261681,静态路网截面数据，2019与2024共用
451424,2019,1355.2748,838.3675,0.492613,0.304728,静态路网截面数据，2019与2024共用
450103,2019,1889.7023,888.7198,2.192004,1.030891,静态路网截面数据，2019与2024共用
450102,2019,995.3758,502.8593,1.373438,0.693854,静态路网截面数据，2019与2024共用
450109,2019,1265.1083,673.868,1.026576,0.546812,静态路网截面数据，2019与2024共用
450108,2019,1758.3924,862.6692,1.285447,0.630642,静态路网截面数据，2019与2024共用
450105,2019,1926.1929,1092.1827,1.624531,0.921136,静态路网截面数据，2019与2024共用
450107,2019,2063.632,865.1157,1.919136,0.80454,静态路网截面数据，2019与2024共用
450110,2019,1947.8728,1161.1258,0.574695,0.342575,静态路网截面数据，2019与2024共用
450923,2019,1648.1156,1104.2891,0.430033,0.288136,静态路网截面数据，2019与2024共用
450922,2019,1078.6233,581.3408,0.694717,0.374429,静态路网截面数据，2019与2024共用
450924,2019,1018.1784,536.868,0.694042,0.365956,静态路网截面数据，2019与2024共用
450921,2019,1191.2622,615.9754,0.527523,0.272771,静态路网截面数据，2019与2024共用
450981,2019,1739.5764,824.4911,0.708466,0.335785,静态路网截面数据，2019与2024共用
450503,2019,1021.864,298.7753,2.213818,0.647282,静态路网截面数据，2019与2024共用
450502,2019,563.5128,218.2272,5.212267,2.018514,静态路网截面数据，2019与2024共用
450512,2019,458.4383,249.2059,1.125528,0.611834,静态路网截面数据，2019与2024共用
450903,2019,780.2927,315.532,0.938891,0.379665,静态路网截面数据，2019与2024共用
450902,2019,1248.9439,503.3765,2.867183,1.155594,静态路网截面数据，2019与2024共用
450481,2019,2024.9032,938.4539,0.730959,0.338768,静态路网截面数据，2019与2024共用
451381,2019,323.0837,109.9253,0.884553,0.300958,静态路网截面数据，2019与2024共用
450881,2019,2376.4423,1116.7389,0.583709,0.274297,静态路网截面数据，2019与2024共用
450406,2019,717.7083,422.2629,0.730794,0.429962,静态路网截面数据，2019与2024共用
450405,2019,613.3572,291.6687,1.650966,0.785081,静态路网截面数据，2019与2024共用
450403,2019,540.6062,262.1354,1.21903,0.591097,静态路网截面数据，2019与2024共用
450422,2019,2180.3971,1120.4336,0.552833,0.284083,静态路网截面数据，2019与2024共用
450421,2019,1415.6734,701.5551,0.509939,0.252707,静态路网截面数据，2019与2024共用
450423,2019,713.7386,336.1681,0.557279,0.262476,静态路网截面数据，2019与2024共用
451302,2019,3937.5038,1525.1661,0.89374,0.346184,静态路网截面数据，2019与2024共用
451322,2019,1915.9779,602.2156,0.9985,0.313841,静态路网截面数据，2019与2024共用
451321,2019,1365.8474,710.3262,0.541264,0.281491,静态路网截面数据，2019与2024共用
451324,2019,1385.313,439.6788,0.561158,0.178104,静态路网截面数据，2019与2024共用
451323,2019,1806.4529,551.0056,1.059053,0.323033,静态路网截面数据，2019与2024共用
450802,2019,1113.1395,558.3455,1.014667,0.508952,静态路网截面数据，2019与2024共用
450804,2019,1049.3933,412.1896,0.77548,0.3046,静态路网截面数据，2019与2024共用
450803,2019,740.0871,437.6337,0.675519,0.399453,静态路网截面数据，2019与2024共用
450821,2019,2062.4006,1118.1162,0.689865,0.374005,静态路网截面数据，2019与2024共用
451223,2019,989.2037,446.1672,0.572216,0.25809,静态路网截面数据，2019与2024共用
451222,2019,1118.0402,663.2041,0.348906,0.206966,静态路网截面数据，2019与2024共用
451225,2019,979.5354,453.6471,0.369962,0.171339,静态路网截面数据，2019与2024共用
451224,2019,1136.6185,625.0392,0.468298,0.257522,静态路网截面数据，2019与2024共用
451221,2019,1420.9641,797.0491,0.360396,0.202154,静态路网截面数据，2019与2024共用
451227,2019,1054.9052,704.2732,0.533717,0.356319,静态路网截面数据，2019与2024共用
451226,2019,1767.8906,697.4509,0.388181,0.153141,静态路网截面数据，2019与2024共用
451229,2019,1437.9128,745.5119,0.517573,0.268345,静态路网截面数据，2019与2024共用
451228,2019,1510.4089,830.1116,0.370826,0.203804,静态路网截面数据，2019与2024共用
450381,2019,1119.2241,498.386,0.636303,0.283343,静态路网截面数据，2019与2024共用
450303,2019,245.9303,95.1305,4.855247,1.878102,静态路网截面数据，2019与2024共用
450302,2019,203.2282,59.1743,4.601645,1.33987,静态路网截面数据，2019与2024共用
450305,2019,462.0662,132.5781,6.647514,1.907335,静态路网截面数据，2019与2024共用
450304,2019,407.3179,88.3217,4.519339,0.979961,静态路网截面数据，2019与2024共用
450312,2019,3074.4236,983.7461,1.367865,0.437686,静态路网截面数据，2019与2024共用
450311,2019,767.6516,154.9513,2.537211,0.512139,静态路网截面数据，2019与2024共用
450321,2019,1950.2386,453.6669,1.361137,0.316629,静态路网截面数据，2019与2024共用
450323,2019,1844.1162,585.2739,0.800368,0.254016,静态路网截面数据，2019与2024共用
450329,2019,1037.7169,464.8697,0.536213,0.240209,静态路网截面数据，2019与2024共用
450328,2019,1367.2423,519.2612,0.560563,0.212895,静态路网截面数据，2019与2024共用
450325,2019,1096.4703,597.2009,0.469902,0.255936,静态路网截面数据，2019与2024共用
450324,2019,1752.9589,764.1174,0.443683,0.193402,静态路网截面数据，2019与2024共用
450327,2019,783.3209,403.0154,0.427397,0.219894,静态路网截面数据，2019与2024共用
450326,2019,1478.5667,701.7407,0.528866,0.251004,静态路网截面数据，2019与2024共用
450332,2019,882.077,376.0559,0.415777,0.177258,静态路网截面数据，2019与2024共用
450330,2019,1575.0383,512.389,0.829548,0.269867,静态路网截面数据，2019与2024共用
451203,2019,1784.662,1042.895,0.462211,0.2701,静态路网截面数据，2019与2024共用
451202,2019,1678.7802,788.6913,0.715841,0.336302,静态路网截面数据，2019与2024共用
450703,2019,1334.0528,735.124,0.596096,0.328476,静态路网截面数据，2019与2024共用
450702,2019,2442.6325,1116.6443,1.030782,0.47122,静态路网截面数据，2019与2024共用
450721,2019,2063.5158,1090.0501,0.5806,0.306702,静态路网截面数据，2019与2024共用
450722,2019,1310.7226,873.5925,0.518909,0.345851,静态路网截面数据，2019与2024共用
451102,2019,1236.3603,815.2678,0.341118,0.224937,静态路网截面数据，2019与2024共用
451103,2019,872.3062,470.8363,0.480242,0.259216,静态路网截面数据，2019与2024共用
451123,2019,868.9596,445.1858,0.575008,0.294589,静态路网截面数据，2019与2024共用
451122,2019,1248.9975,602.4536,0.833982,0.402271,静态路网截面数据，2019与2024共用
451121,2019,1381.5965,891.498,0.428518,0.276509,静态路网截面数据，2019与2024共用
450202,2019,422.0403,170.1118,5.604915,2.259173,静态路网截面数据，2019与2024共用
450681,2019,810.2572,266.0787,1.612519,0.529532,静态路网截面数据，2019与2024共用
450204,2019,1377.1709,435.5226,2.548662,0.806,静态路网截面数据，2019与2024共用
450203,2019,2160.7441,833.2599,2.501378,0.96462,静态路网截面数据，2019与2024共用
450206,2019,2439.4795,584.8017,1.37805,0.330352,静态路网截面数据，2019与2024共用
450205,2019,1003.9837,376.0995,3.3191,1.243359,静态路网截面数据，2019与2024共用
450222,2019,2410.2791,483.4713,1.138886,0.228446,静态路网截面数据，2019与2024共用
450224,2019,1532.8779,604.4459,0.529775,0.208902,静态路网截面数据，2019与2024共用
450223,2019,2858.2391,650.2234,0.96196,0.218837,静态路网截面数据，2019与2024共用
450226,2019,1240.2388,633.9385,0.515931,0.263714,静态路网截面数据，2019与2024共用
450225,2019,2062.515,742.4913,0.446348,0.160682,静态路网截面数据，2019与2024共用
450603,2019,2254.2083,941.6036,0.94932,0.39654,静态路网截面数据，2019与2024共用
450602,2019,1195.9921,378.0742,3.808774,1.204021,静态路网截面数据，2019与2024共用
450621,2019,1090.6883,583.9968,0.387518,0.207492,静态路网截面数据，2019与2024共用
451082,2019,1417.1588,754.3638,0.578232,0.307797,静态路网截面数据，2019与2024共用
451081,2019,2488.9404,1179.0893,0.747079,0.353915,静态路网截面数据，2019与2024共用
652822,2019,1778.1905,731.0133,0.125424,0.051562,静态路网截面数据，2019与2024共用
652823,2019,3692.7198,1313.9808,0.062433,0.022215,静态路网截面数据，2019与2024共用
652824,2019,5702.1362,2679.9838,0.028859,0.013564,静态路网截面数据，2019与2024共用
652825,2019,4030.2618,2165.8928,0.02912,0.015649,静态路网截面数据，2019与2024共用
652826,2019,1109.6802,383.3161,0.472049,0.16306,静态路网截面数据，2019与2024共用
652827,2019,3589.9323,1195.3214,0.103246,0.034377,静态路网截面数据，2019与2024共用
652828,2019,1666.2182,496.8721,0.131941,0.039345,静态路网截面数据，2019与2024共用
652829,2019,542.5075,142.2127,0.152275,0.039917,静态路网截面数据，2019与2024共用
652801,2019,3354.848,1119.4681,0.493448,0.164657,静态路网截面数据，2019与2024共用
659010,2019,553.7471,270.6862,0.837464,0.409374,静态路网截面数据，2019与2024共用
650205,2019,914.9358,247.4499,0.411025,0.111164,静态路网截面数据，2019与2024共用
650204,2019,562.9314,198.7805,0.4434,0.156572,静态路网截面数据，2019与2024共用
650203,2019,2539.9631,1052.8836,0.739911,0.306713,静态路网截面数据，2019与2024共用
659012,2019,150.6436,30.1821,1.483601,0.297246,静态路网截面数据，2019与2024共用
650202,2019,704.4566,151.0422,1.761713,0.377728,静态路网截面数据，2019与2024共用
659011,2019,853.1882,286.3804,0.350831,0.11776,静态路网截面数据，2019与2024共用
659009,2019,633.7524,199.2506,0.939158,0.295269,静态路网截面数据，2019与2024共用
659008,2019,1186.3129,357.8765,1.191339,0.359393,静态路网截面数据，2019与2024共用
659003,2019,1530.5165,446.0394,0.767962,0.223808,静态路网截面数据，2019与2024共用
659002,2019,2344.7634,949.6769,0.597562,0.242025,静态路网截面数据，2019与2024共用
659001,2019,1096.4493,473.6397,2.396479,1.035221,静态路网截面数据，2019与2024共用
659007,2019,678.7116,222.5289,0.919763,0.301562,静态路网截面数据，2019与2024共用
659006,2019,1544.5639,528.8499,0.828242,0.283585,静态路网截面数据，2019与2024共用
659005,2019,843.6669,422.9816,0.927839,0.465182,静态路网截面数据，2019与2024共用
659004,2019,823.1908,429.085,1.109891,0.578526,静态路网截面数据，2019与2024共用
652301,2019,2519.425,1158.4742,0.316153,0.145372,静态路网截面数据，2019与2024共用
652302,2019,2321.6033,687.3019,0.272133,0.080564,静态路网截面数据，2019与2024共用
650121,2019,1701.2921,764.0887,0.403367,0.181161,静态路网截面数据，2019与2024共用
650109,2019,1671.2647,751.528,0.49174,0.221124,静态路网截面数据，2019与2024共用
650107,2019,1404.1861,464.5465,0.29472,0.097502,静态路网截面数据，2019与2024共用
650106,2019,1245.1007,464.3511,4.511709,1.682608,静态路网截面数据，2019与2024共用
650105,2019,868.5228,372.926,3.148481,1.351894,静态路网截面数据，2019与2024共用
650104,2019,1533.8327,537.0671,5.844906,2.046577,静态路网截面数据，2019与2024共用
650103,2019,1748.2292,697.9247,4.142422,1.65373,静态路网截面数据，2019与2024共用
650102,2019,861.6931,356.4914,5.052527,2.090283,静态路网截面数据，2019与2024共用
653201,2019,1204.5521,309.7842,2.594591,0.667272,静态路网截面数据，2019与2024共用
652323,2019,1934.3105,701.4157,0.203196,0.073682,静态路网截面数据，2019与2024共用
652324,2019,2560.3555,966.9407,0.277783,0.104907,静态路网截面数据，2019与2024共用
652325,2019,3735.5694,1270.5627,0.224219,0.076263,静态路网截面数据，2019与2024共用
652327,2019,2459.1631,914.6249,0.301975,0.112312,静态路网截面数据，2019与2024共用
652328,2019,1991.3627,786.7065,0.147385,0.058226,静态路网截面数据，2019与2024共用
653222,2019,2795.9459,733.5961,0.110092,0.028886,静态路网截面数据，2019与2024共用
653223,2019,3887.1391,1366.6701,0.099658,0.035039,静态路网截面数据，2019与2024共用
653224,2019,1995.509,683.2075,0.141338,0.04839,静态路网截面数据，2019与2024共用
653225,2019,1944.4579,326.17,0.061547,0.010324,静态路网截面数据，2019与2024共用
653226,2019,2433.472,578.5004,0.062336,0.014819,静态路网截面数据，2019与2024共用
653227,2019,2333.8557,1138.377,0.041147,0.02007,静态路网截面数据，2019与2024共用
653221,2019,3936.7197,1799.131,0.095899,0.043827,静态路网截面数据，2019与2024共用
652901,2019,2794.8733,1155.2124,0.19386,0.080128,静态路网截面数据，2019与2024共用
652902,2019,3350.5343,1080.6075,0.230765,0.074426,静态路网截面数据，2019与2024共用
652922,2019,2915.4646,1032.6815,0.203909,0.072226,静态路网截面数据，2019与2024共用
652924,2019,3193.9576,607.8011,0.100299,0.019087,静态路网截面数据，2019与2024共用
652925,2019,1486.4511,528.7972,0.255288,0.090817,静态路网截面数据，2019与2024共用
652926,2019,2122.7874,731.7586,0.133547,0.046036,静态路网截面数据，2019与2024共用
652927,2019,1294.7931,326.9006,0.143388,0.036202,静态路网截面数据，2019与2024共用
652928,2019,1451.3295,540.3284,0.11145,0.041493,静态路网截面数据，2019与2024共用
652929,2019,900.7183,354.0957,0.101099,0.039745,静态路网截面数据，2019与2024共用
654201,2019,1686.9087,446.3655,0.436164,0.115411,静态路网截面数据，2019与2024共用
654202,2019,3648.1084,864.7746,0.253304,0.060045,静态路网截面数据，2019与2024共用
654203,2019,3721.2992,1331.9415,0.299712,0.107274,静态路网截面数据，2019与2024共用
654224,2019,1913.9119,858.7715,0.095778,0.042975,静态路网截面数据，2019与2024共用
654225,2019,1162.2189,306.8349,0.191372,0.050524,静态路网截面数据，2019与2024共用
654226,2019,3281.9453,1262.8456,0.113976,0.043856,静态路网截面数据，2019与2024共用
654221,2019,2248.8763,673.8261,0.246401,0.073829,静态路网截面数据，2019与2024共用
650402,2019,2885.9892,837.0605,0.211418,0.06132,静态路网截面数据，2019与2024共用
650422,2019,2554.9743,931.0069,0.154452,0.056281,静态路网截面数据，2019与2024共用
650421,2019,3437.8066,874.8536,0.086931,0.022122,静态路网截面数据，2019与2024共用
653001,2019,2267.1978,730.1261,0.146263,0.047102,静态路网截面数据，2019与2024共用
654323,2019,3007.6879,1295.0365,0.092846,0.039977,静态路网截面数据，2019与2024共用
654322,2019,3009.1775,1540.7399,0.093336,0.04779,静态路网截面数据，2019与2024共用
654325,2019,1717.2929,710.0192,0.108815,0.04499,静态路网截面数据，2019与2024共用
654324,2019,1751.7907,498.7652,0.215113,0.061247,静态路网截面数据，2019与2024共用
654326,2019,1095.1672,404.443,0.153505,0.056689,静态路网截面数据，2019与2024共用
654321,2019,1590.6637,778.3354,0.153346,0.075034,静态路网截面数据，2019与2024共用
654301,2019,2351.463,869.8773,0.217586,0.080492,静态路网截面数据，2019与2024共用
653024,2019,2034.9613,537.9656,0.106155,0.028063,静态路网截面数据，2019与2024共用
653022,2019,2461.673,463.1211,0.104013,0.019568,静态路网截面数据，2019与2024共用
653023,2019,806.7766,289.9321,0.070625,0.02538,静态路网截面数据，2019与2024共用
654025,2019,2478.5913,710.6492,0.336178,0.096387,静态路网截面数据，2019与2024共用
654026,2019,1961.8018,480.4792,0.188303,0.046119,静态路网截面数据，2019与2024共用
654027,2019,1039.9971,179.8445,0.128884,0.022288,静态路网截面数据，2019与2024共用
654028,2019,2893.2763,853.1562,0.280032,0.082575,静态路网截面数据，2019与2024共用
654021,2019,2004.8194,523.9771,0.448339,0.117177,静态路网截面数据，2019与2024共用
654022,2019,1829.9016,525.4121,0.445245,0.127841,静态路网截面数据，2019与2024共用
654023,2019,1444.1515,477.7964,0.497421,0.164571,静态路网截面数据，2019与2024共用
654024,2019,1611.2176,319.9367,0.391524,0.077744,静态路网截面数据，2019与2024共用
652701,2019,2084.111,763.9908,0.314851,0.115418,静态路网截面数据，2019与2024共用
652702,2019,373.7367,121.2134,0.298691,0.096874,静态路网截面数据，2019与2024共用
650522,2019,2647.0168,1156.0655,0.135483,0.059171,静态路网截面数据，2019与2024共用
650521,2019,4290.3433,1952.9295,0.116262,0.052921,静态路网截面数据，2019与2024共用
650502,2019,9631.8259,3721.7328,0.122891,0.047485,静态路网截面数据，2019与2024共用
652722,2019,2026.3546,701.7051,0.194925,0.0675,静态路网截面数据，2019与2024共用
652723,2019,1144.7784,401.1038,0.194324,0.068087,静态路网截面数据，2019与2024共用
653123,2019,1513.6091,429.4549,0.441558,0.125283,静态路网截面数据，2019与2024共用
653124,2019,1007.1473,235.9632,1.016087,0.238058,静态路网截面数据，2019与2024共用
653125,2019,3591.0773,1018.0585,0.40129,0.113764,静态路网截面数据，2019与2024共用
653126,2019,3459.909,903.2108,0.12105,0.0316,静态路网截面数据，2019与2024共用
653127,2019,1674.5065,499.1416,0.153716,0.04582,静态路网截面数据，2019与2024共用
653128,2019,1134.6958,291.4228,0.366463,0.094118,静态路网截面数据，2019与2024共用
653129,2019,2374.3888,604.7203,0.363685,0.092625,静态路网截面数据，2019与2024共用
653121,2019,1928.1192,305.9397,0.711254,0.112857,静态路网截面数据，2019与2024共用
653122,2019,1529.2318,424.8205,0.727718,0.20216,静态路网截面数据，2019与2024共用
653101,2019,2228.3634,700.0245,2.223216,0.698408,静态路网截面数据，2019与2024共用
654003,2019,1125.4094,457.669,1.239144,0.503921,静态路网截面数据，2019与2024共用
654004,2019,1119.125,260.9161,0.590926,0.13777,静态路网截面数据，2019与2024共用
654002,2019,1453.009,421.9229,2.271723,0.65966,静态路网截面数据，2019与2024共用
653130,2019,2445.3845,1216.3053,0.13318,0.066242,静态路网截面数据，2019与2024共用
653131,2019,2205.5518,687.0034,0.093064,0.028988,静态路网截面数据，2019与2024共用
320904,2019,3738.8056,1363.3629,1.380136,0.503269,静态路网截面数据，2019与2024共用
320902,2019,2647.1713,1289.4096,2.632932,1.282474,静态路网截面数据，2019与2024共用
320903,2019,2177.8902,1121.2485,2.074864,1.068207,静态路网截面数据，2019与2024共用
320924,2019,3241.2452,1235.2653,1.318823,0.502614,静态路网截面数据，2019与2024共用
320925,2019,2345.9051,991.9508,2.025866,0.856624,静态路网截面数据，2019与2024共用
320922,2019,2517.4755,1334.9745,1.356796,0.719486,静态路网截面数据，2019与2024共用
320923,2019,2294.7679,789.9584,1.597326,0.549869,静态路网截面数据，2019与2024共用
320921,2019,1840.6677,689.5642,1.347656,0.504869,静态路网截面数据，2019与2024共用
320581,2019,4893.6014,1618.5477,3.833431,1.267899,静态路网截面数据，2019与2024共用
320104,2019,566.0335,223.6938,11.276879,4.45657,静态路网截面数据，2019与2024共用
320105,2019,695.8286,302.1286,8.771957,3.808781,静态路网截面数据，2019与2024共用
320102,2019,580.6704,179.7184,7.72307,2.390302,静态路网截面数据，2019与2024共用
320585,2019,3061.6413,1140.2653,3.738279,1.392269,静态路网截面数据，2019与2024共用
320582,2019,3908.7858,1254.1697,3.980001,1.27702,静态路网截面数据，2019与2024共用
320583,2019,5143.7176,2167.5091,5.51833,2.325367,静态路网截面数据，2019与2024共用
320106,2019,466.1205,219.0011,8.381226,3.937819,静态路网截面数据，2019与2024共用
320115,2019,5380.8186,2037.748,3.483365,1.319171,静态路网截面数据，2019与2024共用
320116,2019,3494.5733,1283.0451,2.347128,0.861756,静态路网截面数据，2019与2024共用
320113,2019,2810.6137,818.1399,7.25529,2.111938,静态路网截面数据，2019与2024共用
320114,2019,994.1413,437.4103,7.35429,3.235799,静态路网截面数据，2019与2024共用
320111,2019,3194.2639,1175.1213,3.450106,1.269242,静态路网截面数据，2019与2024共用
320117,2019,2502.8684,1043.1553,2.363135,0.984917,静态路网截面数据，2019与2024共用
320118,2019,1280.5703,677.83,1.624296,0.85977,静态路网截面数据，2019与2024共用
320981,2019,4353.7352,1273.3485,1.750873,0.512083,静态路网截面数据，2019与2024共用
320508,2019,948.4404,489.2632,11.596924,5.982399,静态路网截面数据，2019与2024共用
320509,2019,5033.8699,1726.0718,4.117279,1.41178,静态路网截面数据，2019与2024共用
320506,2019,5252.5502,2504.5882,2.149632,1.025015,静态路网截面数据，2019与2024共用
320507,2019,2312.0981,1149.9009,4.691428,2.333239,静态路网截面数据，2019与2024共用
320505,2019,2273.635,1172.8337,5.686057,2.9331,静态路网截面数据，2019与2024共用
320803,2019,2280.9168,994.988,1.548656,0.675559,静态路网截面数据，2019与2024共用
320804,2019,2300.2196,885.5109,1.759216,0.677242,静态路网截面数据，2019与2024共用
320382,2019,2759.6351,1002.1219,1.323497,0.480609,静态路网截面数据，2019与2024共用
320381,2019,3060.6094,952.4712,1.913762,0.595569,静态路网截面数据，2019与2024共用
321282,2019,1962.3032,658.7769,2.987769,1.003042,静态路网截面数据，2019与2024共用
321283,2019,5960.2266,1321.0521,5.102738,1.130994,静态路网截面数据，2019与2024共用
321281,2019,3905.2879,1449.7682,1.630447,0.605274,静态路网截面数据，2019与2024共用
320412,2019,5982.6999,2251.8939,5.596154,2.106398,静态路网截面数据，2019与2024共用
320413,2019,2907.2287,1505.8454,2.974049,1.540456,静态路网截面数据，2019与2024共用
320411,2019,3123.5524,1203.6676,6.126837,2.36099,静态路网截面数据，2019与2024共用
321311,2019,5907.3808,970.4779,4.974008,0.817141,静态路网截面数据，2019与2024共用
321302,2019,7412.5493,1223.6126,7.667558,1.265708,静态路网截面数据，2019与2024共用
320481,2019,3412.2954,1299.3123,2.235211,0.851109,静态路网截面数据，2019与2024共用
321323,2019,2801.6158,770.0658,2.031826,0.558478,静态路网截面数据，2019与2024共用
321324,2019,3276.1633,1162.5614,1.212129,0.430129,静态路网截面数据，2019与2024共用
321322,2019,4618.5062,1519.0863,2.004436,0.659285,静态路网截面数据，2019与2024共用
320826,2019,2630.9845,950.8008,1.568079,0.566682,静态路网截面数据，2019与2024共用
320812,2019,1747.66,928.4673,4.145663,2.202438,静态路网截面数据，2019与2024共用
320813,2019,920.3629,561.8152,0.718913,0.438845,静态路网截面数据，2019与2024共用
320830,2019,2303.9541,961.2994,0.924595,0.385777,静态路网截面数据，2019与2024共用
320831,2019,1293.9067,511.9428,0.940147,0.371976,静态路网截面数据，2019与2024共用
320402,2019,1229.6806,538.374,7.93464,3.473914,静态路网截面数据，2019与2024共用
320404,2019,1119.8033,436.8539,8.534885,3.329601,静态路网截面数据，2019与2024共用
321183,2019,2727.6149,1022.667,1.980003,0.742364,静态路网截面数据，2019与2024共用
321181,2019,3338.8648,1078.5703,3.19112,1.030843,静态路网截面数据，2019与2024共用
321182,2019,1631.6251,304.9853,4.90402,0.916665,静态路网截面数据，2019与2024共用
321112,2019,1861.54,716.6583,3.042816,1.171428,静态路网截面数据，2019与2024共用
321111,2019,719.0021,313.2134,4.684745,2.04078,静态路网截面数据，2019与2024共用
321102,2019,1612.8514,580.0938,5.010937,1.802282,静态路网截面数据，2019与2024共用
320281,2019,4593.6494,1680.5808,4.643224,1.698718,静态路网截面数据，2019与2024共用
320282,2019,4146.0271,1725.7466,2.106472,0.8768,静态路网截面数据，2019与2024共用
320302,2019,593.3817,311.9112,5.664751,2.977677,静态路网截面数据，2019与2024共用
320303,2019,633.9859,338.9318,5.338889,2.854195,静态路网截面数据，2019与2024共用
320305,2019,1744.0842,812.2952,2.311945,1.076772,静态路网截面数据，2019与2024共用
320324,2019,3269.37,852.0755,1.850661,0.482326,静态路网截面数据，2019与2024共用
320322,2019,2050.7637,682.3665,1.551254,0.516161,静态路网截面数据，2019与2024共用
320321,2019,1844.5782,691.6942,1.269603,0.476086,静态路网截面数据，2019与2024共用
320311,2019,632.8242,295.4811,6.24672,2.916747,静态路网截面数据，2019与2024共用
320312,2019,3116.3354,1397.2943,1.606809,0.720457,静态路网截面数据，2019与2024共用
321204,2019,2782.8918,949.6006,3.249274,1.108743,静态路网截面数据，2019与2024共用
321202,2019,1710.8936,817.3255,4.505517,2.152369,静态路网截面数据，2019与2024共用
321203,2019,1257.1863,491.199,3.843252,1.501608,静态路网截面数据，2019与2024共用
320706,2019,2336.938,950.6047,3.330669,1.354828,静态路网截面数据，2019与2024共用
320707,2019,6155.5695,1062.5701,4.395995,0.758834,静态路网截面数据，2019与2024共用
320703,2019,2238.302,1059.6716,2.839613,1.344348,静态路网截面数据，2019与2024共用
320724,2019,1720.4292,626.3534,1.681017,0.612005,静态路网截面数据，2019与2024共用
320722,2019,4028.6614,1079.8215,1.965368,0.526787,静态路网截面数据，2019与2024共用
320723,2019,2290.3663,896.0114,1.508559,0.590161,静态路网截面数据，2019与2024共用
321084,2019,3286.0722,1076.8365,1.703004,0.558069,静态路网截面数据，2019与2024共用
321081,2019,2095.814,842.4285,2.324467,0.934337,静态路网截面数据，2019与2024共用
321012,2019,3644.8826,1060.381,2.748488,0.799599,静态路网截面数据，2019与2024共用
321002,2019,1438.6674,478.7567,4.296852,1.429897,静态路网截面数据，2019与2024共用
321003,2019,2518.0041,929.2952,3.935,1.452252,静态路网截面数据，2019与2024共用
321023,2019,1942.9768,797.799,1.330502,0.546313,静态路网截面数据，2019与2024共用
320685,2019,3719.4589,955.941,3.190087,0.819887,静态路网截面数据，2019与2024共用
320681,2019,4628.3453,1252.1696,3.035089,0.821124,静态路网截面数据，2019与2024共用
320682,2019,5943.141,1684.0445,3.780107,1.071129,静态路网截面数据，2019与2024共用
320205,2019,2231.4926,810.5591,5.584518,2.0285,静态路网截面数据，2019与2024共用
320206,2019,1941.8002,646.1048,5.945104,1.978144,静态路网截面数据，2019与2024共用
320214,2019,1814.3243,818.1965,8.34329,3.762531,静态路网截面数据，2019与2024共用
320213,2019,892.1212,471.0005,12.369458,6.530526,静态路网截面数据，2019与2024共用
320211,2019,2256.6161,723.1926,3.598048,1.15309,静态路网截面数据，2019与2024共用
320623,2019,4373.3438,1541.583,2.080468,0.733355,静态路网截面数据，2019与2024共用
320614,2019,2829.6639,1371.1636,2.505092,1.213886,静态路网截面数据，2019与2024共用
320612,2019,4967.2225,1851.3464,3.508075,1.307504,静态路网截面数据，2019与2024共用
320613,2019,3305.0632,1386.5704,5.717881,2.398818,静态路网截面数据，2019与2024共用
360113,2019,2116.7582,943.4525,5.270861,2.349256,静态路网截面数据，2019与2024共用
360111,2019,1206.3386,595.5966,9.104611,4.495152,静态路网截面数据，2019与2024共用
360112,2019,5294.9123,1887.5855,2.502642,0.892168,静态路网截面数据，2019与2024共用
360124,2019,2846.406,858.8827,1.460767,0.440776,静态路网截面数据，2019与2024共用
360123,2019,1054.8484,432.2135,1.600304,0.655708,静态路网截面数据，2019与2024共用
360121,2019,6568.8678,1761.4697,3.63431,0.974556,静态路网截面数据，2019与2024共用
360104,2019,459.6584,177.6083,12.620525,4.876468,静态路网截面数据，2019与2024共用
360102,2019,424.1906,171.7917,7.934464,3.213356,静态路网截面数据，2019与2024共用
360103,2019,527.8525,223.1015,15.15237,6.404282,静态路网截面数据，2019与2024共用
360926,2019,672.6064,437.0606,0.430424,0.27969,静态路网截面数据，2019与2024共用
360924,2019,1219.1494,818.7202,0.630365,0.423322,静态路网截面数据，2019与2024共用
360925,2019,702.9368,330.9023,0.510084,0.240119,静态路网截面数据，2019与2024共用
360521,2019,903.8823,471.5061,0.654664,0.341503,静态路网截面数据，2019与2024共用
360502,2019,2368.7883,1369.9701,1.328707,0.768447,静态路网截面数据，2019与2024共用
360982,2019,1328.4225,642.6808,1.032153,0.499348,静态路网截面数据，2019与2024共用
360983,2019,1684.4142,904.6044,0.695818,0.373685,静态路网截面数据，2019与2024共用
360981,2019,2439.9734,1122.2367,0.85944,0.395289,静态路网截面数据，2019与2024共用
361003,2019,861.4048,493.6053,0.679146,0.389167,静态路网截面数据，2019与2024共用
361002,2019,2121.1477,1086.0601,0.997097,0.510529,静态路网截面数据，2019与2024共用
361028,2019,592.7971,302.0225,0.476772,0.242909,静态路网截面数据，2019与2024共用
361027,2019,852.2817,472.8897,0.630707,0.349949,静态路网截面数据，2019与2024共用
361026,2019,480.5136,340.5406,0.247864,0.175662,静态路网截面数据，2019与2024共用
361025,2019,1042.2884,656.5283,0.432367,0.272344,静态路网截面数据，2019与2024共用
361024,2019,756.2265,420.9706,0.497599,0.277,静态路网截面数据，2019与2024共用
361023,2019,873.8064,433.3852,0.457228,0.226773,静态路网截面数据，2019与2024共用
361022,2019,725.9973,385.6972,0.42703,0.226866,静态路网截面数据，2019与2024共用
361021,2019,860.8493,554.9084,0.502421,0.323864,静态路网截面数据，2019与2024共用
361030,2019,921.3824,554.9148,0.575082,0.346351,静态路网截面数据，2019与2024共用
360430,2019,874.9095,491.8522,0.567062,0.318788,静态路网截面数据，2019与2024共用
360429,2019,651.0738,288.0012,0.962506,0.425763,静态路网截面数据，2019与2024共用
360428,2019,1215.9088,527.5392,0.545208,0.236546,静态路网截面数据，2019与2024共用
360425,2019,1545.1674,652.9345,0.79464,0.335788,静态路网截面数据，2019与2024共用
360426,2019,734.5156,342.7169,0.856316,0.399548,静态路网截面数据，2019与2024共用
360423,2019,1386.3842,761.9602,0.393352,0.216187,静态路网截面数据，2019与2024共用
360424,2019,2311.6251,1187.0298,0.512169,0.263001,静态路网截面数据，2019与2024共用
360483,2019,711.2795,354.5445,0.943175,0.470135,静态路网截面数据，2019与2024共用
360481,2019,1030.6768,570.5905,0.716515,0.396668,静态路网截面数据，2019与2024共用
360482,2019,701.4581,339.2637,2.276879,1.101224,静态路网截面数据，2019与2024共用
360830,2019,1152.1759,632.8554,0.529664,0.290928,静态路网截面数据，2019与2024共用
360829,2019,1152.9552,662.8443,0.412614,0.237215,静态路网截面数据，2019与2024共用
360827,2019,1381.4573,916.206,0.438477,0.290806,静态路网截面数据，2019与2024共用
360828,2019,800.1685,484.0668,0.392637,0.237528,静态路网截面数据，2019与2024共用
360825,2019,1253.7842,818.2076,0.462793,0.302014,静态路网截面数据，2019与2024共用
360826,2019,1761.0506,993.7281,0.705112,0.397881,静态路网截面数据，2019与2024共用
360803,2019,721.7076,356.2363,0.788045,0.388981,静态路网截面数据，2019与2024共用
360823,2019,927.7232,348.6109,0.717163,0.269489,静态路网截面数据，2019与2024共用
360824,2019,791.7654,373.4379,0.634384,0.299209,静态路网截面数据，2019与2024共用
360821,2019,1322.9496,785.6757,0.624441,0.370844,静态路网截面数据，2019与2024共用
360822,2019,1546.0127,727.5936,0.615709,0.289768,静态路网截面数据，2019与2024共用
360403,2019,295.6834,116.5289,5.232458,2.062112,静态路网截面数据，2019与2024共用
360404,2019,1202.2036,595.6492,1.309778,0.648948,静态路网截面数据，2019与2024共用
360402,2019,938.9052,512.9946,2.412402,1.318077,静态路网截面数据，2019与2024共用
360881,2019,968.6047,623.3869,0.68256,0.439291,静态路网截面数据，2019与2024共用
360902,2019,2530.3713,1476.995,0.99559,0.581132,静态路网截面数据，2019与2024共用
360922,2019,1092.733,702.5558,0.631727,0.406159,静态路网截面数据，2019与2024共用
360923,2019,1015.3978,626.6629,0.753447,0.464998,静态路网截面数据，2019与2024共用
360921,2019,909.4988,567.3208,0.551086,0.343753,静态路网截面数据，2019与2024共用
360313,2019,701.9469,426.7529,0.819645,0.498308,静态路网截面数据，2019与2024共用
360322,2019,951.7523,609.4746,1.303527,0.834741,静态路网截面数据，2019与2024共用
360323,2019,716.5715,345.7858,0.74073,0.357444,静态路网截面数据，2019与2024共用
360321,2019,683.9138,383.4816,0.64406,0.361135,静态路网截面数据，2019与2024共用
360302,2019,558.3393,355.3399,2.685619,1.709189,静态路网截面数据，2019与2024共用
360783,2019,1095.5457,579.8937,0.656577,0.347539,静态路网截面数据，2019与2024共用
360781,2019,1366.0247,925.0282,0.5616,0.380298,静态路网截面数据，2019与2024共用
360704,2019,1806.7761,753.9114,0.604284,0.252149,静态路网截面数据，2019与2024共用
360724,2019,1584.2394,529.3725,1.028185,0.343567,静态路网截面数据，2019与2024共用
360725,2019,1102.302,626.9738,0.499646,0.284192,静态路网截面数据，2019与2024共用
360722,2019,1583.7213,963.2382,0.550659,0.334918,静态路网截面数据，2019与2024共用
360723,2019,1018.9243,494.5292,0.743127,0.360672,静态路网截面数据，2019与2024共用
360702,2019,3403.1914,1309.8407,5.749402,2.212864,静态路网截面数据，2019与2024共用
360703,2019,3144.7266,1450.937,1.804375,0.832516,静态路网截面数据，2019与2024共用
360735,2019,701.2231,362.5201,0.445732,0.230436,静态路网截面数据，2019与2024共用
360733,2019,1327.1224,675.3173,0.490951,0.249824,静态路网截面数据，2019与2024共用
360734,2019,1061.6638,708.9265,0.451502,0.30149,静态路网截面数据，2019与2024共用
360731,2019,1893.3476,983.3588,0.655091,0.340238,静态路网截面数据，2019与2024共用
360732,2019,1521.7827,973.7039,0.473083,0.302699,静态路网截面数据，2019与2024共用
360730,2019,1881.1342,1305.6333,0.464914,0.322681,静态路网截面数据，2019与2024共用
360728,2019,753.3809,468.63,0.563538,0.350541,静态路网截面数据，2019与2024共用
360729,2019,427.2407,284.0255,0.27749,0.184473,静态路网截面数据，2019与2024共用
360726,2019,1160.4485,693.8607,0.493333,0.294976,静态路网截面数据，2019与2024共用
360802,2019,863.8316,464.7909,2.037039,1.096044,静态路网截面数据，2019与2024共用
360203,2019,352.8673,144.058,3.149541,1.2858,静态路网截面数据，2019与2024共用
360202,2019,597.9163,229.3882,1.909642,0.732627,静态路网截面数据，2019与2024共用
360681,2019,2198.5378,824.3119,0.884577,0.33166,静态路网截面数据，2019与2024共用
360222,2019,2254.5189,877.5305,0.792039,0.308287,静态路网截面数据，2019与2024共用
360603,2019,967.485,417.7082,1.04203,0.449893,静态路网截面数据，2019与2024共用
360602,2019,817.9786,282.3209,5.964741,2.058698,静态路网截面数据，2019与2024共用
361181,2019,1787.0643,606.7304,0.859544,0.291826,静态路网截面数据，2019与2024共用
361129,2019,982.7541,521.3337,0.852786,0.452388,静态路网截面数据，2019与2024共用
361128,2019,3090.414,973.1929,0.749991,0.236177,静态路网截面数据，2019与2024共用
361127,2019,1199.0969,587.7061,0.509326,0.249633,静态路网截面数据，2019与2024共用
361126,2019,1043.7412,503.9427,0.662744,0.319988,静态路网截面数据，2019与2024共用
361125,2019,503.4365,276.1437,0.768238,0.421392,静态路网截面数据，2019与2024共用
361124,2019,1207.1343,537.4885,0.554385,0.246845,静态路网截面数据，2019与2024共用
361123,2019,2456.0834,643.5623,1.415467,0.370892,静态路网截面数据，2019与2024共用
361130,2019,2790.7573,1023.5147,0.941239,0.345201,静态路网截面数据，2019与2024共用
360281,2019,2343.1934,588.4753,1.181808,0.296802,静态路网截面数据，2019与2024共用
361104,2019,2574.7237,765.6836,1.157341,0.344176,静态路网截面数据，2019与2024共用
361103,2019,2147.888,499.292,1.584437,0.368314,静态路网截面数据，2019与2024共用
361102,2019,1207.249,486.4694,3.792941,1.528392,静态路网截面数据，2019与2024共用
130227,2019,1855.226,487.6709,1.271379,0.334199,静态路网截面数据，2019与2024共用
130224,2019,2112.2972,709.7729,1.833768,0.616182,静态路网截面数据，2019与2024共用
130225,2019,3658.3814,921.7409,2.539284,0.639781,静态路网截面数据，2019与2024共用
130229,2019,3047.6202,566.8146,2.659587,0.494646,静态路网截面数据，2019与2024共用
130204,2019,905.8301,211.7921,3.65454,0.854468,静态路网截面数据，2019与2024共用
130205,2019,1128.475,342.4169,4.601241,1.39617,静态路网截面数据，2019与2024共用
130202,2019,937.8029,269.9095,4.665369,1.342742,静态路网截面数据，2019与2024共用
130203,2019,1778.022,551.9538,10.867894,3.373735,静态路网截面数据，2019与2024共用
130208,2019,3750.3576,857.0578,3.082876,0.70452,静态路网截面数据，2019与2024共用
130209,2019,2930.483,1199.3068,2.058097,0.842281,静态路网截面数据，2019与2024共用
130207,2019,3465.1921,946.1457,2.659803,0.72624,静态路网截面数据，2019与2024共用
130681,2019,2510.8513,545.5522,3.354309,0.728817,静态路网截面数据，2019与2024共用
130684,2019,1393.6372,518.1094,2.070817,0.769863,静态路网截面数据，2019与2024共用
130682,2019,3861.1395,485.9752,3.012135,0.379117,静态路网截面数据，2019与2024共用
130683,2019,1403.4735,254.8357,2.893147,0.525323,静态路网截面数据，2019与2024共用
130628,2019,662.5397,360.1414,1.339904,0.728341,静态路网截面数据，2019与2024共用
130629,2019,1082.2941,453.4953,3.490159,1.462422,静态路网截面数据，2019与2024共用
130633,2019,1701.4452,622.6727,0.670495,0.245379,静态路网截面数据，2019与2024共用
130634,2019,2777.3271,408.3227,2.597667,0.381909,静态路网截面数据，2019与2024共用
130631,2019,1873.4329,185.0463,5.173697,0.511026,静态路网截面数据，2019与2024共用
130632,2019,1055.4744,222.7606,1.453907,0.306851,静态路网截面数据，2019与2024共用
130637,2019,627.8078,191.4752,1.901461,0.579927,静态路网截面数据，2019与2024共用
130638,2019,1235.2305,483.5414,2.392603,0.936605,静态路网截面数据，2019与2024共用
130635,2019,1418.1895,328.6086,2.173389,0.503596,静态路网截面数据，2019与2024共用
130636,2019,1015.8571,318.6139,1.423964,0.446613,静态路网截面数据，2019与2024共用
130630,2019,1684.6701,627.023,0.688624,0.256301,静态路网截面数据，2019与2024共用
130608,2019,1196.2498,365.7021,1.395863,0.426725,静态路网截面数据，2019与2024共用
130609,2019,1056.3526,598.4818,1.459397,0.826828,静态路网截面数据，2019与2024共用
130606,2019,841.8832,317.009,4.782653,1.800896,静态路网截面数据，2019与2024共用
130607,2019,828.7465,399.374,1.262143,0.608228,静态路网截面数据，2019与2024共用
130623,2019,1449.7437,593.228,0.876433,0.358632,静态路网截面数据，2019与2024共用
130626,2019,717.596,315.3125,1.003041,0.440737,静态路网截面数据，2019与2024共用
130627,2019,1117.4672,476.8709,0.789456,0.336894,静态路网截面数据，2019与2024共用
130624,2019,1615.1641,545.6894,0.648882,0.219227,静态路网截面数据，2019与2024共用
130602,2019,495.8727,254.4125,3.25091,1.667913,静态路网截面数据，2019与2024共用
131182,2019,2660.6799,485.9597,2.124074,0.387951,静态路网截面数据，2019与2024共用
131128,2019,2269.2477,230.9147,3.257354,0.331463,静态路网截面数据，2019与2024共用
131127,2019,2611.1668,448.3956,2.191751,0.376372,静态路网截面数据，2019与2024共用
131126,2019,3007.7057,344.0155,3.107635,0.355445,静态路网截面数据，2019与2024共用
131121,2019,1757.4953,368.6007,1.944321,0.407784,静态路网截面数据，2019与2024共用
131125,2019,1122.8192,241.8194,2.267532,0.488354,静态路网截面数据，2019与2024共用
131124,2019,1187.609,203.5986,2.074427,0.355631,静态路网截面数据，2019与2024共用
131123,2019,854.8415,138.7576,1.928714,0.313068,静态路网截面数据，2019与2024共用
131122,2019,2088.0334,390.0546,2.504677,0.467886,静态路网截面数据，2019与2024共用
130281,2019,2888.0931,693.2657,1.897218,0.455413,静态路网截面数据，2019与2024共用
130284,2019,2008.6311,675.4025,1.954,0.657033,静态路网截面数据，2019与2024共用
130283,2019,2421.1396,863.615,1.970946,0.703032,静态路网截面数据，2019与2024共用
131103,2019,1713.4945,423.7349,1.872625,0.463087,静态路网截面数据，2019与2024共用
131102,2019,2629.6402,710.802,4.45602,1.20448,静态路网截面数据，2019与2024共用
130324,2019,1206.3245,325.4917,1.266619,0.34176,静态路网截面数据，2019与2024共用
130321,2019,2084.6353,607.6757,0.595899,0.173706,静态路网截面数据，2019与2024共用
130322,2019,1662.8092,685.0032,1.38207,0.569351,静态路网截面数据，2019与2024共用
130303,2019,585.7628,255.4456,3.071634,1.339511,静态路网截面数据，2019与2024共用
130304,2019,683.999,287.2302,4.191302,1.760044,静态路网截面数据，2019与2024共用
130302,2019,1344.4567,585.3732,1.859912,0.809801,静态路网截面数据，2019与2024共用
130306,2019,1585.9876,698.5904,1.523256,0.670959,静态路网截面数据，2019与2024共用
130727,2019,1763.9915,564.7797,0.95337,0.305242,静态路网截面数据，2019与2024共用
130728,2019,1480.2416,401.5913,0.872015,0.236579,静态路网截面数据，2019与2024共用
130732,2019,2988.9329,737.1711,0.568316,0.140166,静态路网截面数据，2019与2024共用
130730,2019,2373.1432,654.7412,1.345278,0.371157,静态路网截面数据，2019与2024共用
130731,2019,2289.3188,715.0524,0.821068,0.256455,静态路网截面数据，2019与2024共用
130708,2019,1566.348,536.3661,1.352527,0.463147,静态路网截面数据，2019与2024共用
130705,2019,2340.837,805.7599,1.160766,0.399558,静态路网截面数据，2019与2024共用
130706,2019,336.913,143.6718,1.068965,0.455845,静态路网截面数据，2019与2024共用
130709,2019,1667.6207,618.8355,0.714491,0.26514,静态路网截面数据，2019与2024共用
130722,2019,4640.6272,1270.3738,1.107033,0.303051,静态路网截面数据，2019与2024共用
130725,2019,2178.3208,437.245,0.830979,0.166799,静态路网截面数据，2019与2024共用
130726,2019,3683.7748,661.9896,1.151757,0.206976,静态路网截面数据，2019与2024共用
130723,2019,2926.346,700.1511,0.871148,0.208429,静态路网截面数据，2019与2024共用
130724,2019,3240.2446,1030.6836,0.900819,0.28654,静态路网截面数据，2019与2024共用
130703,2019,1190.6943,354.0809,5.714252,1.699267,静态路网截面数据，2019与2024共用
130702,2019,1257.27,385.1198,3.079709,0.943359,静态路网截面数据，2019与2024共用
130435,2019,1375.4719,282.8433,2.038688,0.419223,静态路网截面数据，2019与2024共用
130433,2019,1276.5359,201.8681,2.793912,0.441822,静态路网截面数据，2019与2024共用
130434,2019,1947.7765,424.3709,2.224189,0.484594,静态路网截面数据，2019与2024共用
130431,2019,943.7967,130.4568,2.81133,0.388597,静态路网截面数据，2019与2024共用
130432,2019,838.3708,225.3578,2.650191,0.712383,静态路网截面数据，2019与2024共用
130430,2019,645.6933,190.1858,1.432351,0.421892,静态路网截面数据，2019与2024共用
130408,2019,2363.839,476.3711,3.095399,0.623798,静态路网截面数据，2019与2024共用
130424,2019,1347.9142,345.3051,2.815814,0.721348,静态路网截面数据，2019与2024共用
130425,2019,2519.6856,467.3263,2.362946,0.438256,静态路网截面数据，2019与2024共用
130423,2019,1864.0442,329.3682,2.460657,0.434787,静态路网截面数据，2019与2024共用
130426,2019,1181.9033,630.4977,0.794458,0.423811,静态路网截面数据，2019与2024共用
130427,2019,1220.3006,198.8108,1.802943,0.293735,静态路网截面数据，2019与2024共用
130402,2019,1388.4116,560.1668,3.232479,1.304172,静态路网截面数据，2019与2024共用
130403,2019,1453.4743,649.5936,3.666895,1.638826,静态路网截面数据，2019与2024共用
130406,2019,899.1482,228.3585,2.433046,0.617926,静态路网截面数据，2019与2024共用
130407,2019,1383.4255,316.8903,2.749557,0.629819,静态路网截面数据，2019与2024共用
130404,2019,632.7776,238.0195,2.489748,0.936519,静态路网截面数据，2019与2024共用
130881,2019,1152.4848,595.8978,0.351185,0.181582,静态路网截面数据，2019与2024共用
130828,2019,4815.8237,971.725,0.534249,0.107799,静态路网截面数据，2019与2024共用
130826,2019,4115.7536,1283.8274,0.471466,0.147064,静态路网截面数据，2019与2024共用
130827,2019,959.0574,415.8385,0.497226,0.215593,静态路网截面数据，2019与2024共用
130804,2019,95.1756,39.6662,0.653195,0.272231,静态路网截面数据，2019与2024共用
130821,2019,1665.4777,718.1102,0.457797,0.19739,静态路网截面数据，2019与2024共用
130824,2019,1690.3076,767.701,0.562042,0.255267,静态路网截面数据，2019与2024共用
130825,2019,2154.6448,880.185,0.394543,0.161173,静态路网截面数据，2019与2024共用
130822,2019,1568.9087,635.8003,0.498985,0.202214,静态路网截面数据，2019与2024共用
130802,2019,966.0613,467.6277,1.474136,0.713564,静态路网截面数据，2019与2024共用
130803,2019,473.3047,329.608,1.041605,0.725371,静态路网截面数据，2019与2024共用
130902,2019,435.204,195.7473,5.422791,2.439079,静态路网截面数据，2019与2024共用
130481,2019,3882.955,913.1756,2.147311,0.504995,静态路网截面数据，2019与2024共用
130105,2019,570.0395,314.3149,6.287884,3.467085,静态路网截面数据，2019与2024共用
130104,2019,584.0268,309.3901,8.845608,4.685989,静态路网截面数据，2019与2024共用
130109,2019,2884.2344,766.4234,3.553166,0.944178,静态路网截面数据，2019与2024共用
130107,2019,174.7049,52.9557,2.47611,0.750546,静态路网截面数据，2019与2024共用
130108,2019,877.1345,467.9835,8.235922,4.394167,静态路网截面数据，2019与2024共用
130581,2019,1772.245,561.9133,2.055781,0.651812,静态路网截面数据，2019与2024共用
130582,2019,1386.5691,515.4098,1.671905,0.621474,静态路网截面数据，2019与2024共用
130102,2019,875.4206,428.6448,6.196034,3.033853,静态路网截面数据，2019与2024共用
130529,2019,1592.5215,314.9521,2.505374,0.495486,静态路网截面数据，2019与2024共用
130534,2019,1810.3484,297.1968,3.595194,0.590207,静态路网截面数据，2019与2024共用
130535,2019,2119.1051,216.8016,3.866748,0.395599,静态路网截面数据，2019与2024共用
130532,2019,1206.6569,238.7459,2.997933,0.593163,静态路网截面数据，2019与2024共用
130533,2019,1950.581,540.9208,1.926321,0.534193,静态路网截面数据，2019与2024共用
130530,2019,841.0879,178.9832,2.293344,0.488023,静态路网截面数据，2019与2024共用
130531,2019,1110.3662,203.9944,2.225063,0.408784,静态路网截面数据，2019与2024共用
130523,2019,1289.0257,354.2645,1.640194,0.450777,静态路网截面数据，2019与2024共用
130524,2019,627.2375,126.6828,2.397187,0.484159,静态路网截面数据，2019与2024共用
130522,2019,901.3311,362.1599,1.149426,0.461846,静态路网截面数据，2019与2024共用
130528,2019,2317.2355,466.5348,2.090482,0.420882,静态路网截面数据，2019与2024共用
130525,2019,1342.6746,259.0259,1.802544,0.347743,静态路网截面数据，2019与2024共用
130502,2019,1604.7158,591.4178,4.51184,1.662838,静态路网截面数据，2019与2024共用
130983,2019,4762.4272,1532.6444,2.123242,0.683302,静态路网截面数据，2019与2024共用
130984,2019,2773.7871,627.1203,2.094046,0.473439,静态路网截面数据，2019与2024共用
130505,2019,872.8034,308.3391,2.017456,0.712716,静态路网截面数据，2019与2024共用
130506,2019,1086.7911,318.6233,2.664429,0.781152,静态路网截面数据，2019与2024共用
130503,2019,2281.0429,1026.4081,1.204669,0.542069,静态路网截面数据，2019与2024共用
130981,2019,2489.0526,336.8233,2.469494,0.334177,静态路网截面数据，2019与2024共用
130982,2019,3470.9683,719.8868,3.331515,0.690964,静态路网截面数据，2019与2024共用
130927,2019,2259.3823,308.0823,2.838092,0.386993,静态路网截面数据，2019与2024共用
130928,2019,1408.0921,258.103,2.376186,0.435554,静态路网截面数据，2019与2024共用
130925,2019,706.3026,426.6493,0.87251,0.527048,静态路网截面数据，2019与2024共用
130926,2019,1940.6369,301.4199,3.755207,0.583259,静态路网截面数据，2019与2024共用
130929,2019,2444.3589,427.8789,2.089222,0.365713,静态路网截面数据，2019与2024共用
130930,2019,1585.7101,230.5239,4.114606,0.598164,静态路网截面数据，2019与2024共用
130903,2019,551.1377,254.047,4.626207,2.132451,静态路网截面数据，2019与2024共用
130923,2019,892.041,389.6856,1.234706,0.539378,静态路网截面数据，2019与2024共用
130924,2019,724.9054,328.8478,0.846502,0.384009,静态路网截面数据，2019与2024共用
130921,2019,2985.0651,751.5767,1.952169,0.491515,静态路网截面数据，2019与2024共用
130922,2019,2172.423,482.1445,2.200004,0.488266,静态路网截面数据，2019与2024共用
131082,2019,3617.2373,654.4743,5.711341,1.033365,静态路网截面数据，2019与2024共用
131081,2019,2307.9405,717.02,2.891548,0.898332,静态路网截面数据，2019与2024共用
131028,2019,742.691,201.017,4.2525,1.150983,静态路网截面数据，2019与2024共用
131022,2019,2223.7408,707.9842,3.157041,1.005124,静态路网截面数据，2019与2024共用
131026,2019,2009.755,613.5557,1.950905,0.595589,静态路网截面数据，2019与2024共用
131025,2019,1421.1684,380.5458,1.587681,0.425133,静态路网截面数据，2019与2024共用
131024,2019,1396.5652,305.4258,3.215131,0.703142,静态路网截面数据，2019与2024共用
131023,2019,1509.2151,501.8453,1.983673,0.659612,静态路网截面数据，2019与2024共用
130181,2019,2991.3994,507.7788,3.139877,0.532982,静态路网截面数据，2019与2024共用
130183,2019,1925.7476,346.026,3.202624,0.57546,静态路网截面数据，2019与2024共用
130184,2019,1590.6149,228.4338,3.02456,0.434368,静态路网截面数据，2019与2024共用
131003,2019,1896.2473,667.0394,4.972249,1.749079,静态路网截面数据，2019与2024共用
131002,2019,1472.6642,480.1558,2.575453,0.839715,静态路网截面数据，2019与2024共用
130130,2019,1669.6363,275.8389,3.334578,0.550902,静态路网截面数据，2019与2024共用
130131,2019,1833.2825,839.8063,0.694498,0.318142,静态路网截面数据，2019与2024共用
130132,2019,1379.7232,470.6681,2.048686,0.698873,静态路网截面数据，2019与2024共用
130133,2019,1498.5396,465.8418,2.224396,0.691484,静态路网截面数据，2019与2024共用
130110,2019,1771.7541,772.6409,2.874942,1.253728,静态路网截面数据，2019与2024共用
130111,2019,1551.9327,551.0903,4.420133,1.569587,静态路网截面数据，2019与2024共用
130127,2019,865.2266,194.933,3.879519,0.874044,静态路网截面数据，2019与2024共用
130128,2019,1018.7778,160.5559,3.422666,0.5394,静态路网截面数据，2019与2024共用
130125,2019,1892.8226,317.4092,1.966036,0.329686,静态路网截面数据，2019与2024共用
130126,2019,646.4919,429.8525,0.610625,0.406004,静态路网截面数据，2019与2024共用
130129,2019,778.1667,387.7109,0.922514,0.45963,静态路网截面数据，2019与2024共用
130123,2019,1953.7788,633.128,4.099019,1.3283,静态路网截面数据，2019与2024共用
130121,2019,1263.3065,654.956,0.91878,0.476338,静态路网截面数据，2019与2024共用
410902,2019,2644.6689,627.739,6.601931,1.567036,静态路网截面数据，2019与2024共用
410505,2019,730.267,217.2808,3.843948,1.143713,静态路网截面数据，2019与2024共用
410506,2019,627.1093,219.2534,2.663768,0.931321,静态路网截面数据，2019与2024共用
410503,2019,410.7626,158.3602,4.447523,1.714642,静态路网截面数据，2019与2024共用
410502,2019,877.6953,318.672,7.738554,2.8097,静态路网截面数据，2019与2024共用
410927,2019,1601.6981,260.0196,3.626338,0.5887,静态路网截面数据，2019与2024共用
410926,2019,1679.953,402.4392,2.719428,0.651449,静态路网截面数据，2019与2024共用
410928,2019,4892.3743,799.1004,3.66133,0.598027,静态路网截面数据，2019与2024共用
410923,2019,1471.1074,444.8254,2.392636,0.723472,静态路网截面数据，2019与2024共用
410922,2019,2949.6701,550.6288,3.577929,0.667909,静态路网截面数据，2019与2024共用
411329,2019,1171.0309,368.0612,1.114861,0.350407,静态路网截面数据，2019与2024共用
411326,2019,3052.6283,1033.4438,1.079479,0.365449,静态路网截面数据，2019与2024共用
411325,2019,1484.2928,718.1393,0.644233,0.311697,静态路网截面数据，2019与2024共用
411328,2019,1429.9405,832.8567,0.571257,0.332724,静态路网截面数据，2019与2024共用
411327,2019,938.4779,424.1992,0.813411,0.367668,静态路网截面数据，2019与2024共用
411322,2019,4928.2141,845.7748,1.937533,0.332517,静态路网截面数据，2019与2024共用
411321,2019,1414.8248,587.5656,0.4825,0.200379,静态路网截面数据，2019与2024共用
411324,2019,1415.7301,577.4407,0.947711,0.386548,静态路网截面数据，2019与2024共用
411323,2019,1901.2131,1053.0975,0.551438,0.305446,静态路网截面数据，2019与2024共用
411303,2019,1528.5479,654.0782,1.50237,0.642876,静态路网截面数据，2019与2024共用
411302,2019,1535.9361,842.8415,1.587692,0.871242,静态路网截面数据，2019与2024共用
410423,2019,2016.8114,894.7141,0.837717,0.371635,静态路网截面数据，2019与2024共用
410425,2019,914.9862,366.0884,1.2627,0.50521,静态路网截面数据，2019与2024共用
410422,2019,2779.8842,850.4126,1.997239,0.610989,静态路网截面数据，2019与2024共用
410421,2019,1205.1968,458.1508,1.656076,0.629551,静态路网截面数据，2019与2024共用
410402,2019,981.2619,361.6836,7.517187,2.770762,静态路网截面数据，2019与2024共用
410404,2019,72.299,31.5681,2.027795,0.8854,静态路网截面数据，2019与2024共用
410403,2019,679.9178,154.9097,6.433114,1.465694,静态路网截面数据，2019与2024共用
410882,2019,1070.2671,596.0158,1.799118,1.001902,静态路网截面数据，2019与2024共用
410883,2019,1031.11,503.193,2.044184,0.997584,静态路网截面数据，2019与2024共用
410411,2019,644.5552,180.4342,3.514846,0.983932,静态路网截面数据，2019与2024共用
411381,2019,2540.1058,1016.1804,1.080362,0.432204,静态路网截面数据，2019与2024共用
410482,2019,1360.531,661.8178,0.863913,0.420242,静态路网截面数据，2019与2024共用
410481,2019,1125.3974,406.6521,1.794258,0.648339,静态路网截面数据，2019与2024共用
411330,2019,912.1618,453.2474,0.475784,0.236414,静态路网截面数据，2019与2024共用
411729,2019,1222.1961,518.99,0.855068,0.363094,静态路网截面数据，2019与2024共用
411726,2019,1323.9374,660.2225,0.563925,0.281219,静态路网截面数据，2019与2024共用
411725,2019,1315.1208,681.6059,0.817836,0.423871,静态路网截面数据，2019与2024共用
411728,2019,1980.7469,638.5801,1.89865,0.612113,静态路网截面数据，2019与2024共用
411727,2019,1140.0301,429.3037,0.759353,0.285951,静态路网截面数据，2019与2024共用
411722,2019,1682.0936,766.6399,1.11138,0.506529,静态路网截面数据，2019与2024共用
411721,2019,2536.1422,447.6307,2.304756,0.406791,静态路网截面数据，2019与2024共用
411724,2019,1304.6908,652.4148,0.687513,0.343793,静态路网截面数据，2019与2024共用
411723,2019,1042.7317,465.2387,0.815182,0.363712,静态路网截面数据，2019与2024共用
411702,2019,2277.4483,1065.6251,1.68678,0.789249,静态路网截面数据，2019与2024共用
410823,2019,3763.3664,729.1783,4.700339,0.910723,静态路网截面数据，2019与2024共用
410825,2019,1945.8811,439.3199,4.046071,0.913478,静态路网截面数据，2019与2024共用
410822,2019,728.4488,350.3184,1.707935,0.821363,静态路网截面数据，2019与2024共用
410821,2019,1855.5826,416.6688,3.001265,0.67393,静态路网截面数据，2019与2024共用
410802,2019,235.8548,119.9636,3.446823,1.753169,静态路网截面数据，2019与2024共用
410804,2019,278.9567,91.041,2.32202,0.75782,静态路网截面数据，2019与2024共用
410803,2019,276.8822,131.8014,2.170136,1.033028,静态路网截面数据，2019与2024共用
410811,2019,1152.0925,420.9397,4.952682,1.80956,静态路网截面数据，2019与2024共用
411681,2019,1033.4995,670.21,0.955954,0.619923,静态路网截面数据，2019与2024共用
411203,2019,1257.5921,723.8017,0.779269,0.448505,静态路网截面数据，2019与2024共用
411202,2019,493.4048,252.5312,2.455523,1.25677,静态路网截面数据，2019与2024共用
410329,2019,1124.3222,699.9705,1.062014,0.661179,静态路网截面数据，2019与2024共用
410328,2019,1159.0215,605.8218,0.503208,0.263027,静态路网截面数据，2019与2024共用
410325,2019,1303.4004,646.9818,0.433265,0.215064,静态路网截面数据，2019与2024共用
410324,2019,1248.8715,579.0263,0.504582,0.233944,静态路网截面数据，2019与2024共用
410327,2019,1307.9823,873.7221,0.807969,0.539717,静态路网截面数据，2019与2024共用
410326,2019,756.6412,395.0281,0.570985,0.2981,静态路网截面数据，2019与2024共用
410323,2019,1379.4777,577.5711,1.189629,0.498083,静态路网截面数据，2019与2024共用
410781,2019,1656.7012,421.8548,1.935008,0.492722,静态路网截面数据，2019与2024共用
410307,2019,980.5201,594.2676,1.475907,0.894508,静态路网截面数据，2019与2024共用
410308,2019,1639.7705,843.8915,2.021888,1.040544,静态路网截面数据，2019与2024共用
410303,2019,529.0014,241.7623,10.306275,4.710137,静态路网截面数据，2019与2024共用
410302,2019,386.6903,180.4616,7.421562,3.463514,静态路网截面数据，2019与2024共用
410305,2019,1131.3973,374.2847,7.900907,2.613749,静态路网截面数据，2019与2024共用
410304,2019,220.7511,106.7464,6.936817,3.354367,静态路网截面数据，2019与2024共用
410783,2019,2387.5377,664.9763,2.313441,0.644339,静态路网截面数据，2019与2024共用
410782,2019,4117.3267,784.1265,2.430356,0.46285,静态路网截面数据，2019与2024共用
410311,2019,2503.4529,1061.9293,4.772174,2.024289,静态路网截面数据，2019与2024共用
411627,2019,2089.7051,621.9616,1.193645,0.355266,静态路网截面数据，2019与2024共用
411628,2019,1231.9967,575.2321,0.993692,0.463965,静态路网截面数据，2019与2024共用
411623,2019,1546.9631,600.6942,1.218067,0.472982,静态路网截面数据，2019与2024共用
411622,2019,1894.0646,589.9052,1.565022,0.487425,静态路网截面数据，2019与2024共用
411625,2019,1392.8844,605.6411,0.935581,0.406801,静态路网截面数据，2019与2024共用
411624,2019,1683.0203,665.755,1.56576,0.61937,静态路网截面数据，2019与2024共用
411621,2019,1850.1458,651.8988,1.590291,0.560339,静态路网截面数据，2019与2024共用
411281,2019,242.1676,96.4734,2.42407,0.965688,静态路网截面数据，2019与2024共用
411282,2019,2154.6527,943.8622,0.717143,0.31415,静态路网截面数据，2019与2024共用
411221,2019,1207.9988,605.3705,0.886633,0.444323,静态路网截面数据，2019与2024共用
411224,2019,1752.3547,997.6018,0.478314,0.272301,静态路网截面数据，2019与2024共用
411603,2019,1744.2383,837.7198,1.305787,0.627141,静态路网截面数据，2019与2024共用
411602,2019,1215.5325,740.8941,3.617246,2.204792,静态路网截面数据，2019与2024共用
410725,2019,4164.2492,973.9071,3.181265,0.744013,静态路网截面数据，2019与2024共用
410724,2019,1514.3736,314.698,3.214153,0.667925,静态路网截面数据，2019与2024共用
410727,2019,2936.1795,673.0015,2.38856,0.547482,静态路网截面数据，2019与2024共用
410726,2019,1837.651,605.3888,2.070741,0.682177,静态路网截面数据，2019与2024共用
410721,2019,1302.9518,356.8735,3.382658,0.926497,静态路网截面数据，2019与2024共用
410703,2019,268.6249,76.3944,4.182178,1.189372,静态路网截面数据，2019与2024共用
410702,2019,783.2988,368.4902,5.067969,2.384144,静态路网截面数据，2019与2024共用
410704,2019,509.188,124.6589,4.370419,1.069962,静态路网截面数据，2019与2024共用
410711,2019,451.8877,205.9351,4.598125,2.095466,静态路网截面数据，2019与2024共用
410225,2019,1604.0047,657.3179,1.460776,0.598623,静态路网截面数据，2019与2024共用
410222,2019,1079.5408,569.2898,1.403459,0.740107,静态路网截面数据，2019与2024共用
410221,2019,1145.5818,523.9824,0.909711,0.416097,静态路网截面数据，2019与2024共用
410223,2019,2038.5793,795.5055,1.571211,0.613127,静态路网截面数据，2019与2024共用
410204,2019,301.3684,76.0343,4.940867,1.246566,静态路网截面数据，2019与2024共用
410203,2019,327.561,103.1437,4.598188,1.447895,静态路网截面数据，2019与2024共用
410205,2019,273.513,81.2325,4.440808,1.318907,静态路网截面数据，2019与2024共用
410202,2019,1793.6156,576.635,4.851191,1.559624,静态路网截面数据，2019与2024共用
410212,2019,2643.1815,628.5824,2.114448,0.502843,静态路网截面数据，2019与2024共用
411528,2019,1227.4861,628.8938,0.648313,0.332159,静态路网截面数据，2019与2024共用
411527,2019,975.2825,445.5881,0.810058,0.3701,静态路网截面数据，2019与2024共用
419001,2019,2718.5317,1309.7492,1.437552,0.692592,静态路网截面数据，2019与2024共用
411524,2019,1501.368,640.8872,0.712256,0.30404,静态路网截面数据，2019与2024共用
411523,2019,1963.0339,453.1428,1.254077,0.289489,静态路网截面数据，2019与2024共用
411526,2019,1185.6783,487.9345,0.72592,0.298733,静态路网截面数据，2019与2024共用
411525,2019,5120.9915,1365.1128,1.754431,0.467682,静态路网截面数据，2019与2024共用
411522,2019,1278.855,759.5409,0.698055,0.414591,静态路网截面数据，2019与2024共用
411521,2019,1491.998,895.8424,0.720262,0.432468,静态路网截面数据，2019与2024共用
411502,2019,1252.8021,705.9914,0.695747,0.392074,静态路网截面数据，2019与2024共用
411503,2019,2007.1165,1174.1197,1.067352,0.624378,静态路网截面数据，2019与2024共用
411122,2019,2249.2079,425.4486,2.803216,0.530242,静态路网截面数据，2019与2024共用
411121,2019,2017.7135,381.644,2.604913,0.492711,静态路网截面数据，2019与2024共用
411102,2019,1396.2389,277.5329,6.06619,1.205787,静态路网截面数据，2019与2024共用
411104,2019,2018.4377,408.5656,4.66413,0.944098,静态路网截面数据，2019与2024共用
411103,2019,2195.9644,287.7893,4.872886,0.63861,静态路网截面数据，2019与2024共用
411082,2019,1526.6089,629.9185,2.401353,0.990861,静态路网截面数据，2019与2024共用
411081,2019,1894.4356,795.996,1.288767,0.541509,静态路网截面数据，2019与2024共用
410622,2019,1504.9455,347.0134,2.615098,0.602995,静态路网截面数据，2019与2024共用
410621,2019,3515.4784,582.0266,3.686081,0.610272,静态路网截面数据，2019与2024共用
410603,2019,366.1856,142.4219,2.652909,1.031806,静态路网截面数据，2019与2024共用
410602,2019,301.1626,78.7799,2.344323,0.613242,静态路网截面数据，2019与2024共用
410611,2019,1351.5217,319.4083,3.945412,0.932429,静态路网截面数据，2019与2024共用
410581,2019,4709.4812,1130.7442,2.252381,0.540796,静态路网截面数据，2019与2024共用
410108,2019,1413.6888,422.6788,6.395803,1.912281,静态路网截面数据，2019与2024共用
410105,2019,2529.5278,983.6074,10.326798,4.015578,静态路网截面数据，2019与2024共用
410104,2019,1868.8914,818.1134,8.692871,3.805333,静态路网截面数据，2019与2024共用
410106,2019,328.7888,147.9665,5.289848,2.380617,静态路网截面数据，2019与2024共用
410103,2019,1079.7279,377.5764,7.008544,2.450859,静态路网截面数据，2019与2024共用
410102,2019,1759.213,683.7195,8.917999,3.465987,静态路网截面数据，2019与2024共用
411425,2019,3846.0485,722.7542,2.482154,0.466449,静态路网截面数据，2019与2024共用
411424,2019,1095.4183,470.9674,1.050319,0.451577,静态路网截面数据，2019与2024共用
411426,2019,4777.7698,577.5127,3.202311,0.387079,静态路网截面数据，2019与2024共用
411421,2019,1353.3479,612.0141,1.093442,0.494479,静态路网截面数据，2019与2024共用
411423,2019,1420.4837,438.8934,1.782891,0.550868,静态路网截面数据，2019与2024共用
411422,2019,1817.8838,520.1539,1.978762,0.566186,静态路网截面数据，2019与2024共用
411403,2019,2857.4604,792.2825,2.984671,0.827554,静态路网截面数据，2019与2024共用
411402,2019,2209.8576,767.6312,3.132642,1.088176,静态路网截面数据，2019与2024共用
410527,2019,2340.1553,567.669,2.060572,0.499848,静态路网截面数据，2019与2024共用
410526,2019,3947.1114,1035.9316,2.216395,0.5817,静态路网截面数据，2019与2024共用
410523,2019,1452.5575,466.7777,2.290977,0.736203,静态路网截面数据，2019与2024共用
410522,2019,2642.3053,654.3463,2.473191,0.612466,静态路网截面数据，2019与2024共用
410185,2019,1584.2793,808.4167,1.299004,0.662848,静态路网截面数据，2019与2024共用
410184,2019,3595.0185,1439.9533,4.067748,1.629301,静态路网截面数据，2019与2024共用
410181,2019,1545.4459,735.0191,1.486104,0.706796,静态路网截面数据，2019与2024共用
410183,2019,1688.0626,768.1045,1.696102,0.771763,静态路网截面数据，2019与2024共用
410182,2019,2849.6005,933.0258,3.026108,0.990818,静态路网截面数据，2019与2024共用
411025,2019,1253.1833,461.3707,1.372589,0.505331,静态路网截面数据，2019与2024共用
411024,2019,1603.9947,526.1168,1.842237,0.604261,静态路网截面数据，2019与2024共用
411481,2019,5100.2652,1005.456,2.526273,0.498024,静态路网截面数据，2019与2024共用
411003,2019,2108.3563,1107.3185,2.105607,1.105875,静态路网截面数据，2019与2024共用
411002,2019,594.5648,316.9884,6.563487,3.499281,静态路网截面数据，2019与2024共用
410122,2019,5109.3757,1875.1584,3.675928,1.349078,静态路网截面数据，2019与2024共用
330703,2019,2343.1265,720.212,3.552749,1.092016,静态路网截面数据，2019与2024共用
330702,2019,3241.0188,938.4874,2.332655,0.675456,静态路网截面数据，2019与2024共用
330726,2019,1386.6889,473.5009,1.510601,0.515812,静态路网截面数据，2019与2024共用
330727,2019,1123.2239,350.4131,0.938789,0.292875,静态路网截面数据，2019与2024共用
330723,2019,1507.0008,749.7626,0.960056,0.477647,静态路网截面数据，2019与2024共用
331181,2019,1377.7209,632.3253,0.452882,0.207857,静态路网截面数据，2019与2024共用
330383,2019,1053.0091,284.2178,7.037692,1.899544,静态路网截面数据，2019与2024共用
330381,2019,3387.1532,1060.1014,2.687218,0.841038,静态路网截面数据，2019与2024共用
330382,2019,4594.8583,1097.7944,3.551525,0.848523,静态路网截面数据，2019与2024共用
330783,2019,3189.2013,1358.356,1.823934,0.776856,静态路网截面数据，2019与2024共用
330784,2019,1955.2322,956.7669,1.86877,0.914458,静态路网截面数据，2019与2024共用
330302,2019,1417.1647,501.4726,4.828012,1.708422,静态路网截面数据，2019与2024共用
330781,2019,2377.7374,775.7098,1.809274,0.590255,静态路网截面数据，2019与2024共用
330782,2019,4348.0608,1926.9499,3.944847,1.748256,静态路网截面数据，2019与2024共用
330303,2019,1536.2509,648.4215,5.235584,2.209838,静态路网截面数据，2019与2024共用
330304,2019,1973.2931,649.4744,4.238142,1.394909,静态路网截面数据，2019与2024共用
330305,2019,722.3015,203.6768,4.82713,1.361169,静态路网截面数据，2019与2024共用
330324,2019,2803.3022,1117.6805,1.048483,0.418032,静态路网截面数据，2019与2024共用
330329,2019,1961.4221,521.0797,1.109716,0.294812,静态路网截面数据，2019与2024共用
330326,2019,2884.4904,718.4136,2.973753,0.740645,静态路网截面数据，2019与2024共用
330327,2019,3320.8365,823.989,3.262563,0.80953,静态路网截面数据，2019与2024共用
330328,2019,1198.0635,365.2424,0.922785,0.281321,静态路网截面数据，2019与2024共用
330604,2019,2931.9063,1182.4674,2.151717,0.867809,静态路网截面数据，2019与2024共用
330602,2019,2102.905,1077.4808,3.947984,2.022858,静态路网截面数据，2019与2024共用
330603,2019,3213.3488,1050.8569,3.007792,0.983634,静态路网截面数据，2019与2024共用
330182,2019,3283.3944,885.5089,1.418265,0.382496,静态路网截面数据，2019与2024共用
331022,2019,1604.7752,660.7335,1.557829,0.641405,静态路网截面数据，2019与2024共用
331023,2019,2656.4039,567.461,1.854087,0.39607,静态路网截面数据，2019与2024共用
331024,2019,1635.1664,781.7236,0.817576,0.390858,静态路网截面数据，2019与2024共用
331083,2019,1958.8845,417.8473,4.492319,0.958251,静态路网截面数据，2019与2024共用
331081,2019,3670.0288,1183.156,3.8073,1.22741,静态路网截面数据，2019与2024共用
331082,2019,3216.0576,1348.0359,1.464777,0.613973,静态路网截面数据，2019与2024共用
330225,2019,2930.7211,797.9369,2.452415,0.66771,静态路网截面数据，2019与2024共用
330226,2019,3528.5661,1270.7439,2.056804,0.740718,静态路网截面数据，2019与2024共用
330211,2019,1355.2085,521.0169,5.541449,2.130439,静态路网截面数据，2019与2024共用
330212,2019,3589.8312,1596.5334,4.50096,2.001747,静态路网截面数据，2019与2024共用
330213,2019,2529.035,1002.1204,2.012667,0.797512,静态路网截面数据，2019与2024共用
331102,2019,1674.7389,744.6168,1.120147,0.498036,静态路网截面数据，2019与2024共用
330281,2019,3527.8232,1308.1955,2.391418,0.886791,静态路网截面数据，2019与2024共用
330282,2019,4318.6345,1885.1079,3.517942,1.535601,静态路网截面数据，2019与2024共用
331124,2019,1220.357,455.1618,0.871135,0.324911,静态路网截面数据，2019与2024共用
331125,2019,614.2454,228.039,0.619981,0.230168,静态路网截面数据，2019与2024共用
331126,2019,1005.9828,371.7779,0.535332,0.197841,静态路网截面数据，2019与2024共用
331127,2019,875.8985,447.2148,0.452894,0.231238,静态路网截面数据，2019与2024共用
331121,2019,1692.4928,610.4574,0.682842,0.246291,静态路网截面数据，2019与2024共用
331122,2019,1160.94,633.9167,0.77841,0.425041,静态路网截面数据，2019与2024共用
331123,2019,2158.3958,591.7828,0.85104,0.233336,静态路网截面数据，2019与2024共用
330624,2019,1790.6026,763.6225,1.477577,0.630129,静态路网截面数据，2019与2024共用
330203,2019,2371.9927,924.7917,3.984191,1.553355,静态路网截面数据，2019与2024共用
330681,2019,3395.4093,1751.2141,1.467409,0.75683,静态路网截面数据，2019与2024共用
330683,2019,2766.3825,1224.0067,1.549057,0.685392,静态路网截面数据，2019与2024共用
330205,2019,1364.39,617.4771,6.515084,2.948508,静态路网截面数据，2019与2024共用
330206,2019,2626.5394,1045.2155,4.341768,1.72778,静态路网截面数据，2019与2024共用
330902,2019,1633.2885,605.8115,3.057418,1.134043,静态路网截面数据，2019与2024共用
330903,2019,1111.3203,325.6642,2.939786,0.861483,静态路网截面数据，2019与2024共用
330921,2019,774.0855,230.834,2.746991,0.819159,静态路网截面数据，2019与2024共用
330922,2019,298.1511,69.836,5.854572,1.371317,静态路网截面数据，2019与2024共用
330102,2019,1645.2893,720.3515,13.723907,6.008692,静态路网截面数据，2019与2024共用
330109,2019,7322.295,2040.982,7.129469,1.987235,静态路网截面数据，2019与2024共用
330105,2019,1509.1214,566.5927,15.356109,5.765381,静态路网截面数据，2019与2024共用
330106,2019,2194.0179,788.8469,7.109699,2.556253,静态路网截面数据，2019与2024共用
330108,2019,824.681,395.4498,11.398991,5.466027,静态路网截面数据，2019与2024共用
330122,2019,2043.6503,730.2969,1.118551,0.399713,静态路网截面数据，2019与2024共用
330127,2019,3620.3499,869.6852,0.820433,0.197085,静态路网截面数据，2019与2024共用
330112,2019,3851.1407,1573.7373,1.227309,0.50153,静态路网截面数据，2019与2024共用
330113,2019,2401.8408,901.769,8.426722,3.163806,静态路网截面数据，2019与2024共用
330114,2019,2940.9154,791.9409,5.971917,1.608141,静态路网截面数据，2019与2024共用
330110,2019,4552.2217,1430.7036,4.835375,1.519695,静态路网截面数据，2019与2024共用
330111,2019,3422.4405,1241.636,1.878599,0.681542,静态路网截面数据，2019与2024共用
331003,2019,1880.8662,801.1666,1.901644,0.810017,静态路网截面数据，2019与2024共用
331004,2019,1320.8959,640.7405,4.208001,2.041218,静态路网截面数据，2019与2024共用
331002,2019,1474.9285,869.0984,4.518653,2.662606,静态路网截面数据，2019与2024共用
330502,2019,2655.0468,1184.2554,3.074614,1.371399,静态路网截面数据，2019与2024共用
330503,2019,2107.4579,736.0051,2.980946,1.041061,静态路网截面数据，2019与2024共用
330521,2019,2137.4323,767.3994,2.274397,0.816574,静态路网截面数据，2019与2024共用
330522,2019,2625.825,1098.7694,1.834544,0.76766,静态路网截面数据，2019与2024共用
330523,2019,2475.2265,1094.1668,1.321025,0.583955,静态路网截面数据，2019与2024共用
330802,2019,2005.3141,671.8671,3.303222,1.106722,静态路网截面数据，2019与2024共用
330803,2019,3381.6143,720.9499,1.93557,0.412658,静态路网截面数据，2019与2024共用
330824,2019,2519.7984,787.0201,1.125179,0.351432,静态路网截面数据，2019与2024共用
330825,2019,2700.6338,706.0309,2.362169,0.617545,静态路网截面数据，2019与2024共用
330822,2019,2146.1786,733.9459,1.965512,0.672162,静态路网截面数据，2019与2024共用
330482,2019,1827.1662,687.021,3.260969,1.226136,静态路网截面数据，2019与2024共用
330483,2019,4284.6393,1072.3026,5.860755,1.466752,静态路网截面数据，2019与2024共用
330481,2019,3738.1833,1425.5068,4.314308,1.645204,静态路网截面数据，2019与2024共用
330881,2019,3474.5486,874.2409,1.727439,0.434646,静态路网截面数据，2019与2024共用
330402,2019,2011.8166,866.2631,4.581031,1.972535,静态路网截面数据，2019与2024共用
330421,2019,2284.7237,593.9067,4.609655,1.198265,静态路网截面数据，2019与2024共用
330424,2019,1587.919,663.2869,2.496474,1.042798,静态路网截面数据，2019与2024共用
330411,2019,2167.3651,679.2474,3.871652,1.213367,静态路网截面数据，2019与2024共用
460322,2019,0.0,0.0,0.0,0.0,静态路网截面数据，2019与2024共用
460321,2019,62.2319,2.5062,0.070108,0.002823,静态路网截面数据，2019与2024共用
460205,2019,620.74,147.5244,1.786165,0.424498,静态路网截面数据，2019与2024共用
460204,2019,1099.9074,361.629,1.1663,0.383458,静态路网截面数据，2019与2024共用
460203,2019,1055.0283,283.4561,2.888363,0.776021,静态路网截面数据，2019与2024共用
460202,2019,769.8635,238.0227,3.080248,0.952336,静态路网截面数据，2019与2024共用
469029,2019,813.3861,291.8169,0.70649,0.253466,静态路网截面数据，2019与2024共用
469028,2019,2324.9295,504.9553,2.120253,0.460501,静态路网截面数据，2019与2024共用
469027,2019,2015.3837,628.0952,0.72895,0.227177,静态路网截面数据，2019与2024共用
469026,2019,1143.8851,439.901,0.717646,0.275983,静态路网截面数据，2019与2024共用
469025,2019,805.103,343.1289,0.380631,0.162222,静态路网截面数据，2019与2024共用
469024,2019,1555.0501,588.1456,1.188232,0.449409,静态路网截面数据，2019与2024共用
469023,2019,2377.2114,856.5895,1.15251,0.415288,静态路网截面数据，2019与2024共用
469022,2019,1167.239,321.3311,0.953035,0.262363,静态路网截面数据，2019与2024共用
469021,2019,1063.064,429.3454,0.892038,0.360272,静态路网截面数据，2019与2024共用
469030,2019,1551.8579,554.6114,0.574315,0.205252,静态路网截面数据，2019与2024共用
469007,2019,1608.388,518.7982,0.707574,0.228233,静态路网截面数据，2019与2024共用
469006,2019,2009.371,647.218,1.073759,0.345858,静态路网截面数据，2019与2024共用
469005,2019,2725.9138,1172.6442,1.143427,0.491884,静态路网截面数据，2019与2024共用
469002,2019,1672.0583,753.5664,0.99155,0.446874,静态路网截面数据，2019与2024共用
469001,2019,573.8525,298.8487,0.50123,0.261028,静态路网截面数据，2019与2024共用
460106,2019,1069.8577,440.735,3.567449,1.469634,静态路网截面数据，2019与2024共用
460105,2019,1796.2321,728.0133,3.645269,1.477428,静态路网截面数据，2019与2024共用
460108,2019,1680.2978,669.9848,3.275476,1.30603,静态路网截面数据，2019与2024共用
460107,2019,1183.8121,454.1633,1.27015,0.487287,静态路网截面数据，2019与2024共用
460400,2019,3389.7089,1247.7151,1.026155,0.377717,静态路网截面数据，2019与2024共用
420704,2019,1467.8457,860.6612,2.381409,1.396323,静态路网截面数据，2019与2024共用
420703,2019,998.1951,569.4771,2.109549,1.203512,静态路网截面数据，2019与2024共用
420702,2019,434.1168,257.765,0.879232,0.522061,静态路网截面数据，2019与2024共用
420304,2019,2163.8493,1002.076,0.565093,0.261694,静态路网截面数据，2019与2024共用
420303,2019,937.9142,496.0341,1.4265,0.754432,静态路网截面数据，2019与2024共用
420302,2019,693.923,372.587,1.292898,0.694194,静态路网截面数据，2019与2024共用
421125,2019,1352.49,791.0433,0.69053,0.403877,静态路网截面数据，2019与2024共用
421124,2019,639.945,327.0528,0.446318,0.228097,静态路网截面数据，2019与2024共用
421123,2019,999.0012,585.6911,0.468011,0.274384,静态路网截面数据，2019与2024共用
421122,2019,1889.8031,673.6143,1.055231,0.376134,静态路网截面数据，2019与2024共用
421127,2019,1569.2469,493.6971,0.924238,0.290772,静态路网截面数据，2019与2024共用
421126,2019,1896.14,890.5229,0.794817,0.373286,静态路网截面数据，2019与2024共用
421121,2019,1790.3697,487.636,2.168328,0.590579,静态路网截面数据，2019与2024共用
421102,2019,1195.2451,568.6601,3.313676,1.576543,静态路网截面数据，2019与2024共用
420222,2019,3111.6158,1273.8576,1.122409,0.459501,静态路网截面数据，2019与2024共用
420684,2019,1799.5329,719.9304,0.852161,0.34092,静态路网截面数据，2019与2024共用
420683,2019,2052.9511,1123.8411,0.627192,0.343342,静态路网截面数据，2019与2024共用
420682,2019,1463.7721,384.1529,1.37792,0.361622,静态路网截面数据，2019与2024共用
420205,2019,81.1958,36.0848,2.902435,1.289893,静态路网截面数据，2019与2024共用
420204,2019,344.3411,181.5802,5.531669,2.916995,静态路网截面数据，2019与2024共用
420203,2019,240.0247,138.8441,2.08163,1.204134,静态路网截面数据，2019与2024共用
420202,2019,215.6082,108.2123,6.889831,3.45796,静态路网截面数据，2019与2024共用
429021,2019,845.5538,410.4049,0.262885,0.127596,静态路网截面数据，2019与2024共用
421182,2019,1215.8047,500.1342,0.989287,0.406954,静态路网截面数据，2019与2024共用
421181,2019,6295.881,1139.528,1.75325,0.317331,静态路网截面数据，2019与2024共用
420281,2019,2034.3217,1167.1296,1.307665,0.750233,静态路网截面数据，2019与2024共用
429006,2019,8971.8479,1225.6911,3.435998,0.46941,静态路网截面数据，2019与2024共用
429005,2019,2812.1525,732.6531,1.403966,0.365777,静态路网截面数据，2019与2024共用
429004,2019,2652.7396,1154.5481,1.054341,0.458879,静态路网截面数据，2019与2024共用
422828,2019,1076.9973,502.5374,0.372909,0.174003,静态路网截面数据，2019与2024共用
422825,2019,1825.783,722.7194,0.664981,0.263227,静态路网截面数据，2019与2024共用
422826,2019,1909.1316,736.9488,0.747812,0.288665,静态路网截面数据，2019与2024共用
422827,2019,872.2181,368.3393,0.648552,0.273884,静态路网截面数据，2019与2024共用
422822,2019,1181.3121,636.8798,0.441039,0.237777,静态路网截面数据，2019与2024共用
422823,2019,2928.5087,920.3178,0.874293,0.274757,静态路网截面数据，2019与2024共用
420626,2019,1678.4983,925.8594,0.521501,0.28766,静态路网截面数据，2019与2024共用
420625,2019,3137.4583,775.2465,1.231687,0.304342,静态路网截面数据，2019与2024共用
420624,2019,2148.3706,1092.3822,0.557424,0.283433,静态路网截面数据，2019与2024共用
422802,2019,2718.1486,1256.4312,0.588189,0.271883,静态路网截面数据，2019与2024共用
422801,2019,3087.4538,1454.1835,0.776739,0.365842,静态路网截面数据，2019与2024共用
420602,2019,1758.423,527.7712,2.645133,0.793908,静态路网截面数据，2019与2024共用
420607,2019,5530.2938,1828.0909,2.196989,0.726236,静态路网截面数据，2019与2024共用
420606,2019,1985.033,529.6006,4.056196,1.08218,静态路网截面数据，2019与2024共用
421003,2019,1305.1628,566.0662,1.252474,0.543214,静态路网截面数据，2019与2024共用
421002,2019,1059.4437,646.5306,2.048189,1.249917,静态路网截面数据，2019与2024共用
420107,2019,448.1599,183.4245,5.015453,2.052742,静态路网截面数据，2019与2024共用
420102,2019,700.6632,358.4933,8.644475,4.422933,静态路网截面数据，2019与2024共用
420583,2019,2860.6117,748.7112,2.083788,0.545392,静态路网截面数据，2019与2024共用
420106,2019,1048.153,389.2388,10.941711,4.063279,静态路网截面数据，2019与2024共用
420105,2019,969.4523,469.7101,8.515675,4.125936,静态路网截面数据，2019与2024共用
420104,2019,441.7688,252.6377,10.91619,6.242725,静态路网截面数据，2019与2024共用
420103,2019,377.2227,183.5448,12.724629,6.191409,静态路网截面数据，2019与2024共用
420582,2019,1347.3433,593.0688,0.626452,0.275749,静态路网截面数据，2019与2024共用
420581,2019,2049.3344,925.9823,1.512824,0.683562,静态路网截面数据，2019与2024共用
420113,2019,464.6089,287.9503,1.602608,0.993247,静态路网截面数据，2019与2024共用
420112,2019,1769.4511,835.8689,3.638734,1.718897,静态路网截面数据，2019与2024共用
420111,2019,3028.9387,1225.0199,5.853538,2.367397,静态路网截面数据，2019与2024共用
420117,2019,6005.8379,1008.3966,4.060933,0.681842,静态路网截面数据，2019与2024共用
420116,2019,3999.6513,1726.8053,1.77821,0.767722,静态路网截面数据，2019与2024共用
420115,2019,4693.8821,1885.8403,2.329609,0.935957,静态路网截面数据，2019与2024共用
420114,2019,3382.8992,1355.1939,3.091437,1.238434,静态路网截面数据，2019与2024共用
421083,2019,1834.2719,809.6981,0.753565,0.332644,静态路网截面数据，2019与2024共用
421081,2019,967.8125,435.8593,0.684912,0.308454,静态路网截面数据，2019与2024共用
421088,2019,2043.698,816.8314,0.636334,0.254332,静态路网截面数据，2019与2024共用
421087,2019,2619.2331,688.6191,1.209125,0.31789,静态路网截面数据，2019与2024共用
421024,2019,1196.5184,443.8654,1.143744,0.424288,静态路网截面数据，2019与2024共用
421022,2019,2203.0691,757.5343,0.976891,0.335908,静态路网截面数据，2019与2024共用
420923,2019,794.4419,408.9084,1.314075,0.67637,静态路网截面数据，2019与2024共用
420922,2019,1517.423,927.762,0.769305,0.470358,静态路网截面数据，2019与2024共用
420921,2019,1013.0354,474.7729,0.850411,0.398557,静态路网截面数据，2019与2024共用
420902,2019,1891.1234,884.6529,1.840966,0.861189,静态路网截面数据，2019与2024共用
420528,2019,1453.3929,833.4978,0.425431,0.243978,静态路网截面数据，2019与2024共用
420527,2019,1711.0549,569.5598,0.753029,0.250661,静态路网截面数据，2019与2024共用
420526,2019,933.169,563.4483,0.403435,0.243594,静态路网截面数据，2019与2024共用
420525,2019,692.7101,436.3171,0.396462,0.24972,静态路网截面数据，2019与2024共用
420529,2019,1003.9748,448.8925,0.42511,0.190073,静态路网截面数据，2019与2024共用
420506,2019,3405.8249,1585.7582,0.995503,0.463508,静态路网截面数据，2019与2024共用
420505,2019,472.1792,257.2825,3.955438,2.155252,静态路网截面数据，2019与2024共用
420504,2019,934.8096,463.1088,1.746627,0.865287,静态路网截面数据，2019与2024共用
420503,2019,655.3371,320.0969,7.787173,3.803615,静态路网截面数据，2019与2024共用
420982,2019,1082.5036,493.8957,0.799168,0.364623,静态路网截面数据，2019与2024共用
420981,2019,1418.8619,414.5187,1.293145,0.377791,静态路网截面数据，2019与2024共用
420502,2019,678.1315,292.3102,11.065108,4.769642,静态路网截面数据，2019与2024共用
420984,2019,1772.2235,844.1599,1.071615,0.51044,静态路网截面数据，2019与2024共用
421321,2019,2523.0971,1109.6498,0.455819,0.200468,静态路网截面数据，2019与2024共用
421303,2019,1288.194,719.4396,0.905069,0.50547,静态路网截面数据，2019与2024共用
421381,2019,1387.73,748.1917,0.52556,0.283355,静态路网截面数据，2019与2024共用
420822,2019,1313.3898,686.6803,0.60871,0.318252,静态路网截面数据，2019与2024共用
420802,2019,1264.9588,573.4862,0.766956,0.34771,静态路网截面数据，2019与2024共用
420804,2019,1059.8941,698.065,1.762034,1.160507,静态路网截面数据，2019与2024共用
420882,2019,2390.1565,931.0044,0.6792,0.264559,静态路网截面数据，2019与2024共用
420881,2019,2771.3057,1002.077,0.62713,0.226764,静态路网截面数据，2019与2024共用
420381,2019,3035.7331,896.1551,0.968796,0.285991,静态路网截面数据，2019与2024共用
421224,2019,1211.2004,673.0679,0.504629,0.280424,静态路网截面数据，2019与2024共用
421223,2019,1177.9893,554.0274,0.598154,0.281322,静态路网截面数据，2019与2024共用
421222,2019,571.4916,296.5879,0.515313,0.267433,静态路网截面数据，2019与2024共用
421221,2019,908.8795,426.3859,0.882459,0.413991,静态路网截面数据，2019与2024共用
421202,2019,1643.1035,979.7077,1.094947,0.652867,静态路网截面数据，2019与2024共用
420322,2019,1515.9488,642.9338,0.430226,0.182465,静态路网截面数据，2019与2024共用
420325,2019,2031.7756,866.1715,0.396632,0.169089,静态路网截面数据，2019与2024共用
420324,2019,943.8343,578.4873,0.287365,0.17613,静态路网截面数据，2019与2024共用
420323,2019,1289.9128,766.8036,0.357368,0.212442,静态路网截面数据，2019与2024共用
421281,2019,1326.6948,774.3109,0.77595,0.452875,静态路网截面数据，2019与2024共用
430511,2019,166.9568,64.7489,1.982765,0.768953,静态路网截面数据，2019与2024共用
430503,2019,383.3044,214.1722,1.791707,1.00112,静态路网截面数据，2019与2024共用
430502,2019,380.8832,195.6697,2.80323,1.440093,静态路网截面数据，2019与2024共用
430981,2019,3646.2152,488.7899,1.714511,0.229837,静态路网截面数据，2019与2024共用
430921,2019,2864.929,558.7328,2.166663,0.422554,静态路网截面数据，2019与2024共用
430923,2019,2690.1571,1158.7547,0.544098,0.234364,静态路网截面数据，2019与2024共用
430922,2019,2064.505,712.0536,0.999312,0.344666,静态路网截面数据，2019与2024共用
430112,2019,2889.6596,1464.0782,3.042343,1.541437,静态路网截面数据，2019与2024共用
430111,2019,1620.3975,849.0348,5.521858,2.893272,静态路网截面数据，2019与2024共用
430581,2019,1065.5332,570.5489,0.692623,0.370871,静态路网截面数据，2019与2024共用
430582,2019,1317.6023,757.9876,0.742277,0.427016,静态路网截面数据，2019与2024共用
430103,2019,941.0068,444.5901,6.815946,3.220276,静态路网截面数据，2019与2024共用
430102,2019,543.1174,254.3623,12.841629,6.014218,静态路网截面数据，2019与2024共用
430105,2019,1351.4972,551.4942,7.120155,2.905463,静态路网截面数据，2019与2024共用
430104,2019,2711.0453,1384.9289,5.054492,2.582071,静态路网截面数据，2019与2024共用
430525,2019,1102.4472,588.4103,0.506268,0.270211,静态路网截面数据，2019与2024共用
430524,2019,1505.4536,930.9529,0.52504,0.324678,静态路网截面数据，2019与2024共用
430527,2019,985.5582,591.2174,0.33759,0.202514,静态路网截面数据，2019与2024共用
430529,2019,928.6432,587.7289,0.356704,0.225754,静态路网截面数据，2019与2024共用
430528,2019,1288.8195,771.9486,0.466828,0.27961,静态路网截面数据，2019与2024共用
430523,2019,1021.511,598.4944,0.509736,0.29865,静态路网截面数据，2019与2024共用
430522,2019,1278.2355,679.0581,0.725502,0.38542,静态路网截面数据，2019与2024共用
433101,2019,795.9701,542.8926,0.738176,0.503474,静态路网截面数据，2019与2024共用
431382,2019,1250.4893,746.7662,0.683336,0.408074,静态路网截面数据，2019与2024共用
431381,2019,460.4432,225.9344,1.049211,0.514836,静态路网截面数据，2019与2024共用
430482,2019,3522.7181,741.9311,1.719755,0.362203,静态路网截面数据，2019与2024共用
430481,2019,2030.9329,882.9036,0.766536,0.333235,静态路网截面数据，2019与2024共用
430903,2019,3005.0448,1066.7162,2.344565,0.832262,静态路网截面数据，2019与2024共用
430902,2019,1731.1266,367.5413,3.020711,0.641337,静态路网截面数据，2019与2024共用
433130,2019,1889.3811,803.8582,0.602771,0.256456,静态路网截面数据，2019与2024共用
433122,2019,688.4244,501.2528,0.439453,0.319973,静态路网截面数据，2019与2024共用
433125,2019,881.7713,592.6126,0.502319,0.337594,静态路网截面数据，2019与2024共用
433126,2019,538.9187,318.8958,0.418868,0.247858,静态路网截面数据，2019与2024共用
433123,2019,1107.2876,616.0175,0.636757,0.354247,静态路网截面数据，2019与2024共用
433124,2019,691.0363,459.9098,0.622274,0.414146,静态路网截面数据，2019与2024共用
433127,2019,1684.9186,909.7713,0.442416,0.238882,静态路网截面数据，2019与2024共用
430822,2019,1475.0507,615.0199,0.427872,0.1784,静态路网截面数据，2019与2024共用
430821,2019,1610.4094,819.4089,0.461736,0.234941,静态路网截面数据，2019与2024共用
430811,2019,280.6261,77.7651,0.705759,0.195575,静态路网截面数据，2019与2024共用
430802,2019,1504.2079,759.0237,0.69206,0.349214,静态路网截面数据，2019与2024共用
431322,2019,2868.5867,1222.7585,0.792256,0.337705,静态路网截面数据，2019与2024共用
431321,2019,1289.6083,534.5295,0.80922,0.335414,静态路网截面数据，2019与2024共用
431302,2019,983.9432,642.7728,1.560532,1.019437,静态路网截面数据，2019与2024共用
430426,2019,1494.6279,726.6444,0.800324,0.389094,静态路网截面数据，2019与2024共用
430422,2019,2176.144,944.945,0.831838,0.361208,静态路网截面数据，2019与2024共用
430421,2019,2333.4885,981.4356,0.910721,0.383038,静态路网截面数据，2019与2024共用
430424,2019,1120.7736,702.4457,0.58128,0.364317,静态路网截面数据，2019与2024共用
430423,2019,818.0393,495.0433,0.87789,0.531262,静态路网截面数据，2019与2024共用
430412,2019,232.6939,59.5866,1.291463,0.330709,静态路网截面数据，2019与2024共用
430406,2019,583.3499,269.965,6.96337,3.222536,静态路网截面数据，2019与2024共用
430405,2019,743.3955,356.6419,3.447433,1.653896,静态路网截面数据，2019与2024共用
430408,2019,808.8903,400.2008,7.287805,3.605662,静态路网截面数据，2019与2024共用
430407,2019,504.0978,297.7767,4.884867,2.88555,静态路网截面数据，2019与2024共用
431281,2019,1131.9936,569.54,0.495255,0.249178,静态路网截面数据，2019与2024共用
430381,2019,1654.6471,995.0657,0.841434,0.506019,静态路网截面数据，2019与2024共用
431230,2019,970.2698,519.5406,0.434647,0.232736,静态路网截面数据，2019与2024共用
430382,2019,497.2851,207.4506,2.025786,0.84509,静态路网截面数据，2019与2024共用
431229,2019,840.4932,563.5448,0.377587,0.25317,静态路网截面数据，2019与2024共用
431228,2019,1365.062,698.2733,0.650594,0.3328,静态路网截面数据，2019与2024共用
431221,2019,686.8969,443.1744,0.453254,0.292432,静态路网截面数据，2019与2024共用
431223,2019,903.9749,533.376,0.454409,0.268117,静态路网截面数据，2019与2024共用
431222,2019,1673.6652,946.2519,0.287137,0.162341,静态路网截面数据，2019与2024共用
431225,2019,946.4813,533.4846,0.419957,0.236709,静态路网截面数据，2019与2024共用
431224,2019,1518.4288,717.4919,0.442681,0.209177,静态路网截面数据，2019与2024共用
431227,2019,716.9095,424.8038,0.473852,0.28078,静态路网截面数据，2019与2024共用
431226,2019,788.6077,450.8213,0.50447,0.288389,静态路网截面数据，2019与2024共用
430723,2019,1266.262,618.3681,0.61109,0.29842,静态路网截面数据，2019与2024共用
430722,2019,1706.9106,660.9228,0.814642,0.315433,静态路网截面数据，2019与2024共用
430725,2019,2357.1464,1146.4141,0.530685,0.258102,静态路网截面数据，2019与2024共用
430724,2019,1284.0812,505.9492,1.065124,0.419677,静态路网截面数据，2019与2024共用
430726,2019,2229.5341,983.1772,0.55888,0.246454,静态路网截面数据，2019与2024共用
430721,2019,832.5414,342.8854,0.764229,0.31475,静态路网截面数据，2019与2024共用
430703,2019,3806.7576,1094.9806,1.628359,0.468383,静态路网截面数据，2019与2024共用
430702,2019,1441.4191,628.7522,3.490254,1.522461,静态路网截面数据，2019与2024共用
431202,2019,913.8443,547.1842,1.354856,0.81125,静态路网截面数据，2019与2024共用
430321,2019,2057.5707,1113.6954,0.96168,0.520526,静态路网截面数据，2019与2024共用
430304,2019,880.4179,499.4128,4.32489,2.453273,静态路网截面数据，2019与2024共用
430781,2019,470.7609,217.8817,0.844597,0.390904,静态路网截面数据，2019与2024共用
430302,2019,1406.3026,652.3265,3.132084,1.452846,静态路网截面数据，2019与2024共用
430281,2019,1655.335,1013.7836,0.768318,0.470544,静态路网截面数据，2019与2024共用
431129,2019,1035.2916,530.8466,0.315291,0.161666,静态路网截面数据，2019与2024共用
431122,2019,969.4795,648.2899,0.43884,0.293452,静态路网截面数据，2019与2024共用
431124,2019,1183.2264,580.227,0.481609,0.23617,静态路网截面数据，2019与2024共用
431123,2019,636.1716,329.8281,0.36768,0.190627,静态路网截面数据，2019与2024共用
431126,2019,1355.3689,697.6205,0.542887,0.279429,静态路网截面数据，2019与2024共用
431125,2019,1914.7742,303.9083,1.161229,0.184307,静态路网截面数据，2019与2024共用
431128,2019,609.4369,366.8153,0.609686,0.366965,静态路网截面数据，2019与2024共用
431127,2019,739.4817,439.3103,0.411404,0.244406,静态路网截面数据，2019与2024共用
431102,2019,1293.2645,717.386,0.650551,0.360867,静态路网截面数据，2019与2024共用
431103,2019,1309.3421,842.2096,1.077592,0.693141,静态路网截面数据，2019与2024共用
431181,2019,1180.6776,631.9624,0.464623,0.248691,静态路网截面数据，2019与2024共用
430624,2019,1907.3657,585.041,1.232992,0.378192,静态路网截面数据，2019与2024共用
430623,2019,1373.6166,493.3069,0.864204,0.310362,静态路网截面数据，2019与2024共用
430626,2019,2894.8597,1417.6553,0.70407,0.344794,静态路网截面数据，2019与2024共用
430621,2019,1698.2396,795.7242,0.602975,0.282529,静态路网截面数据，2019与2024共用
430611,2019,809.0873,250.1202,1.336539,0.413176,静态路网截面数据，2019与2024共用
430602,2019,1395.5187,667.4286,3.435595,1.643127,静态路网截面数据，2019与2024共用
430603,2019,556.994,283.9368,1.454438,0.741424,静态路网截面数据，2019与2024共用
430224,2019,1645.7404,843.0006,0.655446,0.33574,静态路网截面数据，2019与2024共用
430223,2019,1306.4833,792.9604,0.490618,0.297777,静态路网截面数据，2019与2024共用
430225,2019,750.7259,546.2001,0.373128,0.271474,静态路网截面数据，2019与2024共用
430211,2019,871.2634,489.8227,2.657272,1.493913,静态路网截面数据，2019与2024共用
430212,2019,783.8072,387.2991,0.743884,0.367572,静态路网截面数据，2019与2024共用
430682,2019,1196.2216,626.0494,0.696603,0.364571,静态路网截面数据，2019与2024共用
430681,2019,4202.2623,1118.6349,2.515761,0.669691,静态路网截面数据，2019与2024共用
430202,2019,435.212,192.7531,2.893843,1.281668,静态路网截面数据，2019与2024共用
430204,2019,591.104,336.0136,3.537588,2.010946,静态路网截面数据，2019与2024共用
430203,2019,421.7179,221.7483,1.934006,1.016942,静态路网截面数据，2019与2024共用
430181,2019,3793.9799,2223.293,0.76364,0.447497,静态路网截面数据，2019与2024共用
430182,2019,3475.6458,1590.2149,1.194076,0.546327,静态路网截面数据，2019与2024共用
431021,2019,1476.6039,766.9366,0.49916,0.25926,静态路网截面数据，2019与2024共用
431023,2019,925.6372,471.4837,0.466289,0.237509,静态路网截面数据，2019与2024共用
431022,2019,2012.3112,766.6668,0.937961,0.357352,静态路网截面数据，2019与2024共用
431025,2019,788.4471,339.9382,0.56327,0.242853,静态路网截面数据，2019与2024共用
431024,2019,602.6381,320.4976,0.86168,0.458262,静态路网截面数据，2019与2024共用
431027,2019,561.242,390.1119,0.388362,0.269945,静态路网截面数据，2019与2024共用
431026,2019,1786.7615,740.3799,0.735581,0.304803,静态路网截面数据，2019与2024共用
431028,2019,794.3221,501.1029,0.54434,0.3434,静态路网截面数据，2019与2024共用
431003,2019,1492.9935,692.399,1.113196,0.516262,静态路网截面数据，2019与2024共用
431002,2019,1143.6341,608.9241,1.402222,0.746609,静态路网截面数据，2019与2024共用
430121,2019,3873.6169,1865.7509,2.203951,1.061546,静态路网截面数据，2019与2024共用
431081,2019,1051.6767,580.045,0.385547,0.212646,静态路网截面数据，2019与2024共用
820000,2019,436.9562,139.9377,17.372659,5.563691,静态路网截面数据，2019与2024共用
623001,2019,910.8452,292.5825,0.436057,0.140071,静态路网截面数据，2019与2024共用
623025,2019,1478.6585,453.0996,0.154012,0.047193,静态路网截面数据，2019与2024共用
623026,2019,753.5612,332.5582,0.173997,0.076787,静态路网截面数据，2019与2024共用
623023,2019,1381.7793,236.8355,0.456343,0.078217,静态路网截面数据，2019与2024共用
623024,2019,1288.2409,243.1189,0.272589,0.051443,静态路网截面数据，2019与2024共用
623021,2019,900.5202,296.8547,0.641348,0.211419,静态路网截面数据，2019与2024共用
623022,2019,1445.5322,463.3197,0.282034,0.090397,静态路网截面数据，2019与2024共用
623027,2019,1563.0698,596.4231,0.249047,0.095029,静态路网截面数据，2019与2024共用
620802,2019,2954.5121,859.1639,1.55072,0.450945,静态路网截面数据，2019与2024共用
620721,2019,1966.7691,532.7482,0.097413,0.026387,静态路网截面数据，2019与2024共用
620722,2019,1137.0129,426.2997,0.506965,0.190076,静态路网截面数据，2019与2024共用
620723,2019,1146.5696,388.5196,0.420434,0.142466,静态路网截面数据，2019与2024共用
622901,2019,626.7876,231.0952,7.093033,2.615185,静态路网截面数据，2019与2024共用
620724,2019,1280.4751,471.7929,0.294993,0.10869,静态路网截面数据，2019与2024共用
620725,2019,1368.9516,592.0043,0.400528,0.173209,静态路网截面数据，2019与2024共用
620702,2019,2443.2105,796.1393,0.66699,0.217344,静态路网截面数据，2019与2024共用
622922,2019,1075.1321,286.2553,1.402682,0.373466,静态路网截面数据，2019与2024共用
622921,2019,2514.8524,460.1932,2.460382,0.450226,静态路网截面数据，2019与2024共用
622924,2019,1255.3705,300.6499,2.342016,0.560892,静态路网截面数据，2019与2024共用
622923,2019,1627.397,412.189,0.85245,0.215909,静态路网截面数据，2019与2024共用
622926,2019,2073.2996,447.8084,1.372235,0.296387,静态路网截面数据，2019与2024共用
622925,2019,1239.5202,239.9429,2.050373,0.396905,静态路网截面数据，2019与2024共用
622927,2019,1768.309,234.792,1.929088,0.25614,静态路网截面数据，2019与2024共用
620321,2019,2180.1745,708.9814,0.484043,0.157408,静态路网截面数据，2019与2024共用
620302,2019,1304.4044,500.7513,0.427241,0.164015,静态路网截面数据，2019与2024共用
621222,2019,1982.5449,620.9575,0.392778,0.123023,静态路网截面数据，2019与2024共用
621221,2019,2650.5701,440.0333,1.576467,0.261716,静态路网截面数据，2019与2024共用
621228,2019,1064.1498,187.3237,0.743566,0.130891,静态路网截面数据，2019与2024共用
621227,2019,2249.3099,429.8092,0.826339,0.157901,静态路网截面数据，2019与2024共用
621224,2019,2578.678,491.2101,0.86582,0.164929,静态路网截面数据，2019与2024共用
621223,2019,1476.0813,637.2592,0.445294,0.192244,静态路网截面数据，2019与2024共用
621226,2019,3221.8349,578.4789,0.754866,0.135536,静态路网截面数据，2019与2024共用
621225,2019,2116.4169,469.6753,1.141218,0.253259,静态路网截面数据，2019与2024共用
621202,2019,3802.5848,1120.5421,0.817015,0.240757,静态路网截面数据，2019与2024共用
629700,2019,219.2395,52.0883,0.108258,0.025721,静态路网截面数据，2019与2024共用
620921,2019,2553.9819,972.8071,0.157275,0.059906,静态路网截面数据，2019与2024共用
620922,2019,5003.59,1558.2049,0.212259,0.066101,静态路网截面数据，2019与2024共用
620923,2019,3269.6853,1199.5724,0.059186,0.021714,静态路网截面数据，2019与2024共用
620924,2019,2044.737,903.3586,0.070037,0.030942,静态路网截面数据，2019与2024共用
620902,2019,2752.8907,867.9448,0.821038,0.258861,静态路网截面数据，2019与2024共用
620821,2019,2392.4868,522.2901,1.63982,0.35798,静态路网截面数据，2019与2024共用
620822,2019,1560.7409,419.9445,0.787271,0.211829,静态路网截面数据，2019与2024共用
620823,2019,683.2553,265.3258,0.808731,0.314051,静态路网截面数据，2019与2024共用
620825,2019,2110.5647,510.6048,1.405909,0.340129,静态路网截面数据，2019与2024共用
620826,2019,2429.8345,590.1833,1.10549,0.268513,静态路网截面数据，2019与2024共用
620881,2019,1448.1857,443.6775,1.204374,0.368982,静态路网截面数据，2019与2024共用
620402,2019,1477.7835,542.8354,1.097085,0.402993,静态路网截面数据，2019与2024共用
620403,2019,1110.5448,318.4894,0.553968,0.158871,静态路网截面数据，2019与2024共用
620421,2019,3045.2903,778.3682,0.545601,0.139454,静态路网截面数据，2019与2024共用
620422,2019,4113.0121,980.4596,0.727656,0.173458,静态路网截面数据，2019与2024共用
620423,2019,2477.2423,776.1292,0.451403,0.141426,静态路网截面数据，2019与2024共用
621022,2019,4796.2067,1395.2488,0.517914,0.150665,静态路网截面数据，2019与2024共用
621021,2019,2480.4892,798.5324,0.921522,0.296661,静态路网截面数据，2019与2024共用
621024,2019,1686.5034,610.8649,0.574969,0.208258,静态路网截面数据，2019与2024共用
621023,2019,1737.1748,519.5986,0.458649,0.137184,静态路网截面数据，2019与2024共用
621026,2019,3075.6675,570.0779,1.157319,0.21451,静态路网截面数据，2019与2024共用
621025,2019,1335.0416,326.837,1.037838,0.254077,静态路网截面数据，2019与2024共用
621027,2019,3160.319,573.4823,0.903629,0.163976,静态路网截面数据，2019与2024共用
621002,2019,2868.6989,510.9064,2.869989,0.511136,静态路网截面数据，2019与2024共用
629800,2019,63.2479,13.2761,0.56836,0.119302,静态路网截面数据，2019与2024共用
620523,2019,2394.6398,437.746,1.513701,0.276708,静态路网截面数据，2019与2024共用
620524,2019,2129.5596,475.989,1.069149,0.238971,静态路网截面数据，2019与2024共用
620525,2019,1271.8767,266.6819,1.015447,0.212915,静态路网截面数据，2019与2024共用
620521,2019,2177.7895,429.4235,1.096637,0.216238,静态路网截面数据，2019与2024共用
620522,2019,2440.5066,547.165,1.521894,0.341211,静态路网截面数据，2019与2024共用
620502,2019,2863.6262,688.5876,1.208896,0.290691,静态路网截面数据，2019与2024共用
620503,2019,3760.3937,897.9067,1.073801,0.256402,静态路网截面数据，2019与2024共用
620982,2019,2972.5032,1251.6847,0.111216,0.046832,静态路网截面数据，2019与2024共用
620981,2019,2562.5239,592.0966,0.192471,0.044472,静态路网截面数据，2019与2024共用
620121,2019,4078.0326,1381.8849,0.697266,0.236276,静态路网截面数据，2019与2024共用
620122,2019,1871.5351,723.7709,0.926802,0.358418,静态路网截面数据，2019与2024共用
620123,2019,3702.4382,882.1058,1.12244,0.267421,静态路网截面数据，2019与2024共用
620105,2019,1070.0238,392.4827,2.423678,0.889001,静态路网截面数据，2019与2024共用
620102,2019,1570.9316,499.2661,5.115059,1.625644,静态路网截面数据，2019与2024共用
620103,2019,1323.424,389.1138,3.362334,0.988595,静态路网截面数据，2019与2024共用
620104,2019,1041.0791,321.1759,2.896189,0.893483,静态路网截面数据，2019与2024共用
620111,2019,486.7483,186.2994,0.913867,0.349776,静态路网截面数据，2019与2024共用
621121,2019,2860.1792,595.7742,0.982587,0.204672,静态路网截面数据，2019与2024共用
621123,2019,2233.8867,596.8919,1.08633,0.290266,静态路网截面数据，2019与2024共用
621122,2019,2715.8447,794.0032,1.127622,0.329671,静态路网截面数据，2019与2024共用
621125,2019,1210.3934,388.223,0.558746,0.179213,静态路网截面数据，2019与2024共用
621124,2019,3273.8112,760.5867,1.146876,0.266447,静态路网截面数据，2019与2024共用
621126,2019,1801.3446,464.3584,0.503592,0.129818,静态路网截面数据，2019与2024共用
629900,2019,81.0947,30.2885,0.107813,0.040268,静态路网截面数据，2019与2024共用
620602,2019,6015.1448,1452.881,1.225868,0.296093,静态路网截面数据，2019与2024共用
620622,2019,2795.186,887.9155,0.554323,0.176086,静态路网截面数据，2019与2024共用
620623,2019,1820.9912,512.771,0.277426,0.07812,静态路网截面数据，2019与2024共用
620621,2019,4038.9601,1210.6265,0.254854,0.076389,静态路网截面数据，2019与2024共用
620200,2019,1285.1007,588.707,1.049877,0.480951,静态路网截面数据，2019与2024共用
621102,2019,4607.7389,1020.92,1.264048,0.28007,静态路网截面数据，2019与2024共用
350322,2019,1650.6943,630.3224,0.897608,0.342754,静态路网截面数据，2019与2024共用
350781,2019,1342.299,756.8856,0.469824,0.264921,静态路网截面数据，2019与2024共用
350782,2019,1356.4248,634.4669,0.481928,0.225421,静态路网截面数据，2019与2024共用
350783,2019,1835.9869,993.5867,0.437529,0.236779,静态路网截面数据，2019与2024共用
350302,2019,774.202,317.0937,1.605266,0.657477,静态路网截面数据，2019与2024共用
350303,2019,1483.2528,469.8278,1.928917,0.610994,静态路网截面数据，2019与2024共用
350304,2019,1099.8579,498.3292,3.947185,1.788411,静态路网截面数据，2019与2024共用
350305,2019,1538.2662,525.8538,2.718743,0.929398,静态路网截面数据，2019与2024共用
350721,2019,956.1661,456.3067,0.483083,0.230539,静态路网截面数据，2019与2024共用
350722,2019,1498.9185,716.2834,0.44197,0.211203,静态路网截面数据，2019与2024共用
350723,2019,649.6906,303.9978,0.288189,0.134847,静态路网截面数据，2019与2024共用
350724,2019,468.9882,186.8489,0.446626,0.177939,静态路网截面数据，2019与2024共用
350725,2019,797.7684,437.947,0.455505,0.250056,静态路网截面数据，2019与2024共用
350702,2019,1480.4722,972.828,0.557476,0.366321,静态路网截面数据，2019与2024共用
350703,2019,1804.2639,1051.4362,0.532963,0.310584,静态路网截面数据，2019与2024共用
350628,2019,1627.1823,714.1668,0.702111,0.308155,静态路网截面数据，2019与2024共用
350629,2019,971.9745,459.7199,0.76197,0.360393,静态路网截面数据，2019与2024共用
350622,2019,1260.0274,479.4752,1.229488,0.467854,静态路网截面数据，2019与2024共用
350623,2019,4479.4598,1030.1066,2.20194,0.506363,静态路网截面数据，2019与2024共用
350624,2019,1699.4904,493.8807,1.336467,0.388384,静态路网截面数据，2019与2024共用
350626,2019,861.0241,239.0464,3.960183,1.099467,静态路网截面数据，2019与2024共用
350627,2019,2165.4855,749.5321,1.104885,0.38243,静态路网截面数据，2019与2024共用
350203,2019,808.2309,335.619,10.925839,4.536969,静态路网截面数据，2019与2024共用
350205,2019,1272.8784,558.9934,7.198731,3.161373,静态路网截面数据，2019与2024共用
350206,2019,856.4911,381.5487,12.520197,5.577483,静态路网截面数据，2019与2024共用
350602,2019,1182.2692,442.5177,4.556501,1.705477,静态路网截面数据，2019与2024共用
350603,2019,656.7122,250.23,5.480839,2.088388,静态路网截面数据，2019与2024共用
350604,2019,4102.0667,1378.6199,3.25741,1.094748,静态路网截面数据，2019与2024共用
350605,2019,1129.0994,402.1965,1.254092,0.44672,静态路网截面数据，2019与2024共用
350211,2019,1525.2719,608.3441,5.997051,2.391882,静态路网截面数据，2019与2024共用
350212,2019,2077.329,714.0816,3.196711,1.098869,静态路网截面数据，2019与2024共用
350213,2019,2249.992,830.5675,6.087474,2.247145,静态路网截面数据，2019与2024共用
350521,2019,2040.1216,895.2634,2.825904,1.240087,静态路网截面数据，2019与2024共用
350524,2019,2779.699,1030.0883,0.928732,0.344165,静态路网截面数据，2019与2024共用
350525,2019,1324.2491,779.8652,0.909868,0.535832,静态路网截面数据，2019与2024共用
350526,2019,1457.7724,665.36,0.660165,0.301314,静态路网截面数据，2019与2024共用
350527,2019,0.0,0.0,0.0,0.0,静态路网截面数据，2019与2024共用
350981,2019,1908.1068,749.6883,1.071394,0.420947,静态路网截面数据，2019与2024共用
350982,2019,3132.8709,617.8425,2.109883,0.416096,静态路网截面数据，2019与2024共用
350502,2019,301.4808,143.0995,5.934631,2.816906,静态路网截面数据，2019与2024共用
350503,2019,865.3218,395.3889,7.357302,3.36175,静态路网截面数据，2019与2024共用
350504,2019,419.4012,200.9121,1.123553,0.538233,静态路网截面数据，2019与2024共用
350505,2019,582.8545,239.7167,1.981086,0.814782,静态路网截面数据，2019与2024共用
350921,2019,2359.5744,461.0955,1.575127,0.307803,静态路网截面数据，2019与2024共用
350922,2019,1844.3524,534.0216,0.775538,0.224553,静态路网截面数据，2019与2024共用
350923,2019,918.0568,272.2724,0.618438,0.183413,静态路网截面数据，2019与2024共用
350924,2019,817.6868,328.3581,0.566839,0.227625,静态路网截面数据，2019与2024共用
350902,2019,2168.256,585.7798,1.532741,0.414088,静态路网截面数据，2019与2024共用
350925,2019,727.7335,224.8143,0.699758,0.216172,静态路网截面数据，2019与2024共用
350926,2019,729.1365,145.4103,1.356295,0.270483,静态路网截面数据，2019与2024共用
350181,2019,6070.0539,1280.9064,3.676449,0.775806,静态路网截面数据，2019与2024共用
350111,2019,1413.7323,583.9867,2.561973,1.058304,静态路网截面数据，2019与2024共用
350112,2019,2728.983,953.0371,4.032763,1.408354,静态路网截面数据，2019与2024共用
350121,2019,3732.0041,1179.4201,1.752863,0.553955,静态路网截面数据，2019与2024共用
350122,2019,2864.2656,744.3152,2.521272,0.655184,静态路网截面数据，2019与2024共用
350123,2019,1433.3859,336.1012,1.344203,0.31519,静态路网截面数据，2019与2024共用
350124,2019,1929.9093,399.8479,1.292689,0.267826,静态路网截面数据，2019与2024共用
350125,2019,1798.6094,494.0017,0.807541,0.221797,静态路网截面数据，2019与2024共用
350128,2019,1676.3002,418.1262,5.488234,1.368952,静态路网截面数据，2019与2024共用
350581,2019,1048.0686,442.0468,6.573889,2.772688,静态路网截面数据，2019与2024共用
350582,2019,3050.9507,1377.2657,4.572044,2.06392,静态路网截面数据，2019与2024共用
350583,2019,3109.4877,1459.8446,1.547443,0.726495,静态路网截面数据，2019与2024共用
350102,2019,372.8885,169.7812,10.387447,4.729547,静态路网截面数据，2019与2024共用
350103,2019,203.7474,118.0278,11.774518,6.8208,静态路网截面数据，2019与2024共用
350104,2019,1401.5113,744.4814,9.652769,5.127541,静态路网截面数据，2019与2024共用
350105,2019,774.8892,366.5022,3.212987,1.519658,静态路网截面数据，2019与2024共用
350881,2019,1362.2028,742.7026,0.461158,0.251433,静态路网截面数据，2019与2024共用
350404,2019,1004.0191,540.2359,0.86968,0.467952,静态路网截面数据，2019与2024共用
350405,2019,1393.5378,639.5359,0.774455,0.35542,静态路网截面数据，2019与2024共用
350430,2019,708.3319,495.6377,0.409919,0.286831,静态路网截面数据，2019与2024共用
350421,2019,474.941,334.5104,0.274578,0.193391,静态路网截面数据，2019与2024共用
350423,2019,493.3691,337.0548,0.272559,0.186204,静态路网截面数据，2019与2024共用
350424,2019,1076.3541,489.924,0.448864,0.204309,静态路网截面数据，2019与2024共用
350425,2019,916.6614,617.0774,0.410483,0.276329,静态路网截面数据，2019与2024共用
350426,2019,1760.2945,882.9409,0.514585,0.258109,静态路网截面数据，2019与2024共用
350428,2019,600.5353,356.5072,0.268427,0.159351,静态路网截面数据，2019与2024共用
350429,2019,699.1371,409.4719,0.457035,0.267677,静态路网截面数据，2019与2024共用
350802,2019,2212.1908,1145.2682,0.827384,0.428343,静态路网截面数据，2019与2024共用
350803,2019,1606.0068,768.3301,0.713781,0.34148,静态路网截面数据，2019与2024共用
350821,2019,1417.184,600.6978,0.454919,0.192825,静态路网截面数据，2019与2024共用
350823,2019,1732.8974,943.5213,0.606991,0.330492,静态路网截面数据，2019与2024共用
350824,2019,1120.5261,609.7926,0.422251,0.22979,静态路网截面数据，2019与2024共用
350825,2019,1133.4426,513.0394,0.439912,0.199121,静态路网截面数据，2019与2024共用
350481,2019,1200.8147,717.3203,0.41005,0.244948,静态路网截面数据，2019与2024共用
540124,2019,720.7675,311.8243,0.443217,0.191748,静态路网截面数据，2019与2024共用
540127,2019,1132.3366,524.643,0.206053,0.09547,静态路网截面数据，2019与2024共用
540121,2019,806.0289,352.9091,0.180548,0.079051,静态路网截面数据，2019与2024共用
540122,2019,1316.7873,766.6825,0.128686,0.074925,静态路网截面数据，2019与2024共用
540123,2019,530.6408,209.9269,0.162291,0.064204,静态路网截面数据，2019与2024共用
540602,2019,2881.0017,1192.5075,0.177846,0.073614,静态路网截面数据，2019与2024共用
540627,2019,2442.7463,952.3679,0.085904,0.033492,静态路网截面数据，2019与2024共用
540628,2019,1658.5279,427.8843,0.169014,0.043604,静态路网截面数据，2019与2024共用
540629,2019,3086.9521,942.7291,0.042112,0.012861,静态路网截面数据，2019与2024共用
540623,2019,1402.2757,783.5838,0.156037,0.087193,静态路网截面数据，2019与2024共用
540624,2019,2171.4974,681.9951,0.049894,0.01567,静态路网截面数据，2019与2024共用
540625,2019,1972.5274,1020.7815,0.07692,0.039806,静态路网截面数据，2019与2024共用
540626,2019,1460.4638,310.2296,0.249205,0.052936,静态路网截面数据，2019与2024共用
540621,2019,1584.3828,638.0053,0.121239,0.048821,静态路网截面数据，2019与2024共用
540622,2019,1711.8251,586.1986,0.146471,0.050158,静态路网截面数据，2019与2024共用
540202,2019,1331.4364,497.0937,0.363204,0.135603,静态路网截面数据，2019与2024共用
540227,2019,1412.9596,669.8284,0.101196,0.047973,静态路网截面数据，2019与2024共用
540228,2019,592.8966,188.0302,0.211267,0.067001,静态路网截面数据，2019与2024共用
540229,2019,636.0382,314.7043,0.300025,0.148449,静态路网截面数据，2019与2024共用
540223,2019,1742.4619,743.6132,0.125621,0.05361,静态路网截面数据，2019与2024共用
540224,2019,611.7396,227.9767,0.106439,0.039667,静态路网截面数据，2019与2024共用
540225,2019,712.2175,325.9222,0.15868,0.072614,静态路网截面数据，2019与2024共用
540226,2019,2506.7741,1031.3688,0.091248,0.037542,静态路网截面数据，2019与2024共用
540221,2019,894.9257,422.8776,0.110428,0.05218,静态路网截面数据，2019与2024共用
540222,2019,964.5115,260.379,0.250657,0.067667,静态路网截面数据，2019与2024共用
540630,2019,2141.8716,710.1751,0.018387,0.006096,静态路网截面数据，2019与2024共用
540234,2019,1182.7196,608.4529,0.131239,0.067516,静态路网截面数据，2019与2024共用
540235,2019,687.4928,349.1051,0.087364,0.044363,静态路网截面数据，2019与2024共用
540236,2019,1364.5932,578.7163,0.109923,0.046618,静态路网截面数据，2019与2024共用
540237,2019,568.2879,225.538,0.143984,0.057143,静态路网截面数据，2019与2024共用
540230,2019,793.0501,472.341,0.128972,0.076816,静态路网截面数据，2019与2024共用
540231,2019,788.0819,390.5459,0.135106,0.066954,静态路网截面数据，2019与2024共用
540232,2019,3089.4474,983.1961,0.070972,0.022586,静态路网截面数据，2019与2024共用
540233,2019,1366.4598,610.5168,0.319815,0.142889,静态路网截面数据，2019与2024共用
540326,2019,1472.2611,532.044,0.119372,0.043139,静态路网截面数据，2019与2024共用
540327,2019,1829.6656,487.0017,0.154513,0.041127,静态路网截面数据，2019与2024共用
540328,2019,1963.1839,672.0743,0.169492,0.058024,静态路网截面数据，2019与2024共用
540329,2019,1443.6731,462.4353,0.179047,0.057352,静态路网截面数据，2019与2024共用
540322,2019,1467.3865,483.5446,0.232135,0.076495,静态路网截面数据，2019与2024共用
540323,2019,1186.0274,361.7255,0.18726,0.057112,静态路网截面数据，2019与2024共用
540324,2019,1722.4304,533.437,0.139321,0.043148,静态路网截面数据，2019与2024共用
540325,2019,1632.2367,350.5846,0.197662,0.042455,静态路网截面数据，2019与2024共用
540321,2019,2349.8767,754.1127,0.178728,0.057357,静态路网截面数据，2019与2024共用
542527,2019,1989.5811,546.8043,0.086906,0.023885,静态路网截面数据，2019与2024共用
542526,2019,3693.0428,1548.8619,0.027241,0.011425,静态路网截面数据，2019与2024共用
542523,2019,2757.7909,794.1138,0.152935,0.044038,静态路网截面数据，2019与2024共用
542522,2019,3406.4724,1679.0383,0.138619,0.068325,静态路网截面数据，2019与2024共用
542525,2019,2308.5507,556.2729,0.050507,0.01217,静态路网截面数据，2019与2024共用
542524,2019,4422.5118,1781.1268,0.057332,0.02309,静态路网截面数据，2019与2024共用
542521,2019,1289.2068,583.2543,0.098004,0.044338,静态路网截面数据，2019与2024共用
540330,2019,1520.7555,449.5251,0.173305,0.051228,静态路网截面数据，2019与2024共用
540302,2019,2105.6971,612.6664,0.194579,0.056614,静态路网截面数据，2019与2024共用
540402,2019,1112.8925,601.3903,0.130035,0.070269,静态路网截面数据，2019与2024共用
540425,2019,1802.4633,711.5351,0.057541,0.022715,静态路网截面数据，2019与2024共用
540426,2019,796.9989,319.0139,0.194251,0.077753,静态路网截面数据，2019与2024共用
540421,2019,1653.9537,574.3261,0.127685,0.044338,静态路网截面数据，2019与2024共用
540422,2019,1241.6327,353.0775,0.130638,0.037149,静态路网截面数据，2019与2024共用
540423,2019,1116.2179,347.2747,0.035396,0.011012,静态路网截面数据，2019与2024共用
540424,2019,1234.8299,554.68,0.073706,0.033108,静态路网截面数据，2019与2024共用
540502,2019,725.7727,283.0207,0.331621,0.129318,静态路网截面数据，2019与2024共用
540102,2019,782.7598,294.9066,1.511234,0.569361,静态路网截面数据，2019与2024共用
540103,2019,1119.0627,439.4604,0.419429,0.164711,静态路网截面数据，2019与2024共用
540104,2019,497.4775,265.6867,0.365338,0.195115,静态路网截面数据，2019与2024共用
540528,2019,772.7305,209.5833,0.175814,0.047685,静态路网截面数据，2019与2024共用
540529,2019,1374.8314,632.419,0.13746,0.063231,静态路网截面数据，2019与2024共用
540524,2019,271.1104,76.8339,0.264343,0.074916,静态路网截面数据，2019与2024共用
540525,2019,534.7425,261.1424,0.25869,0.126332,静态路网截面数据，2019与2024共用
540526,2019,684.3982,376.945,0.163882,0.090261,静态路网截面数据，2019与2024共用
540527,2019,1132.7051,338.0096,0.234579,0.070001,静态路网截面数据，2019与2024共用
540521,2019,649.8236,244.7704,0.30243,0.113917,静态路网截面数据，2019与2024共用
540522,2019,1059.0555,428.997,0.444413,0.180021,静态路网截面数据，2019与2024共用
540523,2019,562.4477,177.8266,0.213657,0.067551,静态路网截面数据，2019与2024共用
540531,2019,1331.4092,630.0647,0.166973,0.079017,静态路网截面数据，2019与2024共用
540530,2019,1548.3091,626.8909,0.044202,0.017897,静态路网截面数据，2019与2024共用
522730,2019,1414.786,692.7708,0.931761,0.456251,静态路网截面数据，2019与2024共用
522732,2019,1024.9301,656.1677,0.431997,0.276568,静态路网截面数据，2019与2024共用
522731,2019,1294.6495,633.0096,0.523754,0.256086,静态路网截面数据，2019与2024共用
520102,2019,1031.3875,674.5586,4.952627,3.239168,静态路网截面数据，2019与2024共用
520103,2019,598.3406,324.0768,6.419626,3.477036,静态路网截面数据，2019与2024共用
520581,2019,1688.2887,962.9173,0.65969,0.376255,静态路网截面数据，2019与2024共用
520521,2019,2925.1832,1128.5877,0.836837,0.322867,静态路网截面数据，2019与2024共用
522701,2019,1458.3666,1008.9933,0.637503,0.441066,静态路网截面数据，2019与2024共用
520523,2019,1648.7618,1022.5533,0.65476,0.406079,静态路网截面数据，2019与2024共用
520524,2019,2076.452,974.4972,0.723928,0.339746,静态路网截面数据，2019与2024共用
520525,2019,2021.4047,814.2151,0.82331,0.331626,静态路网截面数据，2019与2024共用
522702,2019,1418.9133,704.3659,0.839321,0.416649,静态路网截面数据，2019与2024共用
520526,2019,3889.2298,1523.057,0.615099,0.240878,静态路网截面数据，2019与2024共用
520527,2019,2437.8804,813.0748,0.75364,0.251352,静态路网截面数据，2019与2024共用
522723,2019,1251.9008,644.4784,0.769523,0.39615,静态路网截面数据，2019与2024共用
522722,2019,964.2222,529.7792,0.401655,0.220684,静态路网截面数据，2019与2024共用
522725,2019,1495.0592,762.2525,0.761214,0.388103,静态路网截面数据，2019与2024共用
522727,2019,1361.062,750.9506,0.48709,0.268746,静态路网截面数据，2019与2024共用
522726,2019,1347.3906,645.1388,0.550276,0.263475,静态路网截面数据，2019与2024共用
522729,2019,869.9069,552.0668,0.560945,0.355991,静态路网截面数据，2019与2024共用
522728,2019,1442.9205,806.377,0.48175,0.269226,静态路网截面数据，2019与2024共用
520181,2019,1145.7955,659.6809,0.826857,0.476055,静态路网截面数据，2019与2024共用
520111,2019,2083.7867,1196.7061,2.154589,1.237367,静态路网截面数据，2019与2024共用
520112,2019,871.7,604.9424,1.276257,0.885697,静态路网截面数据，2019与2024共用
520113,2019,804.4742,478.0474,2.971707,1.765895,静态路网截面数据，2019与2024共用
520115,2019,998.9746,593.1405,3.280198,1.947616,静态路网截面数据，2019与2024共用
520122,2019,740.2064,542.1872,0.714495,0.523354,静态路网截面数据，2019与2024共用
520123,2019,1078.2246,709.8209,1.0052,0.661747,静态路网截面数据，2019与2024共用
522301,2019,3240.2996,1463.635,1.119214,0.505546,静态路网截面数据，2019与2024共用
522302,2019,1153.0476,563.7878,0.648541,0.317107,静态路网截面数据，2019与2024共用
520121,2019,1045.8903,817.5842,0.518043,0.40496,静态路网截面数据，2019与2024共用
522323,2019,1177.9436,395.3395,0.810821,0.272126,静态路网截面数据，2019与2024共用
522324,2019,1213.9869,482.7634,0.926653,0.3685,静态路网截面数据，2019与2024共用
522325,2019,2146.666,642.3025,1.419855,0.424834,静态路网截面数据，2019与2024共用
522326,2019,2088.4748,807.753,0.69367,0.268289,静态路网截面数据，2019与2024共用
522327,2019,1325.2818,520.4312,0.512167,0.201125,静态路网截面数据，2019与2024共用
522328,2019,1575.0016,720.0599,0.708631,0.323972,静态路网截面数据，2019与2024共用
520602,2019,954.1069,512.3379,0.940998,0.505299,静态路网截面数据，2019与2024共用
520603,2019,572.2258,260.8274,0.679378,0.309669,静态路网截面数据，2019与2024共用
520621,2019,1174.6486,620.379,0.626768,0.331022,静态路网截面数据，2019与2024共用
520622,2019,613.5001,343.0424,1.18126,0.660509,静态路网截面数据，2019与2024共用
520623,2019,1678.2599,971.2588,0.774872,0.448442,静态路网截面数据，2019与2024共用
520624,2019,1443.8808,739.3632,0.652104,0.333921,静态路网截面数据，2019与2024共用
520625,2019,1106.2295,656.2343,0.560792,0.332672,静态路网截面数据，2019与2024共用
520626,2019,1032.2404,670.3531,0.49829,0.323597,静态路网截面数据，2019与2024共用
520627,2019,1148.6318,659.3027,0.462984,0.265748,静态路网截面数据，2019与2024共用
520628,2019,1662.5722,768.8019,0.585713,0.270844,静态路网截面数据，2019与2024共用
520201,2019,1453.2294,818.8122,1.401595,0.789719,静态路网截面数据，2019与2024共用
520203,2019,1438.9552,803.4889,0.800409,0.446935,静态路网截面数据，2019与2024共用
520204,2019,2741.94,1282.0348,0.90015,0.420879,静态路网截面数据，2019与2024共用
520281,2019,4000.3086,1644.6909,0.989857,0.406971,静态路网截面数据，2019与2024共用
520322,2019,2672.8026,1167.9138,0.832327,0.363696,静态路网截面数据，2019与2024共用
520323,2019,1428.166,798.9906,0.561071,0.313893,静态路网截面数据，2019与2024共用
520324,2019,1128.8647,670.3581,0.436123,0.258985,静态路网截面数据，2019与2024共用
520325,2019,861.1769,527.4255,0.399914,0.244926,静态路网截面数据，2019与2024共用
520326,2019,1141.54,480.8156,0.412645,0.173806,静态路网截面数据，2019与2024共用
520327,2019,867.5322,472.585,0.459989,0.250577,静态路网截面数据，2019与2024共用
520328,2019,1342.7943,679.0657,0.719462,0.36384,静态路网截面数据，2019与2024共用
520329,2019,1398.6213,650.053,0.862975,0.401095,静态路网截面数据，2019与2024共用
520330,2019,2174.0083,1065.7913,0.705624,0.345927,静态路网截面数据，2019与2024共用
520302,2019,2102.2198,1134.1607,1.496277,0.807251,静态路网截面数据，2019与2024共用
520303,2019,1283.6146,677.6276,0.849947,0.448692,静态路网截面数据，2019与2024共用
520304,2019,2262.0072,1310.4563,0.906327,0.525066,静态路网截面数据，2019与2024共用
520381,2019,1224.9699,562.0727,0.665605,0.30541,静态路网截面数据，2019与2024共用
520382,2019,2062.5304,1072.7392,1.154288,0.600355,静态路网截面数据，2019与2024共用
522622,2019,1218.546,592.4154,0.730013,0.354907,静态路网截面数据，2019与2024共用
522624,2019,560.4143,408.2036,0.548557,0.399566,静态路网截面数据，2019与2024共用
522623,2019,790.5114,329.8733,0.516778,0.215647,静态路网截面数据，2019与2024共用
522626,2019,837.7731,404.4538,0.562723,0.271667,静态路网截面数据，2019与2024共用
522625,2019,1009.1204,642.0247,0.534353,0.339967,静态路网截面数据，2019与2024共用
522628,2019,1139.5016,432.9628,0.70764,0.268874,静态路网截面数据，2019与2024共用
522627,2019,967.3056,387.677,0.444735,0.178241,静态路网截面数据，2019与2024共用
522629,2019,827.6093,590.6372,0.378682,0.270253,静态路网截面数据，2019与2024共用
522631,2019,1603.8447,927.3027,0.364263,0.210608,静态路网截面数据，2019与2024共用
522630,2019,493.6862,271.4885,0.456797,0.251202,静态路网截面数据，2019与2024共用
522633,2019,1503.7401,584.6252,0.460416,0.179001,静态路网截面数据，2019与2024共用
522632,2019,1493.9944,870.3761,0.452609,0.263682,静态路网截面数据，2019与2024共用
522635,2019,527.9395,302.8652,0.549839,0.315428,静态路网截面数据，2019与2024共用
522634,2019,615.1025,334.4702,0.511637,0.278209,静态路网截面数据，2019与2024共用
522636,2019,518.3889,271.3033,0.550812,0.288272,静态路网截面数据，2019与2024共用
520402,2019,2626.881,1247.6919,1.518632,0.721306,静态路网截面数据，2019与2024共用
520403,2019,1207.1903,589.2831,1.22492,0.597938,静态路网截面数据，2019与2024共用
520422,2019,716.4218,402.2009,0.662799,0.372097,静态路网截面数据，2019与2024共用
520423,2019,1149.3833,589.3908,0.671513,0.344344,静态路网截面数据，2019与2024共用
522601,2019,1680.7084,1003.9224,1.068311,0.638125,静态路网截面数据，2019与2024共用
520424,2019,1568.5903,643.8655,1.071933,0.440001,静态路网截面数据，2019与2024共用
520425,2019,1264.7015,582.8624,0.561983,0.259001,静态路网截面数据，2019与2024共用
520502,2019,3309.1848,1408.3829,0.970682,0.413121,静态路网截面数据，2019与2024共用
211303,2019,480.3505,254.7091,0.755318,0.400512,静态路网截面数据，2019与2024共用
211302,2019,625.1185,315.034,1.237353,0.623575,静态路网截面数据，2019与2024共用
210423,2019,1445.0984,520.5616,0.369421,0.133075,静态路网截面数据，2019与2024共用
210422,2019,2492.1285,779.2928,0.582403,0.182118,静态路网截面数据，2019与2024共用
210421,2019,1001.7154,325.6278,0.590744,0.192033,静态路网截面数据，2019与2024共用
211322,2019,2389.5712,810.9008,0.490041,0.166295,静态路网截面数据，2019与2024共用
211321,2019,1323.1375,563.9407,0.352042,0.150046,静态路网截面数据，2019与2024共用
211324,2019,1189.1405,550.7915,0.533104,0.246925,静态路网截面数据，2019与2024共用
210411,2019,580.4672,283.8542,1.678581,0.820842,静态路网截面数据，2019与2024共用
210882,2019,1275.5906,480.2299,0.814159,0.306512,静态路网截面数据，2019与2024共用
210881,2019,1869.5467,684.19,0.638057,0.233507,静态路网截面数据，2019与2024共用
210402,2019,246.2337,109.6272,2.270359,1.0108,静态路网截面数据，2019与2024共用
210404,2019,659.7056,327.4089,2.08703,1.035783,静态路网截面数据，2019与2024共用
210403,2019,587.2344,289.1213,0.978411,0.481715,静态路网截面数据，2019与2024共用
210811,2019,461.9163,211.8198,2.14133,0.981944,静态路网截面数据，2019与2024共用
210802,2019,190.4853,83.5605,2.232733,0.979436,静态路网截面数据，2019与2024共用
210804,2019,824.2097,348.7057,3.023738,1.27928,静态路网截面数据，2019与2024共用
210803,2019,727.9559,274.6288,2.640017,0.995973,静态路网截面数据，2019与2024共用
210381,2019,2371.5434,877.3473,0.923683,0.341715,静态路网截面数据，2019与2024共用
211281,2019,228.5861,86.6323,0.870248,0.329817,静态路网截面数据，2019与2024共用
211282,2019,1651.2014,598.8197,0.586508,0.212701,静态路网截面数据，2019与2024共用
211421,2019,2319.8458,747.54,0.833011,0.268427,静态路网截面数据，2019与2024共用
211422,2019,1699.0008,718.67,0.532552,0.225267,静态路网截面数据，2019与2024共用
211403,2019,599.0599,267.1325,3.587919,1.599923,静态路网截面数据，2019与2024共用
211402,2019,982.1203,375.055,0.847162,0.323517,静态路网截面数据，2019与2024共用
211404,2019,632.2815,201.6847,0.627579,0.200185,静态路网截面数据，2019与2024共用
210123,2019,1839.0192,437.5792,0.843889,0.200796,静态路网截面数据，2019与2024共用
210124,2019,1320.1063,530.6144,0.579441,0.232905,静态路网截面数据，2019与2024共用
210112,2019,2484.6404,1166.8144,3.087475,1.449912,静态路网截面数据，2019与2024共用
210111,2019,1204.3917,567.3714,1.539828,0.725391,静态路网截面数据，2019与2024共用
210115,2019,1395.0482,602.3879,0.846944,0.365714,静态路网截面数据，2019与2024共用
210114,2019,1361.7145,620.8182,2.724624,1.242181,静态路网截面数据，2019与2024共用
210113,2019,1635.42,712.4083,1.99001,0.866872,静态路网截面数据，2019与2024共用
210105,2019,449.1917,187.9705,6.666751,2.789795,静态路网截面数据，2019与2024共用
210104,2019,570.3988,308.3119,5.658105,3.058318,静态路网截面数据，2019与2024共用
210103,2019,513.4206,243.3478,8.791901,4.16713,静态路网截面数据，2019与2024共用
210102,2019,534.8966,225.3531,8.886046,3.74371,静态路网截面数据，2019与2024共用
210106,2019,1197.2979,497.646,4.228314,1.75746,静态路网截面数据，2019与2024共用
210522,2019,1893.6587,834.9527,0.535344,0.236044,静态路网截面数据，2019与2024共用
210521,2019,1548.8941,715.4007,0.463544,0.214101,静态路网截面数据，2019与2024共用
210505,2019,303.1926,134.9593,0.491849,0.218935,静态路网截面数据，2019与2024共用
210504,2019,502.7135,277.2165,1.217639,0.671455,静态路网截面数据，2019与2024共用
210503,2019,451.6303,218.9129,1.440523,0.698246,静态路网截面数据，2019与2024共用
210502,2019,333.0379,139.8816,1.867376,0.78433,静态路网截面数据，2019与2024共用
210922,2019,2302.5366,755.6712,0.635472,0.208556,静态路网截面数据，2019与2024共用
210921,2019,2642.9049,956.7924,0.42353,0.153328,静态路网截面数据，2019与2024共用
210911,2019,296.0996,129.6375,3.000354,1.313606,静态路网截面数据，2019与2024共用
210905,2019,144.3902,55.8098,1.529107,0.591032,静态路网截面数据，2019与2024共用
210904,2019,157.3815,63.6721,1.659195,0.671263,静态路网截面数据，2019与2024共用
210903,2019,126.1156,61.54,1.029331,0.502278,静态路网截面数据，2019与2024共用
210902,2019,129.9311,51.5555,1.875068,0.744011,静态路网截面数据，2019与2024共用
211382,2019,1463.4185,667.566,0.443926,0.202505,静态路网截面数据，2019与2024共用
211381,2019,2043.388,773.5446,0.462567,0.175109,静态路网截面数据，2019与2024共用
210211,2019,2642.8962,802.0684,5.107736,1.5501,静态路网截面数据，2019与2024共用
210214,2019,2389.6552,732.7486,0.915592,0.280751,静态路网截面数据，2019与2024共用
210213,2019,4254.5171,1417.5834,2.305928,0.768324,静态路网截面数据，2019与2024共用
210212,2019,1462.8075,441.2905,2.939062,0.886638,静态路网截面数据，2019与2024共用
210682,2019,2151.4854,838.3075,0.38991,0.151925,静态路网截面数据，2019与2024共用
210681,2019,1953.1413,556.1635,0.91933,0.261782,静态路网截面数据，2019与2024共用
210204,2019,594.8592,158.6093,14.642741,3.904243,静态路网截面数据，2019与2024共用
210203,2019,340.7344,121.5938,13.247737,4.727559,静态路网截面数据，2019与2024共用
210202,2019,415.4002,150.0009,8.866474,3.201682,静态路网截面数据，2019与2024共用
211102,2019,342.637,126.5087,3.019439,1.114839,静态路网截面数据，2019与2024共用
211104,2019,1673.3283,795.527,1.115765,0.530452,静态路网截面数据，2019与2024共用
211103,2019,653.0957,308.1438,2.603707,1.228482,静态路网截面数据，2019与2024共用
210224,2019,235.3458,45.1806,2.629517,0.504802,静态路网截面数据，2019与2024共用
210604,2019,608.3372,241.0393,0.910771,0.360871,静态路网截面数据，2019与2024共用
210603,2019,769.9281,219.7496,2.94065,0.839308,静态路网截面数据，2019与2024共用
210602,2019,256.5087,129.3076,2.707555,1.364895,静态路网截面数据，2019与2024共用
210624,2019,2422.1399,1120.301,0.38509,0.178114,静态路网截面数据，2019与2024共用
211081,2019,856.5566,399.231,0.73136,0.340878,静态路网截面数据，2019与2024共用
211021,2019,1160.3719,459.997,0.467986,0.18552,静态路网截面数据，2019与2024共用
211011,2019,277.4393,149.9472,1.012262,0.547096,静态路网截面数据，2019与2024共用
211481,2019,2046.8955,653.6181,1.002949,0.320263,静态路网截面数据，2019与2024共用
211003,2019,381.5773,170.6314,1.272154,0.568874,静态路网截面数据，2019与2024共用
211002,2019,157.7599,74.3465,6.333747,2.984862,静态路网截面数据，2019与2024共用
211005,2019,223.9919,57.5808,0.677396,0.174136,静态路网截面数据，2019与2024共用
211004,2019,332.3956,108.4225,2.216821,0.723094,静态路网截面数据，2019与2024共用
210181,2019,2237.2673,827.8986,0.678696,0.251151,静态路网截面数据，2019与2024共用
210321,2019,877.6439,295.8205,0.630084,0.212377,静态路网截面数据，2019与2024共用
210323,2019,1651.1427,600.4127,0.367062,0.133477,静态路网截面数据，2019与2024共用
210311,2019,639.5398,126.0598,1.882042,0.37097,静态路网截面数据，2019与2024共用
210782,2019,1360.6961,534.6802,0.803318,0.315661,静态路网截面数据，2019与2024共用
210781,2019,1661.0071,667.5282,0.650089,0.261259,静态路网截面数据，2019与2024共用
210303,2019,845.3441,239.2679,6.468412,1.830833,静态路网截面数据，2019与2024共用
210302,2019,699.5527,171.7928,5.135176,1.261072,静态路网截面数据，2019与2024共用
210304,2019,679.3968,178.2643,3.669612,0.962855,静态路网截面数据，2019与2024共用
211223,2019,920.7969,403.3174,0.344541,0.150912,静态路网截面数据，2019与2024共用
211221,2019,1436.8449,695.1704,0.641006,0.31013,静态路网截面数据，2019与2024共用
211224,2019,2827.4036,1004.6003,0.658077,0.23382,静态路网截面数据，2019与2024共用
211204,2019,401.4128,91.4122,0.83799,0.190832,静态路网截面数据，2019与2024共用
211202,2019,323.7317,153.5385,1.877907,0.890648,静态路网截面数据，2019与2024共用
210727,2019,1463.3779,404.6864,0.590735,0.163363,静态路网截面数据，2019与2024共用
210726,2019,1740.2491,571.5849,0.696556,0.228784,静态路网截面数据，2019与2024共用
210711,2019,1231.8981,594.6404,1.742601,0.841158,静态路网截面数据，2019与2024共用
210703,2019,219.1974,90.6419,5.447383,2.252585,静态路网截面数据，2019与2024共用
210702,2019,168.7526,78.2522,2.526393,1.171513,静态路网截面数据，2019与2024共用
210283,2019,5612.9181,1411.9045,1.430788,0.359908,静态路网截面数据，2019与2024共用
210281,2019,3085.507,1124.5693,0.829665,0.302386,静态路网截面数据，2019与2024共用
211122,2019,1650.1642,598.7666,0.899448,0.326367,静态路网截面数据，2019与2024共用
500105,2019,1512.3742,810.7123,6.807391,3.64912,静态路网截面数据，2019与2024共用
500104,2019,670.2609,389.9586,6.422022,3.73634,静态路网截面数据，2019与2024共用
500103,2019,347.4644,194.3799,14.854914,8.310193,静态路网截面数据，2019与2024共用
500102,2019,3814.5683,1697.6182,1.297411,0.577394,静态路网截面数据，2019与2024共用
500109,2019,2365.4165,1144.2281,3.14849,1.523026,静态路网截面数据，2019与2024共用
500108,2019,1787.8071,982.9308,6.87455,3.779606,静态路网截面数据，2019与2024共用
500107,2019,2478.8709,1238.6363,5.813113,2.904682,静态路网截面数据，2019与2024共用
500106,2019,2338.5357,1192.8407,5.892527,3.005661,静态路网截面数据，2019与2024共用
500101,2019,3800.2355,1838.9116,1.101918,0.533211,静态路网截面数据，2019与2024共用
500120,2019,2843.545,1087.0592,3.106928,1.187748,静态路网截面数据，2019与2024共用
500116,2019,5741.418,2076.6898,1.78333,0.645036,静态路网截面数据，2019与2024共用
500115,2019,2072.1422,1023.9373,1.459112,0.721012,静态路网截面数据，2019与2024共用
500114,2019,1711.3568,1064.8496,0.720002,0.448004,静态路网截面数据，2019与2024共用
500113,2019,3730.2733,1678.4103,2.046177,0.920663,静态路网截面数据，2019与2024共用
500119,2019,2522.5168,1242.9591,0.974617,0.480238,静态路网截面数据，2019与2024共用
500118,2019,2913.1295,1422.7636,1.843798,0.900505,静态路网截面数据，2019与2024共用
500117,2019,4737.1207,1429.4504,2.034979,0.614065,静态路网截面数据，2019与2024共用
500112,2019,5811.2594,3015.5244,3.996781,2.073972,静态路网截面数据，2019与2024共用
500111,2019,2906.2682,1122.1328,2.029529,0.783617,静态路网截面数据，2019与2024共用
500110,2019,2804.649,1545.9694,1.023048,0.563921,静态路网截面数据，2019与2024共用
500152,2019,2355.3779,1016.8176,1.479941,0.638891,静态路网截面数据，2019与2024共用
500151,2019,3011.0179,970.6545,2.24801,0.724686,静态路网截面数据，2019与2024共用
500156,2019,2113.4492,1155.1518,0.729596,0.398777,静态路网截面数据，2019与2024共用
500155,2019,1957.4442,876.3947,1.045032,0.467886,静态路网截面数据，2019与2024共用
500154,2019,3467.9434,1300.1134,0.86798,0.325401,静态路网截面数据，2019与2024共用
500153,2019,1156.7316,659.3804,1.062032,0.605398,静态路网截面数据，2019与2024共用
500229,2019,1687.5693,730.1056,0.508289,0.219905,静态路网截面数据，2019与2024共用
500240,2019,1895.1458,1035.9499,0.629649,0.344187,静态路网截面数据，2019与2024共用
500243,2019,2010.3237,1092.0033,0.515429,0.27998,静态路网截面数据，2019与2024共用
500242,2019,2564.4143,1163.8727,0.49755,0.225816,静态路网截面数据，2019与2024共用
500241,2019,1464.92,752.8615,0.596059,0.30633,静态路网截面数据，2019与2024共用
500237,2019,2126.8735,891.3354,0.715538,0.299869,静态路网截面数据，2019与2024共用
500236,2019,2399.1096,1170.5546,0.587656,0.286724,静态路网截面数据，2019与2024共用
500235,2019,3380.6076,1273.2489,0.93066,0.350517,静态路网截面数据，2019与2024共用
500238,2019,2154.6213,1086.1637,0.531629,0.267999,静态路网截面数据，2019与2024共用
500233,2019,2039.0556,915.1565,0.931098,0.41789,静态路网截面数据，2019与2024共用
500231,2019,1530.7732,947.8484,1.006956,0.623503,静态路网截面数据，2019与2024共用
500230,2019,1978.1303,878.0483,0.6833,0.303302,静态路网截面数据，2019与2024共用
610117,2019,1161.1756,491.2057,4.038055,1.708196,静态路网截面数据，2019与2024共用
610118,2019,3133.9442,686.5209,2.447858,0.536227,静态路网截面数据，2019与2024共用
610115,2019,2326.9556,738.8865,2.534988,0.804944,静态路网截面数据，2019与2024共用
610116,2019,5033.0825,1359.6647,3.1484,0.850526,静态路网截面数据，2019与2024共用
610113,2019,1969.5935,832.7837,13.018839,5.504627,静态路网截面数据，2019与2024共用
610114,2019,625.7128,173.6072,2.608341,0.723697,静态路网截面数据，2019与2024共用
610111,2019,2116.418,774.7722,6.490911,2.376174,静态路网截面数据，2019与2024共用
610112,2019,2351.0774,1061.5778,8.976576,4.053177,静态路网截面数据，2019与2024共用
610104,2019,458.8674,186.9573,12.083389,4.923161,静态路网截面数据，2019与2024共用
610102,2019,363.2501,156.2315,12.03364,5.17559,静态路网截面数据，2019与2024共用
610103,2019,380.1607,135.623,16.623096,5.930321,静态路网截面数据，2019与2024共用
610582,2019,715.1408,327.3178,1.057631,0.484074,静态路网截面数据，2019与2024共用
610581,2019,1005.0365,514.8065,0.628832,0.322105,静态路网截面数据，2019与2024共用
610124,2019,2540.968,642.4696,0.861828,0.217908,静态路网截面数据，2019与2024共用
610122,2019,2772.4539,894.9939,1.381958,0.446119,静态路网截面数据，2019与2024共用
611002,2019,1497.2586,790.873,0.566092,0.299018,静态路网截面数据，2019与2024共用
611026,2019,1009.5375,601.0464,0.427785,0.25469,静态路网截面数据，2019与2024共用
611025,2019,1224.6643,729.142,0.351763,0.209433,静态路网截面数据，2019与2024共用
611024,2019,1413.2479,750.3611,0.400845,0.212828,静态路网截面数据，2019与2024共用
611023,2019,994.7674,442.5339,0.433104,0.192671,静态路网截面数据，2019与2024共用
611022,2019,1158.4231,468.9154,0.480386,0.194454,静态路网截面数据，2019与2024共用
611021,2019,1224.0331,495.3396,0.432368,0.17497,静态路网截面数据，2019与2024共用
610902,2019,3711.5012,936.2711,1.018522,0.256934,静态路网截面数据，2019与2024共用
610922,2019,849.3447,369.4345,0.560484,0.24379,静态路网截面数据，2019与2024共用
610923,2019,1019.3842,733.7841,0.278224,0.200274,静态路网截面数据，2019与2024共用
610921,2019,1295.5504,231.1304,0.949336,0.169365,静态路网截面数据，2019与2024共用
610929,2019,668.9376,308.9975,0.464878,0.214738,静态路网截面数据，2019与2024共用
610926,2019,822.7507,513.0217,0.311323,0.194123,静态路网截面数据，2019与2024共用
610927,2019,401.7324,298.4152,0.270487,0.200923,静态路网截面数据，2019与2024共用
610924,2019,1056.2616,452.6248,0.477431,0.204587,静态路网截面数据，2019与2024共用
610925,2019,854.7439,438.4566,0.440457,0.22594,静态路网截面数据，2019与2024共用
610502,2019,2721.8792,983.5406,2.155415,0.778851,静态路网截面数据，2019与2024共用
610503,2019,775.4588,330.2977,0.686348,0.292342,静态路网截面数据，2019与2024共用
610981,2019,1569.5727,530.4027,0.444135,0.150086,静态路网截面数据，2019与2024共用
610526,2019,2190.9894,866.8159,1.38633,0.54847,静态路网截面数据，2019与2024共用
610527,2019,1184.5939,424.9998,1.205391,0.432461,静态路网截面数据，2019与2024共用
610524,2019,1426.696,594.7101,1.088884,0.453895,静态路网截面数据，2019与2024共用
610525,2019,1054.3417,499.885,0.939785,0.445571,静态路网截面数据，2019与2024共用
610522,2019,445.0364,181.3717,1.0271,0.418588,静态路网截面数据，2019与2024共用
610523,2019,1967.1126,627.8809,1.165825,0.372119,静态路网截面数据，2019与2024共用
610528,2019,1835.5307,641.1394,1.470006,0.513464,静态路网截面数据，2019与2024共用
610222,2019,1195.6007,514.5268,0.7886,0.339374,静态路网截面数据，2019与2024共用
610603,2019,1029.9722,682.608,0.348676,0.231083,静态路网截面数据，2019与2024共用
610602,2019,1903.6698,1089.5677,0.537937,0.307889,静态路网截面数据，2019与2024共用
610632,2019,861.5716,427.1021,0.377937,0.187353,静态路网截面数据，2019与2024共用
610630,2019,1176.6485,661.7224,0.398963,0.224368,静态路网截面数据，2019与2024共用
610631,2019,870.9236,499.6435,0.316707,0.181693,静态路网截面数据，2019与2024共用
610625,2019,1563.6642,410.6639,0.412616,0.108365,静态路网截面数据，2019与2024共用
610626,2019,1552.4309,485.7254,0.40977,0.128209,静态路网截面数据，2019与2024共用
610621,2019,1284.0024,415.2868,0.545005,0.176272,静态路网截面数据，2019与2024共用
610622,2019,1447.026,557.0318,0.725212,0.27917,静态路网截面数据，2019与2024共用
610629,2019,874.6815,392.9143,0.48915,0.21973,静态路网截面数据，2019与2024共用
610627,2019,648.6984,271.673,0.285416,0.119531,静态路网截面数据，2019与2024共用
610628,2019,1589.6684,838.5983,0.380542,0.200747,静态路网截面数据，2019与2024共用
610203,2019,711.1326,343.596,1.172742,0.566631,静态路网截面数据，2019与2024共用
610204,2019,1632.6635,595.1433,1.011918,0.368867,静态路网截面数据，2019与2024共用
610202,2019,261.1821,156.4014,1.712237,1.025324,静态路网截面数据，2019与2024共用
610681,2019,904.6375,361.2126,0.377403,0.150693,静态路网截面数据，2019与2024共用
610702,2019,1426.5515,371.3496,2.607525,0.678772,静态路网截面数据，2019与2024共用
610703,2019,1925.6807,629.3963,0.680192,0.222316,静态路网截面数据，2019与2024共用
610730,2019,331.2182,166.2424,0.261186,0.131093,静态路网截面数据，2019与2024共用
610724,2019,1861.681,633.7118,0.576158,0.196123,静态路网截面数据，2019与2024共用
610725,2019,1620.0751,613.3023,0.680568,0.257639,静态路网截面数据，2019与2024共用
610722,2019,2333.9429,407.6777,1.05152,0.183673,静态路网截面数据，2019与2024共用
610723,2019,2088.7044,560.3562,0.653202,0.175241,静态路网截面数据，2019与2024共用
610728,2019,1320.4967,500.612,0.386643,0.14658,静态路网截面数据，2019与2024共用
610729,2019,581.1896,403.8199,0.297739,0.206874,静态路网截面数据，2019与2024共用
610726,2019,2541.8495,517.4024,0.778663,0.1585,静态路网截面数据，2019与2024共用
610727,2019,1627.1997,524.0836,0.580668,0.18702,静态路网截面数据，2019与2024共用
610304,2019,2716.4806,721.1756,1.103904,0.293066,静态路网截面数据，2019与2024共用
610305,2019,1861.3155,355.2524,1.509315,0.288069,静态路网截面数据，2019与2024共用
610302,2019,1164.0029,466.1779,1.379289,0.552399,静态路网截面数据，2019与2024共用
610303,2019,809.8005,253.3712,2.615647,0.818386,静态路网截面数据，2019与2024共用
610331,2019,839.2924,436.1894,0.308738,0.160454,静态路网截面数据，2019与2024共用
610330,2019,1261.0624,571.55,0.4033,0.182787,静态路网截面数据，2019与2024共用
610328,2019,877.7258,256.7017,0.880158,0.257413,静态路网截面数据，2019与2024共用
610329,2019,1141.7213,375.6616,0.669401,0.220253,静态路网截面数据，2019与2024共用
610326,2019,1536.1843,372.547,1.791483,0.434461,静态路网截面数据，2019与2024共用
610327,2019,1628.1086,458.046,0.713494,0.200732,静态路网截面数据，2019与2024共用
610324,2019,1184.4625,408.6918,1.677645,0.578862,静态路网截面数据，2019与2024共用
610323,2019,1383.8899,314.4607,1.627474,0.36981,静态路网截面数据，2019与2024共用
610481,2019,1695.0855,368.0826,3.345589,0.726484,静态路网截面数据，2019与2024共用
610482,2019,1243.9369,478.0523,1.047876,0.402705,静态路网截面数据，2019与2024共用
610802,2019,4258.4153,1870.8992,0.625879,0.274975,静态路网截面数据，2019与2024共用
610803,2019,2219.8373,866.6679,0.516986,0.201842,静态路网截面数据，2019与2024共用
610830,2019,1080.4475,434.7239,0.571364,0.229892,静态路网截面数据，2019与2024共用
610831,2019,891.549,343.6622,0.440618,0.169844,静态路网截面数据，2019与2024共用
610824,2019,2856.1087,1220.89,0.573728,0.245249,静态路网截面数据，2019与2024共用
610822,2019,2559.1972,799.5287,0.797576,0.249174,静态路网截面数据，2019与2024共用
610829,2019,395.3302,217.8763,0.920251,0.507173,静态路网截面数据，2019与2024共用
610827,2019,464.1367,191.5792,0.396428,0.163632,静态路网截面数据，2019与2024共用
610828,2019,1060.4914,412.309,0.526877,0.204845,静态路网截面数据，2019与2024共用
610825,2019,3402.085,1355.6991,0.498132,0.198501,静态路网截面数据，2019与2024共用
610826,2019,851.8853,508.31,0.458829,0.273778,静态路网截面数据，2019与2024共用
610403,2019,454.539,217.4399,3.350657,1.602869,静态路网截面数据，2019与2024共用
610404,2019,1438.2564,534.0757,5.342009,1.983678,静态路网截面数据，2019与2024共用
610402,2019,1472.7762,579.016,5.705396,2.243053,静态路网截面数据，2019与2024共用
610881,2019,4990.3265,1990.454,0.662952,0.264427,静态路网截面数据，2019与2024共用
610430,2019,1007.1593,313.5718,1.022492,0.318345,静态路网截面数据，2019与2024共用
610431,2019,834.3769,193.3518,2.125114,0.492457,静态路网截面数据，2019与2024共用
610428,2019,779.3489,214.3519,1.376412,0.378568,静态路网截面数据，2019与2024共用
610425,2019,1595.032,430.5464,1.579963,0.426479,静态路网截面数据，2019与2024共用
610426,2019,777.3909,306.6435,0.877922,0.346298,静态路网截面数据，2019与2024共用
610423,2019,2012.9467,651.1295,2.592835,0.838707,静态路网截面数据，2019与2024共用
610424,2019,1576.4537,384.2704,1.574878,0.383886,静态路网截面数据，2019与2024共用
610422,2019,1190.1759,424.7473,2.06766,0.737902,静态路网截面数据，2019与2024共用
610429,2019,1439.7481,538.0785,0.792683,0.29625,静态路网截面数据，2019与2024共用
632701,2019,3151.1571,654.3562,0.204661,0.042499,静态路网截面数据，2019与2024共用
632725,2019,2488.6365,338.8664,0.206497,0.028118,静态路网截面数据，2019与2024共用
632724,2019,3859.2288,945.8984,0.047833,0.011724,静态路网截面数据，2019与2024共用
632723,2019,2626.2632,928.7521,0.17965,0.063532,静态路网截面数据，2019与2024共用
632722,2019,3348.8056,878.5251,0.094244,0.024724,静态路网截面数据，2019与2024共用
632726,2019,3393.1247,749.625,0.072781,0.016079,静态路网截面数据，2019与2024共用
632301,2019,1077.1968,386.9296,0.336572,0.120897,静态路网截面数据，2019与2024共用
630123,2019,763.8021,360.0517,0.493199,0.232491,静态路网截面数据，2019与2024共用
630121,2019,1435.7067,620.3574,0.453934,0.196141,静态路网截面数据，2019与2024共用
630102,2019,551.5292,221.9563,4.952337,1.993008,静态路网截面数据，2019与2024共用
630103,2019,313.9231,163.532,2.006821,1.045413,静态路网截面数据，2019与2024共用
630106,2019,1417.2783,528.007,0.579749,0.215986,静态路网截面数据，2019与2024共用
630104,2019,262.4425,143.1482,5.001451,2.728022,静态路网截面数据，2019与2024共用
630105,2019,621.9493,242.7043,4.665299,1.820547,静态路网截面数据，2019与2024共用
632324,2019,1830.9238,401.178,0.272169,0.059636,静态路网截面数据，2019与2024共用
632323,2019,1832.8992,381.113,0.27829,0.057865,静态路网截面数据，2019与2024共用
632322,2019,818.4298,302.8554,0.525837,0.194583,静态路网截面数据，2019与2024共用
632823,2019,2135.1912,818.2125,0.083394,0.031957,静态路网截面数据，2019与2024共用
632822,2019,3385.0883,1663.4052,0.074773,0.036743,静态路网截面数据，2019与2024共用
632821,2019,1645.5459,948.7725,0.13432,0.077445,静态路网截面数据，2019与2024共用
632802,2019,2301.0582,854.1582,0.082881,0.030765,静态路网截面数据，2019与2024共用
632801,2019,6045.189,2216.5885,0.0507,0.01859,静态路网截面数据，2019与2024共用
632803,2019,3058.4841,1168.8975,0.061177,0.023381,静态路网截面数据，2019与2024共用
630202,2019,1477.3565,500.4631,0.597553,0.202424,静态路网截面数据，2019与2024共用
630203,2019,647.3949,333.631,0.88169,0.454374,静态路网截面数据，2019与2024共用
632857,2019,1715.7697,1068.2012,0.082133,0.051134,静态路网截面数据，2019与2024共用
630223,2019,2240.6688,841.4597,0.668247,0.250953,静态路网截面数据，2019与2024共用
630224,2019,1295.7037,550.7475,0.478277,0.203295,静态路网截面数据，2019与2024共用
630222,2019,1341.4186,603.6323,0.713764,0.32119,静态路网截面数据，2019与2024共用
630225,2019,896.4859,411.4005,0.493588,0.226509,静态路网截面数据，2019与2024共用
632523,2019,1141.8354,411.112,0.325225,0.117096,静态路网截面数据，2019与2024共用
632522,2019,1371.4508,387.9378,0.296693,0.083925,静态路网截面数据，2019与2024共用
632521,2019,2994.7081,1417.0931,0.180171,0.085257,静态路网截面数据，2019与2024共用
632525,2019,1421.5744,539.082,0.212951,0.080754,静态路网截面数据，2019与2024共用
632524,2019,2172.9388,739.4951,0.178373,0.060704,静态路网截面数据，2019与2024共用
632622,2019,1022.9277,391.7233,0.159484,0.061073,静态路网截面数据，2019与2024共用
632621,2019,1784.0115,792.0285,0.132575,0.058858,静态路网截面数据，2019与2024共用
632626,2019,2423.5175,1225.7446,0.099015,0.050079,静态路网截面数据，2019与2024共用
632625,2019,1677.895,695.6412,0.202267,0.083858,静态路网截面数据，2019与2024共用
632624,2019,1379.3492,335.4912,0.095084,0.023127,静态路网截面数据，2019与2024共用
632623,2019,1741.1987,443.4924,0.24437,0.062242,静态路网截面数据，2019与2024共用
632224,2019,1666.6675,700.9732,0.17278,0.072669,静态路网截面数据，2019与2024共用
632223,2019,1279.4806,530.375,0.287774,0.119289,静态路网截面数据，2019与2024共用
632222,2019,1666.102,662.1548,0.119885,0.047646,静态路网截面数据，2019与2024共用
632221,2019,2191.6537,688.5711,0.344153,0.108126,静态路网截面数据，2019与2024共用
810110,2019,411.6791,104.8402,2.548102,0.648912,静态路网截面数据，2019与2024共用
810111,2019,347.1866,140.251,15.575187,6.291819,静态路网截面数据，2019与2024共用
810112,2019,631.2023,115.7862,4.009861,0.735559,静态路网截面数据，2019与2024共用
810113,2019,413.3667,79.3724,3.256282,0.625253,静态路网截面数据，2019与2024共用
810114,2019,467.7867,167.1276,6.40462,2.288198,静态路网截面数据，2019与2024共用
810115,2019,379.2872,99.9672,5.080397,1.33902,静态路网截面数据，2019与2024共用
810116,2019,384.8302,91.9392,2.813022,0.672055,静态路网截面数据，2019与2024共用
810117,2019,272.3598,106.0777,4.835742,1.883407,静态路网截面数据，2019与2024共用
810118,2019,1120.7089,211.5683,7.621792,1.438848,静态路网截面数据，2019与2024共用
810101,2019,175.4369,57.7119,16.21822,5.335167,静态路网截面数据，2019与2024共用
810102,2019,178.1955,57.3402,8.893798,2.861868,静态路网截面数据，2019与2024共用
810103,2019,218.105,90.6817,22.075923,9.178529,静态路网截面数据，2019与2024共用
810104,2019,249.3324,113.7963,21.238578,9.693373,静态路网截面数据，2019与2024共用
810105,2019,196.1633,45.8421,4.935057,1.153292,静态路网截面数据，2019与2024共用
810106,2019,214.038,94.4834,20.228537,8.929538,静态路网截面数据，2019与2024共用
810107,2019,137.0616,46.5502,16.043206,5.448753,静态路网截面数据，2019与2024共用
810108,2019,94.5485,34.8881,11.471394,4.232908,静态路网截面数据，2019与2024共用
810109,2019,185.8266,92.8901,31.328578,15.660376,静态路网截面数据，2019与2024共用
230422,2019,1414.822,334.3658,0.420962,0.099486,静态路网截面数据，2019与2024共用
230421,2019,1641.0213,667.7311,0.241351,0.098206,静态路网截面数据，2019与2024共用
230828,2019,842.7446,311.8095,0.246367,0.091154,静态路网截面数据，2019与2024共用
230826,2019,623.0013,253.4058,0.279645,0.113746,静态路网截面数据，2019与2024共用
230822,2019,1745.7101,501.4068,0.395427,0.113575,静态路网截面数据，2019与2024共用
230407,2019,38.174,5.4149,1.317165,0.186836,静态路网截面数据，2019与2024共用
230406,2019,651.4698,200.6936,0.149873,0.04617,静态路网截面数据，2019与2024共用
230405,2019,137.7441,71.4916,1.092569,0.567063,静态路网截面数据，2019与2024共用
230404,2019,75.4495,39.7304,2.440167,1.284949,静态路网截面数据，2019与2024共用
230403,2019,82.1426,23.4483,6.801798,1.941632,静态路网截面数据，2019与2024共用
230402,2019,40.1531,14.6081,4.744266,1.726014,静态路网截面数据，2019与2024共用
230883,2019,2458.4234,696.9019,0.391415,0.110956,静态路网截面数据，2019与2024共用
230882,2019,2971.286,1097.3826,0.361239,0.133416,静态路网截面数据，2019与2024共用
230881,2019,2172.0191,705.1484,0.34805,0.112995,静态路网截面数据，2019与2024共用
230811,2019,1291.3217,478.5743,0.77641,0.287744,静态路网截面数据，2019与2024共用
230805,2019,257.6353,101.3016,1.570116,0.617366,静态路网截面数据，2019与2024共用
230804,2019,160.6555,66.9522,5.976229,2.490556,静态路网截面数据，2019与2024共用
230803,2019,249.9525,83.5553,5.121391,1.712002,静态路网截面数据，2019与2024共用
231002,2019,430.7005,217.236,0.739678,0.373077,静态路网截面数据，2019与2024共用
231003,2019,988.2963,358.6066,0.746385,0.270828,静态路网截面数据，2019与2024共用
231004,2019,381.9977,94.1617,0.873681,0.215361,静态路网截面数据，2019与2024共用
231005,2019,392.9078,171.4061,1.12169,0.489338,静态路网截面数据，2019与2024共用
230184,2019,3537.2571,1117.5668,0.468895,0.148143,静态路网截面数据，2019与2024共用
230183,2019,2625.0124,1128.7873,0.294985,0.126847,静态路网截面数据，2019与2024共用
231025,2019,2350.0474,667.6948,0.353994,0.100577,静态路网截面数据，2019与2024共用
232721,2019,3124.9969,1027.024,0.097072,0.031903,静态路网截面数据，2019与2024共用
232722,2019,1590.7759,696.9159,0.113261,0.04962,静态路网截面数据，2019与2024共用
230129,2019,903.0796,309.7892,0.29203,0.100177,静态路网截面数据，2019与2024共用
230128,2019,937.8908,310.7218,0.165596,0.054862,静态路网截面数据，2019与2024共用
230127,2019,857.7216,205.9576,0.270414,0.064932,静态路网截面数据，2019与2024共用
230126,2019,1285.5586,416.3104,0.409466,0.1326,静态路网截面数据，2019与2024共用
230125,2019,2521.493,608.8572,0.65545,0.158269,静态路网截面数据，2019与2024共用
230124,2019,1046.9259,531.9955,0.351465,0.178597,静态路网截面数据，2019与2024共用
230123,2019,1587.0046,519.5237,0.344509,0.112779,静态路网截面数据，2019与2024共用
230113,2019,4042.3249,572.5916,1.28367,0.181831,静态路网截面数据，2019与2024共用
230112,2019,2415.4825,815.4318,0.986375,0.332986,静态路网截面数据，2019与2024共用
230111,2019,2052.2839,772.6119,0.939959,0.353861,静态路网截面数据，2019与2024共用
230110,2019,1513.8835,728.8011,4.434814,2.134971,静态路网截面数据，2019与2024共用
230109,2019,1882.85,854.9387,2.488818,1.130088,静态路网截面数据，2019与2024共用
230108,2019,546.6941,218.9888,5.602817,2.244316,静态路网截面数据，2019与2024共用
230104,2019,1194.0454,526.0619,1.951388,0.859725,静态路网截面数据，2019与2024共用
230103,2019,1177.4766,593.7411,6.923859,3.491347,静态路网截面数据，2019与2024共用
230102,2019,1469.439,705.1342,3.180336,1.526136,静态路网截面数据，2019与2024共用
232701,2019,3289.9246,1016.9521,0.178529,0.055185,静态路网截面数据，2019与2024共用
230524,2019,1478.9382,479.0079,0.223898,0.072518,静态路网截面数据，2019与2024共用
230523,2019,3077.6987,868.881,0.308088,0.086978,静态路网截面数据，2019与2024共用
230522,2019,584.9548,162.3684,0.347181,0.096368,静态路网截面数据，2019与2024共用
230521,2019,919.701,383.2374,0.414802,0.172847,静态路网截面数据，2019与2024共用
230506,2019,266.9399,108.7273,0.531531,0.216498,静态路网截面数据，2019与2024共用
230505,2019,206.2485,90.9279,1.040862,0.458881,静态路网截面数据，2019与2024共用
230503,2019,233.2449,61.8457,0.315465,0.083647,静态路网截面数据，2019与2024共用
230502,2019,354.6787,167.5164,2.98748,1.411001,静态路网截面数据，2019与2024共用
230921,2019,1025.5902,485.8532,0.429302,0.203373,静态路网截面数据，2019与2024共用
230904,2019,439.8758,132.953,0.281408,0.085056,静态路网截面数据，2019与2024共用
230903,2019,226.3469,106.6697,2.958611,1.394294,静态路网截面数据，2019与2024共用
230902,2019,744.7761,206.4823,0.34445,0.095495,静态路网截面数据，2019与2024共用
230281,2019,1642.8451,679.5976,0.246468,0.101957,静态路网截面数据，2019与2024共用
231181,2019,1886.7241,816.2514,0.262284,0.113472,静态路网截面数据，2019与2024共用
231182,2019,2391.0011,799.9796,0.273278,0.091433,静态路网截面数据，2019与2024共用
231183,2019,2800.0707,772.9153,0.183925,0.05077,静态路网截面数据，2019与2024共用
231123,2019,2039.1728,406.4614,0.119696,0.023859,静态路网截面数据，2019与2024共用
231124,2019,1122.2356,413.535,0.259826,0.095744,静态路网截面数据，2019与2024共用
230208,2019,855.7794,344.495,0.412613,0.166098,静态路网截面数据，2019与2024共用
230207,2019,83.0329,43.8808,0.275804,0.145755,静态路网截面数据，2019与2024共用
230206,2019,265.6084,66.195,0.723728,0.180368,静态路网截面数据，2019与2024共用
230205,2019,483.3806,156.1544,0.663832,0.214449,静态路网截面数据，2019与2024共用
230204,2019,521.9723,269.0127,0.694204,0.357777,静态路网截面数据，2019与2024共用
230203,2019,371.9513,150.2263,3.355485,1.355237,静态路网截面数据，2019与2024共用
230202,2019,448.4251,193.7953,3.63425,1.570609,静态路网截面数据，2019与2024共用
231102,2019,2643.4378,868.7202,0.184316,0.060572,静态路网截面数据，2019与2024共用
230231,2019,999.4687,425.3822,0.277789,0.118229,静态路网截面数据，2019与2024共用
230230,2019,747.7623,264.1971,0.358875,0.126797,静态路网截面数据，2019与2024共用
230229,2019,975.2854,472.9204,0.306095,0.148427,静态路网截面数据，2019与2024共用
230227,2019,1226.4492,561.2907,0.306386,0.140219,静态路网截面数据，2019与2024共用
230225,2019,1296.8016,470.1777,0.27017,0.097955,静态路网截面数据，2019与2024共用
230224,2019,2977.2458,475.3849,0.757378,0.120933,静态路网截面数据，2019与2024共用
230223,2019,985.7445,554.6197,0.268064,0.150824,静态路网截面数据，2019与2024共用
230221,2019,1097.0239,366.1067,0.186252,0.062157,静态路网截面数据，2019与2024共用
230606,2019,989.1444,272.1733,0.423588,0.116555,静态路网截面数据，2019与2024共用
230605,2019,765.3663,350.7152,1.20304,0.551271,静态路网截面数据，2019与2024共用
230604,2019,1286.027,352.6266,1.081838,0.296638,静态路网截面数据，2019与2024共用
230603,2019,1133.8803,555.4447,2.836809,1.389644,静态路网截面数据，2019与2024共用
230602,2019,1192.8926,519.7,2.420287,1.054431,静态路网截面数据，2019与2024共用
230624,2019,1652.7803,483.7088,0.272856,0.079855,静态路网截面数据，2019与2024共用
230623,2019,1118.1011,430.3154,0.319558,0.122986,静态路网截面数据，2019与2024共用
230622,2019,1790.6488,464.4973,0.429103,0.11131,静态路网截面数据，2019与2024共用
230621,2019,1104.1941,410.9607,0.451693,0.168112,静态路网截面数据，2019与2024共用
231081,2019,332.6735,150.3958,0.80369,0.363334,静态路网截面数据，2019与2024共用
231083,2019,1813.9664,738.1844,0.207963,0.08463,静态路网截面数据，2019与2024共用
231084,2019,1757.8597,726.9518,0.242797,0.100407,静态路网截面数据，2019与2024共用
231085,2019,1947.018,631.9797,0.324308,0.105267,静态路网截面数据，2019与2024共用
231086,2019,1584.3955,792.1742,0.223111,0.111552,静态路网截面数据，2019与2024共用
231281,2019,1285.8154,547.6183,0.355714,0.151496,静态路网截面数据，2019与2024共用
231282,2019,2965.1502,842.5684,0.684837,0.194601,静态路网截面数据，2019与2024共用
231283,2019,1526.0999,523.2819,0.328833,0.112753,静态路网截面数据，2019与2024共用
230382,2019,2494.5988,721.6466,0.323048,0.093453,静态路网截面数据，2019与2024共用
230381,2019,2712.8413,795.3001,0.291842,0.085557,静态路网截面数据，2019与2024共用
230321,2019,2474.1274,337.9863,0.765086,0.104517,静态路网截面数据，2019与2024共用
231202,2019,1832.3537,751.2092,0.664847,0.272567,静态路网截面数据，2019与2024共用
230307,2019,487.9427,89.699,1.169158,0.214928,静态路网截面数据，2019与2024共用
230306,2019,563.1009,85.6054,3.198884,0.48631,静态路网截面数据，2019与2024共用
230305,2019,453.807,90.6225,1.11125,0.22191,静态路网截面数据，2019与2024共用
230304,2019,960.4955,124.7464,1.920625,0.249445,静态路网截面数据，2019与2024共用
230303,2019,810.0711,101.8963,1.478216,0.18594,静态路网截面数据，2019与2024共用
230302,2019,836.8222,179.8342,5.68268,1.221215,静态路网截面数据，2019与2024共用
230781,2019,913.0056,373.1659,0.241996,0.098909,静态路网截面数据，2019与2024共用
231221,2019,938.6642,308.4556,0.405228,0.133162,静态路网截面数据，2019与2024共用
231222,2019,968.2947,266.9626,0.389639,0.107425,静态路网截面数据，2019与2024共用
231223,2019,818.0548,328.2248,0.305226,0.122465,静态路网截面数据，2019与2024共用
231224,2019,1529.6814,361.7569,0.279921,0.066199,静态路网截面数据，2019与2024共用
231225,2019,981.8462,300.4663,0.42777,0.130907,静态路网截面数据，2019与2024共用
231226,2019,1229.7473,302.5534,0.285079,0.070138,静态路网截面数据，2019与2024共用
230726,2019,403.8376,186.2969,0.135617,0.062562,静态路网截面数据，2019与2024共用
230725,2019,421.173,195.9537,0.114408,0.053229,静态路网截面数据，2019与2024共用
230724,2019,497.6088,180.9935,0.164444,0.059813,静态路网截面数据，2019与2024共用
230723,2019,283.2539,84.049,0.137054,0.040668,静态路网截面数据，2019与2024共用
230722,2019,1008.644,516.4817,0.148659,0.076122,静态路网截面数据，2019与2024共用
230719,2019,556.3984,176.5254,0.186843,0.059279,静态路网截面数据，2019与2024共用
230718,2019,498.596,314.6157,0.205571,0.129716,静态路网截面数据，2019与2024共用
230717,2019,581.1589,121.397,0.209165,0.043692,静态路网截面数据，2019与2024共用
230751,2019,373.3623,110.7872,0.159883,0.047442,静态路网截面数据，2019与2024共用
