{"type":"FeatureCollection","features":[{"type":"Feature","id":0,"geometry":{"type":"Polygon","coordinates":[[[108.10520752239876,34.330618866584452],[108.10522114985103,34.330911944719574],[108.10445837220375,34.330883346444232],[108.10444552513,34.330666294045535],[108.10520752239876,34.330618866584452]]]},"properties":{"FID":0,"OBJECTID_1":1,"一级":"07","一级名":"居住用地","二级":"0704","二级名":"农村社区服务设施用地","Shape_Leng":197.22775261560605,"备注":"一片空地","Shape_Area":198634.89251000001,"组别":"3"}},{"type":"Feature","id":1,"geometry":{"type":"Polygon","coordinates":[[[108.10656393980652,34.330936293751662],[108.10656241835984,34.330974013082653],[108.10654176339362,34.331485707709987],[108.10654055586966,34.331515607310045],[108.10652657047378,34.331862092324478],[108.10646447890431,34.332795272840514],[108.10645732310938,34.332902823127057],[108.10645526593615,34.33293373221619],[108.10644392552982,34.332982973793158],[108.1064396853664,34.333001383943362],[108.10643700001584,34.333013043326176],[108.10643112175613,34.333038566677743],[108.10642810422767,34.333050782146167],[108.10638301412256,34.333047655450869],[108.10640119400838,34.332972004738799],[108.10642327512065,34.332615437336671],[108.10642410470651,34.332602041065478],[108.10642659777986,34.332560749903912],[108.10642836744992,34.332531439979725],[108.10642945094411,34.332509552049359],[108.10644969513736,34.332100592108802],[108.10650574932252,34.330968268556269],[108.10650755593917,34.330931756963828],[108.10656459942894,34.330919979959241],[108.10656393980652,34.330936293751662]]]},"properties":{"FID":1,"OBJECTID_1":3,"一级":"12","一级名":"交通运输用地","二级":"1202","二级名":"公路用地","Shape_Leng":481.51027100200042,"备注":"乡道","Shape_Area":125770.523631,"组别":"3"}},{"type":"Feature","id":2,"geometry":{"type":"Polygon","coordinates":[[[108.1124428599436,34.332606500778361],[108.11243738317191,34.332673789782284],[108.11237721747844,34.332681316911888],[108.11237928994774,34.332640694245264],[108.11242553019083,34.33173465452164],[108.11242764921758,34.33169312401283],[108.11246229169988,34.331014343958266],[108.11246475802393,34.330965999724576],[108.11258463049319,34.328617158173259],[108.11258578051178,34.328617157116184],[108.11260420152774,34.32852271567446],[108.11263549057743,34.328536496352555],[108.11263218570627,34.328634162377355],[108.1124428599436,34.332606500778361]]]},"properties":{"FID":2,"OBJECTID_1":4,"一级":"12","一级名":"交通运输用地","二级":"1202","二级名":"公路用地","Shape_Leng":930.12206604602011,"备注":"省道","Shape_Area":232350.54801599999,"组别":"3"}},{"type":"Feature","id":3,"geometry":{"type":"Polygon","coordinates":[[[108.10656459942894,34.330919979959241],[108.10650755593917,34.330931756963743],[108.10654353526634,34.33018733226146],[108.10654592215695,34.330137954206066],[108.10659034793375,34.329218754386304],[108.10659181354661,34.329183317645857],[108.10662755542505,34.328319335616015],[108.10662846744495,34.32829727104032],[108.1066538874163,34.327682794867293],[108.10669904710349,34.32760624490848],[108.10667067760021,34.328343747167231],[108.10666895967979,34.328388426130566],[108.10666452015407,34.32850383326344],[108.10664774559865,34.328939902990435],[108.10664628119456,34.328977990991319],[108.10661566046427,34.329773991310581],[108.10661403640927,34.329810451368104],[108.10658588074291,34.33044235264525],[108.106584246086,34.330479041684058],[108.10657098806116,34.33077658647251],[108.10656459942894,34.330919979959241]]]},"properties":{"FID":3,"OBJECTID_1":5,"一级":"12","一级名":"交通运输用地","二级":"1202","二级名":"公路用地","Shape_Leng":743.3158336029619,"备注":"乡道","Shape_Area":163217.051045,"组别":"3"}},{"type":"Feature","id":4,"geometry":{"type":"Polygon","coordinates":[[[108.10573139474334,34.330970146652177],[108.10526682783176,34.33097127256238],[108.1052668276769,34.330924167422545],[108.1059590064784,34.330928401520467],[108.10650755593917,34.330931756963743],[108.10650574932252,34.330968268556269],[108.10606164203131,34.330969345429821],[108.10598743199154,34.330969525970211],[108.10575516321197,34.33097008916782],[108.10573139474334,34.330970146652177]]]},"properties":{"FID":4,"OBJECTID_1":6,"一级":"12","一级名":"交通运输用地","二级":"1202","二级名":"公路用地","Shape_Leng":237.47243504564841,"备注":"乡道","Shape_Area":52916.498121199998,"组别":"3"}},{"type":"Feature","id":5,"geometry":{"type":"Polygon","coordinates":[[[108.10553635671968,34.327617048785946],[108.1052689671104,34.327631770248239],[108.1051649824804,34.327653851251817],[108.10516795335306,34.32797526326484],[108.10515012743788,34.328080763737752],[108.10518043243303,34.329082282823713],[108.10518463706809,34.329139231257791],[108.10520419908333,34.329404179024138],[108.10523269138345,34.330095679734448],[108.10523269251179,34.33009571308839],[108.10526682767706,34.330924167422708],[108.10526682783178,34.330971272562429],[108.10526107757741,34.330971277505085],[108.10522402827664,34.330973827470842],[108.10522319665968,34.330955965934066],[108.10522114985108,34.330911944719738],[108.10520752239883,34.330618866584658],[108.10514471071431,34.329137211671195],[108.10512691357847,34.328717387998772],[108.10512614570166,34.328672382151403],[108.1051204174107,34.328005318034023],[108.10511959537641,34.327957828643612],[108.10511447553141,34.327661824954006],[108.10516201106692,34.327617661984952],[108.1053937484688,34.327578406044545],[108.10544690330455,34.327578151144863],[108.10552150240547,34.327577792106098],[108.10553635671968,34.327617048785946]]]},"properties":{"FID":5,"OBJECTID_1":7,"一级":"12","一级名":"交通运输用地","二级":"1202","二级名":"公路用地","Shape_Leng":819.01965160713064,"备注":"乡道","Shape_Area":163588.86694400001,"组别":"3"}},{"type":"Feature","id":6,"geometry":{"type":"Polygon","coordinates":[[[108.10837807258548,34.329718919692077],[108.10839400934782,34.330955079111163],[108.10834973058901,34.330954625184887],[108.10834266545385,34.329818756816067],[108.10833791195262,34.329785389954992],[108.10833787476464,34.329781820118448],[108.10832840366943,34.328862881854832],[108.10832215887167,34.328823210438316],[108.10832160341215,34.328819680724919],[108.10831752568005,34.328793782040634],[108.10823570851011,34.328274041629207],[108.10823068584769,34.328242515820193],[108.10810498476668,34.327453585402679],[108.10807097619774,34.326606313755924],[108.10813090394868,34.32660154520341],[108.10813350750178,34.327435919110577],[108.10817119605343,34.327679224798565],[108.10817633487522,34.327712402927787],[108.10822414579188,34.32802105261495],[108.10823103996796,34.328065555413758],[108.10835454917084,34.3288628821632],[108.1083773663957,34.329664090368482],[108.10837807258548,34.329718919692077]]]},"properties":{"FID":6,"OBJECTID_1":9,"一级":"12","一级名":"交通运输用地","二级":"1202","二级名":"公路用地","Shape_Leng":977.66259133726317,"备注":"乡道","Shape_Area":159948.94693500001,"组别":"3"}},{"type":"Feature","id":7,"geometry":{"type":"Polygon","coordinates":[[[108.10839685709227,34.331005466728897],[108.10839192568152,34.331219125924761],[108.10838166351331,34.331663825217674],[108.10836019076224,34.332594229342213],[108.1083518428127,34.332955934632309],[108.10834832248281,34.333108492787211],[108.108305539855,34.333116342872927],[108.10833767548439,34.331554224110214],[108.10833852336368,34.331513018425419],[108.10834896560617,34.331005362168995],[108.10837162691139,34.331005411531237],[108.10839685709227,34.331005466728897]]]},"properties":{"FID":7,"OBJECTID_1":10,"一级":"12","一级名":"交通运输用地","二级":"1202","二级名":"公路用地","Shape_Leng":475.96979645597355,"备注":"乡道","Shape_Area":97330.095751800007,"组别":"3"}},{"type":"Feature","id":8,"geometry":{"type":"Polygon","coordinates":[[[108.11237721747827,34.332681316911888],[108.11156617897221,34.332758395962301],[108.11155074347866,34.332759863212296],[108.11103167536136,34.332840421674689],[108.11050462092054,34.332911591704807],[108.1101051635475,34.332961325667895],[108.10961086502795,34.33301689020125],[108.10851495389078,34.333147035032361],[108.10837708104813,34.333152770655367],[108.10825650200498,34.333136701122861],[108.10643700001584,34.333013043326176],[108.10643968536637,34.333001383943305],[108.10644392552977,34.332982973793158],[108.10713666148983,34.333032602956038],[108.10717051272516,34.333035028070235],[108.10759325991317,34.333065314057869],[108.10763296026626,34.333068158502826],[108.108305539855,34.333116342872927],[108.10834832248281,34.333108492787211],[108.10854207536603,34.333119102926723],[108.10857625740327,34.333120974750699],[108.10887282105178,34.333083750698883],[108.10982407529427,34.332964351936752],[108.10986844888315,34.33295837677796],[108.11090155608835,34.332819270925484],[108.1109435468463,34.332813616659628],[108.11150511247209,34.332731079893215],[108.11155248158563,34.33272411788014],[108.11156053718361,34.332723305518556],[108.11208835666521,34.332670048995162],[108.11237928994771,34.332640694245107],[108.11237721747827,34.332681316911888]]]},"properties":{"FID":8,"OBJECTID_1":11,"一级":"12","一级名":"交通运输用地","二级":"1202","二级名":"公路用地","Shape_Leng":1110.1376372,"备注":"省道","Shape_Area":187496.79821099999,"组别":"3"}},{"type":"Feature","id":9,"geometry":{"type":"Polygon","coordinates":[[[108.10992147064438,34.330969734223324],[108.11246475802383,34.330965999724491],[108.11246229169987,34.331014343958195],[108.1117615330525,34.331012813821552],[108.11172885052129,34.331012742678055],[108.11171593333566,34.331012713895767],[108.10999722082985,34.331008960904072],[108.10996867414735,34.331008899098059],[108.10921004415185,34.331007242245072],[108.10915888615062,34.331007130998614],[108.10839685709227,34.331005466728897],[108.10837162691139,34.331005411531237],[108.10834896560617,34.331005362168995],[108.10789146099833,34.330997333632034],[108.10775088730857,34.330994867441873],[108.10733206338864,34.330987517649994],[108.10729597347067,34.330986884883508],[108.10656241835979,34.330974013082653],[108.10656393980646,34.330936293751662],[108.10834973058894,34.330954625184731],[108.10839400934775,34.330955079111213],[108.10919802418385,34.330963333027491],[108.10950827400508,34.330966517477457],[108.10983418475364,34.330969862121279],[108.10985908445952,34.330969825362892],[108.10992147064438,34.330969734223324]]]},"properties":{"FID":9,"OBJECTID_1":12,"一级":"12","一级名":"交通运输用地","二级":"1202","二级名":"公路用地","Shape_Leng":1095.5747357600001,"备注":"村道","Shape_Area":265354.66361799999,"组别":"3"}},{"type":"Feature","id":10,"geometry":{"type":"Polygon","coordinates":[[[108.10659181354661,34.329183317645857],[108.10659034793375,34.329218754386304],[108.10518463706798,34.329139231257763],[108.1051804324329,34.329082282823741],[108.10527066070057,34.329088741945149],[108.10557651340659,34.32911063708778],[108.10632887009008,34.329164495201162],[108.10659181354661,34.329183317645857]]]},"properties":{"FID":10,"OBJECTID_1":13,"一级":"12","一级名":"交通运输用地","二级":"1202","二级名":"公路用地","Shape_Leng":270.29398345473658,"备注":"村道","Shape_Area":66295.271092499999,"组别":"3"}},{"type":"Feature","id":11,"geometry":{"type":"Polygon","coordinates":[[[108.10823570851016,34.328274041629207],[108.10666895967979,34.328388426130566],[108.10667067760021,34.328343747167231],[108.10687711763516,34.328330350546459],[108.10699204615779,34.32832289319596],[108.10787870801416,34.328265356225351],[108.10823068584756,34.328242515820222],[108.10823570851016,34.328274041629207]]]},"properties":{"FID":11,"OBJECTID_1":14,"一级":"12","一级名":"交通运输用地","二级":"1202","二级名":"公路用地","Shape_Leng":297.23101439718869,"备注":"村道","Shape_Area":60994.596553700001,"组别":"3"}},{"type":"Feature","id":12,"geometry":{"type":"Polygon","coordinates":[[[108.10991927563335,34.330923352251943],[108.10992147064445,34.330969734223373],[108.10985908445952,34.330969825362864],[108.1098587617051,34.330914103249548],[108.10985876134555,34.330914018511315],[108.10985654545961,34.330531604523529],[108.10991906588721,34.329698271660732],[108.10837807258548,34.329718919692077],[108.1083773663957,34.329664090368482],[108.10993332657171,34.32966294239516],[108.10995650064685,34.328989315152974],[108.10996220495581,34.328626591422314],[108.1099506388128,34.328467453216042],[108.10995459879712,34.328391055342777],[108.10995079568893,34.32826700486887],[108.10991550070152,34.328025972049396],[108.10967306786307,34.328011250931027],[108.10823103996796,34.328065555413758],[108.10822414579188,34.32802105261495],[108.10959047348997,34.327971013280127],[108.10996363106005,34.327984752732014],[108.11000641264616,34.328485268706309],[108.11031621386853,34.328485269156346],[108.11069806077428,34.328485269299058],[108.11074247403896,34.328487353111576],[108.11090722045232,34.328495082907139],[108.11107359488246,34.3284774181244],[108.11127324641133,34.328404793763404],[108.11143952587857,34.328326983507928],[108.11207872875954,34.328027866158934],[108.11210482035388,34.328056976385142],[108.11154527000799,34.328322861400544],[108.11133979704393,34.328420496597033],[108.11116432066136,34.328488851335216],[108.11111883387858,34.328506569890052],[108.11108785579474,34.328518637187507],[108.11091910359843,34.328530413857727],[108.110667163225,34.328520600172737],[108.11037031678394,34.328522344815696],[108.10999928343142,34.328524524749163],[108.11000160596473,34.32864202456912],[108.11000878991359,34.329005410134855],[108.10998026954339,34.329519659237221],[108.1099612536317,34.329686494686847],[108.10993986346614,34.330008389889279],[108.10992733183953,34.330218116680221],[108.10990421054404,34.330605068696684],[108.10991927563335,34.330923352251943]]]},"properties":{"FID":12,"OBJECTID_1":15,"一级":"12","一级名":"交通运输用地","二级":"1202","二级名":"公路用地","Shape_Leng":1682.15440945,"备注":"村道","Shape_Area":374196.82151500002,"组别":"3"}},{"type":"Feature","id":13,"geometry":{"type":"Polygon","coordinates":[[[108.10814326511912,34.329819880519018],[108.10773847270772,34.329822161971407],[108.10661403640927,34.329810451368104],[108.10661566046427,34.329773991310581],[108.10770081910599,34.32978117314584],[108.10814987932076,34.329784145334237],[108.1083379119525,34.329785389954822],[108.10834266545379,34.329818756815982],[108.10814326511912,34.329819880519018]]]},"properties":{"FID":13,"OBJECTID_1":16,"一级":"12","一级名":"交通运输用地","二级":"1202","二级名":"公路用地","Shape_Leng":325.36068004000617,"备注":"村道","Shape_Area":67046.477561000007,"组别":"3"}},{"type":"Feature","id":14,"geometry":{"type":"Polygon","coordinates":[[[108.10832215887154,34.32882321043823],[108.10832840366936,34.328862881854832],[108.10833787476453,34.329781820118363],[108.1083379119525,34.329785389954822],[108.10814987932076,34.329784145334237],[108.10770081910599,34.32978117314584],[108.10768652090944,34.3295463487093],[108.10768176191947,34.329482103355666],[108.108095788062,34.329453550159634],[108.10809103003102,34.329263192865476],[108.10796967700462,34.329267952464967],[108.10796015921244,34.329206085819074],[108.1081100648223,34.329187050395333],[108.10809816808749,34.329015729685715],[108.10746285186896,34.329053800400757],[108.10745800272727,34.328988577003862],[108.10745038185948,34.328886061715366],[108.10757780191533,34.328876875530732],[108.10832215887154,34.32882321043823]]]},"properties":{"FID":14,"OBJECTID_1":17,"一级":"09","一级名":"商业服务业用地","二级":"0901","二级名":"商业用地","Shape_Leng":466.86219098492882,"备注":"沿街零售店","Shape_Area":481358.286242,"组别":"3"}},{"type":"Feature","id":15,"geometry":{"type":"Polygon","coordinates":[[[108.108095788062,34.329453550159634],[108.10768176191947,34.329482103355666],[108.10768652090944,34.3295463487093],[108.10770081910599,34.32978117314584],[108.10661566046427,34.329773991310581],[108.10664628119456,34.328977990991319],[108.10664774559865,34.328939902990435],[108.10666452015407,34.32850383326344],[108.106889401743,34.328483562982107],[108.10723775458393,34.328468334400959],[108.10750996518351,34.328437877146285],[108.10758230095975,34.328437877628424],[108.10758230139901,34.328416937995613],[108.10765082961137,34.328416938176105],[108.10810578218245,34.328384577162225],[108.10810387910277,34.328451201994667],[108.10805819342015,34.328455009608753],[108.10806390328099,34.328498791371445],[108.10797255339843,34.328508802673959],[108.10792494288957,34.328514020050825],[108.1079277551659,34.328550572681621],[108.10793065365395,34.328588259300908],[108.10806009663894,34.328574933929254],[108.10807973709024,34.328810213399947],[108.10831752568008,34.328793782040549],[108.10832160341215,34.328819680724841],[108.10832215887154,34.32882321043823],[108.10757780191533,34.328876875530732],[108.10745038185948,34.328886061715366],[108.10745800272727,34.328988577003862],[108.10746285186896,34.329053800400757],[108.10809816808749,34.329015729685715],[108.1081100648223,34.329187050395333],[108.10796015921244,34.329206085819074],[108.10796967700462,34.329267952464967],[108.10809103003102,34.329263192865476],[108.108095788062,34.329453550159634]]]},"properties":{"FID":15,"OBJECTID_1":18,"一级":"07","一级名":"居住用地","二级":"0701","二级名":"城镇住宅用地","Shape_Leng":778.86810348666631,"备注":"居民住宅","Shape_Area":1714980.2388599999,"组别":"3"}},{"type":"Feature","id":16,"geometry":{"type":"Polygon","coordinates":[[[108.10834266545379,34.329818756815982],[108.10834973058894,34.330954625184731],[108.10656393980646,34.330936293751662],[108.10656459942894,34.330919979959241],[108.10657098806116,34.33077658647251],[108.10668815548092,34.330778791345793],[108.10672908195282,34.330775935848344],[108.10673288838089,34.330783550054051],[108.10680903141034,34.330781646447008],[108.10681474237973,34.330803537562801],[108.10686613821255,34.330804488860885],[108.10686423515938,34.330724538981826],[108.10691563154961,34.330721684201535],[108.1069194390805,34.330772128713292],[108.10696322043542,34.330771176378057],[108.10702508707222,34.330787357115589],[108.10703555594334,34.330787356980736],[108.10703460469064,34.330741671604464],[108.10713644521572,34.330741671798137],[108.10713930039503,34.330804489075234],[108.1073030081308,34.330807344071026],[108.10735916328741,34.330806392470762],[108.10740389633921,34.330828283599416],[108.10745338983465,34.330832091312963],[108.10777794787816,34.3308482707697],[108.10782268362699,34.330848384641925],[108.10793548686773,34.330848670204368],[108.1081539029008,34.330849223028075],[108.10815580703799,34.330697889560646],[108.10810060265487,34.330697889623309],[108.10809965136107,34.33065601031241],[108.1080977473957,34.33058557829996],[108.10804444772835,34.330583675430304],[108.10804349547303,34.3305037256304],[108.10808537489504,34.330501821705589],[108.10808727810469,34.330466605432143],[108.1080701457737,34.33046565416339],[108.10806633858839,34.330383800246935],[108.10814248136026,34.330382848677857],[108.10814724040434,34.330025929682755],[108.10814326511912,34.329819880519018],[108.10834266545379,34.329818756815982]]]},"properties":{"FID":16,"OBJECTID_1":19,"一级":"09","一级名":"商业服务业用地","二级":"0901","二级名":"商业用地","Shape_Leng":637.84727112395728,"备注":"沿街零售店","Shape_Area":469128.54354899999,"组别":"3"}},{"type":"Feature","id":17,"geometry":{"type":"Polygon","coordinates":[[[108.1081539029008,34.330849223028075],[108.10793548686773,34.330848670204368],[108.10782268362699,34.330848384641925],[108.10777794787816,34.3308482707697],[108.10745338983465,34.330832091312963],[108.10740389633921,34.330828283599416],[108.10735916328741,34.330806392470762],[108.1073030081308,34.330807344071026],[108.10713930039503,34.330804489075234],[108.10713644521572,34.330741671798137],[108.10703460469064,34.330741671604464],[108.10703555594334,34.330787356980736],[108.10702508707222,34.330787357115589],[108.10696322043542,34.330771176378057],[108.1069194390805,34.330772128713292],[108.10691563154961,34.330721684201535],[108.10686423515938,34.330724538981826],[108.10686613821255,34.330804488860885],[108.10681474237973,34.330803537562801],[108.10680903141034,34.330781646447008],[108.10673288838089,34.330783550054051],[108.10672908195282,34.330775935848344],[108.10668815548092,34.330778791345793],[108.10657098806116,34.33077658647251],[108.106584246086,34.330479041684058],[108.10658588074291,34.33044235264525],[108.10661403640927,34.329810451368104],[108.10773847270772,34.329822161971407],[108.10814326511912,34.329819880519018],[108.10814724040434,34.330025929682755],[108.10814248136026,34.330382848677857],[108.10806633858839,34.330383800246935],[108.1080701457737,34.33046565416339],[108.10808727810469,34.330466605432143],[108.10808537489504,34.330501821705589],[108.10804349547303,34.3305037256304],[108.10804444772835,34.330583675430304],[108.1080977473957,34.33058557829996],[108.10809965136107,34.33065601031241],[108.10810060265487,34.330697889623309],[108.10815580703799,34.330697889560646],[108.1081539029008,34.330849223028075]]]},"properties":{"FID":17,"OBJECTID_1":20,"一级":"07","一级名":"居住用地","二级":"0701","二级名":"城镇住宅用地","Shape_Leng":559.40022445397676,"备注":"居民住宅","Shape_Area":1554176.5725,"组别":"3"}},{"type":"Feature","id":18,"geometry":{"type":"Polygon","coordinates":[[[108.10465575319013,34.326764928938694],[108.10415442576171,34.326782882947164],[108.1041544260838,34.326740052604791],[108.10385056143504,34.326727285128271],[108.10385047995489,34.326728589754282],[108.1031777591181,34.326726325321147],[108.10316950063019,34.326663074428872],[108.10385543292564,34.326641894022167],[108.10385546160488,34.326641391310709],[108.10386630824611,34.326641558180022],[108.1040045195344,34.326643684396387],[108.10414371759711,34.326618699608169],[108.10423294778776,34.326579438949992],[108.10425436238769,34.326625838064992],[108.10437928497129,34.326622269063513],[108.10438642348458,34.326704360103641],[108.10465177608125,34.326704435639776],[108.10465575319013,34.326764928938694]]]},"properties":{"FID":18,"OBJECTID_1":21,"一级":"12","一级名":"交通运输用地","二级":"1202","二级名":"公路用地","Shape_Leng":304.67777658603455,"备注":"村道","Shape_Area":138822.63440899999,"组别":"3"}},{"type":"Feature","id":19,"geometry":{"type":"Polygon","coordinates":[[[108.10496402734867,34.326688530398449],[108.10465069735537,34.326688026872823],[108.10465177608125,34.326704435639776],[108.10438642348458,34.326704360103641],[108.10437928497129,34.326622269063513],[108.10425436238769,34.326625838064992],[108.10423294778776,34.326579438949992],[108.10414371759711,34.326618699608169],[108.1040045195344,34.326643684396387],[108.10386630824611,34.326641558180022],[108.10385546160488,34.326641391310709],[108.10386631818109,34.326448763629188],[108.10387091947668,34.32638270142229],[108.10400641315543,34.326356318052966],[108.10406440611685,34.326342185826284],[108.10414997110556,34.326309209872903],[108.10423078217497,34.326261315662222],[108.10427166264512,34.32622912497439],[108.10432205146898,34.326185157316665],[108.10436293158324,34.326147471159523],[108.10441046821218,34.326087015071579],[108.10447511720668,34.325984161156036],[108.10450458870758,34.325918208773849],[108.10453406199699,34.325854611956842],[108.10454927330987,34.3258012221768],[108.10456353370532,34.32568816135548],[108.10457684418998,34.325591587659289],[108.10459490814148,34.325406293171646],[108.10461107034696,34.325275173110157],[108.10462723238793,34.325045907700215],[108.10465100029076,34.324794659429855],[108.10466240895724,34.324713787562622],[108.1047032894591,34.324659612258657],[108.10472991023488,34.324624280212923],[108.10476223399884,34.324601707380324],[108.1047469112074,34.325346878143201],[108.10483401072293,34.325343974764834],[108.10484506111655,34.325458250792607],[108.10474393727361,34.325480722942643],[108.10469039935431,34.325953640619247],[108.104836141036,34.325929845716324],[108.10485696173687,34.326167792292388],[108.10470824475668,34.326185638174422],[108.1047260911331,34.326438455460021],[108.10493874908833,34.326427113973146],[108.10496402734867,34.326688530398449]]]},"properties":{"FID":19,"OBJECTID_1":22,"一级":"03","一级名":"林地","二级":"0301","二级名":"乔木林地","Shape_Leng":675.32917176224953,"备注":"山坡上的林地","Shape_Area":709653.66657799995,"组别":"3"}},{"type":"Feature","id":20,"geometry":{"type":"Polygon","coordinates":[[[108.10831752568008,34.328793782040549],[108.10807973709024,34.328810213399947],[108.10806009663894,34.328574933929254],[108.10793065365395,34.328588259300908],[108.1079277551659,34.328550572681621],[108.10792494288957,34.328514020050825],[108.10797255339843,34.328508802673959],[108.10806390328099,34.328498791371445],[108.10805819342015,34.328455009608753],[108.10810387910277,34.328451201994667],[108.10810578218245,34.328384577162225],[108.10765082961137,34.328416938176105],[108.10758230139901,34.328416937995613],[108.10758230095975,34.328437877628424],[108.10750996518351,34.328437877146285],[108.10723775458393,34.328468334400959],[108.106889401743,34.328483562982107],[108.10666452015407,34.32850383326344],[108.10666895967979,34.328388426130566],[108.10823570851016,34.328274041629207],[108.10831752568008,34.328793782040549]]]},"properties":{"FID":20,"OBJECTID_1":23,"一级":"09","一级名":"商业服务业用地","二级":"0901","二级名":"商业用地","Shape_Leng":448.97829170792272,"备注":"临街零售店","Shape_Area":277368.810513,"组别":"3"}},{"type":"Feature","id":21,"geometry":{"type":"Polygon","coordinates":[[[108.10659034793375,34.329218754386304],[108.10654592215695,34.330137954206066],[108.10654353526634,34.33018733226146],[108.10650755593917,34.330931756963743],[108.1059590064784,34.330928401520467],[108.1052668276769,34.330924167422545],[108.10523269251163,34.330095713088355],[108.10523269138332,34.330095679734477],[108.10520419908332,34.32940417902406],[108.10518463706798,34.329139231257763],[108.10659034793375,34.329218754386304]]]},"properties":{"FID":21,"OBJECTID_1":24,"一级":"07","一级名":"居住用地","二级":"0701","二级名":"城镇住宅用地","Shape_Leng":632.17233543348243,"备注":"居民住宅","Shape_Area":2355784.8722600001,"组别":"3"}},{"type":"Feature","id":22,"geometry":{"type":"Polygon","coordinates":[[[108.10823068584756,34.328242515820222],[108.10787870801416,34.328265356225351],[108.10786141183704,34.328143656912779],[108.10804463015317,34.328115103219503],[108.10799942083466,34.327996130289264],[108.10795896912549,34.32799612989627],[108.10788044724352,34.327710595027696],[108.10779954584213,34.327727250839295],[108.1077805100085,34.327648728637705],[108.10785665282248,34.327634452435809],[108.10783476131122,34.327465034473093],[108.10778098638036,34.327471458898167],[108.10776551972735,34.327344157936388],[108.10784047199856,34.327340588798222],[108.10783809248431,34.327272774165834],[108.1078142978217,34.327272774381584],[108.10781072871059,34.327214477746324],[108.10785474913115,34.327213287793299],[108.10785118021469,34.327158560127934],[108.10776076017926,34.327174026226743],[108.10774648386574,34.327095504331965],[108.10784761085337,34.32708479675663],[108.10781263704,34.326633560688073],[108.10798113049424,34.326620909580626],[108.10807097619772,34.326606313755924],[108.10810498476657,34.327453585402679],[108.10823068584756,34.328242515820222]]]},"properties":{"FID":22,"OBJECTID_1":25,"一级":"09","一级名":"商业服务业用地","二级":"0901","二级名":"商业用地","Shape_Leng":491.51061169457961,"备注":"临街零售店","Shape_Area":451957.765312,"组别":"3"}},{"type":"Feature","id":23,"geometry":{"type":"Polygon","coordinates":[[[108.10687711763516,34.328330350546459],[108.10667067760021,34.328343747167231],[108.10669904710349,34.32760624490848],[108.10676330795097,34.327482198099446],[108.10701077426972,34.327573191412029],[108.10690829433508,34.327768558247946],[108.10683548319432,34.327768558683331],[108.10684547712154,34.327852791698035],[108.10679979157911,34.327859929820391],[108.10680264641145,34.32791846509393],[108.10680407407983,34.32802554013039],[108.10688545202262,34.328018402412347],[108.10689259001784,34.328104062254482],[108.10684975963692,34.328104062669844],[108.10685404340242,34.328188295252197],[108.10691828867698,34.328185440077462],[108.10691828831098,34.328251113070962],[108.10687545858069,34.328248257598553],[108.10687711763516,34.328330350546459]]]},"properties":{"FID":23,"OBJECTID_1":26,"一级":"09","一级名":"商业服务业用地","二级":"0901","二级名":"商业用地","Shape_Leng":259.79284820218254,"备注":"临街零售店","Shape_Area":164744.27920700001,"组别":"3"}},{"type":"Feature","id":24,"geometry":{"type":"Polygon","coordinates":[[[108.10710031941227,34.326937122609372],[108.1072089798371,34.326979450405418],[108.10723277418577,34.327115079262349],[108.10718161592433,34.327198360634711],[108.10710428268897,34.327319712850674],[108.10716852900282,34.327344697127614],[108.10714830349167,34.327392286959189],[108.1071221286893,34.327445824563817],[108.10703765827706,34.327414891027885],[108.10697938664549,34.327536696172068],[108.10684978519483,34.327489037953306],[108.10677416928722,34.327461231866373],[108.1067889285531,34.327432739361782],[108.10688780432908,34.327271001961293],[108.10699238353126,34.327107695422299],[108.10710031941227,34.326937122609372]]]},"properties":{"FID":24,"OBJECTID_1":27,"一级":"09","一级名":"商业服务业用地","二级":"0901","二级名":"商业用地","Shape_Leng":179.5158743733133,"备注":"临街零售店","Shape_Area":134142.45378899999,"组别":"3"}},{"type":"Feature","id":25,"geometry":{"type":"Polygon","coordinates":[[[108.10787870801416,34.328265356225351],[108.10699204615779,34.32832289319596],[108.10687711763516,34.328330350546459],[108.10687545858069,34.328248257598553],[108.10691828831098,34.328251113070962],[108.10691828867698,34.328185440077462],[108.10685404340242,34.328188295252197],[108.10684975963692,34.328104062669844],[108.10689259001784,34.328104062254482],[108.10688545202262,34.328018402412347],[108.10680407407983,34.32802554013039],[108.10680264641145,34.32791846509393],[108.10679979157911,34.327859929820391],[108.10684547712154,34.327852791698035],[108.10683548319432,34.327768558683331],[108.10690829433508,34.327768558247946],[108.10701077426972,34.327573191412029],[108.10676330795097,34.327482198099446],[108.10677416928722,34.327461231866373],[108.10684978519483,34.327489037953306],[108.10697938664549,34.327536696172068],[108.10703765827706,34.327414891027885],[108.1071221286893,34.327445824563817],[108.10714830349167,34.327392286959189],[108.10716852900282,34.327344697127614],[108.10710428268897,34.327319712850674],[108.10718161592433,34.327198360634711],[108.10723277418577,34.327115079262349],[108.1072089798371,34.326979450405418],[108.10710031941227,34.326937122609372],[108.1071463990485,34.326864302909058],[108.10723196445703,34.326782649252046],[108.10733654322216,34.326719837888241],[108.10750386993769,34.326668019039921],[108.10773014118978,34.326639754350495],[108.10781263704,34.326633560688073],[108.10784761085337,34.32708479675663],[108.10774648386574,34.327095504331965],[108.10776076017926,34.327174026226743],[108.10785118021469,34.327158560127934],[108.10785474913115,34.327213287793299],[108.10781072871059,34.327214477746324],[108.1078142978217,34.327272774381584],[108.10783809248431,34.327272774165834],[108.10784047199856,34.327340588798222],[108.10776551972735,34.327344157936388],[108.10778098638036,34.327471458898167],[108.10783476131122,34.327465034473093],[108.10785665282248,34.327634452435809],[108.1077805100085,34.327648728637705],[108.10779954584213,34.327727250839295],[108.10788044724352,34.327710595027696],[108.10795896912549,34.32799612989627],[108.10799942083466,34.327996130289264],[108.10804463015317,34.328115103219503],[108.10786141183704,34.328143656912779],[108.10787870801416,34.328265356225351]]]},"properties":{"FID":25,"OBJECTID_1":28,"一级":"07","一级名":"居住用地","二级":"0701","二级名":"城镇住宅用地","Shape_Leng":683.80560346425784,"备注":"居民住宅","Shape_Area":1373600.9114999999,"组别":"3"}},{"type":"Feature","id":26,"geometry":{"type":"Polygon","coordinates":[[[108.10662846744495,34.32829727104032],[108.10662755542505,34.328319335616015],[108.10659181354661,34.329183317645857],[108.10632887009008,34.329164495201162],[108.10557651340659,34.32911063708778],[108.10527066070057,34.329088741945149],[108.1051804324329,34.329082282823741],[108.10515012743774,34.328080763737638],[108.10516795335303,34.327975263264868],[108.10516498248032,34.327653851251618],[108.10526896711029,34.327631770248239],[108.10553635671972,34.327617048785946],[108.10557391042013,34.327749931899248],[108.10562334809171,34.327801749755487],[108.10572412398328,34.327864560132319],[108.10580398394234,34.327891254375842],[108.10599412778662,34.327897534653864],[108.10610441148683,34.327903816241587],[108.10624701878361,34.327884973321531],[108.1064029369949,34.327858279379754],[108.10650941750049,34.327828444209267],[108.10661589788782,34.327762493755351],[108.1066538874163,34.327682794867293],[108.10662846744495,34.32829727104032]]]},"properties":{"FID":26,"OBJECTID_1":29,"一级":"07","一级名":"居住用地","二级":"0701","二级名":"城镇住宅用地","Shape_Leng":619.76003395283374,"备注":"居民住宅","Shape_Area":1985018.51205,"组别":"3"}},{"type":"Feature","id":27,"geometry":{"type":"Polygon","coordinates":[[[108.10445837220375,34.330883346444232],[108.10442585238944,34.330882127429163],[108.10409119869394,34.331023444694075],[108.10404746598505,34.331023444897809],[108.10405126919801,34.33060263074573],[108.10409309955165,34.330423627562411],[108.10413683353228,34.330288589827596],[108.10414443936524,34.329993391226466],[108.1041786653398,34.32983322913077],[108.10427754012792,34.329428111720127],[108.10431794493742,34.329229871107145],[108.10442965463258,34.32894919223741],[108.10450095923134,34.328831424865236],[108.10460316092912,34.328713657205796],[108.10466971071828,34.328690104108539],[108.10475326260325,34.328695089985494],[108.10475890051427,34.328791635725565],[108.10472293297009,34.328795144406321],[108.10461256287539,34.328805912287351],[108.10453761044542,34.328866589258347],[108.10451835055463,34.329470041715595],[108.10451619475633,34.329537597028654],[108.1045376101119,34.330205035259326],[108.10444552513,34.330666294045535],[108.10445837220375,34.330883346444232]]]},"properties":{"FID":27,"OBJECTID_1":30,"一级":"03","一级名":"林地","二级":"0301","二级名":"乔木林地","Shape_Leng":579.23237765182193,"备注":"山坡上的林地","Shape_Area":693681.16474499996,"组别":"3"}},{"type":"Feature","id":28,"geometry":{"type":"Polygon","coordinates":[[[108.10413683353228,34.330288589827596],[108.10409309955165,34.330423627562411],[108.10405126919801,34.33060263074573],[108.10404746598505,34.331023444897809],[108.10400143533128,34.331029889028002],[108.1040014354178,34.330790433762829],[108.10401094152213,34.330602009626311],[108.1037786265294,34.330542171616315],[108.1038190777714,34.330239980356914],[108.10409175273728,34.330286005742373],[108.10409175260779,34.33012576639031],[108.10381907819756,34.329985378356504],[108.10392377450862,34.329549936752208],[108.10418418675151,34.329613586406062],[108.1041963316858,34.329557819397337],[108.10423514956335,34.329408226853104],[108.10403084977413,34.32935244105996],[108.1040070556612,34.329064526925379],[108.10419265281102,34.328629084806707],[108.10436635376729,34.328721884239826],[108.10446253378278,34.328806071905205],[108.10458137449541,34.328700080557141],[108.10444249613067,34.32866477712907],[108.10441156368134,34.328576736790865],[108.10457812574913,34.328138915946298],[108.10474354831624,34.328182839938052],[108.10477666666063,34.328001159289222],[108.10473626225107,34.327989381725878],[108.10435973850862,34.328020776357036],[108.10420745336286,34.327023782508803],[108.10410751511611,34.327035679631265],[108.10408372093639,34.32678345690325],[108.10415442576171,34.326782882947164],[108.10465575319013,34.326764928938694],[108.10465177608125,34.326704435639776],[108.10465069735537,34.326688026872823],[108.10496402734867,34.326688530398449],[108.10541900107091,34.326689261055492],[108.10542132016212,34.326711201146821],[108.10538037387839,34.326733172163628],[108.10544690330441,34.327578151144778],[108.10539374846877,34.327578406044509],[108.10516201106684,34.327617661984867],[108.10511447553127,34.327661824954006],[108.10511959537632,34.327957828643534],[108.1051204174106,34.328005318033874],[108.10512614570169,34.328672382151353],[108.10512691357842,34.328717387998687],[108.10520752239876,34.330618866584452],[108.10444552513,34.330666294045535],[108.1045376101119,34.330205035259326],[108.10451619475633,34.329537597028654],[108.10451835055463,34.329470041715595],[108.10453761044542,34.328866589258347],[108.10461256287539,34.328805912287351],[108.10472293297009,34.328795144406321],[108.10475890051427,34.328791635725565],[108.10475326260325,34.328695089985494],[108.10466971071828,34.328690104108539],[108.10460316092912,34.328713657205796],[108.10450095923134,34.328831424865236],[108.10442965463258,34.32894919223741],[108.10431794493742,34.329229871107145],[108.10427754012792,34.329428111720127],[108.1041786653398,34.32983322913077],[108.10414443936524,34.329993391226466],[108.10413683353228,34.330288589827596]]]},"properties":{"FID":28,"OBJECTID_1":31,"一级":"07","一级名":"居住用地","二级":"0701","二级名":"城镇住宅用地","Shape_Leng":1905.77177508,"备注":"居民住宅","Shape_Area":3614626.2878299998,"组别":"3"}},{"type":"Feature","id":29,"geometry":{"type":"Polygon","coordinates":[[[108.10476223399884,34.324601707380324],[108.10482046611348,34.324586985018399],[108.10491672547448,34.324574225941788],[108.10500942083227,34.324585021989215],[108.10507240616964,34.324613483677581],[108.10511400011181,34.324681204346035],[108.10515321706366,34.324736164746447],[108.10517579679451,34.324817624990928],[108.10519005768886,34.324899084261951],[108.10521382644414,34.325066910946035],[108.1052471010173,34.325321104130602],[108.10529582503645,34.325713677850182],[108.10535405657703,34.326139618941475],[108.10540040442841,34.326513346410358],[108.10541900107091,34.326689261055492],[108.10496402734867,34.326688530398449],[108.10493874908833,34.326427113973146],[108.1047260911331,34.326438455460021],[108.10470824475668,34.326185638174422],[108.10485696173687,34.326167792292388],[108.104836141036,34.325929845716324],[108.10469039935431,34.325953640619247],[108.10474393727361,34.325480722942643],[108.10484506111655,34.325458250792607],[108.10483401072293,34.325343974764834],[108.1047469112074,34.325346878143201],[108.10476223399884,34.324601707380324]]]},"properties":{"FID":29,"OBJECTID_1":32,"一级":"07","一级名":"居住用地","二级":"0701","二级名":"城镇住宅用地","Shape_Leng":601.77844448480607,"备注":"居民住宅","Shape_Area":1075901.9358300001,"组别":"3"}},{"type":"Feature","id":30,"geometry":{"type":"Polygon","coordinates":[[[108.10552150240541,34.327577792106069],[108.10544690330441,34.327578151144778],[108.10538037387839,34.326733172163628],[108.10542132016212,34.326711201146821],[108.10542702413765,34.326806202590198],[108.10547456024659,34.327180712355045],[108.10552150240541,34.327577792106069]]]},"properties":{"FID":30,"OBJECTID_1":33,"一级":"03","一级名":"林地","二级":"0303","二级名":"灌木林地","Shape_Leng":201.86876934874979,"备注":"林地","Shape_Area":49748.991013799998,"组别":"3"}},{"type":"Feature","id":31,"geometry":{"type":"Polygon","coordinates":[[[108.11099972372006,34.331980014263955],[108.11080175230268,34.332086614375953],[108.11045149514712,34.33213229966141],[108.11037535238042,34.331941942903491],[108.11010123879646,34.331947653540567],[108.11010885344457,34.33186389632823],[108.11023258525677,34.331863896797536],[108.11022306678399,34.331711610825778],[108.11046672399576,34.331715418194442],[108.11045352769565,34.33121229592809],[108.11045149517129,34.331134829813152],[108.11078796615715,34.331123126639653],[108.11088931567451,34.331119601164758],[108.11088931636164,34.331210972667655],[108.11085314891426,34.331210972057299],[108.11085314861533,34.331315668363857],[108.11093309786452,34.331315668987067],[108.11096355496034,34.331384197288799],[108.11098639810923,34.331386100350713],[108.1110244700497,34.331816307073034],[108.11102256586356,34.331913389376837],[108.11099972372006,34.331980014263955]]]},"properties":{"FID":31,"OBJECTID_1":34,"一级":"15","一级名":"特殊用地","二级":"1503","二级名":"宗教用地","Shape_Leng":375.5737903048564,"备注":"城隍庙","Shape_Area":576825.912044,"组别":"3"}},{"type":"Feature","id":32,"geometry":{"type":"Polygon","coordinates":[[[108.11242764921745,34.331693124012737],[108.11218255901819,34.33170345709339],[108.11218002766796,34.331176510804958],[108.11176775398273,34.331176539799053],[108.11176341904904,34.331062462119441],[108.1117615330525,34.331012813821552],[108.11246229169987,34.331014343958195],[108.11242764921745,34.331693124012737]]]},"properties":{"FID":32,"OBJECTID_1":35,"一级":"09","一级名":"商业服务业用地","二级":"0901","二级名":"商业用地","Shape_Leng":276.99860008070743,"备注":"沿街零售店","Shape_Area":253532.33045400001,"组别":"3"}},{"type":"Feature","id":33,"geometry":{"type":"Polygon","coordinates":[[[108.11208835666521,34.332670048995162],[108.11156053718361,34.332723305518556],[108.11155248158563,34.33272411788014],[108.11154253951112,34.332658431457844],[108.11142117054308,34.331856577463476],[108.11141526176989,34.331817539661749],[108.11158977418175,34.331808877988536],[108.11176322494808,34.331800268420061],[108.11178984541954,34.331757872673279],[108.11198379705297,34.33175078921608],[108.11202022655377,34.332199574835926],[108.11198976947286,34.33221861043566],[108.11208835666521,34.332670048995162]]]},"properties":{"FID":33,"OBJECTID_1":36,"一级":"23","一级名":"其他土地","二级":"2301","二级名":"空闲地","Shape_Leng":310.5755654371527,"备注":"一大片空地","Shape_Area":504485.68842899997,"组别":"3"}},{"type":"Feature","id":34,"geometry":{"type":"Polygon","coordinates":[[[108.11237928994771,34.332640694245107],[108.11208835666521,34.332670048995162],[108.11198976947286,34.33221861043566],[108.11202022655377,34.332199574835926],[108.11198379705297,34.33175078921608],[108.11242553019083,34.331734654521526],[108.11237928994771,34.332640694245107]]]},"properties":{"FID":34,"OBJECTID_1":37,"一级":"09","一级名":"商业服务业用地","二级":"0901","二级名":"商业用地","Shape_Leng":272.55280950727206,"备注":"餐饮","Shape_Area":356800.97616199998,"组别":"3"}},{"type":"Feature","id":35,"geometry":{"type":"Polygon","coordinates":[[[108.10854050248366,34.332962667501135],[108.10854207536603,34.333119102926723],[108.10834832248281,34.333108492787211],[108.1083518428127,34.332955934632309],[108.10845484219945,34.332955053756841],[108.10846150498854,34.332598134116303],[108.10836019076224,34.332594229342213],[108.10838166351331,34.331663825217674],[108.10851171110595,34.331666625444825],[108.10850457306819,34.331202630014012],[108.1091539653727,34.33121660102708],[108.10915487788724,34.331177786908754],[108.10915888615062,34.331007130998614],[108.10921004415185,34.331007242245072],[108.10920349697381,34.331174102477412],[108.10920183599248,34.331216442959395],[108.10996952951821,34.331213899831603],[108.10996912154073,34.331116093915199],[108.10996867414735,34.331008899098059],[108.10999722082985,34.331008960904072],[108.10999723290675,34.331113963708034],[108.10999724368507,34.331213808231702],[108.11045352769564,34.331212295928054],[108.1104667239957,34.331715418194477],[108.11022306678393,34.331711610825664],[108.11023258525664,34.331863896797458],[108.11010885344444,34.331863896328173],[108.11010123879643,34.331947653540652],[108.11037535238034,34.331941942903462],[108.11045149514706,34.332132299661325],[108.1099973498473,34.33214105975793],[108.10999735492527,34.332190742217705],[108.11015116098531,34.332194056642976],[108.11082201283551,34.332208514241749],[108.11082791847144,34.332237917035542],[108.11108853919117,34.332197215179129],[108.11102256586348,34.331913389376787],[108.11102447004961,34.331816307073034],[108.11098639810929,34.331386100350564],[108.11096355496029,34.331384197288727],[108.11093309786452,34.331315668987017],[108.11085314861528,34.331315668363857],[108.11085314891434,34.331210972057221],[108.11088931636152,34.331210972667655],[108.11172278770903,34.331208414861237],[108.11171593333566,34.331012713895767],[108.11176153305253,34.331012813821552],[108.11176341904911,34.331062462119469],[108.11176775398276,34.331176539799138],[108.11218002766796,34.331176510804958],[108.11218255901819,34.33170345709339],[108.11242764921745,34.331693124012737],[108.11242553019083,34.331734654521526],[108.11198379705297,34.33175078921608],[108.11178984541954,34.331757872673279],[108.11176322494801,34.331800268420146],[108.11158977418171,34.331808877988657],[108.11141526176995,34.331817539661813],[108.11142117054311,34.331856577463626],[108.11154253951118,34.332658431457844],[108.11155248158569,34.332724117880169],[108.11150511247209,34.3327310798933],[108.1109435468463,34.332813616659628],[108.11090155608835,34.332819270925484],[108.10986844888315,34.33295837677796],[108.10982407529427,34.332964351936752],[108.10887282105178,34.333083750698883],[108.10888124155908,34.332960763983621],[108.10854050248366,34.332962667501135]],[[108.11000674051172,34.332300600977049],[108.10991338670466,34.332478499374183],[108.10988314671214,34.332536125786596],[108.10987855785747,34.332667968000621],[108.10987746117294,34.332699470361653],[108.10987329442339,34.332819184560016],[108.11055159887972,34.332729738477205],[108.11049258765439,34.332415649695548],[108.11048307050952,34.332239917117647],[108.11000629726371,34.332239917228144],[108.11000674051172,34.332300600977049]]]},"properties":{"FID":35,"OBJECTID_1":38,"一级":"07","一级名":"居住用地","二级":"0701","二级名":"城镇住宅用地","Shape_Leng":1951.3818699000001,"备注":"居民住宅","Shape_Area":4842741.9651199998,"组别":"3"}},{"type":"Feature","id":36,"geometry":{"type":"Polygon","coordinates":[[[108.11048307050952,34.332239917117647],[108.11049258765439,34.332415649695548],[108.11055159887972,34.332729738477205],[108.10987329442339,34.332819184560016],[108.10987746117294,34.332699470361653],[108.10987855785747,34.332667968000621],[108.10988314671214,34.332536125786596],[108.10991338670466,34.332478499374183],[108.11000674051172,34.332300600977049],[108.11000629726371,34.332239917228144],[108.11048307050952,34.332239917117647]]]},"properties":{"FID":36,"OBJECTID_1":39,"一级":"14","一级名":"绿地与开敞空间用地","二级":"1402","二级名":"防护绿地","Shape_Leng":228.49202766945234,"备注":"防护绿地","Shape_Area":322324.29906599998,"组别":"3"}},{"type":"Feature","id":37,"geometry":{"type":"Polygon","coordinates":[[[108.11045352769564,34.331212295928054],[108.10999724368507,34.331213808231702],[108.10999723290675,34.331113963708034],[108.10999722082985,34.331008960904072],[108.11171593333566,34.331012713895767],[108.11172278770903,34.331208414861237],[108.11088931636152,34.331210972667655],[108.11088931567457,34.331119601164644],[108.1107879661571,34.331123126639568],[108.11045149517129,34.331134829813074],[108.11045352769564,34.331212295928054]]]},"properties":{"FID":37,"OBJECTID_1":40,"一级":"09","一级名":"商业服务业用地","二级":"0901","二级名":"商业用地","Shape_Leng":380.35355212190063,"备注":"沿街零售店","Shape_Area":314357.333698,"组别":"3"}},{"type":"Feature","id":38,"geometry":{"type":"Polygon","coordinates":[[[108.10996952951821,34.331213899831603],[108.10920183599248,34.331216442959395],[108.10920349697381,34.331174102477412],[108.10921004415185,34.331007242245072],[108.10996867414735,34.331008899098059],[108.10996912154073,34.331116093915199],[108.10996952951821,34.331213899831603]]]},"properties":{"FID":38,"OBJECTID_1":41,"一级":"09","一级名":"商业服务业用地","二级":"0901","二级名":"商业用地","Shape_Leng":186.41976054262864,"备注":"超市","Shape_Area":161340.15819399999,"组别":"3"}},{"type":"Feature","id":39,"geometry":{"type":"Polygon","coordinates":[[[108.1091539653727,34.33121660102708],[108.10850457306819,34.331202630014012],[108.10851171110595,34.331666625444825],[108.10838166351331,34.331663825217674],[108.10839192568152,34.331219125924761],[108.10839685709227,34.331005466728897],[108.10915888615062,34.331007130998614],[108.10915487788724,34.331177786908754],[108.1091539653727,34.33121660102708]]]},"properties":{"FID":39,"OBJECTID_1":42,"一级":"09","一级名":"商业服务业用地","二级":"0901","二级名":"商业用地","Shape_Leng":289.63708398312997,"备注":"零售超市","Shape_Area":214573.30515599999,"组别":"3"}},{"type":"Feature","id":40,"geometry":{"type":"Polygon","coordinates":[[[108.11108853919117,34.332197215179129],[108.11082791847144,34.332237917035542],[108.11082201283551,34.332208514241749],[108.11015116098531,34.332194056642976],[108.10999735492527,34.332190742217705],[108.1099973498473,34.33214105975793],[108.11045149514706,34.332132299661325],[108.11080175230255,34.332086614375868],[108.11087432341932,34.332047537067503],[108.11097366418984,34.331994046007623],[108.11099972371998,34.33198001426392],[108.11102256586348,34.331913389376787],[108.11108853919117,34.332197215179129]]]},"properties":{"FID":40,"OBJECTID_1":43,"一级":"14","一级名":"绿地与开敞空间用地","二级":"1402","二级名":"防护绿地","Shape_Leng":245.03491811516093,"备注":"防护绿地","Shape_Area":115565.01512500001,"组别":"3"}},{"type":"Feature","id":41,"geometry":{"type":"Polygon","coordinates":[[[108.10887282105178,34.333083750698883],[108.10857625740327,34.333120974750699],[108.10854207536603,34.333119102926723],[108.10854050248366,34.332962667501135],[108.10888124155908,34.332960763983621],[108.10887282105178,34.333083750698883]]]},"properties":{"FID":41,"OBJECTID_1":44,"一级":"09","一级名":"商业服务业用地","二级":"0901","二级名":"商业用地","Shape_Leng":93.12857181428592,"备注":"车行","Shape_Area":48750.031299900002,"组别":"3"}},{"type":"Feature","id":42,"geometry":{"type":"Polygon","coordinates":[[[108.10836019076224,34.332594229342213],[108.10846150498854,34.332598134116303],[108.10845484219945,34.332955053756841],[108.1083518428127,34.332955934632309],[108.10836019076224,34.332594229342213]]]},"properties":{"FID":42,"OBJECTID_1":45,"一级":"09","一级名":"商业服务业用地","二级":"0901","二级名":"商业用地","Shape_Leng":98.540248719158285,"备注":"家具零售","Shape_Area":37481.239064499998,"组别":"3"}},{"type":"Feature","id":43,"geometry":{"type":"Polygon","coordinates":[[[108.10834896560617,34.331005362168995],[108.10833852336368,34.331513018425419],[108.1081892427554,34.331509969971393],[108.1082123754759,34.331155992568334],[108.10789253583805,34.331150228535151],[108.10789146099833,34.330997333632034],[108.10834896560617,34.331005362168995]]]},"properties":{"FID":43,"OBJECTID_1":46,"一级":"09","一级名":"商业服务业用地","二级":"0901","二级名":"商业用地","Shape_Leng":197.89936076958651,"备注":"零售超市","Shape_Area":122287.165035,"组别":"3"}},{"type":"Feature","id":44,"geometry":{"type":"Polygon","coordinates":[[[108.10775088730857,34.330994867441873],[108.10773883595817,34.33114936320807],[108.10732868254085,34.331140067590908],[108.10733206338864,34.330987517649994],[108.10775088730857,34.330994867441873]]]},"properties":{"FID":44,"OBJECTID_1":47,"一级":"09","一级名":"商业服务业用地","二级":"0901","二级名":"商业用地","Shape_Leng":110.40813163081036,"备注":"零售超市","Shape_Area":65023.826662799998,"组别":"3"}},{"type":"Feature","id":45,"geometry":{"type":"Polygon","coordinates":[[[108.10789253583805,34.331150228535151],[108.1078769978881,34.33150359339357],[108.10772958099706,34.331500583304098],[108.10773883595817,34.33114936320807],[108.10775088730857,34.330994867441873],[108.10789146099833,34.330997333632034],[108.10789253583805,34.331150228535151]]]},"properties":{"FID":45,"OBJECTID_1":48,"一级":"08","一级名":"公共管理与公共服务用地","二级":"0801","二级名":"机关团体用地","Shape_Leng":138.83772958736176,"备注":"市场监督局","Shape_Area":77263.578351699995,"组别":"3"}},{"type":"Feature","id":46,"geometry":{"type":"Polygon","coordinates":[[[108.10646447890431,34.332795272840514],[108.10683100503921,34.332813600787816],[108.10685420563476,34.332825498134255],[108.10684468698484,34.332919486810297],[108.10645732310934,34.332902823127057],[108.10646447890431,34.332795272840514]]]},"properties":{"FID":46,"OBJECTID_1":49,"一级":"15","一级名":"特殊用地","二级":"1503","二级名":"宗教用地","Shape_Leng":94.405607963589432,"备注":"地藏庙","Shape_Area":42176.001563799997,"组别":"3"}},{"type":"Feature","id":47,"geometry":{"type":"Polygon","coordinates":[[[108.10407907933708,34.33273329570558],[108.10402577948325,34.33316540586582],[108.10336524089902,34.333091166555242],[108.10330813417814,34.332973144977757],[108.10333478379908,34.332763752453239],[108.10341854110813,34.332649538828996],[108.10407907933708,34.33273329570558]]]},"properties":{"FID":47,"OBJECTID_1":50,"一级":"15","一级名":"特殊用地","二级":"1503","二级名":"宗教用地","Shape_Leng":223.30816358435865,"备注":"清凉寺","Shape_Area":322349.06941400003,"组别":"3"}},{"type":"Feature","id":48,"geometry":{"type":"Polygon","coordinates":[[[108.1063515484981,34.333165990933608],[108.10630536042028,34.333356138715246],[108.10581771190388,34.333281845650887],[108.10584864206895,34.333099899916157],[108.1063515484981,34.333165990933608]]]},"properties":{"FID":48,"OBJECTID_1":51,"一级":"09","一级名":"商业服务业用地","二级":"0901","二级名":"商业用地","Shape_Leng":134.38049559048036,"备注":"沿街零售店","Shape_Area":96823.571308400002,"组别":"3"}},{"type":"Feature","id":49,"geometry":{"type":"Polygon","coordinates":[[[108.10461361857196,34.333417090091011],[108.10484863704824,34.333444580807068],[108.10482579428218,34.333673960730579],[108.10454543930003,34.333631567529217],[108.10461361857196,34.333417090091011]]]},"properties":{"FID":49,"OBJECTID_1":52,"一级":"15","一级名":"特殊用地","二级":"1503","二级名":"宗教用地","Shape_Leng":98.20132746469794,"备注":"睡佛殿","Shape_Area":60000.286033600001,"组别":"3"}},{"type":"Feature","id":50,"geometry":{"type":"Polygon","coordinates":[[[108.10591747441585,34.334902728909562],[108.10582640508936,34.335259170250687],[108.10563822886348,34.335224426935639],[108.10574175084869,34.334850040234471],[108.10591747441585,34.334902728909562]]]},"properties":{"FID":50,"OBJECTID_1":53,"一级":"09","一级名":"商业服务业用地","二级":"0901","二级名":"商业用地","Shape_Leng":117.9604271323056,"备注":"小超市","Shape_Area":72209.784624199994,"组别":"3"}},{"type":"Feature","id":51,"geometry":{"type":"Polygon","coordinates":[[[108.10772958099706,34.331500583304098],[108.10773558658818,34.333075511012247],[108.10763296026626,34.333068158502826],[108.10759325991317,34.333065314057869],[108.10717051272516,34.333035028070235],[108.10713666148983,34.333032602956038],[108.10710656101307,34.33303044657282],[108.10715093975803,34.332156698742573],[108.1070060240498,34.332151101035208],[108.10701042564341,34.331994629678817],[108.10720135338525,34.332007819672818],[108.10717309909452,34.331494554618295],[108.10732491646228,34.331502054221836],[108.10732868254085,34.331140067590908],[108.10773883595817,34.33114936320807],[108.10772958099706,34.331500583304098]]]},"properties":{"FID":51,"OBJECTID_1":54,"一级":"07","一级名":"居住用地","二级":"0701","二级名":"城镇住宅用地","Shape_Leng":566.03264303565106,"备注":"幼儿园","Shape_Area":1094579.6355699999,"组别":"3"}},{"type":"Feature","id":52,"geometry":{"type":"Polygon","coordinates":[[[108.10598743199154,34.330969525970211],[108.10606164203131,34.330969345429821],[108.10650574932252,34.330968268556269],[108.10644969513736,34.332100592108802],[108.105959126474,34.332066221260256],[108.10595940465343,34.332049757257117],[108.10595945488299,34.332046785945707],[108.10597145261812,34.33133767258699],[108.10598743199154,34.330969525970211]]]},"properties":{"FID":52,"OBJECTID_1":55,"一级":"08","一级名":"公共管理与公共服务用地","二级":"0801","二级名":"机关团体用地","Shape_Leng":340.40517327574685,"备注":"巡警大队、旧法院","Shape_Area":578247.23815400002,"组别":"3"}},{"type":"Feature","id":53,"geometry":{"type":"Polygon","coordinates":[[[108.10644969513736,34.332100592108802],[108.10642945094409,34.332509552049324],[108.10642836744989,34.332531439979725],[108.10642659777986,34.332560749903912],[108.10642410470648,34.332602041065478],[108.10642327512062,34.332615437336671],[108.10640119400838,34.332972004738799],[108.10638301412256,34.333047655450869],[108.10638033794304,34.333047469665047],[108.10636147578529,34.333125122012177],[108.1063515484981,34.333165990933608],[108.10584864206895,34.333099899916157],[108.10581771190388,34.333281845650887],[108.10630536042028,34.333356138715246],[108.10624696798908,34.333596528310238],[108.10623850480488,34.333631369377756],[108.10623774121312,34.333634512915538],[108.10556148382462,34.333516579132151],[108.10555388000959,34.333569329574061],[108.10552341186778,34.333780699182512],[108.10569994918416,34.333816264532565],[108.10570009551971,34.333815104199402],[108.10617327197549,34.33389991759789],[108.10616522408982,34.333933048729655],[108.10591747441585,34.334902728909562],[108.10574175084869,34.334850040234471],[108.10563822886348,34.335224426935639],[108.10413312797655,34.334947605000259],[108.10383462498123,34.334898732244639],[108.10378849345207,34.33489117907579],[108.10373843921082,34.334936861764561],[108.10326914842315,34.334837294248644],[108.1031877215847,34.334818886791446],[108.10340505161518,34.334537287050622],[108.10360222977606,34.334585478561927],[108.10437499835932,34.333014754184752],[108.10437499775729,34.332985313595039],[108.10447529954034,34.332485236528399],[108.10524517600464,34.332539848946006],[108.10524553309996,34.332536899892247],[108.10524562547126,34.332536902517269],[108.10524575500546,34.332532722234966],[108.10525191594677,34.33233390774928],[108.1059144102268,34.332355375081242],[108.1059145764235,34.332345376502097],[108.10591979201742,34.332029851648088],[108.10591404169094,34.332029856621631],[108.105410429237,34.332039694391902],[108.10541328334224,34.331828505501072],[108.10533047790776,34.331824222594101],[108.105373307742,34.331521554664064],[108.10549168583316,34.331521317524526],[108.10550715275426,34.33119176206165],[108.10540924548476,34.331175315899458],[108.10542149238044,34.331057322098381],[108.10526796620303,34.331086622523266],[108.105259670639,34.331088205729486],[108.10514649753726,34.331109804810502],[108.10522042731601,34.331414241188256],[108.10510264390329,34.331428518136462],[108.1051086404395,34.331528966024351],[108.10465946970726,34.331541542366551],[108.10446816132547,34.33165432875515],[108.10440553614318,34.331397000954794],[108.10442414807983,34.331158928034647],[108.10444296531205,34.330918240629522],[108.10461214628238,34.330929237641449],[108.10466918925586,34.330922956954424],[108.10522319665962,34.330955965934038],[108.10522402827662,34.330973827470842],[108.10526107757738,34.330971277505085],[108.10526682783178,34.33097127256238],[108.10572564448911,34.330970151616739],[108.10574941295782,34.330970094133491],[108.10598743199154,34.330969525970211],[108.10597145261812,34.33133767258699],[108.10595945488299,34.332046785945707],[108.10595940465343,34.332049757257117],[108.105959126474,34.332066221260256],[108.10644969513736,34.332100592108802]],[[108.10484863704824,34.333444580807026],[108.10461361857195,34.333417090091011],[108.10454543929998,34.333631567529217],[108.10482579428218,34.33367396073055],[108.10484863704824,34.333444580807026]]]},"properties":{"FID":53,"OBJECTID_1":56,"一级":"07","一级名":"居住用地","二级":"0701","二级名":"城镇住宅用地","Shape_Leng":2138.37163831,"备注":"居民住宅","Shape_Area":6822053.4602800002,"组别":"3"}},{"type":"Feature","id":54,"geometry":{"type":"Polygon","coordinates":[[[108.10623774121316,34.333634512915538],[108.10617327202249,34.333899917606409],[108.10570009551974,34.333815104199402],[108.10569994918421,34.333816264532615],[108.10552341186784,34.333780699182512],[108.10555410417649,34.333567774447474],[108.10556148382462,34.33351657913223],[108.10623774121316,34.333634512915538]]]},"properties":{"FID":54,"OBJECTID_1":57,"一级":"15","一级名":"特殊用地","二级":"1503","二级名":"宗教用地","Shape_Leng":184.52517714416695,"备注":"报本寺塔","Shape_Area":186175.92914600001,"组别":"3"}},{"type":"Feature","id":55,"geometry":{"type":"Polygon","coordinates":[[[108.10395703677416,34.331977158886552],[108.10375007369221,34.331979366343546],[108.10376197122434,34.331646241569977],[108.10357161381384,34.331646241347933],[108.10356635565221,34.331550928503333],[108.10352911638239,34.331542697427373],[108.10356422928132,34.331344194344197],[108.10358029244487,34.331078221915561],[108.1040133189525,34.331063255405446],[108.10399668190963,34.331129989120186],[108.10396340625509,34.331363554396702],[108.10395703677416,34.331977158886552]]]},"properties":{"FID":55,"OBJECTID_1":58,"一级":"07","一级名":"居住用地","二级":"0701","二级名":"城镇住宅用地","Shape_Leng":281.06203411956017,"备注":"居民住宅","Shape_Area":310138.50902699999,"组别":"3"}},{"type":"Feature","id":56,"geometry":{"type":"Polygon","coordinates":[[[108.10351506255037,34.332326696138388],[108.10360823355435,34.332310993763933],[108.10369950271247,34.332260748144982],[108.10382880027147,34.332208933194281],[108.10395049155618,34.332124142948402],[108.1039961272074,34.332047205094419],[108.10404049108695,34.33207479061894],[108.10402383485219,34.332336531092039],[108.1038905849764,34.332369843981823],[108.10385608209693,34.332513801130112],[108.10368357190872,34.332491196615621],[108.10366334634489,34.332559010579033],[108.10360742845896,34.332578046714012],[108.1036074283921,34.332478109342752],[108.10350868157488,34.332429330730704],[108.10351506255037,34.332326696138388]]]},"properties":{"FID":56,"OBJECTID_1":59,"一级":"23","一级名":"其他土地","二级":"2301","二级名":"空闲地","Shape_Leng":181.89017955155077,"备注":"一片空地","Shape_Area":126759.42539999999,"组别":"3"}},{"type":"Feature","id":57,"geometry":{"type":"Polygon","coordinates":[[[108.10442414807983,34.331158928034647],[108.10432840591933,34.331144420954203],[108.10427367807921,34.33143233600385],[108.10415589505406,34.331438285052442],[108.10400777021135,34.331389741737951],[108.10405126909961,34.331061129023766],[108.10410831212185,34.331062698703363],[108.10444296531205,34.330918240629522],[108.10442414807983,34.331158928034647]]]},"properties":{"FID":57,"OBJECTID_1":60,"一级":"23","一级名":"其他土地","二级":"2301","二级名":"空闲地","Shape_Leng":170.19945669059453,"备注":"一片空地","Shape_Area":136257.96165000001,"组别":"3"}},{"type":"Feature","id":58,"geometry":{"type":"Polygon","coordinates":[[[108.10524517600464,34.332539848946055],[108.10447529954034,34.332485236528399],[108.1044681613255,34.33165432875515],[108.10465946970726,34.331541542366551],[108.1051086404395,34.331528966024386],[108.10510264390332,34.331428518136505],[108.10522042731601,34.331414241188256],[108.10514649753726,34.331109804810531],[108.105259670639,34.331088205729486],[108.10526796620306,34.331086622523301],[108.10542149238044,34.331057322098381],[108.10540924548479,34.331175315899507],[108.10550715275426,34.331191762061678],[108.10549168583316,34.331521317524526],[108.10537330774203,34.331521554664064],[108.10533047790778,34.331824222594101],[108.10541328334224,34.331828505501072],[108.105410429237,34.332039694391931],[108.10591404169095,34.332029856621631],[108.10591979201743,34.332029851648123],[108.1059145764235,34.332345376502126],[108.10591441022682,34.332355375081278],[108.10525191594677,34.33233390774933],[108.10524575500546,34.332532722234966],[108.10524562547128,34.332536902517269],[108.10524553309999,34.332536899892297],[108.10524517600464,34.332539848946055]]]},"properties":{"FID":58,"OBJECTID_1":61,"一级":"03","一级名":"林地","二级":"0301","二级名":"乔木林地","Shape_Leng":610.31245869304757,"备注":"林地","Shape_Area":1184741.03217,"组别":"3"}},{"type":"Feature","id":59,"geometry":{"type":"Polygon","coordinates":[[[108.1031877215847,34.334818886791446],[108.10294191484537,34.334766775357657],[108.10294458204383,34.334762201124931],[108.10306416412052,34.334490805673767],[108.10325347746669,34.334120944115909],[108.10337391841028,34.333860858448247],[108.10344841076987,34.333646129800421],[108.10343664934032,34.333433859161609],[108.10324952988506,34.333157807124529],[108.10324808464728,34.333153004413262],[108.10324468129107,34.333150654102923],[108.10339099344803,34.332323536018471],[108.10351506255037,34.332326696138388],[108.10350868157488,34.332429330730704],[108.1036074283921,34.332478109342752],[108.10360742845896,34.332578046714012],[108.10366334634489,34.332559010579033],[108.10368357190872,34.332491196615621],[108.10385608209693,34.332513801130112],[108.1038905849764,34.332369843981823],[108.10402383485219,34.332336531092039],[108.10404049108695,34.33207479061894],[108.1039961272074,34.332047205094419],[108.10400753581544,34.331781845112346],[108.10399993018702,34.331448965844992],[108.10400777021135,34.331389741737951],[108.10415589505406,34.331438285052442],[108.10427367807921,34.33143233600385],[108.10432840591933,34.331144420954203],[108.10442414807983,34.331158928034647],[108.10440553614318,34.331397000954794],[108.10446816132539,34.331654328755185],[108.10447529954024,34.332485236528278],[108.10437499775729,34.332985313595039],[108.10437499835932,34.333014754184752],[108.10360222977606,34.334585478561927],[108.10340505161518,34.334537287050622],[108.1031877215847,34.334818886791446]],[[108.10333478379908,34.332763752453239],[108.10330813417814,34.332973144977757],[108.10336524089902,34.333091166555242],[108.10402577948325,34.33316540586582],[108.10407907933708,34.33273329570558],[108.10341854110813,34.332649538828996],[108.10333478379908,34.332763752453239]]]},"properties":{"FID":59,"OBJECTID_1":62,"一级":"03","一级名":"林地","二级":"0301","二级名":"乔木林地","Shape_Leng":1260.3233541499999,"备注":"山坡上的林地","Shape_Area":2010505.27908,"组别":"3"}},{"type":"Feature","id":60,"geometry":{"type":"Polygon","coordinates":[[[108.10904960347655,34.330803601610292],[108.10903430767583,34.330961523322443],[108.10903429588821,34.330961651343365],[108.10878880068699,34.330959130972232],[108.10878879732579,34.33095905254627],[108.10878500725327,34.33086070783424],[108.10895442403158,34.330860708670492],[108.1089601350031,34.330799794056666],[108.10904960347655,34.330803601610292]]]},"properties":{"FID":60,"OBJECTID_1":63,"一级":"09","一级名":"商业服务业用地","二级":"0901","二级名":"商业用地","Shape_Leng":81.718046509760555,"备注":"沿街零售店","Shape_Area":31081.3053081,"组别":"3"}},{"type":"Feature","id":61,"geometry":{"type":"Polygon","coordinates":[[[108.10860797466974,34.330872129886039],[108.10861553132312,34.330957308724521],[108.10861553464002,34.330957352894224],[108.10839400934775,34.330955079111213],[108.10837807258538,34.329718919692077],[108.10873019926025,34.329714202017911],[108.10872135681939,34.329824238470046],[108.10856669112074,34.329818289775957],[108.10858156249974,34.329996749320422],[108.10872433118648,34.329987826891227],[108.10872433106709,34.330121671743782],[108.10862022894707,34.330127620150286],[108.10861725492754,34.330196029954266],[108.10875407358431,34.330199004217768],[108.10876002253961,34.330252541561812],[108.10872730453707,34.330252541766981],[108.1087213564315,34.330320951508014],[108.10873325398757,34.330398283599067],[108.10856966575179,34.330386386740265],[108.10857371069828,34.330527584091612],[108.10853563916726,34.330523776624382],[108.108533735777,34.330571365745456],[108.1084975680494,34.330567558382086],[108.10850327844328,34.330664640233358],[108.10859084265005,34.330666544076571],[108.10858513253659,34.330735072591111],[108.10856038607096,34.330735072895301],[108.10856228981329,34.330786469204526],[108.10848614707653,34.330782662111382],[108.10847853227303,34.330868322268024],[108.10860797466974,34.330872129886039]]]},"properties":{"FID":61,"OBJECTID_1":64,"一级":"09","一级名":"商业服务业用地","二级":"0901","二级名":"商业用地","Shape_Leng":434.63628961576967,"备注":"沿街零售店","Shape_Area":296007.80790900002,"组别":"3"}},{"type":"Feature","id":62,"geometry":{"type":"Polygon","coordinates":[[[108.10984745132691,34.329663005029559],[108.10941616587273,34.329663323511816],[108.10940426166441,34.329556153325697],[108.10984148813172,34.329553178298326],[108.10984745132691,34.329663005029559]]]},"properties":{"FID":62,"OBJECTID_1":65,"一级":"09","一级名":"商业服务业用地","二级":"0901","二级名":"商业用地","Shape_Leng":104.06138437808838,"备注":"沿街零售店","Shape_Area":48112.857735099999,"组别":"3"}},{"type":"Feature","id":63,"geometry":{"type":"Polygon","coordinates":[[[108.10916632267575,34.329663507716838],[108.10837736639563,34.329664090368397],[108.10835454917077,34.32886288216325],[108.10823103996792,34.32806555541368],[108.10851736447943,34.328054772722744],[108.10853813753042,34.328118958792551],[108.10839537029329,34.32811895813014],[108.10840726776784,34.328267675065611],[108.1085916758059,34.328261725974933],[108.10859167552377,34.328345007621351],[108.10843403632292,34.328345007569808],[108.10845188238795,34.328461006236701],[108.1085797786005,34.328461005594654],[108.10859465015403,34.328568081298926],[108.10866008548935,34.328577004726263],[108.1086749566537,34.328687054409137],[108.10846675428206,34.328695977958553],[108.10853516321578,34.329121306106686],[108.10865413639122,34.329118332091895],[108.10864283456104,34.329336052783361],[108.10865175733389,34.329371744464666],[108.10861011675405,34.32937471933203],[108.10862201437138,34.329481794949807],[108.1085357583864,34.329484768789499],[108.10854468156582,34.32956805062377],[108.10869042386491,34.329576973142828],[108.10871124324076,34.329562101842797],[108.10908005956978,34.329556153148758],[108.10910385484887,34.329588870178682],[108.10917226418655,34.329571024772996],[108.10916632267575,34.329663507716838]]]},"properties":{"FID":63,"OBJECTID_1":66,"一级":"09","一级名":"商业服务业用地","二级":"0901","二级名":"商业用地","Shape_Leng":619.901104051625,"备注":"临街零售店","Shape_Area":420069.688272,"组别":"3"}},{"type":"Feature","id":64,"geometry":{"type":"Polygon","coordinates":[[[108.10848229029489,34.328011598449116],[108.10822414579179,34.328021052614915],[108.1081763348752,34.327712402927702],[108.10841581239441,34.327676679964014],[108.10843855741132,34.327778814917544],[108.10849185716832,34.327763585845709],[108.10852992913014,34.327868281835663],[108.10836812583186,34.327891125347584],[108.10837764309545,34.327955846068683],[108.1084690149554,34.327940617565496],[108.10848229029489,34.328011598449116]]]},"properties":{"FID":64,"OBJECTID_1":67,"一级":"09","一级名":"商业服务业用地","二级":"0901","二级名":"商业用地","Shape_Leng":148.41357462702319,"备注":"临街零售店","Shape_Area":84424.144617099999,"组别":"3"}},{"type":"Feature","id":65,"geometry":{"type":"Polygon","coordinates":[[[108.10847127450342,34.327533135576488],[108.10832089353114,34.327550267032436],[108.10834266631878,34.327652747232243],[108.10817119605343,34.327679224798565],[108.10813350750173,34.327435919110542],[108.10813263881165,34.327157711551827],[108.10813469242397,34.327157645733337],[108.10829805022475,34.3271524215317],[108.10840845679489,34.327154325141294],[108.10842558909157,34.32727234649203],[108.10828282220257,34.327272346598114],[108.10829043612867,34.327348488996137],[108.10832850784693,34.327356103503554],[108.10834754292637,34.327392271271286],[108.10829614657555,34.327388463794691],[108.10829233990741,34.327432245855817],[108.10844462470045,34.327417017581581],[108.10847127450342,34.327533135576488]]]},"properties":{"FID":65,"OBJECTID_1":68,"一级":"09","一级名":"商业服务业用地","二级":"0901","二级名":"商业用地","Shape_Leng":204.6619666613592,"备注":"临街零售店","Shape_Area":120338.24460999999,"组别":"3"}},{"type":"Feature","id":66,"geometry":{"type":"Polygon","coordinates":[[[108.10832739320821,34.327015535203046],[108.10827028559373,34.32701743824996],[108.10813223665599,34.327028874724242],[108.10813090394865,34.326601545203374],[108.10830057176,34.326598926121257],[108.10829312902338,34.326718578377523],[108.10832929616984,34.3267147709822],[108.10833881382982,34.326798528326719],[108.10828741839022,34.326813756551424],[108.10828932186902,34.326857538976419],[108.10828741760166,34.326907031152722],[108.10825886451052,34.326912742046829],[108.10826457491319,34.326960331673121],[108.10831787474039,34.326964138381463],[108.10832739320821,34.327015535203046]]]},"properties":{"FID":66,"OBJECTID_1":69,"一级":"09","一级名":"商业服务业用地","二级":"0901","二级名":"商业用地","Shape_Leng":141.10079571815905,"备注":"临街零售店","Shape_Area":73264.537320400006,"组别":"3"}},{"type":"Feature","id":67,"geometry":{"type":"Polygon","coordinates":[[[108.11166982352481,34.330967167107403],[108.11079930316724,34.330968445519474],[108.1099214706432,34.330969733321865],[108.10991927595015,34.330923352241498],[108.1100351323371,34.330923274339497],[108.11002799385344,34.33084237274587],[108.11010413653933,34.330835233987486],[108.11011841306581,34.330920894392001],[108.11019217666926,34.330920894750889],[108.11017789968712,34.33080668081503],[108.11033494401441,34.330818577813773],[108.11033732401576,34.330868546618575],[108.11039681060615,34.330875685030435],[108.11039918985104,34.330830475367314],[108.11051816288951,34.330828095419747],[108.11051102413897,34.330873305774276],[108.11065617120349,34.33087806434434],[108.11065617093141,34.330901858961191],[108.11084414929316,34.330897100417346],[108.11084176985749,34.330870926239108],[108.1109512247595,34.330870926284419],[108.11095360447732,34.330851890238044],[108.11123913974438,34.330847131005498],[108.11124151902713,34.330813819085385],[108.11141521971504,34.330828095706288],[108.11140570194311,34.330889961353201],[108.11152229525159,34.330887582594947],[108.11152467511447,34.330723399826326],[108.11166268338576,34.330711502514731],[108.11166982352481,34.330967167107403]]]},"properties":{"FID":67,"OBJECTID_1":70,"一级":"09","一级名":"商业服务业用地","二级":"0901","二级名":"商业用地","Shape_Leng":439.9609857524211,"备注":"餐饮","Shape_Area":209780.73723299999,"组别":"3"}},{"type":"Feature","id":68,"geometry":{"type":"Polygon","coordinates":[[[108.11246475802393,34.330965999724576],[108.11166982352489,34.330967167107353],[108.11166259800905,34.330709321157997],[108.11175062483098,34.330713445222635],[108.11181011055079,34.330715824927104],[108.11181962917739,34.330827659498695],[108.11218606606553,34.330851454326385],[108.1121932035698,34.330787209084541],[108.11247178004437,34.330828397381396],[108.11246475802393,34.330965999724576]]]},"properties":{"FID":68,"OBJECTID_1":71,"一级":"09","一级名":"商业服务业用地","二级":"0901","二级名":"商业用地","Shape_Leng":210.09404587785576,"备注":"沿街零售店","Shape_Area":132423.82615099999,"组别":"3"}},{"type":"Feature","id":69,"geometry":{"type":"Polygon","coordinates":[[[108.11250591035468,34.33015963405672],[108.11248485193055,34.330572270739445],[108.11221045518974,34.330552831400666],[108.11223394552121,34.330406017952548],[108.11227707970509,34.33013642626802],[108.11250591035468,34.33015963405672]]]},"properties":{"FID":69,"OBJECTID_1":72,"一级":"09","一级名":"商业服务业用地","二级":"0901","二级名":"商业用地","Shape_Leng":138.96905819428508,"备注":"沿街零售店","Shape_Area":107425.724457,"组别":"3"}},{"type":"Feature","id":70,"geometry":{"type":"Polygon","coordinates":[[[108.11248485193055,34.330572270739445],[108.1124717800443,34.330828397381261],[108.11219320356972,34.330787209084392],[108.11187733085785,34.330762224113613],[108.11190112532439,34.330636112989865],[108.11176073676364,34.330638492191163],[108.11174883933501,34.330457653136769],[108.11187733090155,34.330455274000784],[108.11187495091258,34.330383889616414],[108.11223394552121,34.330406017952548],[108.11221045518974,34.330552831400666],[108.11248485193055,34.330572270739445]]]},"properties":{"FID":70,"OBJECTID_1":73,"一级":"09","一级名":"商业服务业用地","二级":"0901","二级名":"商业用地","Shape_Leng":225.49796549750957,"备注":"沿街零售店","Shape_Area":220208.29914399999,"组别":"3"}},{"type":"Feature","id":71,"geometry":{"type":"Polygon","coordinates":[[[108.11257031494043,34.328897648607864],[108.11252094107871,34.329865112362604],[108.1121519204129,34.329854697987891],[108.11219236918728,34.329423244942419],[108.11219475097565,34.3293978416973],[108.11223758065104,34.32940498005285],[108.11225542676023,34.328873170325281],[108.11257031494043,34.328897648607864]]]},"properties":{"FID":71,"OBJECTID_1":74,"一级":"09","一级名":"商业服务业用地","二级":"0901","二级名":"商业用地","Shape_Leng":284.36731461530115,"备注":"沿街零售店","Shape_Area":332526.77718700003,"组别":"3"}},{"type":"Feature","id":72,"geometry":{"type":"Polygon","coordinates":[[[108.11241873817173,34.328407215610561],[108.11217750526085,34.328435499958957],[108.11166734927917,34.328517353819279],[108.11158359162201,34.32850402872679],[108.11153600254627,34.328395525493185],[108.11154526985743,34.328322861182485],[108.11210482035376,34.328056976385056],[108.11241873817173,34.328407215610561]]]},"properties":{"FID":72,"OBJECTID_1":75,"一级":"09","一级名":"商业服务业用地","二级":"0901","二级名":"商业用地","Shape_Leng":206.75943374337962,"备注":"台球厅","Shape_Area":231140.31961800001,"组别":"3"}},{"type":"Feature","id":73,"geometry":{"type":"Polygon","coordinates":[[[108.11182995956479,34.328144278424645],[108.11143952585358,34.328326983471143],[108.11128844428268,34.327929317420427],[108.11171674708591,34.327834139293337],[108.11182995956479,34.328144278424645]]]},"properties":{"FID":73,"OBJECTID_1":76,"一级":"09","一级名":"商业服务业用地","二级":"0901","二级名":"商业用地","Shape_Leng":164.25631241234839,"备注":"车辆养护","Shape_Area":166641.57801699999,"组别":"3"}},{"type":"Feature","id":74,"geometry":{"type":"Polygon","coordinates":[[[108.11207872875954,34.328027866158934],[108.11207768299236,34.328028355719383],[108.11182995956479,34.328144278424645],[108.11171674708591,34.327834139293337],[108.11187117784834,34.327810567892207],[108.11207872875954,34.328027866158934]]]},"properties":{"FID":74,"OBJECTID_1":77,"一级":"09","一级名":"商业服务业用地","二级":"0901","二级名":"商业用地","Shape_Leng":107.43634305119249,"备注":"沿街零售店","Shape_Area":65734.088373999999,"组别":"3"}},{"type":"Feature","id":75,"geometry":{"type":"Polygon","coordinates":[[[108.11000160568929,34.328642024572808],[108.10999928343145,34.328524524749028],[108.11037031678285,34.32852234468811],[108.11036028689232,34.328639134450306],[108.11000160568929,34.328642024572808]]]},"properties":{"FID":75,"OBJECTID_1":78,"一级":"09","一级名":"商业服务业用地","二级":"0901","二级名":"商业用地","Shape_Leng":93.180321139762242,"备注":"网吧","Shape_Area":43622.258966900001,"组别":"3"}},{"type":"Feature","id":76,"geometry":{"type":"Polygon","coordinates":[[[108.10908578830342,34.326765014309792],[108.10859577820071,34.326778435669979],[108.1085749263784,34.326586061051771],[108.10857492066697,34.326586008359207],[108.10857949868952,34.326585845755716],[108.10888637616863,34.326574945603191],[108.10906187429048,34.326568711647745],[108.10908578830342,34.326765014309792]]]},"properties":{"FID":76,"OBJECTID_1":79,"一级":"09","一级名":"商业服务业用地","二级":"0901","二级名":"商业用地","Shape_Leng":133.293622851978,"备注":"临街零售店","Shape_Area":97276.402299099995,"组别":"3"}},{"type":"Feature","id":77,"geometry":{"type":"Polygon","coordinates":[[[108.10944476962074,34.326662318082064],[108.10929819569549,34.326679450040992],[108.10931342394811,34.326746074944822],[108.10913445584941,34.326755595552761],[108.10911635445882,34.326565565347316],[108.10911634813147,34.326565498921369],[108.10948136490845,34.326543966681555],[108.10948189788657,34.326544002052017],[108.10956839310538,34.326549742178436],[108.10961418780653,34.326717521201672],[108.10954565880451,34.326717521217624],[108.10953043097396,34.326654703303177],[108.10944476962074,34.326662318082064]]]},"properties":{"FID":77,"OBJECTID_1":80,"一级":"09","一级名":"商业服务业用地","二级":"0901","二级名":"商业用地","Shape_Leng":140.93949229420323,"备注":"临街零售店","Shape_Area":72225.616578700006,"组别":"3"}},{"type":"Feature","id":78,"geometry":{"type":"Polygon","coordinates":[[[108.10985908445952,34.330969825362864],[108.10983418475378,34.3309698621214],[108.10950827400508,34.330966517477542],[108.10919802418385,34.330963333027519],[108.10919804137991,34.330963171381505],[108.10921331041834,34.330815022639527],[108.10954833817289,34.330841672302078],[108.10955785584487,34.330887358106573],[108.10967587660801,34.33088545491001],[108.1096796846607,34.330860708523566],[108.10977295857464,34.330856900927948],[108.1097843807818,34.330919718573746],[108.10985876134555,34.330914018511315],[108.1098587617051,34.330914103249548],[108.10985908445952,34.330969825362864]]]},"properties":{"FID":78,"OBJECTID_1":81,"一级":"09","一级名":"商业服务业用地","二级":"0901","二级名":"商业用地","Shape_Leng":155.80186023128294,"备注":"沿街零售店","Shape_Area":74549.749602399999,"组别":"3"}},{"type":"Feature","id":79,"geometry":{"type":"Polygon","coordinates":[[[108.10985654531702,34.330531606423108],[108.10932010949537,34.330522672287017],[108.10930226421748,34.33057026122583],[108.10902862657993,34.330552415111434],[108.10905539480562,34.330237136689789],[108.10915652187482,34.330237136740998],[108.10915339884393,34.329708531142586],[108.1099190658871,34.329698271660703],[108.10985654531702,34.330531606423108]]]},"properties":{"FID":79,"OBJECTID_1":82,"一级":"08","一级名":"公共管理与公共服务用地","二级":"0806","二级名":"医疗卫生用地","Shape_Leng":346.25829401610929,"备注":"中心医院","Shape_Area":659231.86051100004,"组别":"3"}},{"type":"Feature","id":80,"geometry":{"type":"Polygon","coordinates":[[[108.11169147022666,34.327622422453295],[108.11187117784834,34.327810567892207],[108.11171674708591,34.327834139293337],[108.11128844428272,34.327929317420427],[108.11110738470353,34.327890488198065],[108.11108359032457,34.327735823513272],[108.11107764163312,34.327444339967123],[108.11093189895442,34.327289674904556],[108.11080995244936,34.327253982925761],[108.11083039807534,34.326952268873583],[108.11085850538564,34.327031575700758],[108.11093456302598,34.327090461082847],[108.11101062039465,34.327163085912325],[108.11111995267353,34.327227859244296],[108.11131585549455,34.327229167882308],[108.11153017735553,34.327453555446823],[108.11169147022666,34.327622422453295]]]},"properties":{"FID":80,"OBJECTID_1":83,"一级":"07","一级名":"居住用地","二级":"0701","二级名":"城镇住宅用地","Shape_Leng":331.3969207062006,"备注":"居民住宅","Shape_Area":416398.085555,"组别":"3"}},{"type":"Feature","id":81,"geometry":{"type":"Polygon","coordinates":[[[108.10878500725327,34.33086070783424],[108.10878879732579,34.33095905254627],[108.10878880068699,34.330959130972232],[108.10861553464002,34.330957352894224],[108.10861553132312,34.330957308724521],[108.10860797466974,34.330872129886039],[108.10878500725327,34.33086070783424]]]},"properties":{"FID":81,"OBJECTID_1":84,"一级":"08","一级名":"公共管理与公共服务用地","二级":"0806","二级名":"医疗卫生用地","Shape_Leng":52.689428134218232,"备注":"村卫生院","Shape_Area":16445.506608,"组别":"3"}},{"type":"Feature","id":82,"geometry":{"type":"Polygon","coordinates":[[[108.10834175518488,34.327069835921826],[108.10828464774039,34.327076974785719],[108.10829805022486,34.327152421531792],[108.10813469242397,34.327157645733301],[108.1081326393919,34.327157711533303],[108.1081322366561,34.32702887472432],[108.10827028559373,34.327017438249989],[108.10832739320837,34.327015535203046],[108.10834175518488,34.327069835921826]]]},"properties":{"FID":82,"OBJECTID_1":85,"一级":"08","一级名":"公共管理与公共服务用地","二级":"0806","二级名":"医疗卫生用地","Shape_Leng":67.494483559953281,"备注":"村卫生院","Shape_Area":24082.962520599998,"组别":"3"}},{"type":"Feature","id":83,"geometry":{"type":"Polygon","coordinates":[[[108.11031621386847,34.328485268590342],[108.11000641264616,34.328485268706224],[108.10996363105995,34.327984752732014],[108.10969841070195,34.327974987738628],[108.10970558455085,34.327495736116376],[108.10956638573404,34.327495736325837],[108.10943789524232,34.327249461621626],[108.10974841489237,34.327228046686081],[108.10971629246309,34.327072786988602],[108.11020021512238,34.327081471896122],[108.1102418560791,34.328080845823017],[108.11035488035908,34.328086793877205],[108.11031621386847,34.328485268590342]]]},"properties":{"FID":83,"OBJECTID_1":87,"一级":"15","一级名":"特殊用地","二级":"1504","二级名":"文物古迹用地","Shape_Leng":460.73653521024835,"备注":"菩萨庙","Shape_Area":695061.04885999998,"组别":"3"}},{"type":"Feature","id":84,"geometry":{"type":"Polygon","coordinates":[[[108.11225542676023,34.328873170325281],[108.11161748171932,34.328921925028503],[108.11158359162201,34.32850402872679],[108.11166734927917,34.328517353819279],[108.11217750526085,34.328435499958957],[108.11241873817173,34.328407215610561],[108.11254458113932,34.328547617680172],[108.1125846304932,34.328617158173309],[108.11257031494043,34.328897648607864],[108.11225542676023,34.328873170325281]]]},"properties":{"FID":84,"OBJECTID_1":88,"一级":"08","一级名":"公共管理与公共服务用地","二级":"0803","二级名":"文化用地","Shape_Leng":271.71135979128042,"备注":"武功镇文体中心","Shape_Area":424183.901289,"组别":"3"}},{"type":"Feature","id":85,"geometry":{"type":"Polygon","coordinates":[[[108.11250591035468,34.33015963405672],[108.11227707970509,34.33013642626802],[108.11223394552121,34.330406017952548],[108.11187495091258,34.330383889616414],[108.11175906721343,34.33036526623539],[108.1117781030447,34.330220118365958],[108.11169646796738,34.330214907461738],[108.11166626845871,34.33021298058933],[108.11169006261476,34.329903650472431],[108.11158060831048,34.329917926956185],[108.1115925051503,34.329606217853325],[108.11165199117089,34.329608597635513],[108.11165437089382,34.329537213404578],[108.11191373233515,34.32955149052507],[108.11191611148763,34.329411102336536],[108.11219236918728,34.329423244942419],[108.1121519204129,34.329854697987891],[108.11252094107871,34.329865112362604],[108.11250591035468,34.33015963405672]]]},"properties":{"FID":85,"OBJECTID_1":89,"一级":"10","一级名":"工矿用地","二级":"1001","二级名":"工业用地","Shape_Leng":394.10633782278228,"备注":"酒厂","Shape_Area":595312.67373599997,"组别":"3"}},{"type":"Feature","id":86,"geometry":{"type":"Polygon","coordinates":[[[108.10921331041834,34.330815022639406],[108.10919804137987,34.33096317138147],[108.10919802420119,34.330963331860559],[108.10903429588821,34.330961651343365],[108.10903430767583,34.330961523322443],[108.10904960347655,34.330803601610292],[108.10906339383476,34.330739447983397],[108.10921686901746,34.330747776120276],[108.10921331041834,34.330815022639406]]]},"properties":{"FID":86,"OBJECTID_1":90,"一级":"13","一级名":"公用设施用地","二级":"1307","二级名":"邮政用地","Shape_Leng":78.017997741702558,"备注":"中国邮政","Shape_Area":36426.577403199997,"组别":"3"}},{"type":"Feature","id":87,"geometry":{"type":"Polygon","coordinates":[[[108.10848229029489,34.328011598449116],[108.1084690149554,34.327940617565496],[108.10837764309545,34.327955846068683],[108.10836812583186,34.327891125347584],[108.10852992913014,34.327868281835663],[108.10849185716832,34.327763585845709],[108.10843855741132,34.327778814917544],[108.10841581246903,34.327676680308308],[108.1081763348752,34.327712402927702],[108.10817119605343,34.327679224798565],[108.10834266640251,34.327652747605526],[108.10832089353114,34.327550267032436],[108.10847127450342,34.327533135576488],[108.10844462470045,34.327417017581581],[108.10829233990741,34.327432245855817],[108.10829614657555,34.327388463794691],[108.10834754292637,34.327392271271286],[108.10832850784693,34.327356103503554],[108.10829043612867,34.327348488996137],[108.10828282220257,34.327272346598114],[108.10842558909157,34.32727234649203],[108.10840845679489,34.327154325141294],[108.10829805022475,34.3271524215317],[108.10828464774032,34.327076974785683],[108.10834175518488,34.327069835921506],[108.10832739320821,34.327015535203046],[108.10831787474039,34.326964138381463],[108.10826457491319,34.326960331673121],[108.10825886451052,34.326912742046829],[108.10828741760166,34.326907031152722],[108.10828932186902,34.326857538976419],[108.10828741839022,34.326813756551424],[108.10833881382982,34.326798528326719],[108.10832929616984,34.3267147709822],[108.10829312902338,34.326718578377523],[108.1083005710653,34.326598937289226],[108.10857492066697,34.326586008359207],[108.1085749263784,34.326586061051771],[108.10859577820071,34.326778435669979],[108.10908578830342,34.326765014309792],[108.10906187429048,34.326568711647745],[108.10911634813138,34.326565498921333],[108.10913445596948,34.326755595544846],[108.109313423948,34.326746074944765],[108.10929819569549,34.326679450040928],[108.10944476962074,34.326662318082064],[108.10953043097395,34.326654703303142],[108.10954565880442,34.326717521217546],[108.10961418780647,34.326717521201608],[108.10971629246309,34.327072786988602],[108.10974841489237,34.327228046686081],[108.10943789524232,34.327249461621626],[108.10956638573404,34.327495736325837],[108.10970558455085,34.327495736116376],[108.10969841070195,34.327974987738628],[108.10959047348989,34.327971013280091],[108.10848229029489,34.328011598449116]]]},"properties":{"FID":87,"OBJECTID_1":91,"一级":"07","一级名":"居住用地","二级":"0701","二级名":"城镇住宅用地","Shape_Leng":798.50683592123619,"备注":"居民住宅","Shape_Area":1700968.9597799999,"组别":"3"}},{"type":"Feature","id":88,"geometry":{"type":"Polygon","coordinates":[[[108.10941616587273,34.329663323511816],[108.10916632267575,34.329663507716838],[108.10917226418655,34.329571024772996],[108.10910385484887,34.329588870178682],[108.10908005956978,34.329556153148758],[108.10871124324076,34.329562101842797],[108.10869042386491,34.329576973142828],[108.10854468156582,34.32956805062377],[108.1085357583864,34.329484768789499],[108.10862201437138,34.329481794949807],[108.10861011675405,34.32937471933203],[108.10865175733389,34.329371744464666],[108.10864283456104,34.329336052783361],[108.10865413639122,34.329118332091895],[108.10853516321578,34.329121306106686],[108.10846675428206,34.328695977958553],[108.1086749566537,34.328687054409137],[108.10866008548935,34.328577004726263],[108.10859465015403,34.328568081298926],[108.1085797786005,34.328461005594654],[108.10845188238795,34.328461006236701],[108.10843403632292,34.328345007569808],[108.10859167552377,34.328345007621351],[108.1085916758059,34.328261725974933],[108.10840726776784,34.328267675065611],[108.10839537029329,34.32811895813014],[108.10853813753042,34.328118958792551],[108.10851736447943,34.328054772722744],[108.10967306786299,34.328011250930871],[108.10991550070153,34.328025972049311],[108.1099507956889,34.32826700486887],[108.10995459879707,34.328391055342728],[108.10995063881278,34.328467453216042],[108.10996220495585,34.328626591422143],[108.10995650064677,34.328989315152974],[108.10993332657168,34.329662942395075],[108.10984745132691,34.329663005029559],[108.10984148813172,34.329553178298326],[108.10940426166441,34.329556153325697],[108.10941616587273,34.329663323511816]]]},"properties":{"FID":88,"OBJECTID_1":92,"一级":"07","一级名":"居住用地","二级":"0701","二级名":"城镇住宅用地","Shape_Leng":748.80926589402304,"备注":"居民住宅","Shape_Area":2225758.2628600001,"组别":"3"}},{"type":"Feature","id":89,"geometry":{"type":"Polygon","coordinates":[[[108.11154527000799,34.328322861400544],[108.11153600254625,34.328395525493256],[108.11158359162205,34.328504028726854],[108.11161748171936,34.328921925028581],[108.11225542676027,34.328873170325394],[108.11223758065098,34.329404980052807],[108.11219475097575,34.3293978416973],[108.11219236918727,34.329423244942703],[108.11191611148769,34.329411102336536],[108.11191373233521,34.329551490525198],[108.11165437089386,34.329537213404535],[108.11165199117097,34.329608597635513],[108.11159250515028,34.329606217853282],[108.11158060831048,34.329917926956306],[108.11169006261476,34.329903650472431],[108.11166626845875,34.330212980589373],[108.1117781030448,34.330220118365958],[108.11175906721344,34.330365266235503],[108.11187495091269,34.330383889616527],[108.11187733090166,34.330455274000833],[108.11174883933512,34.330457653136826],[108.11176073676376,34.330638492191113],[108.11190112532444,34.330636112989936],[108.11187733085798,34.330762224113613],[108.1121932035698,34.330787209084541],[108.11218606606553,34.330851454326385],[108.11181962917739,34.330827659498695],[108.11181011055079,34.330715824927104],[108.11175062483098,34.330713445222635],[108.11166259800891,34.330709321157997],[108.11166268338577,34.330711502514781],[108.11152467511459,34.330723399826354],[108.11152229525158,34.330887582594897],[108.11140570194324,34.33088996135325],[108.11141521971503,34.330828095706423],[108.11124151902726,34.330813819085641],[108.1112391397445,34.330847131005619],[108.11095360447746,34.330851890238094],[108.1109512247595,34.330870926284419],[108.11084176985749,34.330870926239136],[108.11084414929314,34.330897100417381],[108.11065617093135,34.330901858961312],[108.11065617120352,34.33087806434434],[108.11051102413897,34.330873305774276],[108.11051816288962,34.330828095419712],[108.11039918985102,34.330830475367343],[108.11039681060619,34.330875685030556],[108.11033732401576,34.330868546618724],[108.11033494401465,34.330818577813822],[108.11017789968726,34.330806680815066],[108.11019217666934,34.330920894750932],[108.11011841306596,34.33092089439215],[108.11010413653929,34.330835233987521],[108.11002799385359,34.33084237274587],[108.11003513233716,34.330923274339568],[108.10991927563335,34.330923352251943],[108.10990421054404,34.330605068696684],[108.10992733183953,34.330218116680221],[108.10993986346614,34.330008389889279],[108.1099612536317,34.329686494686847],[108.10998026954339,34.329519659237221],[108.11000878991359,34.329005410134855],[108.11000160596473,34.32864202456912],[108.11036028689234,34.328639134450441],[108.11037031678394,34.328522344815696],[108.110667163225,34.328520600172737],[108.11091910359843,34.328530413857727],[108.11108785579474,34.328518637187507],[108.11111883387858,34.328506569890052],[108.11116432066136,34.328488851335216],[108.11133979704393,34.328420496597033],[108.11154527000799,34.328322861400544]]]},"properties":{"FID":89,"OBJECTID_1":93,"一级":"07","一级名":"居住用地","二级":"0701","二级名":"城镇住宅用地","Shape_Leng":1208.92586856,"备注":"居民住宅","Shape_Area":4443862.25954,"组别":"3"}},{"type":"Feature","id":90,"geometry":{"type":"Polygon","coordinates":[[[108.10985876178385,34.330914018509432],[108.10978438078175,34.330919718573746],[108.10977295857465,34.330856900927834],[108.1096796846607,34.330860708523517],[108.10967587660798,34.33088545491001],[108.10955785584473,34.330887358106445],[108.10954833817274,34.330841672301965],[108.10921331041834,34.330815022639406],[108.10921686901746,34.330747776120276],[108.10906339383476,34.330739447983397],[108.10904960347655,34.330803601610292],[108.1089601350031,34.330799794056666],[108.10895442403158,34.330860708670492],[108.10878500725327,34.33086070783424],[108.10860797466974,34.330872129886039],[108.10847853227303,34.330868322268024],[108.10848614707653,34.330782662111382],[108.10856228981329,34.330786469204526],[108.10856038607096,34.330735072895301],[108.10858513253659,34.330735072591111],[108.10859084265005,34.330666544076571],[108.10850327844328,34.330664640233358],[108.1084975680494,34.330567558382086],[108.108533735777,34.330571365745456],[108.10853563916726,34.330523776624382],[108.10857371069828,34.330527584091612],[108.10856966575179,34.330386386740265],[108.10873325398757,34.330398283599067],[108.1087213564315,34.330320951508014],[108.10872730453707,34.330252541766981],[108.10876002253961,34.330252541561812],[108.10875407358431,34.330199004217768],[108.10861725492754,34.330196029954266],[108.10862022894707,34.330127620150286],[108.10872433106709,34.330121671743782],[108.10872433118648,34.329987826891227],[108.10858156249974,34.329996749320422],[108.10856669112074,34.329818289775957],[108.10872135681939,34.329824238470046],[108.10873019926025,34.329714202017911],[108.10915339884393,34.329708531142586],[108.10915652187482,34.330237136740998],[108.10905539480562,34.330237136689789],[108.10902862657993,34.330552415111434],[108.10930226421748,34.33057026122583],[108.10932010949537,34.330522672287017],[108.10985654531702,34.330531606423108],[108.10985876178385,34.330914018509432]]]},"properties":{"FID":90,"OBJECTID_1":94,"一级":"07","一级名":"居住用地","二级":"0701","二级名":"城镇住宅用地","Shape_Leng":647.82989415364057,"备注":"居民住宅","Shape_Area":795182.86054400005,"组别":"3"}},{"type":"Feature","id":91,"geometry":{"type":"Polygon","coordinates":[[[108.10393726234084,34.332089762644237],[108.1038374359524,34.332150607208092],[108.10365442269325,34.332242854935238],[108.1035165684561,34.332301736439305],[108.10339709639524,34.332289035056782],[108.10345065062296,34.33198628299823],[108.10370512599827,34.332059181054461],[108.10371083619056,34.33210486692569],[108.10393726234084,34.332089762644237]]]},"properties":{"FID":91,"OBJECTID_1":95,"一级":"03","一级名":"林地","二级":"0301","二级名":"乔木林地","Shape_Leng":141.17577661514761,"备注":"山坡上的林地","Shape_Area":86941.546719100006,"组别":"3"}},{"type":"Feature","id":92,"geometry":{"type":"Polygon","coordinates":[[[108.10393726234084,34.332089762644237],[108.10371083619056,34.33210486692569],[108.10370512599827,34.332059181054461],[108.10345065062296,34.33198628299823],[108.10352911638239,34.331542697427373],[108.10356635565221,34.331550928503333],[108.10357161381384,34.331646241347933],[108.10376197122434,34.331646241569977],[108.10375007369221,34.331979366343546],[108.10395703677416,34.331977158886552],[108.10395627638538,34.332050508604922],[108.10393726234084,34.332089762644237]]]},"properties":{"FID":92,"OBJECTID_1":96,"一级":"23","一级名":"其他土地","二级":"2301","二级名":"空闲地","Shape_Leng":201.00087025357959,"备注":"房子前的一片空地","Shape_Area":139555.37819399999,"组别":"3"}},{"type":"Feature","id":93,"geometry":{"type":"Polygon","coordinates":[[[108.1037786265295,34.330542171616344],[108.10401094152213,34.330602009626432],[108.1040014354178,34.330790433762793],[108.10400143533128,34.331029889028002],[108.10358219052355,34.331046793589223],[108.10371624866687,34.328827004622276],[108.10371980402114,34.328768132058528],[108.10385047995494,34.326728589754282],[108.10385056143514,34.326727285128364],[108.10415442608382,34.326740052604876],[108.10415442576176,34.326782882947164],[108.10408372093646,34.326783456903371],[108.10410751511608,34.327035679631386],[108.10420745336292,34.327023782508803],[108.10435973850866,34.32802077635715],[108.10473626225117,34.327989381725914],[108.10477666666071,34.328001159289222],[108.10474354831638,34.328182839938052],[108.10457812574919,34.328138915946298],[108.10441156368144,34.32857673679095],[108.10444249613073,34.328664777129184],[108.10458137449554,34.328700080557461],[108.10446253378281,34.328806071905205],[108.10436635376738,34.328721884239826],[108.10419265281098,34.328629084806821],[108.10400705566127,34.329064526925428],[108.10403084977408,34.32935244105996],[108.10423514956341,34.329408226853182],[108.10419633168578,34.329557819397571],[108.10418418675152,34.329613586406175],[108.10392377450866,34.329549936752244],[108.1038190781976,34.32998537835666],[108.10409175260781,34.33012576639026],[108.1040917527373,34.330286005742373],[108.1038190777715,34.330239980356914],[108.1037786265295,34.330542171616344]]]},"properties":{"FID":93,"OBJECTID_1":97,"一级":"03","一级名":"林地","二级":"0301","二级名":"乔木林地","Shape_Leng":1281.10161883,"备注":"山坡上的林地","Shape_Area":1933667.07923,"组别":"3"}},{"type":"Feature","id":94,"geometry":{"type":"Polygon","coordinates":[[[108.10294069455756,34.334626864481038],[108.10288067383374,34.334753792075318],[108.10280061734437,34.334736819801719],[108.10306304727337,34.334354935146102],[108.10294069455756,34.334626864481038]]]},"properties":{"FID":94,"OBJECTID_1":98,"一级":"03","一级名":"林地","二级":"0301","二级名":"乔木林地","Shape_Leng":103.68733824031085,"备注":"山坡上的林地","Shape_Area":18280.935164800001,"组别":"3"}},{"type":"Feature","id":95,"geometry":{"type":"Polygon","coordinates":[[[108.10294458204383,34.334762201124931],[108.10294191484537,34.334766775357657],[108.10288067383374,34.334753792075318],[108.10294069455756,34.334626864481038],[108.10306304727337,34.334354935146102],[108.10318323834015,34.334077679460201],[108.10336778762307,34.333550790883194],[108.10324468129107,34.333150654102923],[108.10324808464728,34.333153004413262],[108.10324952988506,34.333157807124529],[108.10343664934032,34.333433859161609],[108.10344841076987,34.333646129800421],[108.10337391841028,34.333860858448247],[108.10325347746669,34.334120944115909],[108.10306416412052,34.334490805673767],[108.10294458204383,34.334762201124931]]]},"properties":{"FID":95,"OBJECTID_1":99,"一级":"12","一级名":"交通运输用地","二级":"1202","二级名":"公路用地","Shape_Leng":385.03929821520319,"备注":"村道","Shape_Area":132808.16485500001,"组别":"3"}},{"type":"Feature","id":96,"geometry":{"type":"Polygon","coordinates":[[[108.10385543292564,34.326641894022167],[108.10316950063019,34.326663074428872],[108.1031528421632,34.326535488682971],[108.10352658172664,34.326529210377025],[108.10386631818109,34.326448763629188],[108.10385546160488,34.326641391310709],[108.10385543292564,34.326641894022167]]]},"properties":{"FID":96,"OBJECTID_1":100,"一级":"03","一级名":"林地","二级":"0301","二级名":"乔木林地","Shape_Leng":165.76939244758105,"备注":"山坡上的林地","Shape_Area":100446.254239,"组别":"3"}},{"type":"Feature","id":97,"geometry":{"type":"Polygon","coordinates":[[[108.10385047995489,34.326728589754282],[108.10371980402114,34.328768132058528],[108.10362886263171,34.327876749135335],[108.1035407886035,34.327652141539012],[108.1031777591181,34.326726325321147],[108.10385047995489,34.326728589754282]]]},"properties":{"FID":97,"OBJECTID_1":101,"一级":"03","一级名":"林地","二级":"0301","二级名":"乔木林地","Shape_Leng":521.90425805492907,"备注":"山坡上的林地","Shape_Area":548641.95539899997,"组别":"3"}},{"type":"Feature","id":98,"geometry":{"type":"Polygon","coordinates":[[[108.11243738317191,34.332673789782234],[108.1124127931176,34.332935570215774],[108.11055008462053,34.332949488026756],[108.10828242000008,34.333179351879231],[108.10642810422765,34.333050782146167],[108.10643112175613,34.333038566677743],[108.10643700001584,34.333013043326176],[108.10825650200498,34.333136701122861],[108.10837708104813,34.333152770655367],[108.10851495389078,34.333147035032361],[108.10961086502795,34.33301689020125],[108.1101051635475,34.332961325667895],[108.11050462092054,34.332911591704807],[108.11103167536136,34.332840421674689],[108.11155074347866,34.332759863212296],[108.11156617897221,34.332758395962301],[108.11237721747827,34.332681316911888],[108.11243738317191,34.332673789782234]]]},"properties":{"FID":98,"OBJECTID_1":102,"一级":"12","一级名":"交通运输用地","二级":"1202","二级名":"公路用地","Shape_Leng":1143.0487521099999,"备注":"省道","Shape_Area":442344.50793299999,"组别":"3"}},{"type":"Feature","id":99,"geometry":{"type":"Polygon","coordinates":[[[108.10616522503868,34.333933045015833],[108.10584207514422,34.335263349914044],[108.10582640508933,34.33525917025073],[108.10591788799128,34.334901110186451],[108.10592767241994,34.334862813102141],[108.10616522503868,34.333933045015833]]]},"properties":{"FID":99,"OBJECTID_1":103,"一级":"12","一级名":"交通运输用地","二级":"1202","二级名":"公路用地","Shape_Leng":302.42279307526064,"备注":"村道","Shape_Area":11329.8132279,"组别":"3"}},{"type":"Feature","id":100,"geometry":{"type":"Polygon","coordinates":[[[108.10404746598505,34.331023444897809],[108.10409119869394,34.331023444694075],[108.10442585238944,34.330882127429163],[108.10445837220375,34.330883346444232],[108.10522114985103,34.330911944719574],[108.10522319665954,34.330955965934038],[108.10466918925586,34.330922956954424],[108.10461214628238,34.330929237641449],[108.10444296531205,34.330918240629522],[108.10410831212185,34.331062698703363],[108.10405126909961,34.331061129023766],[108.10400777021135,34.331389741737951],[108.10399993018702,34.331448965844992],[108.10400753581544,34.331781845112346],[108.1039961272074,34.332047205094419],[108.10395049155618,34.332124142948402],[108.10382880027147,34.332208933194281],[108.10369950271247,34.332260748144982],[108.10360823355435,34.332310993763933],[108.10351506255037,34.332326696138388],[108.10339099344803,34.332323536018471],[108.10339709639524,34.332289035056782],[108.1035165684561,34.332301736439305],[108.10365442269325,34.332242854935238],[108.1038374359524,34.332150607208092],[108.10393726234084,34.332089762644237],[108.10395627638538,34.332050508604922],[108.10395703677416,34.331977158886552],[108.10396340625509,34.331363554396702],[108.10399668190963,34.331129989120186],[108.1040133189525,34.331063255405446],[108.10358029244487,34.331078221915561],[108.10358219052355,34.331046793589223],[108.10400143533128,34.331029889028002],[108.10404746598505,34.331023444897809]]]},"properties":{"FID":100,"OBJECTID_1":104,"一级":"12","一级名":"交通运输用地","二级":"1202","二级名":"公路用地","Shape_Leng":667.16522413034465,"备注":"村道","Shape_Area":132885.05663899999,"组别":"3"}},{"type":"Feature","id":101,"geometry":{"type":"Polygon","coordinates":[[[108.10656241835981,34.330974013082653],[108.10729597347067,34.330986884883508],[108.10733206338864,34.330987517649994],[108.10732868254085,34.331140067590908],[108.10732491646228,34.331502054221836],[108.10717309909452,34.331494554618295],[108.10720135338525,34.332007819672818],[108.10701042564341,34.331994629678817],[108.1070060240498,34.332151101035208],[108.10715093975803,34.332156698742573],[108.10710656101307,34.33303044657282],[108.10644392552979,34.332982973793158],[108.10645526593615,34.332933732216155],[108.10645732310934,34.332902823127057],[108.10684468698484,34.332919486810297],[108.10685420563476,34.332825498134255],[108.10683100503921,34.332813600787816],[108.10646447890431,34.332795272840514],[108.10652657047378,34.331862092324442],[108.10654055586966,34.331515607310045],[108.10654176339362,34.331485707709987],[108.10656241835981,34.330974013082653]]]},"properties":{"FID":101,"OBJECTID_1":105,"一级":"07","一级名":"居住用地","二级":"0701","二级名":"城镇住宅用地","Shape_Leng":699.16571901421264,"备注":"居民住宅","Shape_Area":1349070.3487199999,"组别":"3"}},{"type":"Feature","id":102,"geometry":{"type":"Polygon","coordinates":[[[108.10772958099706,34.331500583304098],[108.1078769978881,34.33150359339357],[108.10789253583805,34.331150228535151],[108.1082123754759,34.331155992568334],[108.1081892427554,34.331509969971393],[108.10833852336368,34.331513018425419],[108.10833767548439,34.331554224110214],[108.108305539855,34.333116342872927],[108.10773558658818,34.333075511012247],[108.10772958099706,34.331500583304098]]]},"properties":{"FID":102,"OBJECTID_1":106,"一级":"07","一级名":"居住用地","二级":"0701","二级名":"城镇住宅用地","Shape_Leng":540.52951316175665,"备注":"居民住宅","Shape_Area":1070783.06219,"组别":"3"}},{"type":"Feature","id":103,"geometry":{"type":"Polygon","coordinates":[[[108.10956839310542,34.326549742178436],[108.1094824287236,34.3265440372802],[108.10948189788657,34.326544002052017],[108.10948136490845,34.326543966681555],[108.10911634813147,34.326565498921369],[108.10906187429056,34.326568711647781],[108.1088863761687,34.326574945603191],[108.10857949868955,34.326585845755801],[108.10857492066697,34.326586008359207],[108.1083005710653,34.326598937289347],[108.10813090394868,34.32660154520341],[108.10809784179384,34.326604176015046],[108.10807097619774,34.326606313755924],[108.10798113049424,34.326620909580697],[108.10781263704003,34.326633560688101],[108.10773014119002,34.32663975435073],[108.1075038699376,34.326668019039971],[108.10733654322229,34.326719837888241],[108.10723196445709,34.326782649252159],[108.10714639904847,34.326864302909136],[108.1071003194124,34.326937122609415],[108.10699238353135,34.327107695422413],[108.10688780432912,34.327271001961336],[108.10678892855317,34.327432739361903],[108.10677416928753,34.327461231866458],[108.106763307951,34.327482198099474],[108.10669904710346,34.32760624490853],[108.10665388741627,34.327682794867613],[108.10661589788776,34.327762493755472],[108.1065094175006,34.327828444209267],[108.10640293699493,34.327858279379875],[108.10624701878363,34.327884973321673],[108.1061044114868,34.327903816241587],[108.10599481718857,34.327897573921177],[108.10599412778662,34.327897534653864],[108.10580398394245,34.327891254375928],[108.10572412398331,34.327864560132291],[108.10562334809187,34.327801749755523],[108.10557391042029,34.327749931899376],[108.10553635671967,34.327617048785946],[108.10552150240545,34.327577792106098],[108.1054744939852,34.327180190319417],[108.1054270241378,34.326806202590284],[108.10542132016235,34.326711201146935],[108.10541900107091,34.326689261055627],[108.10540040442845,34.326513346410444],[108.10535395092842,34.326138846162891],[108.10529582503659,34.325713677850267],[108.10524710101744,34.325321104130602],[108.10521382644414,34.325066910946035],[108.1051900576888,34.324899084261951],[108.10517579679465,34.324817624990956],[108.10515321706366,34.324736164746533],[108.1051140001119,34.324681204346064],[108.10507240616971,34.324613483677702],[108.1050094208324,34.324585021989215],[108.10491672547448,34.324574225941788],[108.10482046611349,34.324586985018435],[108.10476223399888,34.32460170738041],[108.10472991023501,34.324624280212923],[108.10470328945917,34.324659612258657],[108.10466240895732,34.324713787562708],[108.10465100029081,34.324794659430005],[108.10462723238795,34.325045907700336],[108.10461107034702,34.325275173110185],[108.10459490814158,34.325406293171675],[108.10457684418998,34.32559158765936],[108.10456353370536,34.325688161355593],[108.10454927331,34.325801222176921],[108.10453406199709,34.325854611956963],[108.10450458870771,34.325918208773849],[108.10447511720668,34.325984161156065],[108.10441046821228,34.326087015071664],[108.10436293158324,34.326147471159636],[108.10432205146901,34.326185157316736],[108.10427166264526,34.32622912497439],[108.10423078217497,34.326261315662222],[108.10414997110556,34.326309209872903],[108.10406440611685,34.326342185826199],[108.10400641315553,34.326356318053023],[108.10387091947668,34.32638270142229],[108.1038734116637,34.326346920288671],[108.1040236262437,34.326313943662818],[108.10412034877686,34.326262945464499],[108.10427081349194,34.326183610735939],[108.10434974364276,34.32610425629948],[108.10451609763608,34.325772194801758],[108.10459976071998,34.324728100741851],[108.10470671714184,34.324590699069518],[108.10480773054587,34.324531811638074],[108.10498599063311,34.324526905439946],[108.10509888912722,34.324556348402886],[108.10519396066775,34.324728101150718],[108.10543758150165,34.326268955806817],[108.10556236394559,34.3275300801862],[108.10563366773069,34.327760710781341],[108.10571091441881,34.327804875365864],[108.10580260549011,34.327822083915457],[108.10595033286512,34.327850782004184],[108.10616431616644,34.327840795775984],[108.10636453332218,34.327814689102027],[108.10649168380878,34.327782538113958],[108.10657844504803,34.327736176022043],[108.10693496495247,34.327083536257256],[108.10720235382799,34.326740038653405],[108.10751133778194,34.326622268551262],[108.10812154153184,34.326577362183031],[108.10958509429348,34.326509404819035],[108.10971487151005,34.326535127822659],[108.11016769498332,34.326682209597678],[108.11067842679202,34.326784788766474],[108.11078324871823,34.326827481890383],[108.11092235348025,34.326881883317924],[108.11124885204264,34.327098256879097],[108.11260429269663,34.328522248267184],[108.11258578051178,34.328617157116184],[108.1125846301324,34.328617165242299],[108.11254458113932,34.328547617680286],[108.11210482035388,34.328056976385142],[108.11207872875954,34.328027866158934],[108.11187117784834,34.327810567892207],[108.11169147022666,34.327622422453295],[108.11153017735553,34.327453555446823],[108.11131585549455,34.327229167882308],[108.11111995267353,34.327227859244296],[108.11101062039465,34.327163085912325],[108.11093456302598,34.327090461082847],[108.11085850538564,34.327031575700758],[108.11083039807534,34.326952268873583],[108.11083518943167,34.326881575684517],[108.11062077606721,34.326838117953919],[108.11057717228233,34.327863280852341],[108.1110555024793,34.327900083758607],[108.11106738614254,34.328064469113933],[108.11101984972974,34.328054655408103],[108.11100202416897,34.327919712439773],[108.11056528845471,34.327895177014874],[108.11050289729721,34.327868187952838],[108.11056345747529,34.326826500022086],[108.11010693854257,34.326733970259923],[108.10969432619186,34.326558098875637],[108.10956839310542,34.326549742178436]]]},"properties":{"FID":103,"OBJECTID_1":107,"一级":"12","一级名":"交通运输用地","二级":"1202","二级名":"公路用地","Shape_Leng":3248.3988365,"备注":"县道","Shape_Area":820216.24216699996,"组别":"3"}},{"type":"Feature","id":104,"geometry":{"type":"Polygon","coordinates":[[[108.11143952587857,34.328326983507964],[108.11127324641133,34.328404793763404],[108.11107359488247,34.328477418124436],[108.11090722045233,34.328495082907175],[108.11074247403896,34.328487353111576],[108.11069806077431,34.328485269299108],[108.11031621386853,34.328485269156374],[108.11035488035913,34.328086793877361],[108.1102418560791,34.328080845823067],[108.11020021512249,34.327081471896122],[108.1097162924632,34.327072786988573],[108.10961418780651,34.326717521201672],[108.10956839310542,34.326549742178486],[108.10969432619189,34.326558098875637],[108.11010693854259,34.326733970259973],[108.11056345747531,34.326826500022086],[108.11050289729724,34.327868187952838],[108.11056528845474,34.327895177014874],[108.11100202416901,34.327919712439808],[108.11101984972974,34.328054655408152],[108.11106738614257,34.328064469113933],[108.1110555024793,34.327900083758607],[108.11057717228233,34.327863280852341],[108.11062077606724,34.326838117953919],[108.11083518943168,34.326881575684517],[108.11083039807534,34.326952268873633],[108.11080995244939,34.327253982925761],[108.11093189895442,34.327289674904556],[108.11107764163314,34.327444339967123],[108.1110835903246,34.327735823513322],[108.11110738470353,34.327890488198065],[108.11128844428272,34.327929317420427],[108.11143952587857,34.328326983507964]]]},"properties":{"FID":104,"OBJECTID_1":108,"一级":"08","一级名":"公共管理与公共服务用地","二级":"0801","二级名":"机关团体用地","Shape_Leng":1041.63141868,"备注":"粮食储备局","Shape_Area":1589734.27195,"组别":"3"}},{"type":"Feature","id":105,"geometry":{"type":"Polygon","coordinates":[[[108.10373843921086,34.334936861764611],[108.1037884934521,34.33489117907579],[108.10413312797658,34.334947605000259],[108.10564369879158,34.335225436817943],[108.10582640508945,34.33525917025073],[108.10584207514424,34.335263349914094],[108.10581476168504,34.335375788735035],[108.10373843921086,34.334936861764611]]]},"properties":{"FID":105,"OBJECTID_1":113,"一级":"12","一级名":"交通运输用地","二级":"1202","二级名":"公路用地","Shape_Leng":410.18514290494267,"备注":"乡道","Shape_Area":190208.38399199999,"组别":"3"}},{"type":"Feature","id":106,"geometry":{"type":"Polygon","coordinates":[[[108.11617866538541,34.325627093531374],[108.11620155324775,34.326762874083208],[108.11620246069985,34.326807901372156],[108.11535000251109,34.326795595182347],[108.11289215471243,34.326760113377851],[108.11288283454222,34.326729834859428],[108.11288283462913,34.326691763447847],[108.11282572805192,34.326691762883634],[108.11284000522014,34.325540104744249],[108.11290662961787,34.325111802066949],[108.11291138825798,34.324064838007814],[108.11395597207847,34.324057699873755],[108.11394899216383,34.324479896957143],[108.11528624841574,34.324489414583518],[108.1153788146528,34.324607420765879],[108.11617866538541,34.325627093531374]]]},"properties":{"FID":106,"OBJECTID_1":0,"一级":"03","一级名":"林地","二级":"0301","二级名":"乔木林地","Shape_Leng":1157.06810208,"备注":"林地","Shape_Area":7724491.9983900003,"组别":"4"}},{"type":"Feature","id":107,"geometry":{"type":"Polygon","coordinates":[[[108.11629767868027,34.325797959383621],[108.11706826683016,34.326818509407538],[108.11630112968992,34.32681470225026],[108.11629351457303,34.326097057246059],[108.11629767868027,34.325797959383621]]]},"properties":{"FID":107,"OBJECTID_1":0,"一级":"03","一级名":"林地","二级":"0301","二级名":"乔木林地","Shape_Leng":316.97801690052847,"备注":"林地","Shape_Area":400811.04410399997,"组别":"4"}},{"type":"Feature","id":108,"geometry":{"type":"Polygon","coordinates":[[[108.11612219436459,34.326875141557679],[108.11609514636308,34.327606389361577],[108.1150678657006,34.327601702078852],[108.11477193223106,34.327600349893814],[108.11415753090763,34.327597547193079],[108.11308042327779,34.327592630047903],[108.11280165635624,34.327591358215848],[108.11280464921053,34.326968815098553],[108.11280522554422,34.326848966070933],[108.11532436534628,34.326868844948301],[108.11612219436459,34.326875141557679]]]},"properties":{"FID":108,"OBJECTID_1":0,"一级":"03","一级名":"林地","二级":"0301","二级名":"乔木林地","Shape_Leng":771.88078277928662,"备注":"林地","Shape_Area":2486487.9321599999,"组别":"4"}},{"type":"Feature","id":109,"geometry":{"type":"Polygon","coordinates":[[[108.11475033292248,34.328633541005146],[108.11474230499422,34.329017558320494],[108.11458466563398,34.329017558074277],[108.11456503471231,34.328642793316973],[108.11432708827006,34.32864576790665],[108.11432708814168,34.328538322939835],[108.11432708867791,34.328476230642892],[108.11432458149429,34.328355014265412],[108.1143181660473,34.32804495360557],[108.11416350073782,34.328041978753248],[108.11415753090763,34.327597547193079],[108.11477193223106,34.327600349893814],[108.11475852197675,34.328241816741972],[108.11475238556764,34.328535367663356],[108.11475033292248,34.328633541005146]]]},"properties":{"FID":109,"OBJECTID_1":0,"一级":"03","一级名":"林地","二级":"0301","二级名":"乔木林地","Shape_Leng":421.9894691347364,"备注":"林地","Shape_Area":605917.78710399999,"组别":"4"}},{"type":"Feature","id":110,"geometry":{"type":"Polygon","coordinates":[[[108.11609514636308,34.327606389361577],[108.11606588053601,34.328556537098869],[108.11539063812424,34.328545654248217],[108.11533224135073,34.328544714020836],[108.11520306973125,34.328542631475855],[108.11475238556764,34.328535367663356],[108.11475852197675,34.328241816741972],[108.11477193223106,34.327600349893814],[108.1150678657006,34.327601702078852],[108.11609514636308,34.327606389361577]]]},"properties":{"FID":110,"OBJECTID_1":0,"一级":"03","一级名":"林地","二级":"0301","二级名":"乔木林地","Shape_Leng":451.84488332589621,"备注":"林地","Shape_Area":1268911.9406000001,"组别":"4"}},{"type":"Feature","id":111,"geometry":{"type":"Polygon","coordinates":[[[108.1148388563449,34.329017119847663],[108.11474230499422,34.329017558320494],[108.11475033292248,34.328633541005146],[108.11520927275588,34.328633656417416],[108.11537632819788,34.328633698374283],[108.11552850439736,34.32863373701236],[108.11605993123169,34.328633870982728],[108.11605203320693,34.328968212078351],[108.11605100849707,34.329011609500448],[108.11556466158437,34.329013820988806],[108.1148388563449,34.329017119847663]]]},"properties":{"FID":111,"OBJECTID_1":0,"一级":"03","一级名":"林地","二级":"0301","二级名":"乔木林地","Shape_Leng":325.47223869884999,"备注":"林地","Shape_Area":508997.74517100002,"组别":"4"}},{"type":"Feature","id":112,"geometry":{"type":"Polygon","coordinates":[[[108.11606588053601,34.328556537098869],[108.11605993123169,34.328633870982728],[108.11552850439736,34.32863373701236],[108.11537632819788,34.328633698374283],[108.11520927275588,34.328633656417416],[108.11520306973125,34.328542631475855],[108.11533224135073,34.328544714020836],[108.11539063812424,34.328545654248217],[108.11606588053601,34.328556537098869]]]},"properties":{"FID":112,"OBJECTID_1":0,"一级":"03","一级名":"林地","二级":"0301","二级名":"乔木林地","Shape_Leng":176.41093766808171,"备注":"林地","Shape_Area":73622.021792700005,"组别":"4"}},{"type":"Feature","id":113,"geometry":{"type":"Polygon","coordinates":[[[108.11605100849707,34.329011609500448],[108.11602876557338,34.329494279611943],[108.11602382338909,34.329601537226445],[108.11597287067919,34.329601537710396],[108.11585584896099,34.329601537591039],[108.11570021554182,34.329601537785734],[108.11531474399381,34.329601537161267],[108.1148388563449,34.329017119847663],[108.11556466158437,34.329013820988806],[108.11605100849707,34.329011609500448]]]},"properties":{"FID":113,"OBJECTID_1":0,"一级":"03","一级名":"林地","二级":"0301","二级名":"乔木林地","Shape_Leng":320.52926056005862,"备注":"林地","Shape_Area":576433.23401799996,"组别":"4"}},{"type":"Feature","id":114,"geometry":{"type":"Polygon","coordinates":[[[108.11570021554182,34.329601537785734],[108.11569552678117,34.329725899867213],[108.1156887410655,34.329905887173126],[108.11568861841467,34.329909156062946],[108.11531474399381,34.329601537161267],[108.11570021554182,34.329601537785734]]]},"properties":{"FID":114,"OBJECTID_1":0,"一级":"03","一级名":"林地","二级":"0301","二级名":"乔木林地","Shape_Leng":118.07240180574389,"备注":"林地","Shape_Area":60524.343093299998,"组别":"4"}},{"type":"Feature","id":115,"geometry":{"type":"Polygon","coordinates":[[[108.11568007225164,34.330135821060978],[108.11568093259694,34.330161742363813],[108.11568793002017,34.330372674429384],[108.11571627734567,34.331227303896767],[108.11493462465425,34.331191612921387],[108.11492986599245,34.331046465281347],[108.11517733046034,34.331046465369404],[108.11517019061874,34.330872764633952],[108.11495365953347,34.330870384433204],[108.11496555801951,34.330580089766961],[108.11487700228177,34.330573867003011],[108.11488872049193,34.330095353869986],[108.11490547623559,34.329411180855011],[108.11567582708409,34.330007830848885],[108.11568007225164,34.330135821060978]]]},"properties":{"FID":115,"OBJECTID_1":0,"一级":"03","一级名":"林地","二级":"0301","二级名":"乔木林地","Shape_Leng":551.84020102978729,"备注":"林地","Shape_Area":1152302.79831,"组别":"4"}},{"type":"Feature","id":116,"geometry":{"type":"Polygon","coordinates":[[[108.11796950718707,34.331245744793655],[108.11756430493649,34.331250252431424],[108.11732776778082,34.331252883533168],[108.1173027830222,34.33082101110913],[108.11705293979647,34.330840046069149],[108.11722545106171,34.331244555367135],[108.11571627734567,34.331227303896767],[108.11568793002017,34.330372674429384],[108.11568093259694,34.330161742363813],[108.11568007225164,34.330135821060978],[108.11569453315266,34.330135645133439],[108.11630987767884,34.330128155099146],[108.11632058513688,34.329603484175585],[108.11614835088319,34.329600988276098],[108.11607431095597,34.329599915395875],[108.11608553927076,34.329385336684624],[108.11610557646985,34.329002420354932],[108.11613617664271,34.328417620552436],[108.11618424172869,34.326881345308898],[108.11620585582335,34.326882400270648],[108.11638409390672,34.326881279052202],[108.1171138580459,34.3268766889665],[108.11822278184468,34.328361758655824],[108.11819338425616,34.329159939535671],[108.11817667336669,34.329613685128066],[108.11817256229355,34.329701824292158],[108.11817256235294,34.329701866661772],[108.11815070379899,34.330170347393576],[108.11817152380087,34.330705726449807],[108.11814273326588,34.330889777333773],[108.11796950718707,34.331245744793655]]]},"properties":{"FID":116,"OBJECTID_1":0,"一级":"03","一级名":"林地","二级":"0301","二级名":"乔木林地","Shape_Leng":1480.9846775200001,"备注":"林地","Shape_Area":8605656.1159499995,"组别":"4"}},{"type":"Feature","id":117,"geometry":{"type":"Polygon","coordinates":[[[108.11750003941891,34.333915707751601],[108.11726630985568,34.334110825772328],[108.11715131485924,34.334164592013067],[108.11712733245426,34.334099717306863],[108.11704645509606,34.333880929367851],[108.11704953232396,34.333878364416229],[108.11704239443952,34.333767718896389],[108.11710663905474,34.333692766902047],[108.11711734801936,34.333228771335754],[108.11709236288081,34.333146680175062],[108.11710307112261,34.333007482082124],[108.11718175549737,34.332947740451786],[108.11721799625413,34.332920223199494],[108.11729878285414,34.332862573622762],[108.11732079245047,34.332846867660187],[108.11756706639009,34.33285043752695],[108.11750995977073,34.333735596660766],[108.11750003941891,34.333915707751601]]]},"properties":{"FID":117,"OBJECTID_1":0,"一级":"03","一级名":"林地","二级":"0304","二级名":"其他林地","Shape_Leng":342.62324498619648,"备注":"河堤绿化","Shape_Area":518984.74873300001,"组别":"4"}},{"type":"Feature","id":118,"geometry":{"type":"Polygon","coordinates":[[[108.11789738413768,34.332838145578599],[108.11763543997368,34.333695416152111],[108.11765986459596,34.332836160883083],[108.11789738413768,34.332838145578599]]]},"properties":{"FID":118,"OBJECTID_1":0,"一级":"03","一级名":"林地","二级":"0304","二级名":"其他林地","Shape_Leng":215.30411836969301,"备注":"河堤绿化","Shape_Area":104192.084355,"组别":"4"}},{"type":"Feature","id":119,"geometry":{"type":"Polygon","coordinates":[[[108.11403308233126,34.333350982513274],[108.11379821862351,34.333360441179565],[108.11378412040807,34.33284250621891],[108.11392331874688,34.332846075581173],[108.11400183994392,34.332906751552535],[108.11403308233126,34.333350982513274]]]},"properties":{"FID":119,"OBJECTID_1":0,"一级":"01","一级名":"耕地","二级":"0103","二级名":"旱地","Shape_Leng":151.15879958509399,"备注":"小麦田","Shape_Area":114662.728135,"组别":"4"}},{"type":"Feature","id":120,"geometry":{"type":"Polygon","coordinates":[[[108.11709561425201,34.332922218069058],[108.11701352372917,34.333036432219373],[108.11704207802084,34.333236305764089],[108.11705992423848,34.333639625961958],[108.11702423169801,34.333696732869022],[108.11694213942646,34.333728855352234],[108.11684220295879,34.333693163735056],[108.11636393098151,34.333375505246643],[108.1158856586719,34.333247014468618],[108.1149112704116,34.333279137467905],[108.11409035587256,34.333279136977133],[108.11405109523049,34.332865110424663],[108.11709561425201,34.332922218069058]]]},"properties":{"FID":120,"OBJECTID_1":0,"一级":"01","一级名":"耕地","二级":"0103","二级名":"旱地","Shape_Leng":701.57600742652244,"备注":"小麦地","Shape_Area":1384685.05709,"组别":"4"}},{"type":"Feature","id":121,"geometry":{"type":"Polygon","coordinates":[[[108.11490547623559,34.329411180855011],[108.11488872049193,34.330095353869986],[108.11487700228177,34.330573867003011],[108.11388484980991,34.330504130113326],[108.11388484986975,34.330154348780717],[108.11352411013013,34.330109980126231],[108.113520789866,34.330109573029752],[108.11321741116846,34.330072258471368],[108.11322841458252,34.329988945946297],[108.11323439658469,34.329943653561656],[108.11324239552732,34.329883090909192],[108.11333519509999,34.329865245865008],[108.113318502002,34.329634879446651],[108.11331734832982,34.329618970256114],[108.1134033930539,34.32963668586499],[108.11343870029216,34.329643955170141],[108.11349291935095,34.329644664884391],[108.1135936812789,34.329645981380473],[108.11423317066897,34.329654340062056],[108.11453087407206,34.329658232262069],[108.11455228881803,34.329337005134654],[108.11463986007419,34.329355396362295],[108.11490547623559,34.329411180855011]]]},"properties":{"FID":121,"OBJECTID_1":0,"一级":"03","一级名":"林地","二级":"0301","二级名":"乔木林地","Shape_Leng":560.01387449824813,"备注":"林地","Shape_Area":1301991.49373,"组别":"4"}},{"type":"Feature","id":122,"geometry":{"type":"Polygon","coordinates":[[[108.11285603031452,34.32791002271923],[108.1128631684024,34.328556045428044],[108.11270393958348,34.328548298688965],[108.11269393179317,34.327908726011508],[108.11285603031452,34.32791002271923]]]},"properties":{"FID":122,"OBJECTID_1":0,"一级":"09","一级名":"商业服务业用地","二级":"0901","二级名":"商业用地","Shape_Leng":172.21512596115733,"备注":"餐饮","Shape_Area":105388.266262,"组别":"4"}},{"type":"Feature","id":123,"geometry":{"type":"Polygon","coordinates":[[[108.11286554824312,34.329025989539922],[108.112688647133,34.329033289481316],[108.11269664362639,34.328779678942347],[108.11287625583053,34.32878328442618],[108.11286554824312,34.329025989539922]]]},"properties":{"FID":123,"OBJECTID_1":0,"一级":"09","一级名":"商业服务业用地","二级":"0901","二级名":"商业用地","Shape_Leng":87.917125273846381,"备注":"超市","Shape_Area":45140.250891700001,"组别":"4"}},{"type":"Feature","id":124,"geometry":{"type":"Polygon","coordinates":[[[108.11294050093665,34.329068819273786],[108.11294050150514,34.329411461834873],[108.11288696357313,34.329400753810809],[108.11289284819648,34.329625824138496],[108.11290124004566,34.329946840491004],[108.11264395303081,34.329935234647628],[108.11264294890806,34.329935189595638],[108.11267933840122,34.329231165277484],[108.11267933944929,34.329231136429101],[108.11268720958114,34.329078855321292],[108.11294050093665,34.329068819273786]]]},"properties":{"FID":124,"OBJECTID_1":0,"一级":"09","一级名":"商业服务业用地","二级":"0901","二级名":"商业用地","Shape_Leng":245.88780314992178,"备注":"餐饮超市","Shape_Area":218494.61430300001,"组别":"4"}},{"type":"Feature","id":125,"geometry":{"type":"Polygon","coordinates":[[[108.11275942398657,34.332615882203683],[108.11250239484833,34.332619570377581],[108.11258563398364,34.331049069295844],[108.11279868639713,34.331052576527924],[108.11277243904001,34.332097665165747],[108.11275942398657,34.332615882203683]]]},"properties":{"FID":125,"OBJECTID_1":0,"一级":"09","一级名":"商业服务业用地","二级":"0901","二级名":"商业用地","Shape_Leng":391.10076861053506,"备注":"餐饮超市","Shape_Area":375944.205953,"组别":"4"}},{"type":"Feature","id":126,"geometry":{"type":"Polygon","coordinates":[[[108.11617276143971,34.33130004047981],[108.11604783973779,34.332674179371175],[108.11289190240406,34.332618231108341],[108.11275942398657,34.332615882203683],[108.11277243904001,34.332097665165747],[108.11307405825204,34.332106084531858],[108.11318058906858,34.332109056566701],[108.11322223045352,34.331151323440771],[108.11487000584646,34.331270297194344],[108.11617276143971,34.33130004047981]]]},"properties":{"FID":126,"OBJECTID_1":0,"一级":"09","一级名":"商业服务业用地","二级":"0904","二级名":"其他商业服务业用地","Shape_Leng":929.0717874079146,"备注":"废弃文旅小镇","Shape_Area":4409652.2004899997,"组别":"4"}},{"type":"Feature","id":127,"geometry":{"type":"Polygon","coordinates":[[[108.11314575406479,34.332738384295389],[108.11314256467884,34.333245912386118],[108.11249087910478,34.333104652010213],[108.11249772039193,34.332757485142864],[108.11284102840564,34.332747365666457],[108.11314575406479,34.332738384295389]]]},"properties":{"FID":127,"OBJECTID_1":0,"一级":"09","一级名":"商业服务业用地","二级":"0901","二级名":"商业用地","Shape_Leng":216.47096664028908,"备注":"加油站商店等","Shape_Area":283804.46232499997,"组别":"4"}},{"type":"Feature","id":128,"geometry":{"type":"Polygon","coordinates":[[[108.11335693048581,34.332747307484389],[108.11335885958704,34.333292797639018],[108.11314256467884,34.333245912386118],[108.11314575406479,34.332738384295389],[108.11335693048581,34.332747307484389]]]},"properties":{"FID":128,"OBJECTID_1":0,"一级":"08","一级名":"公共管理与公共服务用地","二级":"0806","二级名":"医疗卫生用地","Shape_Leng":156.8414254622113,"备注":"精神病院","Shape_Area":114891.99721,"组别":"4"}},{"type":"Feature","id":129,"geometry":{"type":"Polygon","coordinates":[[[108.11379821862351,34.333360441179565],[108.11369086581321,34.333364764334874],[108.11335885958704,34.333292797639018],[108.11335693048581,34.332747307484389],[108.11378225993778,34.332735410124052],[108.11378412040807,34.33284250621891],[108.11379821862351,34.333360441179565]]]},"properties":{"FID":129,"OBJECTID_1":0,"一级":"08","一级名":"公共管理与公共服务用地","二级":"0801","二级名":"机关团体用地","Shape_Leng":210.49108287288371,"备注":"税务局","Shape_Area":262438.60434700001,"组别":"4"}},{"type":"Feature","id":130,"geometry":{"type":"Polygon","coordinates":[[[108.11322223045352,34.331151323440771],[108.11318058906858,34.332109056566701],[108.11307405825204,34.332106084531858],[108.11277243904001,34.332097665165747],[108.11279868639713,34.331052576527924],[108.11307545237457,34.331117102679904],[108.11322223045352,34.331151323440771]]]},"properties":{"FID":130,"OBJECTID_1":0,"一级":"10","一级名":"工矿用地","二级":"1001","二级名":"工业用地","Shape_Leng":300.33169097300834,"备注":"工厂大棚","Shape_Area":427009.51410899998,"组别":"4"}},{"type":"Feature","id":131,"geometry":{"type":"Polygon","coordinates":[[[108.11632058513688,34.329603484175585],[108.11630987767884,34.330128155099146],[108.11569453315266,34.330135645133439],[108.11568007225164,34.330135821060978],[108.11568861841467,34.329909156062946],[108.1156887410655,34.329905887173126],[108.11569552678117,34.329725899867213],[108.11570021554182,34.329601537785734],[108.11585609086715,34.329602025965478],[108.11597242632938,34.329602390933246],[108.11614712566599,34.329602940245394],[108.11632058513688,34.329603484175585]]]},"properties":{"FID":131,"OBJECTID_1":0,"一级":"10","一级名":"工矿用地","二级":"1001","二级名":"工业用地","Shape_Leng":232.56113564387476,"备注":"工厂","Shape_Area":337820.19261999999,"组别":"4"}},{"type":"Feature","id":132,"geometry":{"type":"Polygon","coordinates":[[[108.11463986007419,34.329355396362295],[108.11455228881803,34.329337005134654],[108.11453087407206,34.329658232262069],[108.11423317066897,34.329654340062056],[108.1135936812789,34.329645981380473],[108.11349291935095,34.329644664884391],[108.11349295355208,34.329638591567644],[108.11349311536965,34.329611085395094],[108.11349610528589,34.329099074109848],[108.11368348714043,34.329099073392484],[108.11387681823028,34.329090150296118],[108.11463527222489,34.329069330614843],[108.11463986007419,34.329355396362295]]]},"properties":{"FID":132,"OBJECTID_1":0,"一级":"10","一级名":"工矿用地","二级":"1001","二级名":"工业用地","Shape_Leng":336.68992659516817,"备注":"工厂","Shape_Area":630524.23737500003,"组别":"4"}},{"type":"Feature","id":133,"geometry":{"type":"Polygon","coordinates":[[[108.11520306973125,34.328542631475855],[108.11520927275588,34.328633656417416],[108.11475033292248,34.328633541005146],[108.11475238556764,34.328535367663356],[108.11520306973125,34.328542631475855]]]},"properties":{"FID":133,"OBJECTID_1":0,"一级":"10","一级名":"工矿用地","二级":"1001","二级名":"工业用地","Shape_Leng":104.72364949245265,"备注":"工厂","Shape_Area":43914.039245,"组别":"4"}},{"type":"Feature","id":134,"geometry":{"type":"Polygon","coordinates":[[[108.11418976666458,34.328556168790776],[108.1141838174461,34.328657296308073],[108.11417192012007,34.328960677808489],[108.11417191997,34.329023138806498],[108.11392505169809,34.329040984571968],[108.1139179732519,34.328584243460867],[108.11391762801244,34.328561960041661],[108.11418976666458,34.328556168790776]]]},"properties":{"FID":134,"OBJECTID_1":0,"一级":"10","一级名":"工矿用地","二级":"1001","二级名":"工业用地","Shape_Leng":152.83050420323849,"备注":"工厂","Shape_Area":124364.295828,"组别":"4"}},{"type":"Feature","id":135,"geometry":{"type":"Polygon","coordinates":[[[108.11458466563398,34.329017558074277],[108.11422248471895,34.329020164542818],[108.1142284325298,34.328645399308854],[108.11423140790423,34.328541297868689],[108.11432708814168,34.328538322939835],[108.11432708827006,34.32864576790665],[108.11456503471231,34.328642793316973],[108.11458466563398,34.329017558074277]]]},"properties":{"FID":135,"OBJECTID_1":0,"一级":"10","一级名":"工矿用地","二级":"1001","二级名":"工业用地","Shape_Leng":170.70013200159886,"备注":"工厂","Shape_Area":143983.03524999999,"组别":"4"}},{"type":"Feature","id":136,"geometry":{"type":"Polygon","coordinates":[[[108.11418976666458,34.328556168790776],[108.11391762801244,34.328561960041661],[108.11391723763127,34.328536827980379],[108.11391607103435,34.32846157873324],[108.11390943664657,34.328033431284055],[108.11416350073782,34.328041978753248],[108.1143181660473,34.32804495360557],[108.11432377767592,34.328355225061159],[108.11432708814168,34.328538322939835],[108.11423140790423,34.328541297868689],[108.11418976666458,34.328556168790776]]]},"properties":{"FID":136,"OBJECTID_1":0,"一级":"09","一级名":"商业服务业用地","二级":"0904","二级名":"其他商业服务业用地","Shape_Leng":189.04237510155028,"备注":"驾校","Shape_Area":214559.702598,"组别":"4"}},{"type":"Feature","id":137,"geometry":{"type":"Polygon","coordinates":[[[108.11391762801244,34.328561960041661],[108.1139179732519,34.328584243460867],[108.11392505169809,34.329040984571968],[108.11307839820785,34.329029001564805],[108.11286554824312,34.329025989539922],[108.11287625583053,34.32878328442618],[108.11269664362639,34.328779678942347],[108.11270393958348,34.328548298688965],[108.1128631684024,34.328556045428044],[108.11285603031452,34.32791002271923],[108.11269336272679,34.327872394090448],[108.11269939232906,34.32758302530808],[108.11280165635624,34.327591358215848],[108.11308042327779,34.327592630047903],[108.11415753090763,34.327597547193079],[108.11416350073782,34.328041978753248],[108.11390943664657,34.328033431284055],[108.11391607103435,34.32846157873324],[108.11391723763127,34.328536827980379],[108.11391762801244,34.328561960041661]]]},"properties":{"FID":137,"OBJECTID_1":0,"一级":"08","一级名":"公共管理与公共服务用地","二级":"0804","二级名":"教育用地","Shape_Leng":619.37376905101041,"备注":"小学","Shape_Area":1748573.3456600001,"组别":"4"}},{"type":"Feature","id":138,"geometry":{"type":"Polygon","coordinates":[[[108.11398450844895,34.32325226136313],[108.11450799031296,34.323685323280436],[108.11528624841574,34.324489414583518],[108.11394899216383,34.324479896957143],[108.11395597207847,34.324057699873755],[108.11398450844895,34.32325226136313]]]},"properties":{"FID":138,"OBJECTID_1":0,"一级":"12","一级名":"交通运输用地","二级":"1208","二级名":"交通场站用地","Shape_Leng":441.72808672935753,"备注":"停车场","Shape_Area":884265.78107699996,"组别":"4"}},{"type":"Feature","id":139,"geometry":{"type":"Polygon","coordinates":[[[108.11395597207847,34.324057699873755],[108.11291138825798,34.324064838007814],[108.11278050206633,34.322862030453557],[108.11282333276343,34.322733539574877],[108.11301368916313,34.322747815748798],[108.11392740197593,34.323138047011355],[108.11398450844895,34.32325226136313],[108.11395597207847,34.324057699873755]]]},"properties":{"FID":139,"OBJECTID_1":0,"一级":"14","一级名":"绿地与开敞空间用地","二级":"1403","二级名":"广场用地","Shape_Leng":460.16727693011774,"备注":"广场","Shape_Area":1313867.54409,"组别":"4"}},{"type":"Feature","id":140,"geometry":{"type":"Polygon","coordinates":[[[108.11487700228177,34.330573867003011],[108.11496555801951,34.330580089766961],[108.11495365953347,34.330870384433204],[108.11517019061874,34.330872764633952],[108.11517733046034,34.331046465369404],[108.11492986599245,34.331046465281347],[108.11493462465425,34.331191612921387],[108.11346618341054,34.331045789238523],[108.11347492067355,34.330902498704013],[108.11350187545068,34.330460441957491],[108.11388484980991,34.330504130113326],[108.11487700228177,34.330573867003011]]]},"properties":{"FID":140,"OBJECTID_1":0,"一级":"07","一级名":"居住用地","二级":"0703","二级名":"农村宅基地","Shape_Leng":446.80485531050681,"备注":"农村自建房","Shape_Area":930983.74903099996,"组别":"4"}},{"type":"Feature","id":141,"geometry":{"type":"Polygon","coordinates":[[[108.113520789866,34.330109573029752],[108.11352411013013,34.330109980126231],[108.11388484986975,34.330154348780717],[108.11388484980991,34.330504130113326],[108.11350187545068,34.330460441957491],[108.11351122504375,34.330286983644839],[108.11352064779932,34.330112204587564],[108.113520789866,34.330109573029752]]]},"properties":{"FID":141,"OBJECTID_1":0,"一级":"01","一级名":"耕地","二级":"0103","二级名":"旱地","Shape_Leng":147.20523827103625,"备注":"小麦田","Shape_Area":134005.38344599999,"组别":"4"}},{"type":"Feature","id":142,"geometry":{"type":"Polygon","coordinates":[[[108.11351122504375,34.330286983644839],[108.11347492067355,34.330902498704013],[108.11307577707053,34.330887729318853],[108.11287012732994,34.330880119411724],[108.11287726506431,34.330508924925766],[108.11261428455857,34.330504729043845],[108.11262580790782,34.330262742642233],[108.11289997591558,34.330270248345357],[108.11307664052367,34.330275085869914],[108.11325939062634,34.330280088793181],[108.11351122504375,34.330286983644839]]]},"properties":{"FID":142,"OBJECTID_1":0,"一级":"15","一级名":"特殊用地","二级":"1504","二级名":"文物古迹用地","Shape_Leng":297.84783446848348,"备注":"教稼圣地","Shape_Area":450375.46010600001,"组别":"4"}},{"type":"Feature","id":143,"geometry":{"type":"Polygon","coordinates":[[[108.113520789866,34.330109573029752],[108.11352064779932,34.330112204587564],[108.11351122504375,34.330286983644839],[108.11325939062634,34.330280088793181],[108.11307664052367,34.330275085869914],[108.11289997591558,34.330270248345357],[108.11262580790782,34.330262742642233],[108.11263086932928,34.330163385650849],[108.11264007298972,34.32998267690823],[108.11264123245901,34.329982688462501],[108.11307704663294,34.329987332423165],[108.11322841458252,34.329988945946297],[108.11321741116846,34.330072258471368],[108.113520789866,34.330109573029752]]]},"properties":{"FID":143,"OBJECTID_1":0,"一级":"10","一级名":"工矿用地","二级":"1001","二级名":"工业用地","Shape_Leng":223.98839774662235,"备注":"工厂","Shape_Area":229296.10644900001,"组别":"4"}},{"type":"Feature","id":144,"geometry":{"type":"Polygon","coordinates":[[[108.11287012732994,34.330880119411724],[108.1125903480026,34.330966158373187],[108.11261428455857,34.330504729043845],[108.11287726506431,34.330508924925766],[108.11287012732994,34.330880119411724]]]},"properties":{"FID":144,"OBJECTID_1":0,"一级":"23","一级名":"其他土地","二级":"2301","二级名":"空闲地","Shape_Leng":144.07853973787877,"备注":"荒地","Shape_Area":114682.257963,"组别":"4"}},{"type":"Feature","id":145,"geometry":{"type":"Polygon","coordinates":[[[108.11347492067355,34.330902498704013],[108.11346618341054,34.331045789238523],[108.11307560353724,34.33101027783465],[108.1125903480026,34.330966158373187],[108.11287012732994,34.330880119411724],[108.11307577707053,34.330887729318853],[108.11347492067355,34.330902498704013]]]},"properties":{"FID":145,"OBJECTID_1":0,"一级":"23","一级名":"其他土地","二级":"2301","二级名":"空闲地","Shape_Leng":180.16704216016805,"备注":"荒地","Shape_Area":94166.515324199994,"组别":"4"}},{"type":"Feature","id":146,"geometry":{"type":"Polygon","coordinates":[[[108.11699294125194,34.331288792565786],[108.11698401806265,34.33184499192069],[108.11649028049369,34.331836068241309],[108.1165170474377,34.331380996400917],[108.1164426892697,34.331378022823046],[108.11643971552724,34.33127689561492],[108.11699294125194,34.331288792565786]]]},"properties":{"FID":146,"OBJECTID_1":0,"一级":"10","一级名":"工矿用地","二级":"1001","二级名":"工业用地","Shape_Leng":226.69043020608805,"备注":"工厂","Shape_Area":282242.69606599997,"组别":"4"}},{"type":"Feature","id":147,"geometry":{"type":"Polygon","coordinates":[[[108.11791795519423,34.331288792422704],[108.11742421843539,34.331856887560264],[108.11733201352835,34.332056169145794],[108.11726955211876,34.332683751271588],[108.11713135602994,34.332682668335991],[108.11604783973779,34.332674179371175],[108.11617276143971,34.33130004047981],[108.11643971552724,34.33127689561492],[108.1164426892697,34.331378022823046],[108.1165170474377,34.331380996400917],[108.11649028049369,34.331836068241309],[108.11698401806265,34.33184499192069],[108.11699294125194,34.331288792565786],[108.11754949094438,34.331288792379794],[108.11791795519423,34.331288792422704]]]},"properties":{"FID":147,"OBJECTID_1":0,"一级":"23","一级名":"其他土地","二级":"2301","二级名":"空闲地","Shape_Leng":722.10405259906543,"备注":"一片荒地","Shape_Area":1640837.89965,"组别":"4"}},{"type":"Feature","id":148,"geometry":{"type":"Polygon","coordinates":[[[108.11722545106171,34.331244555367135],[108.11705293979647,34.330840046069149],[108.1173027830222,34.33082101110913],[108.11732776778082,34.331252883533168],[108.11722545106171,34.331244555367135]]]},"properties":{"FID":148,"OBJECTID_1":0,"一级":"23","一级名":"其他土地","二级":"2306","二级名":"裸土地","Shape_Leng":128.10879735128995,"备注":"裸地","Shape_Area":75707.819017899994,"组别":"4"}},{"type":"Feature","id":149,"geometry":{"type":"Polygon","coordinates":[[[108.11763543997368,34.333695416152111],[108.11759144387027,34.333839403362418],[108.11750003941891,34.333915707751601],[108.11756706639009,34.33285043752695],[108.11765986459596,34.332836160883083],[108.11763543997368,34.333695416152111]]]},"properties":{"FID":149,"OBJECTID_1":0,"一级":"17","一级名":"陆地水域","二级":"1701","二级名":"河流水面","Shape_Leng":250.76772321423277,"备注":"漆水河","Shape_Area":111605.796884,"组别":"4"}},{"type":"Feature","id":150,"geometry":{"type":"Polygon","coordinates":[[[108.11834417624466,34.328518613806018],[108.11839575069712,34.329812641560892],[108.11839652452296,34.329832075864019],[108.11842900208973,34.330746078664433],[108.11842983815922,34.330769583996421],[108.11835322519421,34.330979862002323],[108.11820616728372,34.331383483870958],[108.11784330087919,34.331914105004181],[108.11780000706388,34.332160012274535],[108.11769458374731,34.332758813752498],[108.1176139807052,34.332747610953597],[108.11766546217667,34.332335752963132],[108.11766751803222,34.33231930796196],[108.11771510707555,34.331896953203064],[108.11814103060232,34.331319337783242],[108.11832752159945,34.330863968892253],[108.11835726374318,34.330078747575634],[108.11834352617771,34.329765214586132],[108.11831071055435,34.328585420732232],[108.11830610563881,34.32843771190818],[108.11834417624466,34.328518613806018]]]},"properties":{"FID":150,"OBJECTID_1":0,"一级":"17","一级名":"陆地水域","二级":"1701","二级名":"河流水面","Shape_Leng":993.01722834050747,"备注":"漆水河","Shape_Area":332846.88217599998,"组别":"4"}},{"type":"Feature","id":151,"geometry":{"type":"Polygon","coordinates":[[[108.11792207574095,34.332757337333177],[108.11769458374731,34.332758813752498],[108.11780000706388,34.332160012274535],[108.11784330087919,34.331914105004181],[108.11820616728372,34.331383483870958],[108.11835322519421,34.330979862002323],[108.11842983815922,34.330769583996421],[108.11842900208973,34.330746078664433],[108.11839652452296,34.329832075864019],[108.11839575069712,34.329812641560892],[108.11834417624466,34.328518613806018],[108.11885080391333,34.32915264944257],[108.11894773700547,34.329484989478935],[108.11894773690905,34.330984050325583],[108.1179840544156,34.33255449475238],[108.11792207574095,34.332757337333177]]]},"properties":{"FID":151,"OBJECTID_1":0,"一级":"03","一级名":"林地","二级":"0304","二级名":"其他林地","Shape_Leng":1011.56267698,"备注":"河堤绿化","Shape_Area":1973561.0644,"组别":"4"}},{"type":"Feature","id":152,"geometry":{"type":"Polygon","coordinates":[[[108.11830610563881,34.32843771190818],[108.11831071055435,34.328585420732232],[108.11834760521249,34.329768918439925],[108.11835726374318,34.330078747575634],[108.11832752159945,34.330863968892253],[108.11814103060232,34.331319337783242],[108.11771510707555,34.331896953203064],[108.11766247925028,34.332339649328588],[108.1176139807052,34.332747610953597],[108.11735575157607,34.332740288952607],[108.11734747941297,34.332740055282677],[108.11739507016175,34.332383136524037],[108.1174712118018,34.332026217386577],[108.11753010392147,34.331873336287018],[108.11805715437943,34.331248133094739],[108.11822847663466,34.33087693681302],[108.11822847625021,34.330201170630296],[108.11817256235294,34.329701866661772],[108.11817256229355,34.329701824292158],[108.11817667336669,34.329613685128066],[108.11819338425616,34.329159939535671],[108.11822278184468,34.328361758655824],[108.11830610563881,34.32843771190818]]]},"properties":{"FID":152,"OBJECTID_1":0,"一级":"03","一级名":"林地","二级":"0304","二级名":"其他林地","Shape_Leng":1034.33914209,"备注":"河堤绿化","Shape_Area":690140.26640399999,"组别":"4"}},{"type":"Feature","id":153,"geometry":{"type":"Polygon","coordinates":[[[108.11721799625413,34.332920223199494],[108.11718175549737,34.332947740451786],[108.11710307112261,34.333007482082124],[108.11709236288081,34.333146680175062],[108.11711734801936,34.333228771335754],[108.11710663905474,34.333692766902047],[108.11704239443952,34.333767718896389],[108.11704953232396,34.333878364416229],[108.11704645509606,34.333880929367851],[108.11701600553026,34.333798560358161],[108.11683175338472,34.333752021514663],[108.11638560569185,34.333412948418278],[108.11589186676635,34.333276130053896],[108.11403308233126,34.333350982513274],[108.11400183994392,34.332906751552535],[108.11392331874688,34.332846075581173],[108.11405109523049,34.332865110424663],[108.11409035587256,34.333279136977133],[108.1149112704116,34.333279137467905],[108.1158856586719,34.333247014468618],[108.11636393098151,34.333375505246643],[108.11684220295879,34.333693163735056],[108.11694213942646,34.333728855352234],[108.11702423169801,34.333696732869022],[108.11705992423848,34.333639625961958],[108.11704207802084,34.333236305764089],[108.11701352372917,34.333036432219373],[108.11709561425201,34.332922218069058],[108.11721799625413,34.332920223199494]]]},"properties":{"FID":153,"OBJECTID_1":0,"一级":"06","一级名":"农业设施建设用地","二级":"0601","二级名":"农村道路","Shape_Leng":919.47684830953676,"备注":"田间路","Shape_Area":215963.69541099999,"组别":"4"}},{"type":"Feature","id":154,"geometry":{"type":"Polygon","coordinates":[[[108.11721799625413,34.332920223199494],[108.11709561425201,34.332922218069058],[108.11405109523049,34.332865110424663],[108.11392331874688,34.332846075581173],[108.11378412040807,34.33284250621891],[108.11378225993778,34.332735410124052],[108.11335693048581,34.332747307484389],[108.11314575406479,34.332738384295389],[108.11284102840564,34.332747365666457],[108.11249772039193,34.332757485142864],[108.11250239484833,34.332619570377581],[108.11288902811934,34.332625524941946],[108.11604783973779,34.332674179371175],[108.11713135602994,34.332682668335991],[108.11726955211876,34.332683751271588],[108.11734747941297,34.332740055282677],[108.11735575157607,34.332740288952607],[108.1176139807052,34.332747610953597],[108.11769458374731,34.332758813752498],[108.11792207574095,34.332757337333177],[108.11789738413768,34.332838145578599],[108.11765986459596,34.332836160883083],[108.11756706639009,34.33285043752695],[108.11732079245047,34.332846867660187],[108.11729878285414,34.332862573622762],[108.11721799625413,34.332920223199494]]]},"properties":{"FID":154,"OBJECTID_1":0,"一级":"12","一级名":"交通运输用地","二级":"1207","二级名":"城镇村道路用地","Shape_Leng":1037.9317429600001,"备注":"城镇道路","Shape_Area":1023125.80647,"组别":"4"}},{"type":"Feature","id":155,"geometry":{"type":"Polygon","coordinates":[[[108.1171138580459,34.3268766889665],[108.11638409390672,34.326881279052202],[108.11620585582335,34.326882400270648],[108.11612219436459,34.326875141557679],[108.11532436534628,34.326868844948301],[108.11280522554422,34.326848966070933],[108.11279331050387,34.326831626210726],[108.11282572805192,34.326691762883634],[108.11288283462913,34.326691763447847],[108.11288283454222,34.326729834859428],[108.11289215471243,34.326760113377851],[108.11535000251109,34.326795595182347],[108.11620246069985,34.326807901372156],[108.11627911618908,34.326813185223983],[108.11630112968992,34.32681470225026],[108.11706826683016,34.326818509407538],[108.1171138580459,34.3268766889665]]]},"properties":{"FID":155,"OBJECTID_1":0,"一级":"12","一级名":"交通运输用地","二级":"1207","二级名":"城镇村道路用地","Shape_Leng":819.64059609347805,"备注":"镇村道路","Shape_Area":336865.64508599997,"组别":"4"}},{"type":"Feature","id":156,"geometry":{"type":"Polygon","coordinates":[[[108.11323439658469,34.329943653561656],[108.11316327571444,34.329940590257657],[108.11307711055704,34.329942644996009],[108.11290124004566,34.329946840491004],[108.11289284819648,34.329625824138496],[108.11288696357313,34.329400753810809],[108.11294050150514,34.329411461834873],[108.11294050093665,34.329068819273786],[108.11307833021361,34.329076324936374],[108.11349610528589,34.329099074109848],[108.11349311536965,34.329611085395094],[108.11349295355208,34.329638591567644],[108.11349291935095,34.329644664884391],[108.11343870029216,34.329643955170141],[108.1134033930539,34.32963668586499],[108.11331734832982,34.329618970256114],[108.113318502002,34.329634879446651],[108.11333519509999,34.329865245865008],[108.11324239552732,34.329883090909192],[108.11323439658469,34.329943653561656]]]},"properties":{"FID":156,"OBJECTID_1":0,"一级":"10","一级名":"工矿用地","二级":"1001","二级名":"工业用地","Shape_Leng":305.49826209583421,"备注":"工厂","Shape_Area":452700.62173700001,"组别":"4"}},{"type":"Feature","id":157,"geometry":{"type":"Polygon","coordinates":[[[108.11643971552724,34.33127689561492],[108.11617276143971,34.33130004047981],[108.11487000584646,34.331270297194344],[108.11322223045352,34.331151323440771],[108.11307545237457,34.331117102679904],[108.11279868639713,34.331052576527924],[108.11258563398364,34.331049069295844],[108.1125903480026,34.330966158373187],[108.11307560353724,34.33101027783465],[108.11346618341054,34.331045789238523],[108.11493462465425,34.331191612921387],[108.11571627734567,34.331227303896767],[108.11722545106171,34.331244555367135],[108.11732776778082,34.331252883533168],[108.11756430493649,34.331250252431424],[108.11796950718707,34.331245744793655],[108.11791795519423,34.331288792422704],[108.11754949094438,34.331288792379794],[108.11699294125194,34.331288792565786],[108.11643971552724,34.33127689561492]]]},"properties":{"FID":157,"OBJECTID_1":0,"一级":"12","一级名":"交通运输用地","二级":"1207","二级名":"城镇村道路用地","Shape_Leng":1005.56389956,"备注":"村道","Shape_Area":410860.89073699998,"组别":"4"}},{"type":"Feature","id":158,"geometry":{"type":"Polygon","coordinates":[[[108.11275942398657,34.332615882203683],[108.11289190240406,34.332618231108341],[108.11604783973779,34.332674179371175],[108.11288902811934,34.332625524941946],[108.11250239484833,34.332619570377581],[108.11275942398657,34.332615882203683]]]},"properties":{"FID":158,"OBJECTID_1":0,"一级":"12","一级名":"交通运输用地","二级":"1207","二级名":"城镇村道路用地","Shape_Leng":652.65551597193269,"备注":"城镇道路","Shape_Area":13836.6191537,"组别":"4"}},{"type":"Feature","id":159,"geometry":{"type":"Polygon","coordinates":[[[108.11629767868027,34.325797959383621],[108.11629351457303,34.326097057246059],[108.11630112968992,34.32681470225026],[108.11627911618908,34.326813185223983],[108.11620246069985,34.326807901372156],[108.11620155324775,34.326762874083208],[108.11617866538541,34.325627093531374],[108.11629767868027,34.325797959383621]]]},"properties":{"FID":159,"OBJECTID_1":0,"一级":"06","一级名":"农业设施建设用地","二级":"0601","二级名":"农村道路","Shape_Leng":274.79723842981025,"备注":"林间道","Shape_Area":118165.370026,"组别":"4"}},{"type":"Feature","id":160,"geometry":{"type":"Polygon","coordinates":[[[108.11667702199787,34.326117597861192],[108.11667717003836,34.326117787932972],[108.1186978928786,34.328628383029162],[108.11885080391333,34.32915264944257],[108.11834417624466,34.328518613806018],[108.11830610563881,34.32843771190818],[108.11822278184468,34.328361758655824],[108.1171138580459,34.3268766889665],[108.11706826683016,34.326818509407538],[108.11629767868027,34.325797959383621],[108.11617866538541,34.325627093531374],[108.1153788146528,34.324607420765879],[108.11528624841574,34.324489414583518],[108.11450799031296,34.323685323280436],[108.11398450844895,34.32325226136313],[108.11392740197593,34.323138047011355],[108.11301368916313,34.322747815748798],[108.11282333276343,34.322733539574877],[108.11278050206633,34.322862030453557],[108.11270248452018,34.322815245881714],[108.11241233484095,34.322534025319463],[108.11229004413882,34.322415497805238],[108.11228977645727,34.322413573384019],[108.11224365167847,34.322082519806187],[108.11224389595073,34.322082369034604],[108.11229032586303,34.322053519577757],[108.11255888405195,34.322417990636602],[108.11373671686358,34.322953369723308],[108.1148074752065,34.323595824038534],[108.11548562058277,34.324523813039079],[108.11634222651629,34.325701646837992],[108.11667702199787,34.326117597861192]]]},"properties":{"FID":160,"OBJECTID_1":0,"一级":"12","一级名":"交通运输用地","二级":"1202","二级名":"公路用地","Shape_Leng":2061.6320703199999,"备注":"省道","Shape_Area":1523749.2785700001,"组别":"4"}},{"type":"Feature","id":161,"geometry":{"type":"Polygon","coordinates":[[[108.11585584896099,34.329601537591039],[108.11585609086715,34.329602025965478],[108.11570021554182,34.329601537785734],[108.11585584896099,34.329601537591039]]]},"properties":{"FID":161,"OBJECTID_1":0,"一级":"06","一级名":"农业设施建设用地","二级":"0601","二级名":"农村道路","Shape_Leng":28.725752818357922,"备注":"林间道","Shape_Area":38.795610425100001,"组别":"4"}},{"type":"Feature","id":162,"geometry":{"type":"Polygon","coordinates":[[[108.11614835088319,34.329600988276098],[108.11614712566599,34.329602940245394],[108.11597242632938,34.329602390933246],[108.11585609086715,34.329602025965478],[108.11585584896099,34.329601537591039],[108.11597287067919,34.329601537710396],[108.11602382338909,34.329601537226445],[108.11602876557338,34.329494279611943],[108.11605100849707,34.329011609500448],[108.11605203320693,34.328968212078351],[108.11605993123169,34.328633870982728],[108.11606588053601,34.328556537098869],[108.11609514636308,34.327606389361577],[108.11612219436459,34.326875141557679],[108.11620585582335,34.326882400270648],[108.11618424172869,34.326881345308898],[108.11613617664271,34.328417620552436],[108.11610557646985,34.329002420354932],[108.11608553927076,34.329385336684624],[108.11607431095597,34.329599915395875],[108.11614835088319,34.329600988276098]]]},"properties":{"FID":162,"OBJECTID_1":0,"一级":"06","一级名":"农业设施建设用地","二级":"0601","二级名":"农村道路","Shape_Leng":663.42110882798875,"备注":"林间路","Shape_Area":171668.334799,"组别":"4"}},{"type":"Feature","id":163,"geometry":{"type":"Polygon","coordinates":[[[108.11614835088319,34.329600988276098],[108.11632058513688,34.329603484175585],[108.11614712566599,34.329602940245394],[108.11614835088319,34.329600988276098]]]},"properties":{"FID":163,"OBJECTID_1":0,"一级":"06","一级名":"农业设施建设用地","二级":"0601","二级名":"农村道路","Shape_Leng":32.05966551145287,"备注":"林间道","Shape_Area":173.16158696099998,"组别":"4"}},{"type":"Feature","id":164,"geometry":{"type":"Polygon","coordinates":[[[108.11432458149429,34.328355014265412],[108.11432377767592,34.328355225061159],[108.1143181660473,34.32804495360557],[108.11432458149429,34.328355014265412]]]},"properties":{"FID":164,"OBJECTID_1":0,"一级":"06","一级名":"农业设施建设用地","二级":"0601","二级名":"农村道路","Shape_Leng":68.899020743133647,"备注":"道路","Shape_Area":127.90497052900001,"组别":"4"}},{"type":"Feature","id":165,"geometry":{"type":"Polygon","coordinates":[[[108.11432458149429,34.328355014265412],[108.11432708867791,34.328476230642892],[108.11432708814168,34.328538322939835],[108.11432377767592,34.328355225061159],[108.11432458149429,34.328355014265412]]]},"properties":{"FID":165,"OBJECTID_1":0,"一级":"06","一级名":"农业设施建设用地","二级":"0601","二级名":"农村道路","Shape_Leng":40.726769033164416,"备注":"道路","Shape_Area":154.97402480099998,"组别":"4"}},{"type":"Feature","id":166,"geometry":{"type":"Polygon","coordinates":[[[108.11568861841467,34.329909156062946],[108.11568007225164,34.330135821060978],[108.11567582708409,34.330007830848885],[108.11490547623559,34.329411180855011],[108.11463986007419,34.329355396362295],[108.11463527222489,34.329069330614843],[108.11387681823028,34.329090150296118],[108.11368348714043,34.329099073392484],[108.11349610528589,34.329099074109848],[108.11307833021361,34.329076324936374],[108.11294050093665,34.329068819273786],[108.11268720958114,34.329078855321292],[108.11267933944929,34.329231136429101],[108.11269664362639,34.328779678942347],[108.112688647133,34.329033289481316],[108.11286554824312,34.329025989539922],[108.11307839820785,34.329029001564805],[108.11392505169809,34.329040984571968],[108.11417191997,34.329023138806498],[108.11417192012007,34.328960677808489],[108.1141838174461,34.328657296308073],[108.11418976666458,34.328556168790776],[108.11423140790423,34.328541297868689],[108.1142284325298,34.328645399308854],[108.11422248471895,34.329020164542818],[108.11458466563398,34.329017558074277],[108.11474230499422,34.329017558320494],[108.1148388563449,34.329017119847663],[108.11531474399381,34.329601537161267],[108.11568861841467,34.329909156062946]]]},"properties":{"FID":166,"OBJECTID_1":0,"一级":"06","一级名":"农业设施建设用地","二级":"0601","二级名":"农村道路","Shape_Leng":897.09729436687485,"备注":"道路","Shape_Area":364822.31213899999,"组别":"4"}},{"type":"Feature","id":167,"geometry":{"type":"Polygon","coordinates":[[[108.11323439658469,34.329943653561656],[108.11322841458252,34.329988945946297],[108.11307704663294,34.329987332423165],[108.11264123245901,34.329982688462501],[108.11264395303081,34.329935234647628],[108.11290124004566,34.329946840491004],[108.11307711055704,34.329942644996009],[108.11316327571444,34.329940590257657],[108.11323439658469,34.329943653561656]]]},"properties":{"FID":167,"OBJECTID_1":0,"一级":"06","一级名":"农业设施建设用地","二级":"0601","二级名":"农村道路","Shape_Leng":118.75480570692649,"备注":"道路","Shape_Area":26151.016923300002,"组别":"4"}},{"type":"Feature","id":168,"geometry":{"type":"Polygon","coordinates":[[[108.11766546217667,34.332335752963132],[108.11766247925028,34.332339649328588],[108.11771510707555,34.331896953203064],[108.11766751803222,34.33231930796196],[108.11766546217667,34.332335752963132]]]},"properties":{"FID":168,"OBJECTID_1":0,"一级":"06","一级名":"农业设施建设用地","二级":"0601","二级名":"农村道路","Shape_Leng":98.747332169649198,"备注":"沿河路","Shape_Area":613.07778493500007,"组别":"4"}},{"type":"Feature","id":169,"geometry":{"type":"Polygon","coordinates":[[[108.11766546217667,34.332335752963132],[108.1176139807052,34.332747610953597],[108.11766247925028,34.332339649328588],[108.11766546217667,34.332335752963132]]]},"properties":{"FID":169,"OBJECTID_1":0,"一级":"06","一级名":"农业设施建设用地","二级":"0601","二级名":"农村道路","Shape_Leng":91.917941578241354,"备注":"沿河路","Shape_Area":524.66918568100004,"组别":"4"}},{"type":"Feature","id":170,"geometry":{"type":"Polygon","coordinates":[[[108.11817256235294,34.329701866661772],[108.11822847625021,34.330201170630296],[108.11822847663466,34.33087693681302],[108.11805715437943,34.331248133094739],[108.11753010392147,34.331873336287018],[108.1174712118018,34.332026217386577],[108.11739507016175,34.332383136524037],[108.11734747941297,34.332740055282677],[108.11726955211876,34.332683751271588],[108.11733201352835,34.332056169145794],[108.11742421843539,34.331856887560264],[108.11791795519423,34.331288792422704],[108.11796950718707,34.331245744793655],[108.11814273326588,34.330889777333773],[108.11817152380087,34.330705726449807],[108.11815070379899,34.330170347393576],[108.11817256235294,34.329701866661772]]]},"properties":{"FID":170,"OBJECTID_1":0,"一级":"06","一级名":"农业设施建设用地","二级":"0601","二级名":"农村道路","Shape_Leng":719.21425988114936,"备注":"沿河路","Shape_Area":260837.92637900001,"组别":"4"}},{"type":"Feature","id":171,"geometry":{"type":"Polygon","coordinates":[[[108.11269336272679,34.327872394090448],[108.11285603031452,34.32791002271923],[108.11269393179317,34.327908726011508],[108.11269336272679,34.327872394090448]]]},"properties":{"FID":171,"OBJECTID_1":0,"一级":"09","一级名":"商业服务业用地","二级":"0901","二级名":"商业用地","Shape_Leng":34.490026831230857,"备注":"餐饮","Shape_Area":3005.7158537099999,"组别":"4"}},{"type":"Feature","id":172,"geometry":{"type":"Polygon","coordinates":[[[108.11280522554422,34.326848966070933],[108.11280464921053,34.326968815098553],[108.11280165635624,34.327591358215848],[108.11269939232906,34.32758302530808],[108.11271304210207,34.326927816179492],[108.11271596742067,34.326787359802807],[108.11275760765817,34.325633320928425],[108.11281550800145,34.324855634138672],[108.11280955952213,34.323624263522802],[108.11279337448347,34.323501973325996],[108.11270248452018,34.322815245881714],[108.11278050206633,34.322862030453557],[108.11291138825798,34.324064838007814],[108.11290662961787,34.325111802066949],[108.11284000522014,34.325540104744249],[108.11282572805192,34.326691762883634],[108.11279331050387,34.326831626210726],[108.11280522554422,34.326848966070933]]]},"properties":{"FID":172,"OBJECTID_1":0,"一级":"12","一级名":"交通运输用地","二级":"1202","二级名":"公路用地","Shape_Leng":1074.11027367,"备注":"省道","Shape_Area":425911.13039200002,"组别":"4"}},{"type":"Feature","id":173,"geometry":{"type":"MultiPolygon","coordinates":[[[[108.10470671677723,34.324590699069745],[108.10462418577941,34.324696723597285],[108.10465646408362,34.324625234563541],[108.1046921364694,34.324592848048795],[108.10471713495974,34.324584626787981],[108.10470671677723,34.324590699069745]]],[[[108.10533456517692,34.324943082240054],[108.10524555015503,34.324997101700767],[108.10525643002946,34.325123211609721],[108.10521099654049,34.324835847983479],[108.10522560851538,34.324874714585341],[108.10523156628088,34.324917392879335],[108.10526667789057,34.324870212444608],[108.10529744499023,34.324828868329327],[108.10538881694073,34.324700377099248],[108.10544306888431,34.324511924071608],[108.10543230025721,34.324386305379278],[108.10542593676186,34.324312049392866],[108.10538881659518,34.324106463883368],[108.10531457666492,34.32396655086734],[108.10539738268848,34.323932287284151],[108.10540785916557,34.323979025572939],[108.10543450278558,34.324097898335225],[108.10548304346221,34.324337747477344],[108.10550093071625,34.324441103321021],[108.10550874100392,34.324486225731938],[108.10548018748577,34.324700376868826],[108.10545846671067,34.324748990913186],[108.10542022503768,34.324834579073446],[108.10533456517692,34.324943082240054]]],[[[108.10451609727265,34.325772195703379],[108.10446085456016,34.325882467134825],[108.10450289544521,34.325576971936428],[108.1045228830982,34.325254316874371],[108.10457998994086,34.324794604696933],[108.10459754757396,34.324755718660299],[108.10451609727265,34.325772195703379]]],[[[108.10434974327815,34.326104256299828],[108.10427081421403,34.326183610735178],[108.104102360805,34.326272430191956],[108.10426875647678,34.32614518678551],[108.10445368988354,34.325896768058058],[108.10434974327815,34.326104256299828]]],[[[108.10402362588017,34.326313944564269],[108.10399205453892,34.326320874930992],[108.1040412249728,34.326304665076769],[108.10402362588017,34.326313944564269]]],[[[108.10386631849292,34.326448763199878],[108.10360889242268,34.326509720451895],[108.10350752685324,34.326527771813595],[108.10337277224804,34.326531794459065],[108.10337274073764,34.326531795387147],[108.10315284268009,34.326535488468309],[108.10314228774368,34.326446070274244],[108.10319794639595,34.326443960794137],[108.10347211289964,34.326433577866304],[108.10381475624716,34.326379325139563],[108.10387248026412,34.32636029547615],[108.10386631849292,34.326448763199878]]],[[[108.10693157997996,34.326865258726322],[108.10650327715848,34.326910944064508],[108.1065032776868,34.326876101761414],[108.10650327715111,34.326768176263201],[108.10649756568931,34.326534037340828],[108.1065032773933,34.326288477507909],[108.10649185471962,34.326071469902217],[108.10641761612069,34.325900149041694],[108.10636050854357,34.325751671251986],[108.10632624499519,34.325597482540452],[108.10628055945999,34.325380474882344],[108.10625771529229,34.325209154367876],[108.10623487353131,34.32502070025852],[108.10619489861121,34.324877932824819],[108.10618347693458,34.324660926941441],[108.10625904932004,34.324551185178976],[108.10629119512204,34.324509326672498],[108.10640524288307,34.324360828218282],[108.10633622337404,34.324233178674284],[108.1062619835028,34.324117060881335],[108.106159776458,34.324016380842956],[108.10613444422086,34.323991425407826],[108.10585518396219,34.323484734312402],[108.10591503698942,34.323482693894782],[108.10617026952524,34.323897354350137],[108.10630264479327,34.324025372718054],[108.1063352159597,34.324081440125809],[108.10639904079696,34.324191299813691],[108.10649096159096,34.32434089674976],[108.10649612365702,34.324349295885533],[108.10705174367143,34.324347153659716],[108.10778315228039,34.324344335982751],[108.10791223141116,34.324343837384575],[108.10786626977776,34.323112037336024],[108.10784765444171,34.322613145890948],[108.10791666968811,34.322608545229741],[108.10793040105136,34.322985839905449],[108.10793483924481,34.32310774085699],[108.10795898125686,34.323771056083665],[108.10796093406515,34.323824700716813],[108.10796898977951,34.324046048264705],[108.10797039749063,34.324084694501629],[108.10799479713015,34.324082661780331],[108.10800907219553,34.324208773874616],[108.10801859137712,34.3244205454641],[108.10801999274254,34.324486439927156],[108.10802335033665,34.324644214508361],[108.10804238656704,34.324934508564525],[108.10804413040111,34.324978490375528],[108.10805019264512,34.325131233184365],[108.10805428321483,34.325234320448516],[108.10806514940296,34.325425280079713],[108.10807093876141,34.325526994684026],[108.10809235478099,34.325695936193547],[108.10808989443204,34.325855861405238],[108.10808928758311,34.325895277470536],[108.10808759552708,34.326005266166888],[108.1080875954198,34.326217037976086],[108.10810187150395,34.326535885202617],[108.10810180594507,34.326578814765121],[108.10802597027167,34.326584396049945],[108.10803020254534,34.326401217353222],[108.10802258917649,34.326054768045772],[108.10801449249236,34.325632965101278],[108.10785969599452,34.32562149764162],[108.10769869129251,34.325618108224091],[108.107633648309,34.325616739258713],[108.10748612133737,34.32565481133279],[108.10726483179452,34.325716677586534],[108.10703640262965,34.325771404527799],[108.10687460027897,34.325811855634079],[108.1067008985262,34.325830891353569],[108.10654623401712,34.325838029625004],[108.10646237521898,34.325833074080478],[108.1064717406891,34.325858968242947],[108.10655169098436,34.326007447741972],[108.10657453377905,34.326125468014212],[108.10656311227338,34.32635389563935],[108.10657072632466,34.326612782214376],[108.10658595472921,34.326822174361929],[108.10678773261874,34.326806946531065],[108.1070428120034,34.326776489021526],[108.10709723045103,34.326764575229817],[108.1072009269091,34.326741873517939],[108.10714075217506,34.3268191742212],[108.10693157997996,34.326865258726322]],[[108.10647047222147,34.324410733518683],[108.10644128398488,34.324454135545651],[108.10634229773054,34.324579770164611],[108.10626996246575,34.324674950219652],[108.10626234816144,34.32481581353322],[108.1063004200529,34.32494525507493],[108.10630619309947,34.325060738134994],[108.10630803346318,34.325097541378817],[108.10633087703592,34.325226984403223],[108.10635752727343,34.325440182687153],[108.10640701995659,34.325680033284712],[108.10643727635754,34.325763681723075],[108.10664141201744,34.325766644907844],[108.1068508052453,34.325745230677299],[108.10704354072358,34.325692882745749],[108.10721486325599,34.325654811109764],[108.10735762976144,34.325619118942555],[108.10751467422448,34.325569149913193],[108.10765506294139,34.325569150091546],[108.10769858138151,34.325568650270817],[108.10786207514964,34.325566771935542],[108.10801034405297,34.325568647062234],[108.10799479689317,34.325327606074559],[108.10798480285014,34.324968258583048],[108.10798270472608,34.324936078395822],[108.107981795895,34.32492215669555],[108.10795910469119,34.324574220525349],[108.1079542606977,34.324401105813727],[108.10786554998241,34.324398217195636],[108.10759143652908,34.324409639402006],[108.1072202402228,34.324409638595682],[108.10647047222147,34.324410733518683]]],[[[108.10657844577008,34.327736176021361],[108.10654220649383,34.327755540746828],[108.1066129573055,34.327672997134492],[108.10657844577008,34.327736176021361]]],[[[108.10555449836204,34.327430062971587],[108.10564586978647,34.327742248712042],[108.10578463073578,34.327819010062399],[108.10571091405417,34.327804875366134],[108.10563366845274,34.327760710780396],[108.10556236358109,34.327530080186229],[108.10555636229712,34.327469420993907],[108.10554909542023,34.327395988883843],[108.10555449836204,34.327430062971587]]]]},"properties":{"FID":173,"OBJECTID_1":0,"一级":"12","一级名":"交通运输用地","二级":"1207","二级名":"城镇村道路用地","Shape_Leng":3351.8764633199999,"备注":"南关正街","Shape_Area":1002169.8217,"组别":"4"}},{"type":"Feature","id":174,"geometry":{"type":"Polygon","coordinates":[[[108.1072009269091,34.326741873517939],[108.10709723045103,34.326764575229817],[108.10706061901706,34.326540120936464],[108.10769831618556,34.326449702021527],[108.10769869129251,34.325618108224091],[108.10785969599452,34.32562149764162],[108.10801449249236,34.325632965101278],[108.10802258917649,34.326054768045772],[108.10803020254534,34.326401217353222],[108.10802597027167,34.326584396049945],[108.10751133741742,34.326622268551581],[108.1072009269091,34.326741873517939]]]},"properties":{"FID":174,"OBJECTID_1":0,"一级":"09","一级名":"商业服务业用地","二级":"0901","二级名":"商业用地","Shape_Leng":400.50757685062007,"备注":"沿街商铺","Shape_Area":438079.81894299999,"组别":"4"}},{"type":"Feature","id":175,"geometry":{"type":"Polygon","coordinates":[[[108.11087368171664,34.326453851359013],[108.11087531618166,34.326749759739613],[108.11055682609775,34.326760366034989],[108.11016769478164,34.326682209284364],[108.1097148711455,34.326535127822936],[108.10958509392887,34.326509404819369],[108.1084545307986,34.326561901208031],[108.10840726843372,34.325864446067506],[108.10840668029614,34.325855771619729],[108.10945725707084,34.325812251134799],[108.10946103323494,34.325691943085126],[108.10950841543935,34.324182319899172],[108.10991530267114,34.324171613595837],[108.10993376542967,34.323725602733724],[108.11076234739008,34.32349415585994],[108.11082183344335,34.32330974785831],[108.11176172141623,34.323184826278521],[108.11185095061377,34.323517950091897],[108.11188788954195,34.323766878918327],[108.11210966157002,34.325261406870247],[108.11201377614543,34.325269955021625],[108.11104859435478,34.325355996162273],[108.11066830345216,34.325389897188792],[108.11059691927653,34.325186453734361],[108.11028639999232,34.325186453391389],[108.11045885848333,34.325983211429104],[108.11046485914548,34.326010936525954],[108.11087174669585,34.326103735280284],[108.11087368171664,34.326453851359013]]]},"properties":{"FID":175,"OBJECTID_1":0,"一级":"08","一级名":"公共管理与公共服务用地","二级":"0804","二级名":"教育用地","Shape_Leng":1481.38977224,"备注":"绿野高中","Shape_Area":6770506.7856700001,"组别":"4"}},{"type":"Feature","id":176,"geometry":{"type":"Polygon","coordinates":[[[108.1125463224823,34.327281747299914],[108.11233217091545,34.327285316360715],[108.11201570147647,34.327199655282357],[108.11198001060716,34.326728521765233],[108.11158382959786,34.326739230591023],[108.11152315349636,34.326646431350575],[108.11138395500363,34.326478679431631],[108.11123404901898,34.326442987151843],[108.11111831420904,34.326214087678615],[108.11107343586225,34.326125329642473],[108.11092352955021,34.326089636980043],[108.11094137564162,34.325921884636131],[108.11113768081502,34.325918316176747],[108.11104859435478,34.325355996162273],[108.11201377614543,34.325269955021625],[108.11200511361491,34.325436594822513],[108.11220498948764,34.32560791535041],[108.11259046060647,34.325626951575927],[108.11254683068681,34.326853427249894],[108.11254632167834,34.326867719821898],[108.1125463224823,34.327281747299914]]]},"properties":{"FID":176,"OBJECTID_1":0,"一级":"01","一级名":"耕地","二级":"0103","二级名":"旱地","Shape_Leng":693.5287010210568,"备注":"不知道种什么的耕地","Shape_Area":2183706.54061,"组别":"4"}},{"type":"Feature","id":177,"geometry":{"type":"Polygon","coordinates":[[[108.11258164639334,34.327530906220687],[108.11258164698252,34.328027618518853],[108.11229573091813,34.328198516308454],[108.11124885276595,34.327098257779859],[108.11092235321914,34.326881883505571],[108.11067842665652,34.326784789148562],[108.11055682609775,34.326760366034989],[108.11087531618166,34.326749759739613],[108.11087368171664,34.326453851359013],[108.11133041834836,34.326671414607148],[108.11152315353598,34.326657138259193],[108.11138395500363,34.326478679431631],[108.11152315349636,34.326646431350575],[108.11158382959786,34.326739230591023],[108.11198001060716,34.326728521765233],[108.11201570147647,34.327199655282357],[108.1121354975584,34.327325677475919],[108.11212657496452,34.327602291114026],[108.11234965019138,34.327786698552508],[108.11258164639334,34.327530906220687]]]},"properties":{"FID":177,"OBJECTID_1":0,"一级":"09","一级名":"商业服务业用地","二级":"0901","二级名":"商业用地","Shape_Leng":706.04625644150917,"备注":"沿街商业","Shape_Area":1080393.6790700001,"组别":"4"}},{"type":"Feature","id":178,"geometry":{"type":"Polygon","coordinates":[[[108.11258164639334,34.327530906220687],[108.11234965019138,34.327786698552508],[108.11212657496452,34.327602291114026],[108.1121354975584,34.327325677475919],[108.11201570147647,34.327199655282357],[108.11233217091545,34.327285316360715],[108.1125463224823,34.327281747299914],[108.11258164639334,34.327530906220687]]]},"properties":{"FID":178,"OBJECTID_1":0,"一级":"03","一级名":"林地","二级":"0301","二级名":"乔木林地","Shape_Leng":191.16678138119727,"备注":"一小片乔木林","Shape_Area":187103.15769399999,"组别":"4"}},{"type":"Feature","id":179,"geometry":{"type":"Polygon","coordinates":[[[108.11269024907118,34.325454767644551],[108.11225897206248,34.325502356341225],[108.11200317982568,34.323848630899612],[108.1126724023256,34.323812939457717],[108.11269024907118,34.325454767644551]]]},"properties":{"FID":179,"OBJECTID_1":0,"一级":"14","一级名":"绿地与开敞空间用地","二级":"1401","二级名":"公园绿地","Shape_Leng":468.84022174549744,"备注":"一个公园","Shape_Area":931452.91226699995,"组别":"4"}},{"type":"Feature","id":180,"geometry":{"type":"Polygon","coordinates":[[[108.11262124456614,34.323730846985939],[108.11188788954195,34.323766878918327],[108.11185095061377,34.323517950091897],[108.11262401219605,34.323504844450873],[108.11262124456614,34.323730846985939]]]},"properties":{"FID":180,"OBJECTID_1":0,"一级":"09","一级名":"商业服务业用地","二级":"0901","二级名":"商业用地","Shape_Leng":191.66641155713697,"备注":"一个酒店","Shape_Area":183029.28608200001,"组别":"4"}},{"type":"Feature","id":181,"geometry":{"type":"Polygon","coordinates":[[[108.11269393179317,34.327908726011508],[108.11270393958348,34.328548298688965],[108.11231262987747,34.328216278043669],[108.11229573091813,34.328198516308454],[108.11258164698252,34.328027618518853],[108.11258164639334,34.327530906220687],[108.1125463224823,34.327281747299914],[108.11254632167834,34.326867719821898],[108.11254683068681,34.326853427249894],[108.11259046060647,34.325626951575927],[108.11269024907118,34.325454767644551],[108.1126724023256,34.323812939457717],[108.11262124456614,34.323730846985939],[108.11262401219605,34.323504844450873],[108.11279337448347,34.323501973325996],[108.11280955952213,34.323624263522802],[108.11281550800145,34.324855634138672],[108.11275760765817,34.325633320928425],[108.11271596742067,34.326787359802807],[108.11271304210207,34.326927816179492],[108.11269939232906,34.32758302530808],[108.11269336272679,34.327872394090448],[108.11269393179317,34.327908726011508]]]},"properties":{"FID":181,"OBJECTID_1":0,"一级":"12","一级名":"交通运输用地","二级":"1202","二级名":"公路用地","Shape_Leng":1167.3521810300001,"备注":"省道","Shape_Area":778518.90267099999,"组别":"4"}},{"type":"Feature","id":182,"geometry":{"type":"Polygon","coordinates":[[[108.11269024907118,34.325454767644551],[108.11259046060647,34.325626951575927],[108.11220498948764,34.32560791535041],[108.11200511361491,34.325436594822513],[108.11201377614543,34.325269955021625],[108.11210966157002,34.325261406870247],[108.11188788954195,34.323766878918327],[108.11262124456614,34.323730846985939],[108.1126724023256,34.323812939457717],[108.11200317982568,34.323848630899612],[108.11225897206248,34.325502356341225],[108.11269024907118,34.325454767644551]]]},"properties":{"FID":182,"OBJECTID_1":0,"一级":"12","一级名":"交通运输用地","二级":"1207","二级名":"城镇村道路用地","Shape_Leng":642.16471883315774,"备注":"一条小路","Shape_Area":341569.72724600002,"组别":"4"}},{"type":"Feature","id":183,"geometry":{"type":"Polygon","coordinates":[[[108.10993376542967,34.323725602733724],[108.10991530267114,34.324171613595837],[108.10950841543935,34.324182319899172],[108.10946103323494,34.325691943085126],[108.10945725707084,34.325812251134799],[108.10840668029614,34.325855771619729],[108.10884688131144,34.325820079113775],[108.10884688077995,34.325670718748057],[108.10884688098062,34.325512668084038],[108.1088468810411,34.323809434223392],[108.10969753909879,34.323791587648287],[108.10993376542967,34.323725602733724]]]},"properties":{"FID":183,"OBJECTID_1":0,"一级":"07","一级名":"居住用地","二级":"0703","二级名":"农村宅基地","Shape_Leng":729.63869164000448,"备注":"绿华村住宅群","Shape_Area":1497156.6648800001,"组别":"4"}},{"type":"Feature","id":184,"geometry":{"type":"Polygon","coordinates":[[[108.11138395500363,34.326478679431631],[108.11152315353598,34.326657138259193],[108.11133041834836,34.326671414607148],[108.11087368171664,34.326453851359013],[108.11087174669585,34.326103735280284],[108.11046485914548,34.326010936525954],[108.11045885848333,34.325983211429104],[108.11028639999232,34.325186453391389],[108.11059691927653,34.325186453734361],[108.11066830345216,34.325389897188792],[108.11104859435478,34.325355996162273],[108.11113768081502,34.325918316176747],[108.11094137564162,34.325921884636131],[108.11092352955021,34.326089636980043],[108.11107343586225,34.326125329642473],[108.11111831420904,34.326214087678615],[108.11123404901898,34.326442987151843],[108.11138395500363,34.326478679431631]]]},"properties":{"FID":184,"OBJECTID_1":0,"一级":"03","一级名":"林地","二级":"0301","二级名":"乔木林地","Shape_Leng":514.3161446850479,"备注":"乔木林","Shape_Area":700336.36265400006,"组别":"4"}},{"type":"Feature","id":185,"geometry":{"type":"MultiPolygon","coordinates":[[[[108.10352658113447,34.326529210701047],[108.10337277224804,34.326531794459065],[108.10350752685324,34.326527771813595],[108.10360889242268,34.326509720451895],[108.10352658113447,34.326529210701047]]],[[[108.11263086932928,34.330163385650849],[108.11262580790782,34.330262742642233],[108.11261428455857,34.330504729043845],[108.1125903480026,34.330966158373187],[108.11258563398364,34.331049069295844],[108.11250239484833,34.332619570377581],[108.11249772039193,34.332757485142864],[108.11249087910478,34.333104652010213],[108.11245592543452,34.333097075608926],[108.11241279232569,34.332935570603496],[108.1124373825181,34.33267379020517],[108.11244199089803,34.332624739960991],[108.11244285981516,34.332606500385495],[108.11245458188961,34.332360582538044],[108.11247231546585,34.331988512108907],[108.11250470612046,34.331308909287635],[108.11260171337868,34.32927353602259],[108.11263549112063,34.328536496352157],[108.11260420168026,34.328522716220142],[108.11231262987747,34.328216278043669],[108.11270393958348,34.328548298688965],[108.11269664362639,34.328779678942347],[108.11267933944929,34.329231136429101],[108.11267933840122,34.329231165277484],[108.11264294890806,34.329935189595638],[108.11264395303081,34.329935234647628],[108.11264123245901,34.329982688462501],[108.11264007298972,34.32998267690823],[108.11263086932928,34.330163385650849]]]]},"properties":{"FID":185,"OBJECTID_1":0,"一级":"12","一级名":"交通运输用地","二级":"1202","二级名":"公路用地","Shape_Leng":1158.19757628,"备注":"省道","Shape_Area":333123.34306799999,"组别":"4"}},{"type":"Feature","id":186,"geometry":{"type":"Polygon","coordinates":[[[108.10412941553687,34.3220891256762],[108.1042131715835,34.32216526854365],[108.10425885764454,34.322302325441278],[108.10427789365589,34.322481260880515],[108.10430073666082,34.322633546126021],[108.10445302150512,34.32311324521212],[108.10448347962625,34.323265530222876],[108.10449490042066,34.323375937741702],[108.10451368067828,34.323496967463498],[108.10452916516972,34.323596752036003],[108.10458246442661,34.323958429326595],[108.1045961321757,34.324035314158998],[108.1046129217228,34.324129750901513],[108.10464718579672,34.324304879779937],[108.10468144995524,34.324468585952708],[108.1046921364694,34.324592848048795],[108.10465646408362,34.324625234563541],[108.10463386131538,34.32447049088583],[108.10456158210299,34.324078835710381],[108.10455200699725,34.324026959028146],[108.10447586478109,34.323608173330527],[108.10441495106812,34.323162737549332],[108.10425505178272,34.322637353222873],[108.10422261495479,34.322416793281931],[108.10421698053261,34.322378467006928],[108.10418652283848,34.322245218529829],[108.10408372978425,34.322127196288555],[108.10399546881291,34.3221213124583],[108.10401398026815,34.322078999140551],[108.10402552703063,34.322052606522355],[108.10405009407897,34.321996452990263],[108.10412941553687,34.3220891256762]]]},"properties":{"FID":186,"OBJECTID_1":0,"一级":"06","一级名":"农业设施建设用地","二级":"0601","二级名":"农村道路","Shape_Leng":609.22922217683549,"备注":"田间路","Shape_Area":138019.56054800001,"组别":"4"}},{"type":"Feature","id":187,"geometry":{"type":"Polygon","coordinates":[[[108.10613444422086,34.323991425407826],[108.106159776458,34.324016380842956],[108.1062619835028,34.324117060881335],[108.10633622337404,34.324233178674284],[108.10640524288307,34.324360828218282],[108.10629119512204,34.324509326672498],[108.10607982123159,34.324437883509013],[108.1057800098793,34.324420751414081],[108.10550093071625,34.324441103321021],[108.10548304346221,34.324337747477344],[108.10543450278558,34.324097898335225],[108.10540785916557,34.323979025572939],[108.10551160708977,34.32391820873341],[108.10563153233244,34.323863957778784],[108.1057672926183,34.323870832515212],[108.105978412426,34.323881524602065],[108.10613444422086,34.323991425407826]]]},"properties":{"FID":187,"OBJECTID_1":0,"一级":"15","一级名":"特殊用地","二级":"1504","二级名":"文物古迹用地","Shape_Leng":269.35660998161177,"备注":"小华山庙","Shape_Area":458689.32780700002,"组别":"4"}},{"type":"Feature","id":188,"geometry":{"type":"Polygon","coordinates":[[[108.10766616344753,34.3249369484518],[108.10747323489038,34.324946136339719],[108.1069706929129,34.324968979958676],[108.10659378649399,34.325014663987034],[108.10630619309947,34.325060738134994],[108.1063004200529,34.32494525507493],[108.10626234816144,34.32481581353322],[108.10626996246575,34.324674950219652],[108.10634229773054,34.324579770164611],[108.10644128398488,34.324454135545651],[108.10647047222147,34.324410733518683],[108.1072202402228,34.324409638595682],[108.10759143652908,34.324409639402006],[108.10786554998241,34.324398217195636],[108.1079542606977,34.324401105813727],[108.10795910469119,34.324574220525349],[108.107981795895,34.32492215669555],[108.10796376077921,34.324922999255335],[108.10771308361163,34.324934714788526],[108.10766616344753,34.3249369484518]]]},"properties":{"FID":188,"OBJECTID_1":0,"一级":"15","一级名":"特殊用地","二级":"1504","二级名":"文物古迹用地","Shape_Leng":427.55355289826809,"备注":"关帝庙","Shape_Area":947250.73758099996,"组别":"4"}},{"type":"Feature","id":189,"geometry":{"type":"Polygon","coordinates":[[[108.10471713495974,34.324584626787981],[108.1046921364694,34.324592848048795],[108.10468144995524,34.324468585952708],[108.10464718579672,34.324304879779937],[108.1046129217228,34.324129750901513],[108.1045961321757,34.324035314158998],[108.10458246442661,34.323958429326595],[108.10452916516972,34.323596752036003],[108.10451368067828,34.323496967463498],[108.1048834288766,34.323384258069431],[108.10496337923749,34.323572711333199],[108.10504904057557,34.323778295932179],[108.10521277936992,34.323677723853677],[108.1053755332852,34.323780517071285],[108.10539837511988,34.323880455661744],[108.10539738268848,34.323932287284151],[108.10531457666492,34.32396655086734],[108.10519850184045,34.323943272464653],[108.10509944020514,34.323958899081234],[108.10511756805786,34.324023857914277],[108.10514041054125,34.324235153139973],[108.10512762542477,34.324334097367284],[108.10509890509729,34.324556377236604],[108.1049859902697,34.324526906341674],[108.10480773018138,34.324531811638238],[108.10471713495974,34.324584626787981]]]},"properties":{"FID":189,"OBJECTID_1":0,"一级":"06","一级名":"农业设施建设用地","二级":"0603","二级名":"畜禽养殖设施建设用地","Shape_Leng":395.4007105872966,"备注":"养鸡场","Shape_Area":610230.57432799996,"组别":"4"}},{"type":"Feature","id":190,"geometry":{"type":"Polygon","coordinates":[[[108.10422261495479,34.322416793281931],[108.10386315117317,34.322423750689801],[108.10399546881291,34.3221213124583],[108.10408372978425,34.322127196288555],[108.10418652283848,34.322245218529829],[108.10421698053261,34.322378467006928],[108.10422261495479,34.322416793281931]]]},"properties":{"FID":190,"OBJECTID_1":0,"一级":"15","一级名":"特殊用地","二级":"1504","二级名":"文物古迹用地","Shape_Leng":112.41200185940764,"备注":"姜嫄墓","Shape_Area":74696.650844400006,"组别":"4"}},{"type":"Feature","id":191,"geometry":{"type":"Polygon","coordinates":[[[108.10387248026412,34.32636029547615],[108.10381475624716,34.326379325139563],[108.10347211289964,34.326433577866304],[108.10319794639595,34.326443960794137],[108.10314228774368,34.326446070274244],[108.1030291427976,34.325487495370517],[108.10364394373254,34.322924795977563],[108.10386315117317,34.322423750689801],[108.10422261495479,34.322416793281931],[108.10425505178272,34.322637353222873],[108.10441495106812,34.323162737549332],[108.10447586478109,34.323608173330527],[108.10455200699725,34.324026959028146],[108.10456158210299,34.324078835710381],[108.10463386131538,34.32447049088583],[108.10465646408362,34.324625234563541],[108.10462418577941,34.324696723597285],[108.10459976035651,34.324728101643508],[108.10459754757396,34.324755718660299],[108.10457998994086,34.324794604696933],[108.1045228830982,34.325254316874371],[108.10450289544521,34.325576971936428],[108.10446085456016,34.325882467134825],[108.10445368988354,34.325896768058058],[108.10426875647678,34.32614518678551],[108.104102360805,34.326272430191956],[108.1040412249728,34.326304665076769],[108.10399205453892,34.326320874930992],[108.10387341130031,34.326346921190456],[108.10387248026412,34.32636029547615]]]},"properties":{"FID":191,"OBJECTID_1":0,"一级":"02","一级名":"园地","二级":"0205","二级名":"其他园地","Shape_Leng":1026.4001214299999,"备注":"一片油松园","Shape_Area":4556876.5876099998,"组别":"4"}},{"type":"Feature","id":192,"geometry":{"type":"Polygon","coordinates":[[[108.10690860375671,34.32713179309679],[108.10651215501684,34.327150215063021],[108.10650327715848,34.326910944064508],[108.10693157997996,34.326865258726322],[108.10714075217506,34.3268191742212],[108.10693496458786,34.327083536257483],[108.10690860375671,34.32713179309679]]]},"properties":{"FID":192,"OBJECTID_1":0,"一级":"13","一级名":"公用设施用地","二级":"1303","二级名":"供电用地","Shape_Leng":163.54091275939106,"备注":"电力局","Shape_Area":132641.788558,"组别":"4"}},{"type":"Feature","id":193,"geometry":{"type":"Polygon","coordinates":[[[108.10654220649383,34.327755540746828],[108.10649168453088,34.327782538113247],[108.10636453295879,34.327814690003692],[108.10616431580306,34.327840796677727],[108.10595033250057,34.327850782004504],[108.10578463073578,34.327819010062399],[108.10564586978647,34.327742248712042],[108.10555449836204,34.327430062971587],[108.10554909542023,34.327395988883843],[108.10553360529815,34.327239428235949],[108.10549750559441,34.326874587865753],[108.10563332798547,34.326877735959854],[108.10593251803593,34.326884667758485],[108.10638651898402,34.326890378155859],[108.1065032776868,34.326876101761414],[108.10650327715848,34.326910944064508],[108.10651215501684,34.327150215063021],[108.10690860375671,34.32713179309679],[108.1066129573055,34.327672997134492],[108.10654220649383,34.327755540746828]]]},"properties":{"FID":193,"OBJECTID_1":0,"一级":"07","一级名":"居住用地","二级":"0701","二级名":"城镇住宅用地","Shape_Leng":421.4273124823282,"备注":"一个小区","Shape_Area":1048360.59197,"组别":"4"}},{"type":"Feature","id":194,"geometry":{"type":"Polygon","coordinates":[[[108.10545846671067,34.324748990913186],[108.10548160928226,34.325092457606246],[108.10561961926616,34.325263778168377],[108.10579569848161,34.325444617801786],[108.10581473520732,34.326053759413377],[108.10540596528332,34.326068992685776],[108.10539710134785,34.326012928989279],[108.10525643002946,34.325123211609721],[108.10524555015503,34.324997101700767],[108.10533456517692,34.324943082240054],[108.10542022503768,34.324834579073446],[108.10545846671067,34.324748990913186]]]},"properties":{"FID":194,"OBJECTID_1":0,"一级":"01","一级名":"耕地","二级":"0103","二级名":"旱地","Shape_Leng":346.55749493234003,"备注":"菜地","Shape_Area":453704.38921499997,"组别":"4"}},{"type":"Feature","id":195,"geometry":{"type":"Polygon","coordinates":[[[108.1065032776868,34.326876101761414],[108.10638651898402,34.326890378155859],[108.10593251803593,34.326884667758485],[108.10563332798547,34.326877735959854],[108.10549750559441,34.326874587865753],[108.10543758113698,34.326268955807066],[108.10540596528332,34.326068992685776],[108.10581473520732,34.326053759413377],[108.10579569848161,34.325444617801786],[108.10561961926616,34.325263778168377],[108.10548160928226,34.325092457606246],[108.10545846671067,34.324748990913186],[108.10548018748577,34.324700376868826],[108.10550874100392,34.324486225731938],[108.10550093071625,34.324441103321021],[108.1057800098793,34.324420751414081],[108.10607982123159,34.324437883509013],[108.10629119512204,34.324509326672498],[108.10625904932004,34.324551185178976],[108.10618347693458,34.324660926941441],[108.10619489861121,34.324877932824819],[108.10623487353131,34.32502070025852],[108.10625771529229,34.325209154367876],[108.10628055945999,34.325380474882344],[108.10632624499519,34.325597482540452],[108.10636050854357,34.325751671251986],[108.10641761612069,34.325900149041694],[108.10649185471962,34.326071469902217],[108.1065032773933,34.326288477507909],[108.10649756568931,34.326534037340828],[108.10650327715111,34.326768176263201],[108.1065032776868,34.326876101761414]]]},"properties":{"FID":195,"OBJECTID_1":0,"一级":"07","一级名":"居住用地","二级":"0703","二级名":"农村宅基地","Shape_Leng":752.30060713858825,"备注":"商住混，多为农村自建房","Shape_Area":1955506.2112700001,"组别":"4"}},{"type":"Feature","id":196,"geometry":{"type":"Polygon","coordinates":[[[108.107981795895,34.32492215669555],[108.10798270472608,34.324936078395822],[108.10798480285014,34.324968258583048],[108.10799479689317,34.325327606074559],[108.10801034405297,34.325568647062234],[108.10786207514964,34.325566771935542],[108.10769858138151,34.325568650270817],[108.10766616344753,34.3249369484518],[108.10771308361163,34.324934714788526],[108.10796376077921,34.324922999255335],[108.107981795895,34.32492215669555]]]},"properties":{"FID":196,"OBJECTID_1":0,"一级":"09","一级名":"商业服务业用地","二级":"0901","二级名":"商业用地","Shape_Leng":199.69698299953976,"备注":"沿街商铺","Shape_Area":203306.298748,"组别":"4"}},{"type":"Feature","id":197,"geometry":{"type":"Polygon","coordinates":[[[108.10769858138151,34.325568650270817],[108.10765506294139,34.325569150091546],[108.10751467422448,34.325569149913193],[108.10735762976144,34.325619118942555],[108.10721486325599,34.325654811109764],[108.10704354072358,34.325692882745749],[108.1068508052453,34.325745230677299],[108.10664141201744,34.325766644907844],[108.10643727635754,34.325763681723075],[108.10640701995659,34.325680033284712],[108.10635752727343,34.325440182687153],[108.10633087703592,34.325226984403223],[108.10630803346318,34.325097541378817],[108.10630619309947,34.325060738134994],[108.10659378649399,34.325014663987034],[108.1069706929129,34.324968979958676],[108.10747323489038,34.324946136339719],[108.10766616344753,34.3249369484518],[108.10769858138151,34.325568650270817]]]},"properties":{"FID":197,"OBJECTID_1":0,"一级":"01","一级名":"耕地","二级":"0103","二级名":"旱地","Shape_Leng":394.62913264798289,"备注":"种小麦","Shape_Area":955935.401939,"组别":"4"}},{"type":"Feature","id":198,"geometry":{"type":"Polygon","coordinates":[[[108.10709723045103,34.326764575229817],[108.1070428120034,34.326776489021526],[108.10678773261874,34.326806946531065],[108.10658595472921,34.326822174361929],[108.10657072632466,34.326612782214376],[108.10656311227338,34.32635389563935],[108.10657453377905,34.326125468014212],[108.10655169098436,34.326007447741972],[108.1064717406891,34.325858968242947],[108.10646237521898,34.325833074080478],[108.10654623401712,34.325838029625004],[108.1067008985262,34.325830891353569],[108.10687460027897,34.325811855634079],[108.10703640262965,34.325771404527799],[108.10726483179452,34.325716677586534],[108.10748612133737,34.32565481133279],[108.107633648309,34.325616739258713],[108.10769869129251,34.325618108224091],[108.10769831618556,34.326449702021527],[108.10706061901706,34.326540120936464],[108.10709723045103,34.326764575229817]]]},"properties":{"FID":198,"OBJECTID_1":0,"一级":"07","一级名":"居住用地","二级":"0703","二级名":"农村宅基地","Shape_Leng":453.35701930147457,"备注":"居民自建房（绿华村）","Shape_Area":1038582.29745,"组别":"4"}},{"type":"Feature","id":199,"geometry":{"type":"Polygon","coordinates":[[[108.10585518396219,34.323484734312402],[108.10613444422086,34.323991425407826],[108.105978412426,34.323881524602065],[108.1057672926183,34.323870832515212],[108.10563153233244,34.323863957778784],[108.10551160708977,34.32391820873341],[108.10540785916557,34.323979025572939],[108.10539738268848,34.323932287284151],[108.10539837511988,34.323880455661744],[108.1053755332852,34.323780517071285],[108.10521277936992,34.323677723853677],[108.10504904057557,34.323778295932179],[108.10496337923749,34.323572711333199],[108.1048834288766,34.323384258069431],[108.10451368067828,34.323496967463498],[108.10449490042066,34.323375937741702],[108.10448347962625,34.323265530222876],[108.10445302150512,34.32311324521212],[108.10430073666082,34.322633546126021],[108.10427789365589,34.322481260880515],[108.10425885764454,34.322302325441278],[108.1042131715835,34.32216526854365],[108.10434755908086,34.321992336160307],[108.10424900043186,34.321137107952509],[108.10431405193921,34.32081185411235],[108.10430151168872,34.320694551134032],[108.10417910098448,34.319549476324347],[108.10417976321712,34.319549038541474],[108.1046673582762,34.320627476969335],[108.10495410075687,34.32119931482498],[108.10523534609904,34.321659832492621],[108.10528030783483,34.321733451355065],[108.10528258997032,34.321853842497312],[108.10528922352457,34.322203761073389],[108.10529553502749,34.322536757262206],[108.10530587589311,34.322554271403057],[108.10585518396219,34.323484734312402]]]},"properties":{"FID":199,"OBJECTID_1":0,"一级":"03","一级名":"林地","二级":"0301","二级名":"乔木林地","Shape_Leng":1194.48837224,"备注":"坡，一片落叶树","Shape_Area":3242534.9753700001,"组别":"4"}},{"type":"Feature","id":200,"geometry":{"type":"Polygon","coordinates":[[[108.10424900043186,34.321137107952509],[108.10434755908086,34.321992336160307],[108.1042131715835,34.32216526854365],[108.10412941553687,34.3220891256762],[108.10405009407897,34.321996452990263],[108.10409989984105,34.321882611915711],[108.10424900043186,34.321137107952509]]]},"properties":{"FID":200,"OBJECTID_1":0,"一级":"01","一级名":"耕地","二级":"0103","二级名":"旱地","Shape_Leng":239.43273528850813,"备注":"一片菜地","Shape_Area":146635.758459,"组别":"4"}},{"type":"Feature","id":201,"geometry":{"type":"Polygon","coordinates":[[[108.10531457666492,34.32396655086734],[108.10538881659518,34.324106463883368],[108.10542593676186,34.324312049392866],[108.10543230025721,34.324386305379278],[108.10512762542477,34.324334097367284],[108.10514041054125,34.324235153139973],[108.10511756805786,34.324023857914277],[108.10509944020514,34.323958899081234],[108.10519850184045,34.323943272464653],[108.10531457666492,34.32396655086734]]]},"properties":{"FID":201,"OBJECTID_1":0,"一级":"01","一级名":"耕地","二级":"0103","二级名":"旱地","Shape_Leng":139.14537189247511,"备注":"菜地","Shape_Area":108508.02218299999,"组别":"4"}},{"type":"Feature","id":202,"geometry":{"type":"Polygon","coordinates":[[[108.10543230025721,34.324386305379278],[108.10544306888431,34.324511924071608],[108.10538881694073,34.324700377099248],[108.10529744499023,34.324828868329327],[108.10526667789057,34.324870212444608],[108.10523156628088,34.324917392879335],[108.10522560851538,34.324874714585341],[108.10521099654049,34.324835847983479],[108.10519396030318,34.324728101150995],[108.10509890509729,34.324556377236604],[108.10512762542477,34.324334097367284],[108.10543230025721,34.324386305379278]]]},"properties":{"FID":202,"OBJECTID_1":0,"一级":"07","一级名":"居住用地","二级":"0703","二级名":"农村宅基地","Shape_Leng":159.2811219341871,"备注":"农村自建房","Shape_Area":127722.90423499999,"组别":"4"}},{"type":"Feature","id":203,"geometry":{"type":"Polygon","coordinates":[[[108.1084545307986,34.326561901208031],[108.10812154116734,34.326577362183173],[108.10810180594507,34.326578814765121],[108.10810187150395,34.326535885202617],[108.1080875954198,34.326217037976086],[108.10808759552708,34.326005266166888],[108.10808928758311,34.325895277470536],[108.10840668029614,34.325855771619729],[108.10840726843372,34.325864446067506],[108.1084545307986,34.326561901208031]]]},"properties":{"FID":203,"OBJECTID_1":0,"一级":"07","一级名":"居住用地","二级":"0701","二级名":"城镇住宅用地","Shape_Leng":216.35570652922618,"备注":"自建房","Shape_Area":240954.40114,"组别":"4"}},{"type":"Feature","id":204,"geometry":{"type":"Polygon","coordinates":[[[108.10737031483355,34.322594083334188],[108.10738134311488,34.323142421549001],[108.10739891545454,34.324016184846208],[108.10630264479327,34.324025372718054],[108.10617026952524,34.323897354350137],[108.10591503698942,34.323482693894782],[108.10545548036153,34.322668290292157],[108.10539785332796,34.322566166687594],[108.10539087166336,34.322453591859784],[108.10538470613595,34.322354150938708],[108.10534600126212,34.321729974640071],[108.10534597687499,34.321729587924679],[108.10534584936131,34.321727538061147],[108.10544759461352,34.321845109410042],[108.10544785705844,34.321847316916823],[108.10552840821842,34.32194039871527],[108.10585122321439,34.322199442641988],[108.10643419030671,34.322426918035248],[108.10695767108896,34.322568258104376],[108.10737031483355,34.322594083334188]]]},"properties":{"FID":204,"OBJECTID_1":0,"一级":"01","一级名":"耕地","二级":"0103","二级名":"旱地","Shape_Leng":752.82702622465013,"备注":"一大片普通耕地","Shape_Area":2788450.1256800001,"组别":"4"}},{"type":"Feature","id":205,"geometry":{"type":"Polygon","coordinates":[[[108.10993376542967,34.323725602733724],[108.10969753909879,34.323791587648287],[108.10969589161554,34.323732945849741],[108.10968022423195,34.323174925630248],[108.10935542729227,34.323160648098451],[108.10935011291021,34.323019065000906],[108.10934951531752,34.323003159765832],[108.10933180279602,34.322505066454482],[108.1102845157249,34.32243212066912],[108.11130018813938,34.322339354270667],[108.11201180326896,34.322394094455291],[108.11225967383004,34.322601452045923],[108.11248084956196,34.32278647866692],[108.1125641301489,34.32327426858496],[108.11211203285316,34.323262369906999],[108.11205849447487,34.323107705474364],[108.11176172141623,34.323184826278521],[108.11082183344335,34.32330974785831],[108.11076234739008,34.32349415585994],[108.10993376542967,34.323725602733724]]]},"properties":{"FID":205,"OBJECTID_1":0,"一级":"01","一级名":"耕地","二级":"0103","二级名":"旱地","Shape_Leng":835.22000305199253,"备注":"一大片普通耕地","Shape_Area":3006540.3683500001,"组别":"4"}},{"type":"Feature","id":206,"geometry":{"type":"Polygon","coordinates":[[[108.11262401219605,34.323504844450873],[108.11185095061377,34.323517950091897],[108.11176172141623,34.323184826278521],[108.11205849447487,34.323107705474364],[108.11211203285316,34.323262369906999],[108.1125641301489,34.32327426858496],[108.11248084956196,34.32278647866692],[108.11225967383004,34.322601452045923],[108.11201180326896,34.322394094455291],[108.11229004413882,34.322415497805238],[108.11241233484095,34.322534025319463],[108.11270248452018,34.322815245881714],[108.11279337448347,34.323501973325996],[108.11262401219605,34.323504844450873]]]},"properties":{"FID":206,"OBJECTID_1":0,"一级":"09","一级名":"商业服务业用地","二级":"0901","二级名":"商业用地","Shape_Leng":489.38464987193026,"备注":"一个酒店","Shape_Area":467087.09693599999,"组别":"4"}},{"type":"Feature","id":207,"geometry":{"type":"Polygon","coordinates":[[[108.10784765444171,34.322613145890948],[108.10786626977776,34.323112037336024],[108.10791223141116,34.324343837384575],[108.10778315228039,34.324344335982751],[108.10705174367143,34.324347153659716],[108.10649612365702,34.324349295885533],[108.10649096159096,34.32434089674976],[108.10639904079696,34.324191299813691],[108.1063352159597,34.324081440125809],[108.10630264479327,34.324025372718054],[108.10739891545454,34.324016184846208],[108.10738134311488,34.323142421549001],[108.10737031483355,34.322594083334188],[108.10784765444171,34.322613145890948]]]},"properties":{"FID":207,"OBJECTID_1":0,"一级":"12","一级名":"交通运输用地","二级":"1208","二级名":"交通场站用地","Shape_Leng":665.16221942920151,"备注":"武功客运站","Shape_Area":1209810.4285500001,"组别":"4"}},{"type":"Feature","id":208,"geometry":{"type":"Polygon","coordinates":[[[108.10884688077995,34.325670718748057],[108.10879782093446,34.325676474135328],[108.10879739529082,34.325498223423445],[108.10879335910847,34.323809648552917],[108.1088468810411,34.323809434223392],[108.10884688098062,34.325512668084038],[108.10884688077995,34.325670718748057]]]},"properties":{"FID":208,"OBJECTID_1":0,"一级":"12","一级名":"交通运输用地","二级":"1207","二级名":"城镇村道路用地","Shape_Leng":423.03947309885814,"备注":"无名村道","Shape_Area":97613.400440800004,"组别":"4"}},{"type":"Feature","id":209,"geometry":{"type":"Polygon","coordinates":[[[108.10823735951227,34.323819702313713],[108.10796093406515,34.323824700716813],[108.10795898125686,34.323771056083665],[108.10830747846188,34.323763409419136],[108.10855510255034,34.32375797691072],[108.10856382527311,34.32375778527647],[108.10860319052574,34.323756921011437],[108.10969589161554,34.323732945849741],[108.10969753909879,34.323791587648287],[108.1088468810411,34.323809434223392],[108.10879335910847,34.323809648552917],[108.10823735951227,34.323819702313713]]]},"properties":{"FID":209,"OBJECTID_1":0,"一级":"12","一级名":"交通运输用地","二级":"1207","二级名":"城镇村道路用地","Shape_Leng":332.23712118705407,"备注":"无名村道","Shape_Area":100732.464222,"组别":"4"}},{"type":"Feature","id":210,"geometry":{"type":"Polygon","coordinates":[[[108.10840668029614,34.325855771619729],[108.10808928758311,34.325895277470536],[108.10808989443204,34.325855861405238],[108.10830625460855,34.325830948897931],[108.10830817868336,34.325830727234589],[108.10879702376982,34.325774440777082],[108.10879782093446,34.325676474135328],[108.10884688077995,34.325670718748057],[108.10884688131144,34.325820079113775],[108.10840668029614,34.325855771619729]]]},"properties":{"FID":210,"OBJECTID_1":0,"一级":"12","一级名":"交通运输用地","二级":"1207","二级名":"城镇村道路用地","Shape_Leng":172.31161242567222,"备注":"无名村道","Shape_Area":36922.222749100001,"组别":"4"}},{"type":"Feature","id":211,"geometry":{"type":"Polygon","coordinates":[[[108.10933180279602,34.322505066454482],[108.10934951531752,34.323003159765832],[108.1086109032489,34.323001439782566],[108.10861071086909,34.322995490164331],[108.10859667180303,34.322561351915773],[108.10859664128519,34.322560435134392],[108.10933180279602,34.322505066454482]]]},"properties":{"FID":211,"OBJECTID_1":0,"一级":"14","一级名":"绿地与开敞空间用地","二级":"1403","二级名":"广场用地","Shape_Leng":240.13001711480769,"备注":"绿野村委会广场","Shape_Area":353679.87303900003,"组别":"4"}},{"type":"Feature","id":212,"geometry":{"type":"Polygon","coordinates":[[[108.10860319052574,34.323756921011437],[108.10856382527311,34.32375778527647],[108.10855510255034,34.32375797691072],[108.108547403125,34.32306935972958],[108.10854629187281,34.322970010059095],[108.10854176827121,34.322565556422852],[108.10859664128519,34.322560435134392],[108.10859667180303,34.322561351915773],[108.10861071086909,34.322995490164331],[108.1086109032489,34.323001439782566],[108.10861024899027,34.323065422227891],[108.10860921575654,34.32316669756289],[108.10860319052574,34.323756921011437]]]},"properties":{"FID":212,"OBJECTID_1":0,"一级":"12","一级名":"交通运输用地","二级":"1207","二级名":"城镇村道路用地","Shape_Leng":274.53307607470185,"备注":"无名村道","Shape_Area":70043.988739599998,"组别":"4"}},{"type":"Feature","id":213,"geometry":{"type":"Polygon","coordinates":[[[108.10935542729227,34.323160648098451],[108.10860921575654,34.32316669756289],[108.10861024899027,34.323065422227891],[108.1086109032489,34.323001439782566],[108.10934951531752,34.323003159765832],[108.10935011291021,34.323019065000906],[108.10935542729227,34.323160648098451]]]},"properties":{"FID":213,"OBJECTID_1":0,"一级":"07","一级名":"居住用地","二级":"0704","二级名":"农村社区服务设施用地","Shape_Leng":172.4681395860668,"备注":"绿野村委会","Shape_Area":122315.726132,"组别":"4"}},{"type":"Feature","id":214,"geometry":{"type":"Polygon","coordinates":[[[108.10969589161554,34.323732945849741],[108.10860319052574,34.323756921011437],[108.10860921575654,34.32316669756289],[108.10935542729227,34.323160648098451],[108.10968022423195,34.323174925630248],[108.10969589161554,34.323732945849741]]]},"properties":{"FID":214,"OBJECTID_1":0,"一级":"07","一级名":"居住用地","二级":"0703","二级名":"农村宅基地","Shape_Leng":326.60556182597907,"备注":"绿野村","Shape_Area":640584.75559399999,"组别":"4"}},{"type":"Feature","id":215,"geometry":{"type":"Polygon","coordinates":[[[108.10826872348036,34.322977143076834],[108.10793040105136,34.322985839905449],[108.10791666968811,34.322608545229741],[108.10854176827121,34.322565556422852],[108.10854629187281,34.322970010059095],[108.10826872348036,34.322977143076834]]]},"properties":{"FID":215,"OBJECTID_1":0,"一级":"14","一级名":"绿地与开敞空间用地","二级":"1403","二级名":"广场用地","Shape_Leng":201.17677584664693,"备注":"绿野广场","Shape_Area":247882.27623300001,"组别":"4"}},{"type":"Feature","id":216,"geometry":{"type":"Polygon","coordinates":[[[108.10830747846188,34.323763409419136],[108.10795898125686,34.323771056083665],[108.10793483924481,34.32310774085699],[108.10793040105136,34.322985839905449],[108.10826872348036,34.322977143076834],[108.10827411306934,34.323086483711521],[108.10830747846188,34.323763409419136]]]},"properties":{"FID":216,"OBJECTID_1":0,"一级":"09","一级名":"商业服务业用地","二级":"0901","二级名":"商业用地","Shape_Leng":237.67107164796224,"备注":"一排沿街商铺","Shape_Area":275754.14167799999,"组别":"4"}},{"type":"Feature","id":217,"geometry":{"type":"Polygon","coordinates":[[[108.10855510255034,34.32375797691072],[108.10830747846188,34.323763409419136],[108.10827411306934,34.323086483711521],[108.10826872348036,34.322977143076834],[108.10854629187281,34.322970010059095],[108.108547403125,34.32306935972958],[108.10855510255034,34.32375797691072]]]},"properties":{"FID":217,"OBJECTID_1":0,"一级":"07","一级名":"居住用地","二级":"0703","二级名":"农村宅基地","Shape_Leng":223.05924989130514,"备注":"绿野村","Shape_Area":211168.706343,"组别":"4"}},{"type":"Feature","id":218,"geometry":{"type":"Polygon","coordinates":[[[108.10825575551272,34.324050157401039],[108.10827479064632,34.324487978232973],[108.10826817007735,34.324487938110231],[108.10801999274254,34.324486439927156],[108.10801859137712,34.3244205454641],[108.10800907219553,34.324208773874616],[108.10799479713015,34.324082661780331],[108.10797039749063,34.324084694501629],[108.10796898977951,34.324046048264705],[108.10825575551272,34.324050157401039]]]},"properties":{"FID":218,"OBJECTID_1":0,"一级":"12","一级名":"交通运输用地","二级":"1208","二级名":"交通场站用地","Shape_Leng":149.8595561456585,"备注":"武功镇客货邮综合服务中心","Shape_Area":115431.691207,"组别":"4"}},{"type":"Feature","id":219,"geometry":{"type":"Polygon","coordinates":[[[108.10829704682614,34.325402995222028],[108.10829412643496,34.3254032763626],[108.10806514940296,34.325425280079713],[108.10805428321483,34.325234320448516],[108.10805019264512,34.325131233184365],[108.10822605868688,34.325104101928169],[108.10828538319278,34.325094948118938],[108.1082875298605,34.325094617179673],[108.10828916704618,34.325147674307985],[108.10829704682614,34.325402995222028]]]},"properties":{"FID":219,"OBJECTID_1":0,"一级":"08","一级名":"公共管理与公共服务用地","二级":"0806","二级名":"医疗卫生用地","Shape_Leng":110.56844332180377,"备注":"一排沿街商铺","Shape_Area":72686.712232100006,"组别":"4"}},{"type":"Feature","id":220,"geometry":{"type":"Polygon","coordinates":[[[108.10823735951227,34.323819702313713],[108.10825575551272,34.324050157401039],[108.10796898977951,34.324046048264705],[108.10796093406515,34.323824700716813],[108.10823735951227,34.323819702313713]]]},"properties":{"FID":220,"OBJECTID_1":0,"一级":"09","一级名":"商业服务业用地","二级":"0901","二级名":"商业用地","Shape_Leng":102.02693058221507,"备注":"一排沿街商铺","Shape_Area":64948.599485500003,"组别":"4"}},{"type":"Feature","id":221,"geometry":{"type":"Polygon","coordinates":[[[108.1082875298605,34.325094617179673],[108.10828538319278,34.325094948118938],[108.10822605868688,34.325104101928169],[108.10805019264512,34.325131233184365],[108.10804413040111,34.324978490375528],[108.10804238656704,34.324934508564525],[108.10802335033665,34.324644214508361],[108.10801999274254,34.324486439927156],[108.10826817007735,34.324487938110231],[108.10827479064632,34.324487978232973],[108.1082875298605,34.325094617179673]]]},"properties":{"FID":221,"OBJECTID_1":0,"一级":"09","一级名":"商业服务业用地","二级":"0901","二级名":"商业用地","Shape_Leng":184.55890759486454,"备注":"一排沿街商铺","Shape_Area":158142.342508,"组别":"4"}},{"type":"Feature","id":222,"geometry":{"type":"Polygon","coordinates":[[[108.10830625460855,34.325830948897931],[108.10808989443204,34.325855861405238],[108.10809235478099,34.325695936193547],[108.10807093876141,34.325526994684026],[108.10806514940296,34.325425280079713],[108.10829412643496,34.3254032763626],[108.10829704682614,34.325402995222028],[108.10830625460855,34.325830948897931]]]},"properties":{"FID":222,"OBJECTID_1":0,"一级":"09","一级名":"商业服务业用地","二级":"0901","二级名":"商业用地","Shape_Leng":136.94796033732354,"备注":"一排沿街商铺","Shape_Area":96681.331283399995,"组别":"4"}},{"type":"Feature","id":223,"geometry":{"type":"Polygon","coordinates":[[[108.10879782093446,34.325676474135328],[108.10879702376982,34.325774440777082],[108.10879650829879,34.325497964584365],[108.10879335910847,34.323809648552917],[108.10879739529082,34.325498223423445],[108.10879782093446,34.325676474135328]]]},"properties":{"FID":223,"OBJECTID_1":0,"一级":"07","一级名":"居住用地","二级":"0703","二级名":"农村宅基地","Shape_Leng":435.90344333954926,"备注":"村民自建房","Shape_Area":982.90866069200001,"组别":"4"}},{"type":"Feature","id":224,"geometry":{"type":"Polygon","coordinates":[[[108.10879702376982,34.325774440777082],[108.10830817868336,34.325830727234589],[108.10830625460855,34.325830948897931],[108.10829704682614,34.325402995222028],[108.10828916704618,34.325147674307985],[108.1082875298605,34.325094617179673],[108.10827479064632,34.324487978232973],[108.10825575551272,34.324050157401039],[108.10823735951227,34.323819702313713],[108.10879335910847,34.323809648552917],[108.10879650829879,34.325497964584365],[108.10879702376982,34.325774440777082]]]},"properties":{"FID":224,"OBJECTID_1":0,"一级":"07","一级名":"居住用地","二级":"0703","二级名":"农村宅基地","Shape_Leng":537.95358983788765,"备注":"村民自建房","Shape_Area":1047053.2839,"组别":"4"}},{"type":"Feature","id":225,"geometry":{"type":"Polygon","coordinates":[[[108.10591503698942,34.323482693894782],[108.10585518396219,34.323484734312402],[108.10530587589311,34.322554271403057],[108.10529553502749,34.322536757262206],[108.10528922352457,34.322203761073389],[108.10528258997032,34.321853842497312],[108.10528030783483,34.321733451355065],[108.10530820817944,34.321730933866],[108.10534584936131,34.321727538061147],[108.10534597687499,34.321729587924679],[108.10534600126212,34.321729974640071],[108.10538470613595,34.322354150938708],[108.10539087166336,34.322453591859784],[108.10539785332796,34.322566166687594],[108.10545548036153,34.322668290292157],[108.10591503698942,34.323482693894782]]]},"properties":{"FID":225,"OBJECTID_1":0,"一级":"12","一级名":"交通运输用地","二级":"1207","二级名":"城镇村道路用地","Shape_Leng":423.20541942222906,"备注":"南关正街","Shape_Area":139593.41242899999,"组别":"4"}},{"type":"Feature","id":226,"geometry":{"type":"Polygon","coordinates":[[[108.1087646472951,34.32226562543709],[108.10877557135244,34.322425550583404],[108.10877570092713,34.322427448090544],[108.10788340351337,34.322475036022951],[108.10788324032293,34.322473175505273],[108.107901027529,34.322165277158554],[108.10790509958925,34.322093715630324],[108.1087646472951,34.32226562543709]]]},"properties":{"FID":226,"OBJECTID_1":0,"一级":"10","一级名":"工矿用地","二级":"1001","二级名":"工业用地","Shape_Leng":223.99304555865521,"备注":"一个厂房二层办公楼","Shape_Area":243233.17659300001,"组别":"4"}},{"type":"Feature","id":227,"geometry":{"type":"Polygon","coordinates":[[[108.10773111698285,34.322201398618269],[108.10682268468931,34.322220423205657],[108.10682216207381,34.32222043447927],[108.10683598749317,34.321764416095895],[108.10683643989832,34.321749300529802],[108.10771208201042,34.321715989129956],[108.10773111698285,34.322201398618269]]]},"properties":{"FID":227,"OBJECTID_1":0,"一级":"07","一级名":"居住用地","二级":"0703","二级名":"农村宅基地","Shape_Leng":270.50927070610595,"备注":"小居住区","Shape_Area":435754.34572400001,"组别":"4"}},{"type":"Feature","id":228,"geometry":{"type":"Polygon","coordinates":[[[108.10683598749317,34.321764416095895],[108.10682268468931,34.322220423205657],[108.10681749953034,34.322397824311658],[108.1068174039366,34.32240127256852],[108.10636530671798,34.322258505977878],[108.10597031556216,34.322087185217541],[108.10595128086085,34.322053872044059],[108.10594905615633,34.32204998046209],[108.10581803077343,34.321820684255044],[108.10683643989832,34.321749300529802],[108.10683598749317,34.321764416095895]]]},"properties":{"FID":228,"OBJECTID_1":0,"一级":"01","一级名":"耕地","二级":"0102","二级名":"水浇地","Shape_Leng":284.66446379777818,"备注":"不知道种什么的耕地","Shape_Area":439810.055421,"组别":"4"}},{"type":"Feature","id":229,"geometry":{"type":"Polygon","coordinates":[[[108.10683643989832,34.321749300529802],[108.10581803077343,34.321820684255044],[108.10594905615633,34.32204998046209],[108.10595128086085,34.322053872044059],[108.10563719099019,34.321773096001849],[108.10531834392046,34.321530390169926],[108.10510109947415,34.321167284369331],[108.10510206940151,34.321167004978633],[108.10541042978485,34.321078055640079],[108.10606384808706,34.321059718789236],[108.10774230063197,34.321012618886769],[108.10772597848526,34.321392539997063],[108.10771208201042,34.321715989129956],[108.10683643989832,34.321749300529802]]]},"properties":{"FID":229,"OBJECTID_1":0,"一级":"03","一级名":"林地","二级":"0301","二级名":"乔木林地","Shape_Leng":653.6038051596197,"备注":"林地","Shape_Area":1790650.0003800001,"组别":"4"}},{"type":"Feature","id":230,"geometry":{"type":"Polygon","coordinates":[[[108.10541042978485,34.321078055640079],[108.10510206940151,34.321167004978633],[108.10510109947415,34.321167284369331],[108.10457166887171,34.320037040976977],[108.10457247484308,34.320036858189162],[108.10487581445791,34.319968278084318],[108.10511499209767,34.319914202191185],[108.10525576410502,34.319882375215599],[108.10777428263508,34.319757932086567],[108.10778394115695,34.319757453914384],[108.10773635237149,34.320334473233991],[108.1055181477,34.320400917208758],[108.10515463718289,34.320411805143536],[108.10541042978485,34.321078055640079]]]},"properties":{"FID":230,"OBJECTID_1":0,"一级":"03","一级名":"林地","二级":"0301","二级名":"乔木林地","Shape_Leng":842.49906087868749,"备注":"林地","Shape_Area":1964210.1648200001,"组别":"4"}},{"type":"Feature","id":231,"geometry":{"type":"Polygon","coordinates":[[[108.10774230063197,34.321012618886769],[108.10606384808706,34.321059718789236],[108.10541042978485,34.321078055640079],[108.10515463718289,34.320411805143536],[108.1055181477,34.320400917208758],[108.10773635237149,34.320334473233991],[108.10774230063197,34.321012618886769]]]},"properties":{"FID":231,"OBJECTID_1":0,"一级":"01","一级名":"耕地","二级":"0102","二级名":"水浇地","Shape_Leng":605.29827909876042,"备注":"麦田","Shape_Area":1695569.88169,"组别":"4"}},{"type":"Feature","id":232,"geometry":{"type":"Polygon","coordinates":[[[108.10778394115695,34.319757453914384],[108.10777428263508,34.319757932086567],[108.10525576410502,34.319882375215599],[108.10520817485525,34.319662275594297],[108.10533309623209,34.319650377720862],[108.10553534994366,34.319489764760206],[108.10779583853906,34.31943027789324],[108.10778394115695,34.319757453914384]]]},"properties":{"FID":232,"OBJECTID_1":0,"一级":"01","一级名":"耕地","二级":"0102","二级名":"水浇地","Shape_Leng":539.70796299339952,"备注":"麦田","Shape_Area":897983.44421500002,"组别":"4"}},{"type":"Feature","id":233,"geometry":{"type":"Polygon","coordinates":[[[108.10525576410502,34.319882375215599],[108.10511499209767,34.319914202191185],[108.10487581445791,34.319968278084318],[108.10481397700306,34.31978005976223],[108.10493694403849,34.31969925184859],[108.10514710174542,34.319561148214312],[108.10573720789419,34.318466595885582],[108.10569246449505,34.318162157422414],[108.10568824879149,34.318133473137905],[108.1057067344296,34.318133472510873],[108.10599418969942,34.318133472900598],[108.1062131013599,34.318447560375596],[108.10595611921853,34.318504667485151],[108.10563251244498,34.31931368433564],[108.10785016995359,34.319294649619998],[108.10779583853906,34.31943027789324],[108.10553534994366,34.319489764760206],[108.10533309623209,34.319650377720862],[108.10520817485525,34.319662275594297],[108.10525576410502,34.319882375215599]]]},"properties":{"FID":233,"OBJECTID_1":0,"一级":"03","一级名":"林地","二级":"0301","二级名":"乔木林地","Shape_Leng":944.95534409123536,"备注":"林地","Shape_Area":961484.42436099995,"组别":"4"}},{"type":"Feature","id":234,"geometry":{"type":"Polygon","coordinates":[[[108.10785016995359,34.319294649619998],[108.10563251244498,34.31931368433564],[108.10595611921853,34.318504667485151],[108.1062131013599,34.318447560375596],[108.10676228055614,34.319090491734087],[108.10785016995359,34.319294649619998]]]},"properties":{"FID":234,"OBJECTID_1":0,"一级":"01","一级名":"耕地","二级":"0102","二级名":"水浇地","Shape_Leng":513.23213070458905,"备注":"菜地","Shape_Area":771760.98175399995,"组别":"4"}},{"type":"Feature","id":235,"geometry":{"type":"Polygon","coordinates":[[[108.10794725205368,34.318669326515909],[108.10785016995359,34.319294649619998],[108.10676228055614,34.319090491734087],[108.1062131013599,34.318447560375596],[108.10599418969942,34.318133472900598],[108.10604673482487,34.31806005474138],[108.10626932744719,34.317749040073885],[108.10794725205368,34.318669326515909]]]},"properties":{"FID":235,"OBJECTID_1":0,"一级":"09","一级名":"商业服务业用地","二级":"0901","二级名":"商业用地","Shape_Leng":534.9798116511306,"备注":"加气站","Shape_Area":1576184.2185500001,"组别":"4"}},{"type":"Feature","id":236,"geometry":{"type":"Polygon","coordinates":[[[108.10604673482487,34.31806005474138],[108.10599418969942,34.318133472900598],[108.1057067344296,34.318133472510873],[108.10568824879149,34.318133473137905],[108.10566713305221,34.317989793017354],[108.10580276157003,34.317854162165382],[108.10604673482487,34.31806005474138]]]},"properties":{"FID":236,"OBJECTID_1":0,"一级":"01","一级名":"耕地","二级":"0102","二级名":"水浇地","Shape_Leng":105.26544286371283,"备注":"菜地","Shape_Area":69698.977176500004,"组别":"4"}},{"type":"Feature","id":237,"geometry":{"type":"Polygon","coordinates":[[[108.10626932744719,34.317749040073885],[108.10604673482487,34.31806005474138],[108.10580276157003,34.317854162165382],[108.10598734405779,34.317594381511412],[108.10599549893968,34.317582903972429],[108.10626932744719,34.317749040073885]]]},"properties":{"FID":237,"OBJECTID_1":0,"一级":"09","一级名":"商业服务业用地","二级":"0901","二级名":"商业用地","Shape_Leng":138.30626438063848,"备注":"洗车店","Shape_Area":116395.631182,"组别":"4"}},{"type":"Feature","id":238,"geometry":{"type":"Polygon","coordinates":[[[108.10487581445791,34.319968278084318],[108.10457247484308,34.320036858189162],[108.10457166887171,34.320037040976977],[108.10438936354036,34.319617343092972],[108.10434653217277,34.319460299659504],[108.10434706716036,34.319459763722399],[108.10440363920112,34.319403192483435],[108.1044030356622,34.319401891255374],[108.10425407668346,34.319080877170109],[108.10425430309994,34.319079461647853],[108.1042650643692,34.319012205403148],[108.10431405212594,34.31870603150827],[108.10485753099576,34.317463793172124],[108.10488191149369,34.318096868259794],[108.10484663735805,34.318386110720802],[108.10481052621449,34.318682215969417],[108.10493188040135,34.318660800084871],[108.10496043251935,34.318817843851583],[108.10491760234865,34.318974889276213],[108.10479624933878,34.31897488949609],[108.1047723561621,34.319500551590096],[108.10476769745095,34.319603066893208],[108.10481397700306,34.31978005976223],[108.10487581445791,34.319968278084318]]]},"properties":{"FID":238,"OBJECTID_1":0,"一级":"01","一级名":"耕地","二级":"0102","二级名":"水浇地","Shape_Leng":636.50373333425091,"备注":"暂未种植的耕地","Shape_Area":962019.329164,"组别":"4"}},{"type":"Feature","id":239,"geometry":{"type":"Polygon","coordinates":[[[108.10522455339152,34.317176016797056],[108.1051674460933,34.317411583054856],[108.10503181608502,34.317582903867574],[108.10511747774609,34.318282464855663],[108.10541014996225,34.318253913044941],[108.10540301211336,34.318368126377599],[108.10519600062615,34.318375264704002],[108.10519600074916,34.318560862201096],[108.10497470977444,34.318560861847182],[108.10498898682602,34.318418096035003],[108.10484663735805,34.318386110720802],[108.10488191149369,34.318096868259794],[108.10485753099576,34.317463793172124],[108.10506358208684,34.316992819262929],[108.10522455339152,34.317176016797056]]]},"properties":{"FID":239,"OBJECTID_1":0,"一级":"03","一级名":"林地","二级":"0301","二级名":"乔木林地","Shape_Leng":439.93147515703549,"备注":"林地","Shape_Area":372455.66713399999,"组别":"4"}},{"type":"Feature","id":240,"geometry":{"type":"Polygon","coordinates":[[[108.10568824879149,34.318133473137905],[108.10569246449505,34.318162157422414],[108.10573720789419,34.318466595885582],[108.10514710174542,34.319561148214312],[108.10493694403849,34.31969925184859],[108.10481397700306,34.31978005976223],[108.10476769745095,34.319603066893208],[108.1047723561621,34.319500551590096],[108.10479624933878,34.31897488949609],[108.10491760234865,34.318974889276213],[108.10496043251935,34.318817843851583],[108.10493188040135,34.318660800084871],[108.10481052621449,34.318682215969417],[108.10484663735805,34.318386110720802],[108.10498898682602,34.318418096035003],[108.10497470977444,34.318560861847182],[108.10519600074916,34.318560862201096],[108.10519600062615,34.318375264704002],[108.10540301211336,34.318368126377599],[108.10541014996225,34.318253913044941],[108.10511747774609,34.318282464855663],[108.10503181608502,34.317582903867574],[108.1051674460933,34.317411583054856],[108.10522455339152,34.317176016797056],[108.10599549893968,34.317582903972429],[108.10598734405779,34.317594381511412],[108.10580276157003,34.317854162165382],[108.10566713305221,34.317989793017354],[108.10568824879149,34.318133473137905]]]},"properties":{"FID":240,"OBJECTID_1":0,"一级":"07","一级名":"居住用地","二级":"0703","二级名":"农村宅基地","Shape_Leng":801.57634540919776,"备注":"南里城","Shape_Area":1478570.69725,"组别":"4"}},{"type":"Feature","id":241,"geometry":{"type":"Polygon","coordinates":[[[108.10809326105272,34.318786621419612],[108.10794397606905,34.321410429114778],[108.10790509958925,34.322093715630324],[108.107901027529,34.322165277158554],[108.10788351189709,34.322473125684482],[108.10788340351337,34.322475036022951],[108.1077977421704,34.322496451359306],[108.10779772960973,34.322495975387191],[108.10778822378109,34.322201398856514],[108.10773111698285,34.322201398618269],[108.10771208201042,34.321715989129956],[108.10772597848526,34.321392539997063],[108.10774230063197,34.321012618886769],[108.10773635237149,34.320334473233991],[108.10778394115695,34.319757453914384],[108.10779583853906,34.31943027789324],[108.10785016995359,34.319294649619998],[108.10794725205368,34.318669326515909],[108.10809326105272,34.318786621419612]]]},"properties":{"FID":241,"OBJECTID_1":0,"一级":"06","一级名":"农业设施建设用地","二级":"0601","二级名":"农村道路","Shape_Leng":867.97709818178737,"备注":"临杨路","Shape_Area":832371.02953199996,"组别":"4"}},{"type":"Feature","id":242,"geometry":{"type":"Polygon","coordinates":[[[108.11229032586303,34.322053519577757],[108.11224389595073,34.322082369034604],[108.11224365167847,34.322082519806187],[108.11224244973219,34.322080717941191],[108.11218346834947,34.321992245422443],[108.11163330079006,34.321166992089282],[108.11114502035984,34.320739747180966],[108.11053466787483,34.320068359861629],[108.10809326105272,34.318786621419612],[108.10794725205368,34.318669326515909],[108.10626932744719,34.317749040073885],[108.10599549893968,34.317582903972429],[108.10522455339152,34.317176016797056],[108.10506358208684,34.316992819262929],[108.10520742087154,34.316877514078264],[108.1063687261618,34.317600048475022],[108.10725601522802,34.318152098012213],[108.1077638441602,34.318468056871048],[108.10779238640063,34.318485814425479],[108.10834437086351,34.318782574556494],[108.10834695418166,34.318783963260813],[108.11090860955214,34.32016116941066],[108.1111551231614,34.320566866837368],[108.11169859052649,34.321046328508054],[108.11229032586303,34.322053519577757]]]},"properties":{"FID":242,"OBJECTID_1":0,"一级":"12","一级名":"交通运输用地","二级":"1202","二级名":"公路用地","Shape_Leng":1795.4756712999999,"备注":"517省道","Shape_Area":1204571.9978799999,"组别":"4"}},{"type":"Feature","id":243,"geometry":{"type":"Polygon","coordinates":[[[108.11169859052649,34.321046328508054],[108.11255888405195,34.322417990636602],[108.11229032586303,34.322053519577757],[108.11169859052649,34.321046328508054]]]},"properties":{"FID":243,"OBJECTID_1":0,"一级":"12","一级名":"交通运输用地","二级":"1202","二级名":"公路用地","Shape_Leng":343.20368775520819,"备注":"省道","Shape_Area":27980.882649800002,"组别":"4"}},{"type":"Feature","id":244,"geometry":{"type":"Polygon","coordinates":[[[108.11568459607156,34.324778949531527],[108.11667702199787,34.326117597861192],[108.11634222651629,34.325701646837992],[108.11568459607156,34.324778949531527]]]},"properties":{"FID":244,"OBJECTID_1":0,"一级":"12","一级名":"交通运输用地","二级":"1202","二级名":"公路用地","Shape_Leng":348.72517670983882,"备注":"省道","Shape_Area":18052.987331,"组别":"4"}},{"type":"Feature","id":245,"geometry":{"type":"Polygon","coordinates":[[[108.10779772960973,34.322495975387191],[108.10714577007275,34.322499306015281],[108.10681749953034,34.322397824311658],[108.10682268468931,34.322220423205657],[108.10778822378109,34.322201398856514],[108.10779772960973,34.322495975387191]]]},"properties":{"FID":245,"OBJECTID_1":0,"一级":"01","一级名":"耕地","二级":"0102","二级名":"水浇地","Shape_Leng":233.50632611281384,"备注":"菜地","Shape_Area":268637.234436,"组别":"4"}},{"type":"Feature","id":246,"geometry":{"type":"Polygon","coordinates":[[[108.11224365167847,34.322082519806187],[108.11009191839737,34.322261831576867],[108.10877557135244,34.322425550583404],[108.1087646472951,34.32226562543709],[108.10790509958925,34.322093715630324],[108.10794397606905,34.321410429114778],[108.10809326105272,34.318786621419612],[108.11053466787483,34.320068359861629],[108.11114502035984,34.320739747180966],[108.11163330079006,34.321166992089282],[108.11218346834947,34.321992245422443],[108.11224244973219,34.322080717941191],[108.11224365167847,34.322082519806187]]]},"properties":{"FID":246,"OBJECTID_1":0,"一级":"03","一级名":"林地","二级":"0301","二级名":"乔木林地","Shape_Leng":1328.4980561699999,"备注":"林地","Shape_Area":9463399.3557300009,"组别":"4"}},{"type":"Feature","id":247,"geometry":{"type":"Polygon","coordinates":[[[108.10791666968811,34.322608545229741],[108.10784765444171,34.322613145890948],[108.10737031483355,34.322594083334188],[108.10695767108896,34.322568258104376],[108.10643419030671,34.322426918035248],[108.10585122321439,34.322199442641988],[108.10552840821842,34.32194039871527],[108.10544785705844,34.321847316916823],[108.10544759461352,34.321845109410042],[108.10534584936131,34.321727538061147],[108.10530820817944,34.321730933866],[108.10528030783483,34.321733451355065],[108.10523534609904,34.321659832492621],[108.10495410075687,34.32119931482498],[108.1046673582762,34.320627476969335],[108.10417976321712,34.319549038541474],[108.10417910098448,34.319549476324347],[108.10417932524267,34.319548070720501],[108.10425407668346,34.319080877170109],[108.1044030356622,34.319401891255374],[108.10440363920112,34.319403192483435],[108.10434706716036,34.319459763722399],[108.10434653217277,34.319460299659504],[108.10438936354036,34.319617343092972],[108.10457166887171,34.320037040976977],[108.10510109947415,34.321167284369331],[108.10531834392046,34.321530390169926],[108.10563719099019,34.321773096001849],[108.10595128086085,34.322053872044059],[108.10597031556216,34.322087185217541],[108.10636530671798,34.322258505977878],[108.1068174039366,34.32240127256852],[108.10681749953034,34.322397824311658],[108.10714577007275,34.322499306015281],[108.10779772960973,34.322495975387191],[108.1077977421704,34.322496451359306],[108.10788340351337,34.322475036022951],[108.10877570092713,34.322427448090544],[108.10877557135244,34.322425550583404],[108.11009191839737,34.322261831576867],[108.11224365167847,34.322082519806187],[108.11228977645727,34.322413573384019],[108.11229004413882,34.322415497805238],[108.11201180326896,34.322394094455291],[108.11130018813938,34.322339354270667],[108.1102845157249,34.32243212066912],[108.10933180279602,34.322505066454482],[108.10859664128519,34.322560435134392],[108.10854176827121,34.322565556422852],[108.10791666968811,34.322608545229741]]]},"properties":{"FID":247,"OBJECTID_1":0,"一级":"12","一级名":"交通运输用地","二级":"1202","二级名":"公路用地","Shape_Leng":2002.0106905800001,"备注":"104省道","Shape_Area":1622135.3647700001,"组别":"4"}},{"type":"Feature","id":248,"geometry":{"type":"MultiPolygon","coordinates":[[[[108.10834437086351,34.318782574556494],[108.10779238640063,34.318485814425479],[108.1077638441602,34.318468056871048],[108.10834437086351,34.318782574556494]]],[[[108.11568459607156,34.324778949531527],[108.11634222651629,34.325701646837992],[108.11548562058277,34.324523813039079],[108.1148074752065,34.323595824038534],[108.11568459607156,34.324778949531527]]]]},"properties":{"FID":248,"OBJECTID_1":0,"一级":"12","一级名":"交通运输用地","二级":"1202","二级名":"公路用地","Shape_Leng":673.60095182306247,"备注":"省道","Shape_Area":14684.400097199999,"组别":"4"}},{"type":"Feature","id":249,"geometry":{"type":"Polygon","coordinates":[[[108.10923510022448,34.335845296820189],[108.10936507806645,34.335870580940124],[108.10958377030157,34.335913064254633],[108.11082998537236,34.336158651940721],[108.11108239060383,34.336206986025338],[108.11099477861499,34.336318420932436],[108.11097413598634,34.336344681758405],[108.11074069167661,34.336298836423886],[108.10938485697417,34.33603255674771],[108.10926537357324,34.336009089686932],[108.10900323101022,34.335957606239049],[108.10900019999916,34.335822244315402],[108.10900040042078,34.335804960938233],[108.10923510022448,34.335845296820189]]]},"properties":{"FID":249,"OBJECTID_1":0,"一级":"12","一级名":"交通运输用地","二级":"1202","二级名":"公路用地","Shape_Leng":418.25973312007238,"备注":"新区四路","Shape_Area":326428.87550199998,"组别":"2"}},{"type":"Feature","id":250,"geometry":{"type":"Polygon","coordinates":[[[108.11224776465374,34.333269107015262],[108.11217090475775,34.333270416078271],[108.11112867295184,34.333294540708664],[108.11065753959114,34.333448015485736],[108.10986874757712,34.334136868964663],[108.10951539766452,34.334707940439898],[108.10937263078098,34.335150519609726],[108.10936507806645,34.335870580940124],[108.10923510022448,34.335845296820189],[108.10923379139871,34.335336117013675],[108.10930160522629,34.334875691605973],[108.10970135499758,34.334172561746726],[108.11005470529709,34.333744258225316],[108.11062934488739,34.333351647335746],[108.11115413597611,34.333173184483243],[108.1117257539277,34.333166392689861],[108.11175240022028,34.333166076295996],[108.11189008051286,34.333164438790341],[108.11228781983738,34.333159641243725],[108.11228404964314,34.333204963082942],[108.11227808917168,34.333268600528683],[108.11224776465374,34.333269107015262]]]},"properties":{"FID":250,"OBJECTID_1":0,"一级":"17","一级名":"陆地水域","二级":"1701","二级名":"河流水面","Shape_Leng":960.87350286080607,"备注":"漆水河","Shape_Area":576984.840555,"组别":"2"}},{"type":"Feature","id":251,"geometry":{"type":"Polygon","coordinates":[[[108.10996328672138,34.337630607175733],[108.10982304306643,34.337809009913961],[108.10981029343225,34.337778240280706],[108.10951509978862,34.337065837023225],[108.10926537357324,34.336009089686932],[108.10938485697417,34.33603255674771],[108.10958291526603,34.336509043254118],[108.10966857562232,34.336583996842627],[108.10985417367043,34.336890947067261],[108.1098862964912,34.337155067524989],[108.10982561978373,34.337312112179632],[108.10993878812934,34.337573928723771],[108.10996328672138,34.337630607175733]]]},"properties":{"FID":251,"OBJECTID_1":0,"一级":"17","一级名":"陆地水域","二级":"1701","二级名":"河流水面","Shape_Leng":432.2853921474678,"备注":"漆水河","Shape_Area":426343.02218600002,"组别":"2"}},{"type":"Feature","id":252,"geometry":{"type":"Polygon","coordinates":[[[108.11245558144169,34.333102327055286],[108.1123244689766,34.333147817154867],[108.11228781983738,34.333159641243725],[108.11189008051286,34.333164438790341],[108.11175240022028,34.333166076295996],[108.1117257539277,34.333166392689861],[108.11115413597611,34.333173184483243],[108.11062934488739,34.333351647335746],[108.11005470529709,34.333744258225316],[108.10970135499758,34.334172561746726],[108.10930160522629,34.334875691605973],[108.10923379139871,34.335336117013675],[108.10923510022448,34.335845296820189],[108.10900019999916,34.335822244315402],[108.10900040042078,34.335804960938233],[108.10900378065351,34.335656668767093],[108.10901536750353,34.335491361038741],[108.1090347662856,34.335326557489211],[108.10906194576974,34.335162513261956],[108.10909686602845,34.334999479900731],[108.1091644720766,34.334823731745232],[108.10923985064785,34.334650172623007],[108.10932289985966,34.334479041503442],[108.10941350477914,34.334310567450167],[108.10951154069994,34.334144982238946],[108.10958451363925,34.334032017217019],[108.1096168216631,34.33398220939273],[108.10972936395653,34.333823098074134],[108.10984892074006,34.33366754571594],[108.10997532709256,34.333515766998637],[108.11008902376628,34.333389499784438],[108.11010842244276,34.333367975696859],[108.1101086427218,34.333367731197278],[108.1102106154392,34.333262807971309],[108.11024837930782,34.333223980519669],[108.11039387365841,34.333085115027295],[108.11054550236526,34.332950764752525],[108.11241336763149,34.3329350922901],[108.11245558144169,34.333102327055286]]]},"properties":{"FID":252,"OBJECTID_1":0,"一级":"03","一级名":"林地","二级":"0301","二级名":"乔木林地","Shape_Leng":1063.94601442,"备注":"漆水河岸林地","Shape_Area":1186511.9492800001,"组别":"2"}},{"type":"Feature","id":253,"geometry":{"type":"Polygon","coordinates":[[[108.10982304306643,34.337809009913961],[108.10966302778736,34.338012648223078],[108.10957117823193,34.337839245847583],[108.10957116842775,34.337839227826734],[108.10957115317458,34.337839198091508],[108.10956302412806,34.337823196866417],[108.10953799490086,34.337772810246285],[108.10948112775124,34.337656742240327],[108.10946918308066,34.337631470884972],[108.1094462291605,34.337581542144399],[108.10940028185426,34.337479683396438],[108.10938185693563,34.337437639456489],[108.10936364841986,34.337394852499827],[108.10932207811817,34.337294208612306],[108.10930098830173,34.337241891055506],[108.10929010355977,34.337214292913622],[108.10924859130665,34.337103802068484],[108.10922669467908,34.33704435810759],[108.10921929669887,34.337023816346594],[108.10915875569449,34.336845253570559],[108.10909795916608,34.336644559624844],[108.10906283576125,34.336481557144999],[108.10903543565561,34.336317538114884],[108.10901579934173,34.336152755819839],[108.10900971573453,34.336067831788633],[108.10900443348564,34.335987439690257],[108.10900358678623,34.335972209918445],[108.10900323101022,34.335957606239049],[108.10926537357324,34.336009089686932],[108.10951509978862,34.337065837023225],[108.10981029343225,34.337778240280706],[108.10982304306643,34.337809009913961]]]},"properties":{"FID":253,"OBJECTID_1":0,"一级":"03","一级名":"林地","二级":"0301","二级名":"乔木林地","Shape_Leng":495.83396664934094,"备注":"漆水河岸林地","Shape_Area":572022.60923099995,"组别":"2"}},{"type":"Feature","id":254,"geometry":{"type":"Polygon","coordinates":[[[108.11043886448905,34.346638010270588],[108.10979950543486,34.346661515347726],[108.10984098733961,34.346622856948663],[108.11012107487858,34.346299213040531],[108.11015676703138,34.345678173169574],[108.10977129538864,34.344664523088873],[108.109721325848,34.343429583493865],[108.10973807212756,34.34332570084603],[108.10977439458819,34.343100382985128],[108.10985617778711,34.343132185974696],[108.11007536993935,34.343217423293623],[108.11010974611153,34.34323079108411],[108.11010987234549,34.343257523463087],[108.11011370397934,34.344073634452272],[108.11011384552971,34.344103767196458],[108.11011399636921,34.344136017508696],[108.11011569530491,34.344497854726129],[108.11036990868023,34.345142640127236],[108.11046573709424,34.345385695444001],[108.11077004762276,34.346157528022303],[108.11043886448905,34.346638010270588]]]},"properties":{"FID":254,"OBJECTID_1":0,"一级":"03","一级名":"林地","二级":"0301","二级名":"乔木林地","Shape_Leng":899.32995152958017,"备注":"某林地","Shape_Area":1554544.2441199999,"组别":"2"}},{"type":"Feature","id":255,"geometry":{"type":"Polygon","coordinates":[[[108.11223644676035,34.333490221072871],[108.11157495571112,34.333466426063353],[108.1110371978349,34.333509256538157],[108.11056606465654,34.333813827380439],[108.11038998506312,34.333828104337655],[108.10996644158296,34.334156469630088],[108.10974277090899,34.334527665065792],[108.10951910192183,34.33503211163989],[108.10945602782851,34.335474571805094],[108.10942868263534,34.335660289671829],[108.10954289691639,34.335693601858331],[108.10958377030157,34.335913064254633],[108.10936507806645,34.335870580940124],[108.10937263078098,34.335150519609726],[108.10951539766452,34.334707940439898],[108.10986874757712,34.334136868964663],[108.11065753959114,34.333448015485736],[108.11112867295184,34.333294540708664],[108.11217090475775,34.333270416078271],[108.11224776465374,34.333269107015262],[108.11223644676035,34.333490221072871]]]},"properties":{"FID":255,"OBJECTID_1":0,"一级":"03","一级名":"林地","二级":"0301","二级名":"乔木林地","Shape_Leng":948.95898110757639,"备注":"漆水河岸林地","Shape_Area":684056.91523399996,"组别":"2"}},{"type":"Feature","id":256,"geometry":{"type":"Polygon","coordinates":[[[108.11223644676035,34.333490221072871],[108.11221419470075,34.333683761609443],[108.11218382823458,34.333876540606155],[108.11214538177181,34.334068325443361],[108.11209890493629,34.3342588825845],[108.11204445061723,34.334447981192916],[108.11198208800624,34.33463539041567],[108.11191189064884,34.334820883000361],[108.11183394513701,34.335004234385828],[108.11174834567369,34.335185220904144],[108.1116551951657,34.335363624287218],[108.11155460847692,34.33553922625498],[108.11144670591544,34.33571181393031],[108.1113316197517,34.335881178030256],[108.11120948878619,34.33604711377258],[108.11108239060383,34.336206986025338],[108.11082998537236,34.336158651940721],[108.10958377030157,34.335913064254633],[108.10954289691639,34.335693601858331],[108.10942868263534,34.335660289671829],[108.10945602782851,34.335474571805094],[108.10951910192183,34.33503211163989],[108.10974277090899,34.334527665065792],[108.10996644158296,34.334156469630088],[108.11038998506312,34.333828104337655],[108.11056606465654,34.333813827380439],[108.1110371978349,34.333509256538157],[108.11157495571112,34.333466426063353],[108.11223644676035,34.333490221072871]]]},"properties":{"FID":256,"OBJECTID_1":0,"一级":"14","一级名":"绿地与开敞空间用地","二级":"1403","二级名":"广场用地","Shape_Leng":911.72309030251586,"备注":"后稷文化广场广场","Shape_Area":5320216.8478399999,"组别":"2"}},{"type":"Feature","id":257,"geometry":{"type":"Polygon","coordinates":[[[108.1098662935897,34.338354138996912],[108.11005620887461,34.339572369314958],[108.11024061747133,34.33974488115247],[108.11027630865895,34.340012570737251],[108.11082358516913,34.340791843801647],[108.11102583901838,34.341696038375353],[108.11037331141934,34.34278924317028],[108.11018481668312,34.343105027467573],[108.11010974611153,34.34323079108411],[108.11007536993935,34.343217423293623],[108.10985617778711,34.343132185974696],[108.10977439458819,34.343100382985128],[108.10995850866011,34.342805291321575],[108.11022429456648,34.342379292239009],[108.11050507181633,34.342150863678746],[108.11070970561607,34.341912917897275],[108.11082867773051,34.341517927609658],[108.11081259132166,34.341083590866631],[108.11080964245717,34.341003963962329],[108.11058597274715,34.340599455513043],[108.11015291139988,34.340014107949536],[108.11012989074062,34.339902291870125],[108.11011959884004,34.339852304107929],[108.10995779606881,34.339623876384799],[108.10987689411508,34.339186055648113],[108.10987491659463,34.339163858458967],[108.10983406294065,34.338705403782456],[108.10970081360732,34.338186681327706],[108.10981231411937,34.338007874513139],[108.1098253829099,34.338091709533153],[108.1098662935897,34.338354138996912]]]},"properties":{"FID":257,"OBJECTID_1":0,"一级":"03","一级名":"林地","二级":"0301","二级名":"乔木林地","Shape_Leng":1274.34024385,"备注":"漆水河岸林地","Shape_Area":942930.32848899998,"组别":"2"}},{"type":"Feature","id":258,"geometry":{"type":"Polygon","coordinates":[[[108.1068703793555,34.342493451403755],[108.10521661498731,34.344849319930674],[108.10504627212762,34.344775066150376],[108.10879365693653,34.339286306562535],[108.1090900850475,34.339478571170289],[108.10838732298086,34.34041667203374],[108.10800530050737,34.340927197109551],[108.10789601363103,34.341073692091079],[108.10748493884248,34.34162122612895],[108.10741581737187,34.341715843968466],[108.10740334942969,34.341733608660661],[108.10729308849676,34.341888349782337],[108.10725678783216,34.341940114840568],[108.10691095529522,34.342435134378455],[108.1068703793555,34.342493451403755]]]},"properties":{"FID":258,"OBJECTID_1":0,"一级":"03","一级名":"林地","二级":"0301","二级名":"乔木林地","Shape_Leng":1446.3573771700001,"备注":"某林地","Shape_Area":1643378.80892,"组别":"2"}},{"type":"Feature","id":259,"geometry":{"type":"Polygon","coordinates":[[[108.10970081360732,34.338186681327706],[108.10879365693653,34.339286306562535],[108.10879678851288,34.339281718849016],[108.10966308116956,34.338012749141136],[108.10966302778736,34.338012648223078],[108.10982304306643,34.337809009913961],[108.10996328672138,34.337630607175733],[108.11097413598634,34.336344681758405],[108.11099477861499,34.336318420932436],[108.11108239060383,34.336206986025338],[108.11120948878619,34.33604711377258],[108.1113316197517,34.335881178030256],[108.11144670591544,34.33571181393031],[108.11155460847692,34.33553922625498],[108.1116551951657,34.335363624287218],[108.11174834567369,34.335185220904144],[108.11183394513701,34.335004234385828],[108.11191189064884,34.334820883000361],[108.11198208800624,34.33463539041567],[108.11204445061723,34.334447981192916],[108.11209890493629,34.3342588825845],[108.11214538177181,34.334068325443361],[108.11218382823458,34.333876540606155],[108.11221419470075,34.333683761609443],[108.11223644676035,34.333490221072871],[108.11224776465374,34.333269107015262],[108.11227808917168,34.333268600528683],[108.11228404964314,34.333204963082942],[108.11228781983738,34.333159641243725],[108.1123244689766,34.333147817154867],[108.11245558144169,34.333102327055286],[108.11247173659702,34.333105915440726],[108.11246414037385,34.333141542660485],[108.11244502125167,34.33324666936754],[108.11243398518251,34.333306398149183],[108.11242535371584,34.333365953440172],[108.11240620358099,34.333455235725808],[108.11238161752844,34.333588347620299],[108.11237576225466,34.333620008518281],[108.11237168885624,34.333641664040044],[108.11236292052099,34.333688278681585],[108.11233726396446,34.333824672937226],[108.11232136604653,34.333894329671651],[108.11229030480189,34.334030425972436],[108.11210180197021,34.334638653324404],[108.11202329213587,34.334837676704034],[108.11200183603019,34.334886671108713],[108.11196906634849,34.334979988170559],[108.11193936028053,34.335029309230819],[108.1119029172412,34.335105337415854],[108.11184329131095,34.335228911057499],[108.1117414255701,34.335420498514978],[108.11163252364152,34.335609403178161],[108.11151668740743,34.335795449146957],[108.11139402635796,34.335978458710592],[108.11120243005912,34.336228769544228],[108.11117058727416,34.336270369360065],[108.11115137006576,34.336295475927542],[108.11112722540616,34.336327019031827],[108.11112401195335,34.336343506432549],[108.1111066026795,34.336364222941775],[108.11104185865844,34.336438543883958],[108.11087348624979,34.336658510004007],[108.11034652515994,34.337334626233606],[108.11029953041573,34.337393859817404],[108.11001594087955,34.337753093681393],[108.10997189653889,34.33780676234754],[108.10981231411937,34.338007874513139],[108.10970081360732,34.338186681327706]]]},"properties":{"FID":259,"OBJECTID_1":0,"一级":"12","一级名":"交通运输用地","二级":"1202","二级名":"公路用地","Shape_Leng":1556.9953873899999,"备注":"517省道","Shape_Area":803920.73898499995,"组别":"2"}},{"type":"Feature","id":260,"geometry":{"type":"Polygon","coordinates":[[[108.11097413598634,34.336344681758405],[108.10996328672138,34.337630607175733],[108.10993878812934,34.337573928723771],[108.10982561978373,34.337312112179632],[108.1098862964912,34.337155067524989],[108.10985417367043,34.336890947067261],[108.10966857562232,34.336583996842627],[108.10958291526603,34.336509043254118],[108.10938485697417,34.33603255674771],[108.11074069167661,34.336298836423886],[108.11097413598634,34.336344681758405]]]},"properties":{"FID":260,"OBJECTID_1":0,"一级":"05","一级名":"湿地","二级":"0506","二级名":"内陆滩涂","Shape_Leng":511.31398252248869,"备注":"湿地公园","Shape_Area":1119238.54009,"组别":"2"}},{"type":"Feature","id":261,"geometry":{"type":"Polygon","coordinates":[[[108.11217418129779,34.334432260484689],[108.11210180197021,34.334638653324404],[108.11229030480189,34.334030425972436],[108.11223535849834,34.334234814248909],[108.11218855749718,34.334385859784604],[108.11217418129779,34.334432260484689]]]},"properties":{"FID":261,"OBJECTID_1":0,"一级":"12","一级名":"交通运输用地","二级":"1202","二级名":"公路用地","Shape_Leng":139.3517785922935,"备注":"517省道","Shape_Area":3456.3703632299998,"组别":"2"}},{"type":"Feature","id":262,"geometry":{"type":"Polygon","coordinates":[[[108.10838732298086,34.34041667203374],[108.10873316653905,34.340599296553094],[108.10914005459172,34.340570743456865],[108.10936134345131,34.340949077689331],[108.10800530050737,34.340927197109551],[108.10838732298086,34.34041667203374]]]},"properties":{"FID":262,"OBJECTID_1":0,"一级":"12","一级名":"交通运输用地","二级":"1208","二级名":"交通场站用地","Shape_Leng":313.39704988001074,"备注":"景区停车场","Shape_Area":442557.91498,"组别":"2"}},{"type":"Feature","id":263,"geometry":{"type":"Polygon","coordinates":[[[108.10946128080695,34.340941939714128],[108.10944700392712,34.341106121989618],[108.10789601363103,34.341073692091079],[108.10800530050737,34.340927197109551],[108.10936134345131,34.340949077689331],[108.10946128080695,34.340941939714128]]]},"properties":{"FID":263,"OBJECTID_1":0,"一级":"03","一级名":"林地","二级":"0301","二级名":"乔木林地","Shape_Leng":314.15667849291987,"备注":"某林地","Shape_Area":233816.24682100001,"组别":"2"}},{"type":"Feature","id":264,"geometry":{"type":"Polygon","coordinates":[[[108.10916860697395,34.341427348943668],[108.10915433050991,34.341577255328517],[108.10805501946912,34.341548701492961],[108.1080621587252,34.341398796123769],[108.10916860697395,34.341427348943668]]]},"properties":{"FID":264,"OBJECTID_1":0,"一级":"03","一级名":"林地","二级":"0301","二级名":"乔木林地","Shape_Leng":236.38113276335631,"备注":"某林地","Shape_Area":169061.60068,"组别":"2"}},{"type":"Feature","id":265,"geometry":{"type":"Polygon","coordinates":[[[108.10995850866011,34.342805291321575],[108.10977439458819,34.343100382985128],[108.10971762979285,34.343073440842943],[108.1090159691129,34.342740412619591],[108.10897427510361,34.342720622578057],[108.10889575181744,34.342342287980976],[108.10875640245555,34.342367584769022],[108.10876374988766,34.342319231854056],[108.10876446253977,34.341961238957467],[108.10911150028095,34.342034112373454],[108.10951124955275,34.342219709253676],[108.1097682315639,34.342298231561507],[108.10960404936753,34.342633735610526],[108.10995850866011,34.342805291321575]]]},"properties":{"FID":265,"OBJECTID_1":0,"一级":"03","一级名":"林地","二级":"0301","二级名":"乔木林地","Shape_Leng":400.72507093715717,"备注":"某林地","Shape_Area":711928.52579400002,"组别":"2"}},{"type":"Feature","id":266,"geometry":{"type":"Polygon","coordinates":[[[108.10665035970251,34.344682167484322],[108.10640571181381,34.344792652074609],[108.10620061347004,34.344799725563824],[108.10595558210659,34.34481777633836],[108.10574338590915,34.344821703629847],[108.10550216726777,34.344833879766632],[108.10547701728127,34.344937631128445],[108.10545937850669,34.345136958128371],[108.10541014094841,34.345419013191311],[108.1054051208577,34.345564977021034],[108.10538861024203,34.345731536931766],[108.10533197888584,34.345915035005966],[108.10525778024851,34.345981844381093],[108.10508920208906,34.34597189982771],[108.10483043481675,34.345971734922315],[108.10468502344447,34.346018965262729],[108.10455285706087,34.345994978935394],[108.10429280566903,34.345878561857155],[108.10433274681452,34.345820065959892],[108.10442079136797,34.345863658585841],[108.10457914074776,34.345962807915086],[108.10473721925912,34.345963566157529],[108.10477811297748,34.345925775391144],[108.10486448258034,34.345921864750068],[108.10512292282712,34.34593095541608],[108.10525655985852,34.345913250930138],[108.10529585497098,34.345815798725923],[108.10534088095368,34.345447187252596],[108.10535565078301,34.345331267668975],[108.10536825863259,34.345069214637107],[108.10539659059633,34.344768776563086],[108.10570213263323,34.344767061786072],[108.10629221036838,34.34474823017058],[108.1066625504487,34.344640717633119],[108.10669810651825,34.343920092190245],[108.10675719048545,34.343665101211919],[108.10676497214871,34.343438709323735],[108.1068703793555,34.342493451403755],[108.10691095529522,34.342435134378455],[108.10688774729968,34.342794677597659],[108.1068639603992,34.343074130189073],[108.10683351307352,34.34343138631337],[108.1068072630503,34.34367224774855],[108.1067564880221,34.343894642099414],[108.1067529831936,34.344135784765612],[108.1067526644741,34.344154433059977],[108.10675109186005,34.344258230843963],[108.10681542390304,34.344268712138422],[108.10683585950532,34.344272050519095],[108.10688343573581,34.344279859085042],[108.10715496588736,34.344324426211891],[108.10756776312981,34.344340149358807],[108.10788667541406,34.344368557467696],[108.10846180475998,34.34445182839103],[108.10845096345767,34.344484656373318],[108.10784240964531,34.344403280907486],[108.10709669833005,34.344349880898825],[108.10673191868281,34.344296544233885],[108.10669796868899,34.344656461771805],[108.10668088548906,34.344665677162219],[108.10665035970251,34.344682167484322]]]},"properties":{"FID":266,"OBJECTID_1":0,"一级":"06","一级名":"农业设施建设用地","二级":"0601","二级名":"农村道路","Shape_Leng":1497.2315414499999,"备注":"某田间道路","Shape_Area":408071.19266,"组别":"2"}},{"type":"Feature","id":267,"geometry":{"type":"Polygon","coordinates":[[[108.10623225682741,34.346341487387583],[108.10623197781035,34.346615773652182],[108.10617546966739,34.346612355577641],[108.10618142797956,34.346239132394189],[108.1064148795904,34.346097975239822],[108.10648073757582,34.345813332530476],[108.10665035970251,34.344682167484322],[108.10668088548906,34.344665677162219],[108.10669796868899,34.344656461771805],[108.10649564825495,34.346006870881276],[108.10644837454643,34.34612738845275],[108.10635318797664,34.346186192662785],[108.10633093242771,34.346195688348011],[108.10629782983142,34.346212774891697],[108.10623242234966,34.346252978159505],[108.10623231073598,34.346302363119982],[108.10623225682741,34.346341487387583]]]},"properties":{"FID":267,"OBJECTID_1":0,"一级":"06","一级名":"农业设施建设用地","二级":"0601","二级名":"农村道路","Shape_Leng":466.5779242287216,"备注":"某田间道路","Shape_Area":97971.352688800005,"组别":"2"}},{"type":"Feature","id":268,"geometry":{"type":"Polygon","coordinates":[[[108.10811642734355,34.347392868175845],[108.10808768196834,34.347400679635157],[108.10763906345038,34.346599761340087],[108.10623225682741,34.346341487387583],[108.10623231073598,34.346302363119982],[108.10763621983584,34.346560338527269],[108.10813659542936,34.346057005346914],[108.10820443474668,34.345965593058601],[108.10828245999481,34.344996644191717],[108.10844307701376,34.344508855475432],[108.10845096345767,34.344484656373318],[108.10846180475998,34.34445182839103],[108.10850068789458,34.344455609905481],[108.10831854157675,34.344987812029615],[108.10830674782143,34.345137937798143],[108.10826456664549,34.345673464955759],[108.10824795774643,34.345884330357578],[108.10824203807901,34.345959088998868],[108.1082312084733,34.346023228941796],[108.10768626280952,34.346568438490735],[108.10811642734355,34.347392868175845]]]},"properties":{"FID":268,"OBJECTID_1":0,"一级":"06","一级名":"农业设施建设用地","二级":"0601","二级名":"农村道路","Shape_Leng":982.9464610049713,"备注":"某田间道路","Shape_Area":189550.23330399999,"组别":"2"}},{"type":"Feature","id":269,"geometry":{"type":"MultiPolygon","coordinates":[[[[108.10838370483799,34.34175630679875],[108.10809538695351,34.341754117755919],[108.10740334942969,34.341733608660661],[108.10741581737187,34.341715843968466],[108.10817531921437,34.341737404033417],[108.10838370483799,34.34175630679875]]],[[[108.10838370483799,34.34175630679875],[108.10875130208744,34.341944967207183],[108.10876446253977,34.341961238957467],[108.10876374988766,34.342319231854056],[108.10875640245555,34.342367584769022],[108.10863446268952,34.34317001133342],[108.1086309269636,34.34342851751294],[108.1086298970143,34.343503805540443],[108.10863329078683,34.343806917103159],[108.10863541075229,34.343996202599243],[108.10854995130367,34.344274612158799],[108.10860591741606,34.344013021534231],[108.10860532081065,34.343204631487495],[108.10860529923963,34.34317356830261],[108.10874250690871,34.342318205004759],[108.10874561770687,34.341959810622484],[108.10838370483799,34.34175630679875]]]]},"properties":{"FID":269,"OBJECTID_1":0,"一级":"06","一级名":"农业设施建设用地","二级":"0601","二级名":"农村道路","Shape_Leng":780.34586993678818,"备注":"某田间道路","Shape_Area":75202.439859000006,"组别":"2"}},{"type":"Feature","id":270,"geometry":{"type":"Polygon","coordinates":[[[108.10854995130367,34.344274612158799],[108.10850068789458,34.344455609905481],[108.10846180475998,34.34445182839103],[108.10860591741606,34.344013021534231],[108.10854995130367,34.344274612158799]]]},"properties":{"FID":270,"OBJECTID_1":0,"一级":"06","一级名":"农业设施建设用地","二级":"0601","二级名":"农村道路","Shape_Leng":104.10663933616678,"备注":"某田间道路","Shape_Area":10392.4543467,"组别":"2"}},{"type":"Feature","id":271,"geometry":{"type":"Polygon","coordinates":[[[108.1090028265973,34.34597347777796],[108.10853754443664,34.345957710462919],[108.10849147168049,34.345891963105458],[108.10836759944318,34.345715191651983],[108.108435199276,34.345254096980682],[108.10844380249368,34.34516103770607],[108.10848096031928,34.344759096194309],[108.10858403198635,34.3444371701693],[108.10873785210946,34.344312015511029],[108.10884324766748,34.344257266032926],[108.1088279571043,34.344032712834306],[108.10874404301774,34.343796998967591],[108.10875622393078,34.343442401763589],[108.10885891592869,34.343298859773022],[108.10895034568756,34.343148380007371],[108.10889843497181,34.342818021070869],[108.10897427510361,34.342720622578057],[108.1090159691129,34.342740412619591],[108.10895000790536,34.342831737188973],[108.10897051198501,34.342988201484474],[108.1090000818903,34.343182086257734],[108.10894965405664,34.343243859092503],[108.10879423441844,34.343449113771456],[108.10878742188766,34.343798118835473],[108.10887289663604,34.344021945270086],[108.10888414805264,34.344246878874046],[108.10886218384704,34.344283566104231],[108.1087500901278,34.34433243398194],[108.10860076896365,34.344460557745805],[108.10851509939211,34.344794819538507],[108.1084641703,34.345289604050308],[108.10841689137087,34.345694892664682],[108.10842277252787,34.34572460564025],[108.1085514955534,34.34589381022306],[108.10857353842816,34.345922785873718],[108.10897561028706,34.345937058783889],[108.10899986662638,34.345907605680466],[108.10932710772379,34.345448089286421],[108.10965754924084,34.344994397188188],[108.10970877384339,34.345009917153547],[108.10904354105402,34.345917906764477],[108.1090317952236,34.345926988815791],[108.1090028265973,34.34597347777796]]]},"properties":{"FID":271,"OBJECTID_1":0,"一级":"06","一级名":"农业设施建设用地","二级":"0601","二级名":"农村道路","Shape_Leng":1100.23792164,"备注":"某田间道路","Shape_Area":214110.31785399999,"组别":"2"}},{"type":"Feature","id":272,"geometry":{"type":"Polygon","coordinates":[[[108.10973807212756,34.34332570084603],[108.10968719896901,34.343352275188195],[108.10956636871707,34.34335419084006],[108.10951598004043,34.343481790851598],[108.10953717334708,34.343618237052134],[108.10960148655936,34.344006128746308],[108.10953575237427,34.344161986758948],[108.10945500463221,34.344420045419767],[108.10971116082501,34.344831550903848],[108.10970877384339,34.345009917153547],[108.10965754924084,34.344994397188188],[108.10965107132412,34.34482297576627],[108.10944910347747,34.344508151432116],[108.10940903446401,34.344418959656188],[108.10949503746114,34.344175335331528],[108.10954492688695,34.343978557111946],[108.1095073868491,34.343732014257533],[108.10947182856732,34.343595228419879],[108.10946442970022,34.343475802441304],[108.10951859050623,34.343322056152537],[108.10967997076642,34.343311559100584],[108.10971762979285,34.343073440842943],[108.10977439458819,34.343100382985128],[108.10973807212756,34.34332570084603]]]},"properties":{"FID":272,"OBJECTID_1":0,"一级":"06","一级名":"农业设施建设用地","二级":"0601","二级名":"农村道路","Shape_Leng":480.80872504737192,"备注":"某田间道路","Shape_Area":110120.28065299999,"组别":"2"}},{"type":"Feature","id":273,"geometry":{"type":"Polygon","coordinates":[[[108.10971046678611,34.346132837658757],[108.10973697802699,34.346491216088609],[108.10984098733961,34.346622856948663],[108.10979950543486,34.346661515347726],[108.10968899427813,34.346523837660065],[108.10965825925823,34.346145915318097],[108.10943131948596,34.346097622358137],[108.10915330704283,34.346017075401001],[108.1090028265973,34.34597347777796],[108.1090317952236,34.345926988815791],[108.10899986662638,34.345907605680466],[108.10904354105402,34.345917906764477],[108.10947662538904,34.346034297978257],[108.10967795292841,34.346074829523232],[108.10976746173553,34.345980350857523],[108.11005657848236,34.345976449338735],[108.11005904736221,34.346030169903585],[108.10979197018972,34.346020282465318],[108.10971046678611,34.346132837658757]]]},"properties":{"FID":273,"OBJECTID_1":0,"一级":"06","一级名":"农业设施建设用地","二级":"0601","二级名":"农村道路","Shape_Leng":346.34376736793695,"备注":"某田间道路","Shape_Area":99825.732968700002,"组别":"2"}},{"type":"Feature","id":274,"geometry":{"type":"Polygon","coordinates":[[[108.11097300357805,34.3434025252769],[108.11095501179176,34.343406238552156],[108.11080048201737,34.343382235047073],[108.11066592545153,34.343360352508455],[108.11064794244452,34.343354204439514],[108.11075393320013,34.343315075423583],[108.11091693156577,34.343253400954644],[108.11113108288136,34.343124910822176],[108.11131668059973,34.343132048725373],[108.11130954191515,34.34287506665536],[108.11112903675239,34.340979762733234],[108.11112194393786,34.340905286148391],[108.11110966710366,34.340776381972169],[108.11099752704321,34.340552100668845],[108.11090979249234,34.340376632155888],[108.11092170246829,34.340346859887909],[108.11096689962385,34.340233864321128],[108.11087459188865,34.340225720126597],[108.11083595126921,34.340222310551987],[108.11072419445607,34.340212450300164],[108.11058142695704,34.340012575025213],[108.11052432060794,34.33989122238431],[108.11033872150797,34.339541441284126],[108.11016026242658,34.338870434221995],[108.11011743148939,34.338534929865105],[108.11013170915543,34.338313639531428],[108.1101245713204,34.338227979123737],[108.1098662935897,34.338354138996912],[108.1098253829099,34.338091709533153],[108.10981231411937,34.338007874513139],[108.10997189653889,34.33780676234754],[108.11001594087955,34.337753093681393],[108.11020586875431,34.33773404227599],[108.11023196901603,34.337786242476511],[108.11023698662625,34.337805416065351],[108.11041599275848,34.338801431721663],[108.1104200192315,34.338823836199154],[108.11045544100094,34.338933135842709],[108.11058658267116,34.339337799462733],[108.11074838500336,34.339594780765623],[108.11066272508596,34.339661406416568],[108.11094826056308,34.340151575131507],[108.11099584912934,34.340241994678678],[108.11128614412853,34.340779752805432],[108.11131469799545,34.340965350698461],[108.11131469744925,34.341265163265696],[108.11140534864718,34.341465352809116],[108.11142891183573,34.341517386452153],[108.1114298308616,34.341540087596542],[108.1114765006964,34.342692839199657],[108.11147259605197,34.342773536051517],[108.11145650855713,34.34310257293442],[108.11143696371802,34.343173599414513],[108.11132421486928,34.343306740614146],[108.11097300357805,34.3434025252769]]]},"properties":{"FID":274,"OBJECTID_1":0,"一级":"03","一级名":"林地","二级":"0301","二级名":"乔木林地","Shape_Leng":1477.90605319,"备注":"漆水河岸林地","Shape_Area":1442675.1673099999,"组别":"2"}},{"type":"Feature","id":275,"geometry":{"type":"Polygon","coordinates":[[[108.1098662935897,34.338354138996912],[108.1101245713204,34.338227979123737],[108.11013170915543,34.338313639531428],[108.11011743148939,34.338534929865105],[108.11016026242658,34.338870434221995],[108.11033872150797,34.339541441284126],[108.11052432060794,34.33989122238431],[108.11058142695704,34.340012575025213],[108.11072419445607,34.340212450300164],[108.11083595126921,34.340222310551987],[108.11087459188865,34.340225720126597],[108.11096689962385,34.340233864321128],[108.11092170246829,34.340346859887909],[108.11090979249234,34.340376632155888],[108.11099752704321,34.340552100668845],[108.11110966710366,34.340776381972169],[108.11112194393786,34.340905286148391],[108.11112903675239,34.340979762733234],[108.11130954191515,34.34287506665536],[108.11131668059973,34.343132048725373],[108.11113108288136,34.343124910822176],[108.11091693156577,34.343253400954644],[108.11075393320013,34.343315075423583],[108.11064794244452,34.343354204439514],[108.1104457979374,34.343281953918904],[108.11010987234549,34.343257523463087],[108.11010974611153,34.34323079108411],[108.11018481668312,34.343105027467573],[108.11037331141934,34.34278924317028],[108.11102583901838,34.341696038375353],[108.11082358516913,34.340791843801647],[108.11027630865895,34.340012570737251],[108.11024061747133,34.33974488115247],[108.11005620887461,34.339572369314958],[108.1098662935897,34.338354138996912]]]},"properties":{"FID":275,"OBJECTID_1":0,"一级":"17","一级名":"陆地水域","二级":"1701","二级名":"河流水面","Shape_Leng":1313.70737433,"备注":"漆水河","Shape_Area":2043661.45108,"组别":"2"}},{"type":"Feature","id":276,"geometry":{"type":"Polygon","coordinates":[[[108.11472737753397,34.337499307738767],[108.11514734252214,34.337508761321324],[108.1151501992874,34.337549901323534],[108.11518017161502,34.337981494979907],[108.11511327820683,34.337977083833827],[108.11499451384194,34.337969253377864],[108.11490279790861,34.337963205799078],[108.11472737753397,34.337499307738767]]]},"properties":{"FID":276,"OBJECTID_1":0,"一级":"01","一级名":"耕地","二级":"0102","二级名":"水浇地","Shape_Leng":170.720769203987,"备注":"某耕地","Shape_Area":165199.587875,"组别":"2"}},{"type":"Feature","id":277,"geometry":{"type":"Polygon","coordinates":[[[108.11495211491371,34.339024398034873],[108.11486595142493,34.339041630465196],[108.1147469783951,34.33890481069578],[108.11480646376535,34.33929742190611],[108.11472913148199,34.339362857145957],[108.11465774834754,34.33933906271637],[108.11448523754808,34.339226037820801],[108.11453282678609,34.339154654641781],[108.11451498026142,34.339023784446518],[108.11440195561789,34.33902378372121],[108.11453877511362,34.338607379047012],[108.11459381828696,34.338620080796083],[108.11461610820604,34.338625224517507],[108.11496399715365,34.338687957870874],[108.11495730781115,34.338760198903422],[108.11494032845525,34.338943576928244],[108.11495211491371,34.339024398034873]]]},"properties":{"FID":277,"OBJECTID_1":0,"一级":"01","一级名":"耕地","二级":"0102","二级名":"水浇地","Shape_Leng":267.78506182197486,"备注":"某耕地","Shape_Area":263747.80586800002,"组别":"2"}},{"type":"Feature","id":278,"geometry":{"type":"Polygon","coordinates":[[[108.11502639702103,34.340124176126658],[108.11499102576762,34.340124284172141],[108.11491960424472,34.340041003035282],[108.11492502062285,34.339991515682946],[108.1149284202893,34.339960610639217],[108.1149313855682,34.339933927636558],[108.11486595064811,34.3398684928666],[108.11482431029256,34.339719776803342],[108.11487177455523,34.339679490189816],[108.11491948880207,34.339642443244465],[108.11484810529876,34.3394758814377],[108.11489569479212,34.339255780853151],[108.11496858570845,34.339137334498794],[108.11499029709969,34.339286218889768],[108.11498315966304,34.339600307764471],[108.11499743665517,34.340000057735068],[108.11500478824412,34.340031566591435],[108.11502639702103,34.340124176126658]]]},"properties":{"FID":278,"OBJECTID_1":0,"一级":"01","一级名":"耕地","二级":"0102","二级名":"水浇地","Shape_Leng":234.18524937599548,"备注":"某耕地","Shape_Area":99327.659167499995,"组别":"2"}},{"type":"Feature","id":279,"geometry":{"type":"Polygon","coordinates":[[[108.1150487573009,34.340124028912115],[108.11502639702103,34.340124176126658],[108.11500478824412,34.340031566591435],[108.11499743665517,34.340000057735068],[108.11498315966304,34.339600307764471],[108.11499029709969,34.339286218889768],[108.11496858570845,34.339137334498794],[108.11495211491371,34.339024398034873],[108.11494032845525,34.338943576928244],[108.11495730781115,34.338760198903422],[108.11496399715365,34.338687957870874],[108.11497602101593,34.338558103600135],[108.11484449879555,34.338022754622706],[108.11487940150143,34.338023178032259],[108.11490281171609,34.338025130310328],[108.11492323302066,34.338026831171533],[108.11504740416318,34.338458166002802],[108.11501171232128,34.338986405959808],[108.11503312841614,34.339814458937369],[108.11503545615933,34.339879632896427],[108.11505497519147,34.340042372369084],[108.1150487573009,34.340124028912115]]]},"properties":{"FID":279,"OBJECTID_1":0,"一级":"12","一级名":"交通运输用地","二级":"1202","二级名":"公路用地","Shape_Leng":478.54399519590658,"备注":"河滩路","Shape_Area":126446.85782,"组别":"2"}},{"type":"Feature","id":280,"geometry":{"type":"Polygon","coordinates":[[[108.11483064091237,34.342180533908405],[108.11478231344155,34.342208097807941],[108.1142592056206,34.342215442825875],[108.11424084981758,34.342205284044205],[108.11419058248383,34.34219377666129],[108.11366628668837,34.342073757317387],[108.11337495086504,34.341961913022089],[108.11341834611829,34.341889483062722],[108.1134341226054,34.341866424808217],[108.11346409194407,34.341822624761882],[108.11369727943371,34.341760758918852],[108.11386146235695,34.341644164843288],[108.11398995233043,34.341458567511346],[108.11416365318898,34.341146858564002],[108.11405181780027,34.341087371322509],[108.11417555103921,34.340880358133717],[108.1143111792581,34.340863702045084],[108.11438732341833,34.340563889577851],[108.114363527195,34.340392569207239],[108.11421799656252,34.340350397661908],[108.11425375024993,34.340309264004993],[108.11441197352455,34.340167492770298],[108.11442717878514,34.34018358892088],[108.11452544589989,34.340287872271091],[108.11454448221147,34.340366394153349],[108.11448735210949,34.34037829393894],[108.11444716579761,34.340379630539971],[108.11442353043438,34.340380417084489],[108.1144158755004,34.340468711633967],[108.11445186549251,34.340463960551482],[108.11454207083493,34.340452069512018],[108.11459920943813,34.340571028603513],[108.11471818288743,34.340716176353169],[108.11479432455869,34.340818492440143],[108.11462538314775,34.340951742577651],[108.11456589723714,34.340996951602214],[108.11450403122183,34.341137339323438],[108.11445644122408,34.341456187851158],[108.11445329357296,34.341498373764189],[108.11444680852408,34.341584678540343],[108.1144704514833,34.341602031571604],[108.11449213084667,34.341617961193911],[108.11460161761019,34.34157280187965],[108.11474435619068,34.341613232111648],[108.11480622277593,34.341679857521946],[108.11480860287675,34.341970151782867],[108.11476815144754,34.3420486734802],[108.11483826215778,34.342153840240655],[108.11484905229078,34.342170026114587],[108.11483064091237,34.342180533908405]]]},"properties":{"FID":280,"OBJECTID_1":0,"一级":"01","一级名":"耕地","二级":"0102","二级名":"水浇地","Shape_Leng":706.76729766796097,"备注":"某耕地","Shape_Area":1214556.61136,"组别":"2"}},{"type":"Feature","id":281,"geometry":{"type":"Polygon","coordinates":[[[108.11338870950553,34.341548273157144],[108.11320216078485,34.341774797567354],[108.1130479711275,34.341753858002662],[108.11305748930201,34.3416777164948],[108.11309556158382,34.341561598610745],[108.11306891071482,34.341483551417461],[108.1131545704995,34.341475937713717],[108.11327671077962,34.341503897779873],[108.11322690673553,34.341395987061411],[108.11307081408317,34.341376952308302],[108.11316408856898,34.341205630836996],[108.11325736462879,34.341135198471974],[108.11356003042077,34.341270352053279],[108.11358477791175,34.341344591251492],[108.11354099607559,34.341348398242573],[108.11339632490066,34.34143215543228],[108.11337157746462,34.341485454937491],[108.11338870950553,34.341548273157144]]]},"properties":{"FID":281,"OBJECTID_1":0,"一级":"01","一级名":"耕地","二级":"0102","二级名":"水浇地","Shape_Leng":228.96236076383886,"备注":"某耕地","Shape_Area":172156.80975499999,"组别":"2"}},{"type":"Feature","id":282,"geometry":{"type":"Polygon","coordinates":[[[108.11394527601739,34.338839528586888],[108.11392829944779,34.338873902519438],[108.11345716960106,34.33879026966607],[108.11347204089392,34.338486887765612],[108.11366834584679,34.338472016967124],[108.11367073265973,34.338455317523703],[108.11408691442864,34.338478833235996],[108.11411848458864,34.338487542772825],[108.11394527601739,34.338839528586888]]]},"properties":{"FID":282,"OBJECTID_1":0,"一级":"01","一级名":"耕地","二级":"0102","二级名":"水浇地","Shape_Leng":185.75830431120687,"备注":"某耕地","Shape_Area":211423.75695000001,"组别":"2"}},{"type":"Feature","id":283,"geometry":{"type":"Polygon","coordinates":[[[108.11357888449747,34.338972267661134],[108.11341850352036,34.339272109980641],[108.11312240543117,34.339198085648214],[108.11312543266493,34.339180715825464],[108.11319219518812,34.338759447163731],[108.11319737318432,34.338726776319419],[108.11324458486851,34.338428864475929],[108.11342773983746,34.338439730880765],[108.11351822940779,34.338445099180881],[108.11367073265973,34.338455317523703],[108.11366834584679,34.338472016967124],[108.11347204089392,34.338486887765612],[108.11345716960106,34.33879026966607],[108.11392829944779,34.338873902519438],[108.11395983075307,34.338879499319582],[108.11394051507169,34.338945726548317],[108.11362373195303,34.338888422600526],[108.11357888449747,34.338972267661134]]]},"properties":{"FID":283,"OBJECTID_1":0,"一级":"01","一级名":"耕地","二级":"0102","二级名":"水浇地","Shape_Leng":338.78723852350919,"备注":"某耕地","Shape_Area":298951.81039,"组别":"2"}},{"type":"Feature","id":284,"geometry":{"type":"MultiPolygon","coordinates":[[[[108.11552849403056,34.334061954972285],[108.11545591725601,34.333968886864838],[108.11544783657908,34.333955418236897],[108.11543698392711,34.333937330325988],[108.1154164429787,34.333903096997787],[108.11544567227524,34.333874799888015],[108.1154637686182,34.333880024941244],[108.11547489184653,34.333910001332434],[108.11549118011295,34.333954212652529],[108.11552849403056,34.334061954972285]]],[[[108.11552849403056,34.334061954972285],[108.11567522978717,34.334154299431347],[108.11572561095623,34.334584403595713],[108.11561608183551,34.334663717518865],[108.11558760249358,34.334684340548726],[108.11557258559694,34.334847018917351],[108.1155590485037,34.334993671151693],[108.11567802284101,34.33537438417742],[108.11558760262291,34.335464804291611],[108.11558760216039,34.335859795496091],[108.11565423582179,34.336021379873316],[108.11573512847519,34.335935937686983],[108.11585235479971,34.335853878591834],[108.11587789648351,34.335835999688186],[108.11588741481533,34.335569500216998],[108.11598068016065,34.335443772478932],[108.1160140410218,34.335454592006883],[108.11596457815537,34.336246001405875],[108.11591693718998,34.336315630037447],[108.11578309303539,34.336443526285301],[108.11577714409786,34.336681472430975],[108.11580964979979,34.336721283549636],[108.11542079896385,34.337710111965826],[108.11534961794722,34.337972790339592],[108.11532385856299,34.337990967722817],[108.11530041847564,34.33798942212124],[108.11528208658248,34.337988213367368],[108.11527105200553,34.337557881112588],[108.11526869404038,34.337465931374787],[108.115440016161,34.337001936382109],[108.11544143528711,34.336969301431431],[108.11544969607759,34.336779301106702],[108.11545310212034,34.336700934851947],[108.11545267777838,34.336683902668874],[108.11548453669268,34.336688804629858],[108.11562247898219,34.336710026038084],[108.11561772002852,34.336638642246321],[108.11547019366682,34.336529187493603],[108.11544789949862,34.336492813920046],[108.11544715443246,34.336462988219104],[108.11527234634333,34.335985809627772],[108.11526556005407,34.335886732417151],[108.11536549624547,34.335962875668017],[108.11541308606112,34.336100884549651],[108.11547971119894,34.336305517451571],[108.1154701935564,34.335996187681253],[108.11541784499555,34.335734446897945],[108.11517038223928,34.335334697175412],[108.11524652344838,34.335629750665461],[108.11519027962879,34.335878163459697],[108.11513592788258,34.335901794618692],[108.11502228425735,34.335739033515452],[108.11480822896748,34.335249086419509],[108.11500334560439,34.334644702603256],[108.11499744053835,34.334603372523546],[108.11506568481312,34.334592305836694],[108.11522272938231,34.33456375158957],[108.1153036302473,34.334649412629219],[108.11517514018259,34.334920671189607],[108.11513231257729,34.335268046799172],[108.11528459548643,34.335168134791651],[108.11529889795584,34.335156375024653],[108.11549874675933,34.334992054893299],[108.11558916691979,34.334430502651479],[108.1155986838379,34.334159244221524],[108.11552849403056,34.334061954972285]]]]},"properties":{"FID":284,"OBJECTID_1":0,"一级":"03","一级名":"林地","二级":"0301","二级名":"乔木林地","Shape_Leng":1565.10450842,"备注":"大北沟","Shape_Area":1417464.02596,"组别":"2"}},{"type":"Feature","id":285,"geometry":{"type":"Polygon","coordinates":[[[108.11534961794722,34.337972790339592],[108.11534440489844,34.337991120553376],[108.11532385856299,34.337990967722817],[108.11534961794722,34.337972790339592]]]},"properties":{"FID":285,"OBJECTID_1":0,"一级":"03","一级名":"林地","二级":"0301","二级名":"乔木林地","Shape_Leng":7.0918066462963143,"备注":"某林地","Shape_Area":192.620894048,"组别":"2"}},{"type":"Feature","id":286,"geometry":{"type":"Polygon","coordinates":[[[108.11472737753397,34.337499307738767],[108.11488686470368,34.337962156100247],[108.11485168448993,34.337959836237282],[108.11481442731127,34.337957380385127],[108.11471660123927,34.337711539067392],[108.11468224357125,34.337630800362291],[108.11458052174751,34.337391752525072],[108.11440089997981,34.336969641527695],[108.1132904638126,34.336763326063178],[108.11326123207274,34.336752280212259],[108.11323291116612,34.336747000286529],[108.11321544154664,34.336744317405262],[108.11187165301465,34.336493199043773],[108.11124347598158,34.336386122760679],[108.1111066026795,34.336364222941775],[108.11112401195335,34.336343506432549],[108.11112722540616,34.336327019031827],[108.11115137006576,34.336295475927542],[108.11117058727416,34.336270369360065],[108.11120243005912,34.336228769544228],[108.11127603016166,34.336240515693596],[108.11132833868879,34.336250316830309],[108.11264117097392,34.336494466944302],[108.11271614197607,34.336510348764399],[108.11285954950554,34.336537218739551],[108.11352824487376,34.336662505061078],[108.11359819173373,34.336675609929102],[108.11422406752338,34.336792870216499],[108.11433914519202,34.336814429914654],[108.11437316326167,34.336820804070108],[108.11470117585795,34.337449630034065],[108.11472737753397,34.337499307738767]]]},"properties":{"FID":286,"OBJECTID_1":0,"一级":"12","一级名":"交通运输用地","二级":"1202","二级名":"公路用地","Shape_Leng":885.30261808027137,"备注":"新区四路","Shape_Area":558904.24638000003,"组别":"2"}},{"type":"Feature","id":287,"geometry":{"type":"MultiPolygon","coordinates":[[[[108.11472737753397,34.337499307738767],[108.11490279790861,34.337963205799078],[108.11488686470368,34.337962156100247],[108.11472737753397,34.337499307738767]]],[[[108.11472737753397,34.337499307738767],[108.11470117585795,34.337449630034065],[108.11521955544104,34.337428327269322],[108.11540515320075,34.336871532151385],[108.11538202073643,34.336738073455173],[108.11531235433951,34.33633615424003],[108.11517789419628,34.336090417131444],[108.11510534138901,34.335957819778258],[108.11509825048164,34.335918817550017],[108.11509106432801,34.335879297058973],[108.11511774701444,34.335919321180654],[108.11515193264519,34.335970600445172],[108.11531949216425,34.33622193977633],[108.11544084495176,34.336543166486514],[108.11548453669268,34.336688804629858],[108.11545267777838,34.336683902668874],[108.11545310212034,34.336700934851947],[108.11544969607759,34.336779301106702],[108.11544143528711,34.336969301431431],[108.115440016161,34.337001936382109],[108.11526869404038,34.337465931374787],[108.11527105200553,34.337557881112588],[108.11528208658248,34.337988213367368],[108.11525514358146,34.337986437571381],[108.11520232704105,34.337982955270981],[108.11518017161502,34.337981494979907],[108.1151501992874,34.337549901323534],[108.11514734252214,34.337508761321324],[108.11472737753397,34.337499307738767]]]]},"properties":{"FID":287,"OBJECTID_1":0,"一级":"06","一级名":"农业设施建设用地","二级":"0601","二级名":"农村道路","Shape_Leng":689.63469570372854,"备注":"二粮路","Shape_Area":199536.641363,"组别":"2"}},{"type":"Feature","id":288,"geometry":{"type":"Polygon","coordinates":[[[108.11272377336206,34.336498425060668],[108.11271614197607,34.336510348764435],[108.11264117097393,34.336494466944309],[108.11325002899419,34.335599299774557],[108.11330720071226,34.335513138299071],[108.11331338850616,34.335495367983654],[108.11363146113511,34.334670368320552],[108.11218262309791,34.33440501369072],[108.11218855749718,34.334385859784611],[108.11367052637357,34.334651495673221],[108.11366338717738,34.334680049510858],[108.11366188130197,34.33469477660686],[108.11365625014855,34.334708602444451],[108.11338499107728,34.335465271561397],[108.11335921611456,34.335505543858517],[108.11334904298174,34.335521440981324],[108.11272377336206,34.336498425060668]]]},"properties":{"FID":288,"OBJECTID_1":0,"一级":"06","一级名":"农业设施建设用地","二级":"0601","二级名":"农村道路","Shape_Leng":733.74401753691598,"备注":"田间道","Shape_Area":216657.98427300001,"组别":"2"}},{"type":"Feature","id":289,"geometry":{"type":"Polygon","coordinates":[[[108.11371896035399,34.334652646068754],[108.11376034159252,34.334757636523221],[108.11449483132837,34.336714048267766],[108.11430337156632,34.336807727770704],[108.11422406752338,34.336792870216499],[108.11446114459763,34.336685258937393],[108.11368632439728,34.334698905168636],[108.11366188130197,34.33469477660686],[108.11369013197677,34.334674266921873],[108.11371896035399,34.334652646068754]]]},"properties":{"FID":289,"OBJECTID_1":0,"一级":"06","一级名":"农业设施建设用地","二级":"0601","二级名":"农村道路","Shape_Leng":533.27778567379733,"备注":"田间道","Shape_Area":125285.042241,"组别":"2"}},{"type":"Feature","id":290,"geometry":{"type":"Polygon","coordinates":[[[108.11532555509564,34.338060921941583],[108.11531894921863,34.338085102273624],[108.11505649912681,34.339053369144004],[108.11506244797025,34.339677976973491],[108.11505497519147,34.340042372369084],[108.11503545615933,34.339879632896427],[108.11503312841614,34.339814458937369],[108.11501171232128,34.338986405959808],[108.11504740416318,34.338458166002802],[108.11492323302066,34.338026831171533],[108.11520336985713,34.338050175915193],[108.11523152647202,34.338052521217861],[108.11530099091554,34.338058310946998],[108.11532555509564,34.338060921941583]]]},"properties":{"FID":290,"OBJECTID_1":0,"一级":"01","一级名":"耕地","二级":"0102","二级名":"水浇地","Shape_Leng":484.90325613820647,"备注":"某耕地","Shape_Area":219466.25418600001,"组别":"2"}},{"type":"Feature","id":291,"geometry":{"type":"Polygon","coordinates":[[[108.11144522072149,34.345048620742432],[108.11135796973937,34.345251433933903],[108.11125898478855,34.345455115928864],[108.11115048127856,34.345643569667615],[108.11096964225253,34.346069969559011],[108.11085352414999,34.346397383096487],[108.11086102905422,34.346615493813736],[108.11086153194304,34.346630108146435],[108.11080517047309,34.346625970892354],[108.11079150161898,34.346359547340185],[108.11084756131129,34.346213788633015],[108.11086288465313,34.346173949188476],[108.11089817436098,34.346080249880686],[108.11106989742348,34.345624294335359],[108.1111248279003,34.345525419769594],[108.1111412817548,34.345495802942494],[108.11125494734981,34.345268472706323],[108.11131260319964,34.345153160695261],[108.11136376286703,34.345041162093466],[108.11137855870612,34.345008774689674],[108.11138796309571,34.344988184447281],[108.1115588853456,34.34461400301533],[108.11157520036748,34.344578284134613],[108.11161532788771,34.34449247805447],[108.11173376708973,34.344239448103508],[108.1118551200038,34.343818283029009],[108.11194908678164,34.34358336429716],[108.11198400745997,34.343495841016662],[108.11199788708173,34.343461363836028],[108.1120935609062,34.343058524711907],[108.11210619284323,34.343005336635052],[108.11213351660271,34.342890293562093],[108.11219574831792,34.342724343464013],[108.11221215887859,34.342687392978512],[108.11243822454617,34.342191509383149],[108.11251285856262,34.34202779330402],[108.11253684793435,34.341975174389262],[108.11259062613939,34.34185720771832],[108.11264034278122,34.341748151383918],[108.11267635715156,34.341623816727555],[108.11269191131284,34.341570119257298],[108.11290481027949,34.340835113815849],[108.11292447253302,34.340770307183284],[108.11294193874927,34.340713086727888],[108.11299136226967,34.34022748027796],[108.11290535552955,34.340212797574189],[108.11291801603834,34.340063533091318],[108.11293717105474,34.339873894235069],[108.11300328395291,34.339535854323159],[108.11300495154063,34.33951429877645],[108.11312737887172,34.338822962735094],[108.11313337780709,34.33879361956901],[108.11314627479716,34.338762123373385],[108.11315241701072,34.338711011397685],[108.11317679422524,34.338449573936458],[108.11316249320267,34.338436003471223],[108.11317052257942,34.338395855813552],[108.11317320083744,34.338382465446337],[108.11321299924762,34.3383843010322],[108.11324173704949,34.33838562577855],[108.11326001960477,34.338386468882163],[108.11363768653307,34.338403747433816],[108.11375060097318,34.338408866674442],[108.1138754304022,34.338414620191152],[108.11414880848064,34.33842744072831],[108.11417971344063,34.338428865101548],[108.11421704113738,34.338344508477327],[108.11424842825842,34.338268748495857],[108.11436075115846,34.337991877301199],[108.11436842348222,34.337973357324138],[108.11437653341899,34.337953783106606],[108.11438672743162,34.337929178481232],[108.11481442731127,34.337957380385156],[108.11485168448995,34.337959836237282],[108.11488686470368,34.337962156100247],[108.11490279790861,34.337963205799078],[108.11499451384194,34.337969253377878],[108.11511327820685,34.337977083833827],[108.11518017161502,34.337981494979907],[108.11520232704106,34.337982955270959],[108.11525514358148,34.337986437571416],[108.1152820865825,34.337988213367389],[108.11530041847566,34.33798942212124],[108.115323858563,34.337990967722853],[108.11534440489845,34.337991120553376],[108.11533624672164,34.338022132869334],[108.11532555509567,34.338060921941604],[108.11530099091556,34.338058310946998],[108.11523152647202,34.338052521217875],[108.11520336985713,34.338050175915207],[108.11492323302066,34.338026831171547],[108.11490281171609,34.338025130310328],[108.11487940150144,34.338023178032273],[108.11484449879556,34.338022754622706],[108.11476104946379,34.33801331502525],[108.11473820769365,34.338011411768861],[108.11443669555021,34.337986285681581],[108.11425404979717,34.33837275340484],[108.11424287088921,34.338396407874086],[108.11421383343853,34.3384578492442],[108.11419042117697,34.338507387617518],[108.11411848458864,34.338487542772846],[108.11408691442864,34.338478833236032],[108.11367073265976,34.338455317523703],[108.1135182294078,34.338445099180859],[108.11342773983748,34.338439730880786],[108.11324458486853,34.338428864475944],[108.11319737318432,34.338726776319419],[108.11319219518812,34.338759447163717],[108.11312543266494,34.339180715825449],[108.11312240543117,34.339198085648235],[108.11310994701925,34.339269537700631],[108.11310483509565,34.339298855870624],[108.11307689308995,34.339459112658353],[108.11307446113717,34.339472247674699],[108.11306934153289,34.339499909829406],[108.1130525109832,34.339590826172746],[108.11304916192256,34.339608921981629],[108.11299786839204,34.339886018667279],[108.11296570033562,34.33992049803539],[108.11294554626892,34.340168667585402],[108.11306523321267,34.34017546922933],[108.11301039347381,34.340756451899587],[108.11272136322036,34.341759141593549],[108.11269402602133,34.341831580869624],[108.11268760947026,34.341848585989709],[108.11268225854806,34.341862763987919],[108.11255975258172,34.342146196602179],[108.11243698034372,34.342430242332675],[108.11231918041111,34.342702783183647],[108.11224480110432,34.342874865531755],[108.11222402302302,34.342927625675614],[108.11220817552433,34.342977730945428],[108.11206229013983,34.343503957538488],[108.1119290412849,34.34382375777561],[108.11180569986426,34.344247405611355],[108.11179481924682,34.344280727034835],[108.11169871156652,34.344476514331205],[108.1116897721659,34.344495231801048],[108.11167448772808,34.344526181830027],[108.11165924211004,34.344555269364037],[108.11164540903137,34.344583281945411],[108.11145352257661,34.345029322417865],[108.11144522072149,34.345048620742432]]]},"properties":{"FID":291,"OBJECTID_1":0,"一级":"06","一级名":"农业设施建设用地","二级":"0601","二级名":"农村道路","Shape_Leng":2395.2580333599999,"备注":"二临路","Shape_Area":952710.94164800004,"组别":"2"}},{"type":"Feature","id":292,"geometry":{"type":"Polygon","coordinates":[[[108.1152840992148,34.333943508867819],[108.11527468280912,34.334003771851783],[108.11526080002326,34.334092618704766],[108.11534170267851,34.334154484220726],[108.11545591615631,34.334302011301183],[108.11534646087341,34.334511404174599],[108.11497682405033,34.334407035714129],[108.11499324043474,34.334101680427494],[108.11499479304001,34.334072798208332],[108.11499625874674,34.334045536934269],[108.11501090956206,34.334039901536805],[108.1152840992148,34.333943508867819]]]},"properties":{"FID":292,"OBJECTID_1":0,"一级":"03","一级名":"林地","二级":"0301","二级名":"乔木林地","Shape_Leng":176.44708436427084,"备注":"漆水河岸林地","Shape_Area":179514.17882199999,"组别":"2"}},{"type":"Feature","id":293,"geometry":{"type":"Polygon","coordinates":[[[108.11598068016065,34.335443772478932],[108.11588741481533,34.335569500216998],[108.11587789648351,34.335835999688186],[108.11585235479971,34.335853878591834],[108.11573512847519,34.335935937686983],[108.11565423582179,34.336021379873316],[108.11558760216039,34.335859795496091],[108.11558760262291,34.335464804291611],[108.11567802284101,34.33537438417742],[108.1155590485037,34.334993671151693],[108.11557258559694,34.334847018917351],[108.11558760249358,34.334684340548726],[108.11561608183551,34.334663717518865],[108.11572561095623,34.334584403595713],[108.11567522978717,34.334154299431347],[108.11552849403056,34.334061954972285],[108.11549118011295,34.333954212652529],[108.11547489184653,34.333910001332434],[108.1154637686182,34.333880024941244],[108.11544567227524,34.333874799888015],[108.1153437286647,34.333845116413087],[108.11518887793034,34.333800161051968],[108.11510955993376,34.333777133370205],[108.11507977587887,34.333768485505608],[108.11502158735529,34.33375159232255],[108.11366053468736,34.33372779747306],[108.11252015714277,34.333393122662663],[108.11242535371584,34.333365953440172],[108.11243398518251,34.333306398149183],[108.11244502125167,34.33324666936754],[108.11249866114728,34.333261961515802],[108.11364292692352,34.333627860247638],[108.11483027864705,34.333613582863059],[108.11507861426612,34.333619722316122],[108.11516054081555,34.333621747553742],[108.11517806597956,34.333621768933853],[108.1158891382568,34.333639757832557],[108.11648876293032,34.333925292980346],[108.11662366346999,34.334058694716234],[108.11670995163962,34.334136995416621],[108.11673622229752,34.334136735089338],[108.11714025890367,34.334132649580766],[108.11714600307754,34.334148189231392],[108.11715189014646,34.334164113677566],[108.11713904891052,34.334188582251038],[108.11710745084886,34.334248787258176],[108.1169807741947,34.334490154670632],[108.11635075384176,34.334189413108149],[108.11625414790518,34.334508260567311],[108.11623511251359,34.334674822811074],[108.11608758576591,34.334741447905323],[108.11594481822257,34.335122161531388],[108.11595909481186,34.335374384274381],[108.11598068016065,34.335443772478932]]]},"properties":{"FID":293,"OBJECTID_1":0,"一级":"17","一级名":"陆地水域","二级":"1701","二级名":"河流水面","Shape_Leng":1353.89083706,"备注":"漆沮河立心岛","Shape_Area":1791766.7650299999,"组别":"2"}},{"type":"Feature","id":294,"geometry":{"type":"Polygon","coordinates":[[[108.11058477869825,34.338942888152729],[108.11055663240596,34.338959306095269],[108.11052332015115,34.338916475263808],[108.1104554488181,34.338939098767369],[108.11042002704612,34.338829799123928],[108.1104160005728,34.338807394646452],[108.11023699442762,34.337811378991155],[108.11023197681706,34.337792205402337],[108.11020587655347,34.337740005201866],[108.11001594866526,34.337759056607297],[108.1102995382214,34.337399822743599],[108.11034653296893,34.337340589159851],[108.11060898097993,34.337441210070402],[108.110751748045,34.337493557137584],[108.11083265032612,34.337760058172854],[108.11116361692727,34.337780238906667],[108.11122288211806,34.337783852314487],[108.11122358556027,34.337800557018959],[108.11122599544436,34.337857787150469],[108.11124191786821,34.338235949336415],[108.11122764048524,34.338293057597426],[108.11113246291764,34.338283538736519],[108.11110584592811,34.338453179219236],[108.11109087455448,34.338469512310553],[108.11105631969697,34.338507208426336],[108.11079283927046,34.338770688524008],[108.11067084640189,34.338892680850286],[108.11058477869825,34.338942888152729]]]},"properties":{"FID":294,"OBJECTID_1":0,"一级":"12","一级名":"交通运输用地","二级":"1208","二级名":"交通场站用地","Shape_Leng":488.55004737307939,"备注":"智能停车场","Shape_Area":1095942.12824,"组别":"2"}},{"type":"Feature","id":295,"geometry":{"type":"Polygon","coordinates":[[[108.11111932633264,34.338460794780048],[108.11109086669248,34.338463549385565],[108.11110583806504,34.338447216294234],[108.11111932633264,34.338460794780048]]]},"properties":{"FID":295,"OBJECTID_1":0,"一级":"03","一级名":"林地","二级":"0301","二级名":"乔木林地","Shape_Leng":6.864323189650559,"备注":"某林地","Shape_Area":216.18759036599999,"组别":"2"}},{"type":"Feature","id":296,"geometry":{"type":"Polygon","coordinates":[[[108.11124128677574,34.338493827888612],[108.1112517851514,34.338539316990158],[108.11110901671054,34.339877764189715],[108.11114470893294,34.340020530836263],[108.11110306805105,34.340050274215763],[108.11103168387739,34.340044326090151],[108.11093650649556,34.339913455168357],[108.11085917376609,34.33965171539176],[108.11074020018397,34.339401871298406],[108.11070450828458,34.33924125790405],[108.11058477087194,34.338936925228097],[108.11067083856949,34.338886717925625],[108.11079283142946,34.338764725599255],[108.1110563118374,34.338501245501377],[108.11109086669248,34.338463549385565],[108.11111932633264,34.338460794780048],[108.11114470876075,34.338479829950231],[108.11123447949896,34.338464326801592],[108.11124128677574,34.338493827888612]]]},"properties":{"FID":296,"OBJECTID_1":0,"一级":"03","一级名":"林地","二级":"0301","二级名":"乔木林地","Shape_Leng":400.34307148160781,"备注":"某林地","Shape_Area":592509.19280900003,"组别":"2"}},{"type":"Feature","id":297,"geometry":{"type":"Polygon","coordinates":[[[108.11335921611456,34.335505543858517],[108.11370621807461,34.33560090085053],[108.11375618778197,34.335865020891475],[108.11359819173373,34.336675609929102],[108.11352824487376,34.336662505061078],[108.11371335721697,34.335893574522721],[108.11363483371012,34.335593761574849],[108.11334904298174,34.33552144098131],[108.11335921611456,34.335505543858517]]]},"properties":{"FID":297,"OBJECTID_1":0,"一级":"06","一级名":"农业设施建设用地","二级":"0601","二级名":"农村道路","Shape_Leng":311.48434841832346,"备注":"田间道","Shape_Area":66148.228444599998,"组别":"2"}},{"type":"Feature","id":298,"geometry":{"type":"Polygon","coordinates":[[[108.11371896035399,34.334652646068754],[108.11369013197677,34.334674266921873],[108.11349062908752,34.334016181227469],[108.11354773611745,34.334023319406221],[108.11442982068615,34.334110560437267],[108.11473219482187,34.334140463616443],[108.11484836016335,34.334151808946871],[108.11484692182081,34.334176794403227],[108.11354483081412,34.334050603474061],[108.11364162228317,34.334399941741992],[108.11371896035399,34.334652646068754]]]},"properties":{"FID":298,"OBJECTID_1":0,"一级":"06","一级名":"农业设施建设用地","二级":"0601","二级名":"农村道路","Shape_Leng":396.78921579210021,"备注":"田间道","Shape_Area":106655.8134,"组别":"2"}},{"type":"Feature","id":299,"geometry":{"type":"Polygon","coordinates":[[[108.11331338850616,34.335495367983654],[108.11330720071226,34.335513138299071],[108.11329374915383,34.335533410685663],[108.11319810380968,34.335486471300548],[108.11195085726473,34.335010220766414],[108.11196906634851,34.334979988170581],[108.11331338850616,34.335495367983654]]]},"properties":{"FID":299,"OBJECTID_1":0,"一级":"06","一级名":"农业设施建设用地","二级":"0601","二级名":"农村道路","Shape_Leng":281.21807433031233,"备注":"田间道","Shape_Area":94585.603372500002,"组别":"2"}},{"type":"Feature","id":300,"geometry":{"type":"Polygon","coordinates":[[[108.11317052257942,34.338395855813552],[108.11316249320267,34.338436003471223],[108.11317679422524,34.338449573936458],[108.11226426542802,34.338306347236518],[108.11232851039711,34.337828076143474],[108.11230764551962,34.337779906041732],[108.11123079449011,34.337758826106885],[108.11122287424693,34.337777889388875],[108.11116360906031,34.33777427598104],[108.11115781595385,34.337742415691352],[108.1121618845997,34.337754660825965],[108.11221118575152,34.337755262019229],[108.11232850978003,34.337756692376317],[108.11235169516922,34.337789813150437],[108.11236894539826,34.33781445552966],[108.1123823838159,34.337824803917229],[108.1123633487617,34.337918858466509],[108.11233596219759,34.33808317938999],[108.11232644339432,34.338140291527438],[108.11230709524803,34.338256379444317],[108.11317052257942,34.338395855813552]]]},"properties":{"FID":300,"OBJECTID_1":0,"一级":"06","一级名":"农业设施建设用地","二级":"0601","二级名":"农村道路","Shape_Leng":507.57971212500519,"备注":"田间道","Shape_Area":143679.26308899999,"组别":"2"}},{"type":"Feature","id":301,"geometry":{"type":"Polygon","coordinates":[[[108.11291685858757,34.340077179191312],[108.11291382116454,34.340112989745435],[108.11138308765031,34.338971174404818],[108.11138029993231,34.338998966186082],[108.11134579339326,34.338973785855984],[108.11136958694992,34.338896454127735],[108.11138990166779,34.33891442559986],[108.11138878988875,34.338934437558969],[108.1120424772101,34.339418727946182],[108.11208603832247,34.339451484848233],[108.11223228698296,34.339561458640148],[108.11291685858757,34.340077179191312]]]},"properties":{"FID":301,"OBJECTID_1":0,"一级":"06","一级名":"农业设施建设用地","二级":"0601","二级名":"农村道路","Shape_Leng":403.85171909315983,"备注":"田间道","Shape_Area":119046.281405,"组别":"2"}},{"type":"Feature","id":302,"geometry":{"type":"Polygon","coordinates":[[[108.11268608369916,34.341590237876083],[108.11267635715156,34.341623816727555],[108.11208937426385,34.341531706732631],[108.11182009093049,34.341463784802251],[108.11173522561317,34.341442815411519],[108.11148673115865,34.341443108532729],[108.11148902127228,34.341469582122002],[108.11145881725247,34.34147222030704],[108.11142312616731,34.341406785480665],[108.11146851189488,34.341405181004788],[108.11147635479925,34.341424513640959],[108.11174807847686,34.341417110441114],[108.11206090399958,34.341489645376974],[108.11214469734571,34.341067712784294],[108.11217260967076,34.340743388262482],[108.1122128661103,34.340743351376936],[108.11210262211692,34.341502012266517],[108.11268608369916,34.341590237876083]]]},"properties":{"FID":302,"OBJECTID_1":0,"一级":"06","一级名":"农业设施建设用地","二级":"0601","二级名":"农村道路","Shape_Leng":417.30706901601724,"备注":"田间道","Shape_Area":94613.712254400001,"组别":"2"}},{"type":"Feature","id":303,"geometry":{"type":"Polygon","coordinates":[[[108.11292447253302,34.340770307183284],[108.11291464141001,34.340802710500043],[108.1122128661103,34.340743351376936],[108.11217260967076,34.340743388262482],[108.11144035573666,34.340687094508183],[108.11144926663491,34.340657361880758],[108.11292447253302,34.340770307183284]]]},"properties":{"FID":303,"OBJECTID_1":0,"一级":"06","一级名":"农业设施建设用地","二级":"0601","二级名":"农村道路","Shape_Leng":279.70144763355768,"备注":"田间道","Shape_Area":84971.896889399999,"组别":"2"}},{"type":"Feature","id":304,"geometry":{"type":"Polygon","coordinates":[[[108.11218653517554,34.337754961425105],[108.11221706918469,34.33713038715856],[108.11125953740812,34.336897706814661],[108.11126846070481,34.336873912226885],[108.11224998873737,34.33711780727873],[108.11221118575152,34.337755262019229],[108.11218653517554,34.337754961425105]]]},"properties":{"FID":304,"OBJECTID_1":0,"一级":"06","一级名":"农业设施建设用地","二级":"0601","二级名":"农村道路","Shape_Leng":331.27213581501951,"备注":"田间道","Shape_Area":83533.136568200003,"组别":"2"}},{"type":"Feature","id":305,"geometry":{"type":"Polygon","coordinates":[[[108.11125039242309,34.33846150152781],[108.11124128677574,34.338493827888612],[108.11123447949896,34.338464326801592],[108.11125039242309,34.33846150152781]]]},"properties":{"FID":305,"OBJECTID_1":0,"一级":"06","一级名":"农业设施建设用地","二级":"0601","二级名":"农村道路","Shape_Leng":8.5118522459021619,"备注":"二粮路","Shape_Area":249.40588818099999,"组别":"2"}},{"type":"Feature","id":306,"geometry":{"type":"Polygon","coordinates":[[[108.11143696371802,34.343173599414513],[108.1114350233585,34.343191381073424],[108.11132199760372,34.343322251694239],[108.11119707691167,34.343363892790094],[108.11097300357805,34.3434025252769],[108.11132421486928,34.343306740614146],[108.11143696371802,34.343173599414513]]]},"properties":{"FID":306,"OBJECTID_1":0,"一级":"06","一级名":"农业设施建设用地","二级":"0601","二级名":"农村道路","Shape_Leng":105.35016886144292,"备注":"二粮路","Shape_Area":6608.5466396100001,"组别":"2"}},{"type":"Feature","id":307,"geometry":{"type":"Polygon","coordinates":[[[108.11198400745997,34.343495841016662],[108.11194908678162,34.343583364297139],[108.11151973609317,34.343554741065674],[108.11150037450973,34.343539273073681],[108.1114409715958,34.343465019050903],[108.11140527967579,34.343399584242285],[108.11106025812838,34.343447173099918],[108.11097697678495,34.34349476292406],[108.1108461063839,34.343506660210132],[108.11076282599964,34.34346501868194],[108.11085205474491,34.343423378796466],[108.11095501179176,34.343406238552156],[108.11097300357805,34.3434025252769],[108.11119707691167,34.343363892790094],[108.11132199760372,34.343322251694239],[108.1114350233585,34.343191381073424],[108.11143696371802,34.343173599414513],[108.11145650855713,34.34310257293442],[108.11147259605197,34.342773536051517],[108.1114765006964,34.342692839199657],[108.1114298308616,34.341540087596542],[108.11142891183573,34.341517386452153],[108.11140534864718,34.341465352809116],[108.11131469744925,34.341265163265696],[108.11131469799545,34.340965350698461],[108.11128614412853,34.340779752805432],[108.11099584912934,34.340241994678678],[108.11094826056308,34.340151575131507],[108.11066272508596,34.339661406416568],[108.11074838500336,34.339594780765623],[108.11058658267116,34.339337799462733],[108.11045544100094,34.338933135842709],[108.11052331232918,34.33891051233914],[108.11055662458163,34.338953343170651],[108.11058477087194,34.338936925228097],[108.11070450828458,34.33924125790405],[108.11074020018397,34.339401871298406],[108.11085917376609,34.33965171539176],[108.11093650649556,34.339913455168357],[108.11103168387739,34.340044326090151],[108.11110306805105,34.340050274215763],[108.11114470893294,34.340020530836263],[108.11110901671054,34.339877764189715],[108.1112517851514,34.338539316990158],[108.11124128677574,34.338493827888612],[108.11125039242309,34.33846150152781],[108.11145881782683,34.338402715732322],[108.11145015236394,34.338467055096004],[108.11144804196798,34.338482731965705],[108.1114426491775,34.338522768031986],[108.11138990166778,34.33891442559986],[108.11136958694989,34.338896454127735],[108.11134579339323,34.338973785855984],[108.11138029993231,34.338998966186082],[108.11122229934396,34.340169466112584],[108.1110861932176,34.340169466163637],[108.11118696398316,34.340466898448014],[108.11134162816683,34.340764331221493],[108.11137732111928,34.341032020434994],[108.11139091336621,34.341131292620965],[108.1113960669586,34.341169941611227],[108.11140111546186,34.341210480199621],[108.1114685118949,34.341405181004788],[108.11142312616731,34.341406785480665],[108.11145881725247,34.34147222030704],[108.11148902127226,34.341469582121967],[108.11150640694221,34.341519810300532],[108.11151517188814,34.341784952937573],[108.11152068197326,34.341951620816559],[108.1115228816389,34.341976232831982],[108.11152305265807,34.342023324205286],[108.11153020105391,34.342239596341059],[108.11151452791938,34.342652351548757],[108.11151358695037,34.342677141308947],[108.11150519893421,34.342898016105906],[108.11150234862593,34.342973045291401],[108.11150173007196,34.342989350025199],[108.11150071975581,34.343015945511858],[108.11149450876647,34.343179484176218],[108.11143502310627,34.343334149384432],[108.11151235570455,34.34347691670024],[108.1117863698274,34.343486821109444],[108.11198400745997,34.343495841016662]]]},"properties":{"FID":307,"OBJECTID_1":0,"一级":"06","一级名":"农业设施建设用地","二级":"0601","二级名":"农村道路","Shape_Leng":1694.99500296,"备注":"二粮路","Shape_Area":784241.75460800005,"组别":"2"}},{"type":"Feature","id":308,"geometry":{"type":"Polygon","coordinates":[[[108.11252139336956,34.342009072843574],[108.11251285856262,34.34202779330402],[108.11243909750048,34.342023952241853],[108.1115228816389,34.341976232831982],[108.11152068197327,34.341951620816559],[108.11252139336956,34.342009072843574]]]},"properties":{"FID":308,"OBJECTID_1":0,"一级":"06","一级名":"农业设施建设用地","二级":"0601","二级名":"农村道路","Shape_Leng":188.52677440406026,"备注":"田间道","Shape_Area":39953.4222476,"组别":"2"}},{"type":"Feature","id":309,"geometry":{"type":"Polygon","coordinates":[[[108.11221215887861,34.34268739297849],[108.11219574831792,34.342724343463992],[108.11151358695037,34.342677141308947],[108.11151452791938,34.342652351548757],[108.11221215887861,34.34268739297849]]]},"properties":{"FID":309,"OBJECTID_1":0,"一级":"06","一级名":"农业设施建设用地","二级":"0601","二级名":"农村道路","Shape_Leng":134.41284182169392,"备注":"田间道","Shape_Area":22101.742008000001,"组别":"2"}},{"type":"Feature","id":310,"geometry":{"type":"Polygon","coordinates":[[[108.11267635715156,34.341623816727555],[108.11264034278122,34.341748151383918],[108.11259062613939,34.34185720771832],[108.11252139336956,34.342009072843574],[108.11152068197327,34.341951620816559],[108.11151517188816,34.341784952937573],[108.11153535695833,34.341793924114569],[108.11180661589945,34.341793923727579],[108.11182009093049,34.341463784802251],[108.11207140125165,34.341527137353651],[108.11208937426385,34.341531706732631],[108.11267635715156,34.341623816727555]]]},"properties":{"FID":310,"OBJECTID_1":0,"一级":"01","一级名":"耕地","二级":"0102","二级名":"水浇地","Shape_Leng":300.49840804110369,"备注":"某耕地","Shape_Area":392665.85055999999,"组别":"2"}},{"type":"Feature","id":311,"geometry":{"type":"Polygon","coordinates":[[[108.11251285856261,34.34202779330402],[108.11243822454617,34.342191509383127],[108.11221215887861,34.34268739297849],[108.11151452791938,34.342652351548757],[108.11153020105391,34.342239596341059],[108.11152305265807,34.342023324205286],[108.1115228816389,34.341976232831982],[108.11243909750048,34.342023952241853],[108.11251285856261,34.34202779330402]]]},"properties":{"FID":311,"OBJECTID_1":0,"一级":"01","一级名":"耕地","二级":"0102","二级名":"水浇地","Shape_Leng":308.83618063055019,"备注":"某耕地","Shape_Area":578533.06852800003,"组别":"2"}},{"type":"Feature","id":312,"geometry":{"type":"Polygon","coordinates":[[[108.11139091336621,34.341131292620965],[108.11208501238008,34.341180023384723],[108.11207073472737,34.341205007461568],[108.1113960669586,34.341169941611227],[108.11139091336621,34.341131292620965]]]},"properties":{"FID":312,"OBJECTID_1":0,"一级":"06","一级名":"农业设施建设用地","二级":"0601","二级名":"农村道路","Shape_Leng":133.67619439343667,"备注":"田间道","Shape_Area":22420.4897208,"组别":"2"}},{"type":"Feature","id":313,"geometry":{"type":"Polygon","coordinates":[[[108.11217260967076,34.340743388262482],[108.11214469734571,34.341067712784294],[108.11206090399958,34.341489645376974],[108.11174807847686,34.341417110441114],[108.11147635479925,34.341424513640959],[108.11140111546186,34.341210480199621],[108.11139606695862,34.341169941611227],[108.11207073472737,34.341205007461568],[108.11208501238008,34.341180023384723],[108.11139091336621,34.341131292620965],[108.11137732111929,34.341032020434994],[108.11134162816684,34.340764331221514],[108.11118696398319,34.340466898448035],[108.11108619321762,34.34016946616363],[108.11122229934398,34.340169466112599],[108.11138308765031,34.338971174404818],[108.11291382116454,34.340112989745435],[108.11290535552955,34.340212797574189],[108.11299136226967,34.34022748027796],[108.11294193874927,34.340713086727888],[108.11292447253302,34.340770307183284],[108.11144926663491,34.340657361880758],[108.11144035573666,34.340687094508183],[108.11217260967076,34.340743388262482]]]},"properties":{"FID":313,"OBJECTID_1":0,"一级":"01","一级名":"耕地","二级":"0102","二级名":"水浇地","Shape_Leng":1031.0474898,"备注":"某耕地","Shape_Area":2508163.0608999999,"组别":"2"}},{"type":"Feature","id":314,"geometry":{"type":"Polygon","coordinates":[[[108.11291464141001,34.340802710500043],[108.11268608369916,34.341590237876083],[108.11210262211692,34.341502012266517],[108.1122128661103,34.340743351376936],[108.11291464141001,34.340802710500043]]]},"properties":{"FID":314,"OBJECTID_1":0,"一级":"01","一级名":"耕地","二级":"0102","二级名":"水浇地","Shape_Leng":294.10092050331247,"备注":"某耕地","Shape_Area":482382.27282900002,"组别":"2"}},{"type":"Feature","id":315,"geometry":{"type":"Polygon","coordinates":[[[108.11300495154063,34.33951429877645],[108.11300328395291,34.339535854323159],[108.11257797202589,34.339494976231066],[108.11208603832247,34.339451484848233],[108.1120424772101,34.339418727946182],[108.11257700843102,34.339470853493935],[108.11300495154063,34.33951429877645]]]},"properties":{"FID":315,"OBJECTID_1":0,"一级":"06","一级名":"农业设施建设用地","二级":"0601","二级名":"农村道路","Shape_Leng":181.92085542598863,"备注":"田间道","Shape_Area":22954.678593199998,"组别":"2"}},{"type":"Feature","id":316,"geometry":{"type":"Polygon","coordinates":[[[108.11317679422524,34.338449573936458],[108.11315241701072,34.338711011397685],[108.11314627479716,34.338762123373385],[108.11144804196799,34.338482731965705],[108.11145015236396,34.338467055096004],[108.11145881782684,34.338402715732357],[108.11125039242309,34.33846150152781],[108.11123447949898,34.338464326801592],[108.11114470876075,34.338479829950231],[108.11111932633267,34.338460794780033],[108.11110583806506,34.338447216294234],[108.11113245505275,34.338277575811375],[108.11122763261363,34.338287094672303],[108.1112419099956,34.33822998641125],[108.11122598757298,34.337851824224913],[108.11122357768907,34.33779459409336],[108.11122287424693,34.337777889388875],[108.11123079449011,34.337758826106885],[108.11230764551962,34.337779906041732],[108.11232851039711,34.337828076143474],[108.11226426542802,34.338306347236518],[108.11317679422524,34.338449573936458]]]},"properties":{"FID":316,"OBJECTID_1":0,"一级":"01","一级名":"耕地","二级":"0102","二级名":"水浇地","Shape_Leng":568.63930506774136,"备注":"某耕地","Shape_Area":1069821.3449200001,"组别":"2"}},{"type":"Feature","id":317,"geometry":{"type":"Polygon","coordinates":[[[108.11314627479716,34.338762123373385],[108.11313337780709,34.33879361956901],[108.11144534557337,34.338502749998931],[108.11144804196799,34.338482731965705],[108.11314627479716,34.338762123373385]]]},"properties":{"FID":317,"OBJECTID_1":0,"一级":"06","一级名":"农业设施建设用地","二级":"0601","二级名":"农村道路","Shape_Leng":323.87680684605857,"备注":"田间道","Shape_Area":86937.653035299998,"组别":"2"}},{"type":"Feature","id":318,"geometry":{"type":"Polygon","coordinates":[[[108.11313337780709,34.33879361956901],[108.11300495154063,34.33951429877645],[108.11257700843102,34.339470853493935],[108.1120424772101,34.339418727946182],[108.11138878988875,34.338934437558969],[108.11138990166779,34.33891442559986],[108.11144534557337,34.338502749998931],[108.11313337780709,34.33879361956901]]]},"properties":{"FID":318,"OBJECTID_1":0,"一级":"01","一级名":"耕地","二级":"0102","二级名":"水浇地","Shape_Leng":457.47146435519039,"备注":"某耕地","Shape_Area":1152613.8963899999,"组别":"2"}},{"type":"Feature","id":319,"geometry":{"type":"Polygon","coordinates":[[[108.11182009093049,34.341463784802251],[108.11180661589945,34.341793923727579],[108.11153535695833,34.341793924114569],[108.11151517188816,34.341784952937573],[108.11150640694221,34.341519810300525],[108.11148902127228,34.341469582122002],[108.11148673115865,34.341443108532729],[108.11173522561317,34.341442815411519],[108.11176247207928,34.341449547754664],[108.11182009093049,34.341463784802251]]]},"properties":{"FID":319,"OBJECTID_1":0,"一级":"03","一级名":"林地","二级":"0301","二级名":"乔木林地","Shape_Leng":132.88621409869933,"备注":"某林地","Shape_Area":105477.34071600001,"组别":"2"}},{"type":"Feature","id":320,"geometry":{"type":"Polygon","coordinates":[[[108.11328189281841,34.337865958833696],[108.11327878245751,34.337886106203548],[108.11326001960477,34.338386468882163],[108.11324173704948,34.33838562577855],[108.11321299924762,34.338384301032185],[108.11321607023447,34.337862494919669],[108.11321637204838,34.337837197283172],[108.11328061742881,34.337837197363534],[108.11328189281841,34.337865958833696]]]},"properties":{"FID":320,"OBJECTID_1":0,"一级":"06","一级名":"农业设施建设用地","二级":"0601","二级名":"农村道路","Shape_Leng":131.91256934395432,"备注":"田间道","Shape_Area":31242.1389996,"组别":"2"}},{"type":"Feature","id":321,"geometry":{"type":"Polygon","coordinates":[[[108.11324474305428,34.336930190129621],[108.11322333269314,34.336933834783537],[108.11318541341143,34.336956725890289],[108.11283551431296,34.336999044855332],[108.11282929349608,34.336980948397276],[108.11319906142108,34.336928123803702],[108.11321544154666,34.336744317405277],[108.11323291116612,34.336747000286529],[108.11326123207277,34.336752280212259],[108.1132904638126,34.336763326063192],[108.11329029028643,34.336904228615488],[108.1132904331913,34.33692241406056],[108.11324474305428,34.336930190129621]]]},"properties":{"FID":321,"OBJECTID_1":0,"一级":"06","一级名":"农业设施建设用地","二级":"0601","二级名":"农村道路","Shape_Leng":125.12420292441738,"备注":"田间道","Shape_Area":34245.575830499998,"组别":"2"}},{"type":"Feature","id":322,"geometry":{"type":"Polygon","coordinates":[[[108.11437653341899,34.337953783106606],[108.11436842348222,34.337973357324138],[108.11408113947564,34.337935083783812],[108.11396380204418,34.337918496834369],[108.11369117768612,34.337889174115411],[108.1132812551235,34.337851578098636],[108.11328061742883,34.337837197363534],[108.11321637204838,34.337837197283207],[108.11236894539826,34.33781445552966],[108.11235169516922,34.337789813150437],[108.11239072703228,34.337790765354605],[108.11319909813345,34.337810481639544],[108.11328472157315,34.337812569615423],[108.11437653341899,34.337953783106606]]]},"properties":{"FID":322,"OBJECTID_1":0,"一级":"06","一级名":"农业设施建设用地","二级":"0601","二级名":"农村道路","Shape_Leng":379.52839334650247,"备注":"田间道","Shape_Area":91068.948352199994,"组别":"2"}},{"type":"Feature","id":323,"geometry":{"type":"Polygon","coordinates":[[[108.11421704113738,34.338344508477327],[108.11389997274932,34.338339937624056],[108.1138754304022,34.338414620191152],[108.11375060097318,34.338408866674442],[108.11363768653307,34.338403747433816],[108.11369075322808,34.337889135187027],[108.11395554170946,34.337917608384927],[108.11389521289752,34.338273312701148],[108.11424842825842,34.338268748495857],[108.11421704113738,34.338344508477327]]]},"properties":{"FID":323,"OBJECTID_1":0,"一级":"01","一级名":"耕地","二级":"0102","二级名":"水浇地","Shape_Leng":222.77783559376508,"备注":"某耕地","Shape_Area":148201.847981,"组别":"2"}},{"type":"Feature","id":324,"geometry":{"type":"Polygon","coordinates":[[[108.11275307123509,34.336978885701825],[108.11264361657595,34.337745072198082],[108.11250560745799,34.33773555503312],[108.11264106963085,34.336954385560148],[108.11275307123509,34.336978885701825]]]},"properties":{"FID":324,"OBJECTID_1":0,"一级":"03","一级名":"林地","二级":"0301","二级名":"乔木林地","Shape_Leng":196.53434537897922,"备注":"某林地","Shape_Area":100846.15900499999,"组别":"2"}},{"type":"Feature","id":325,"geometry":{"type":"Polygon","coordinates":[[[108.11233596219759,34.338083179389962],[108.11280066037978,34.338092473763346],[108.11284825014343,34.337959224393366],[108.1131956510237,34.337992536190988],[108.11318137423484,34.338159098882336],[108.11286728586606,34.338130545912776],[108.11284824996977,34.338211447025721],[108.11232644339432,34.338140291527424],[108.11233596219759,34.338083179389962]]]},"properties":{"FID":325,"OBJECTID_1":0,"一级":"03","一级名":"林地","二级":"0301","二级名":"乔木林地","Shape_Leng":202.16536754304639,"备注":"某林地","Shape_Area":109082.850355,"组别":"2"}},{"type":"Feature","id":326,"geometry":{"type":"Polygon","coordinates":[[[108.11440089997981,34.336969641527695],[108.11440731214932,34.337086001411762],[108.11329029028641,34.336904228615488],[108.1132904638126,34.336763326063178],[108.11440089997981,34.336969641527695]]]},"properties":{"FID":326,"OBJECTID_1":0,"一级":"03","一级名":"林地","二级":"0301","二级名":"乔木林地","Shape_Leng":238.00950347243275,"备注":"某林地","Shape_Area":145615.03159599999,"组别":"2"}},{"type":"Feature","id":327,"geometry":{"type":"Polygon","coordinates":[[[108.11321286585013,34.337544958434357],[108.11319909813345,34.337810481639544],[108.11239072703228,34.337790765354605],[108.11235169516922,34.337789813150437],[108.11232850978003,34.337756692376317],[108.11221118575152,34.337755262019229],[108.11224998873737,34.33711780727873],[108.11126846070481,34.336873912226885],[108.11125953740812,34.336897706814661],[108.11221706918469,34.33713038715856],[108.11218653517554,34.337754961425105],[108.11115781595385,34.337742415691352],[108.11116360906031,34.33777427598104],[108.11083264248263,34.337754095247142],[108.11075174020731,34.337487594211574],[108.11060897315235,34.337435247144342],[108.11034652515995,34.337334626233606],[108.11087348624982,34.336658510004042],[108.11104185865847,34.336438543883972],[108.1111066026795,34.336364222941796],[108.11124347598158,34.3363861227607],[108.11187165301465,34.336493199043794],[108.11321544154666,34.336744317405277],[108.11319906142108,34.336928123803702],[108.11282929349608,34.336980948397276],[108.11283551431301,34.336999044855332],[108.11318541341143,34.336956725890289],[108.11322333269314,34.336933834783537],[108.11324474305428,34.336930190129621],[108.11322763982227,34.337260038020474],[108.11321487002569,34.33750629657029],[108.11321286585013,34.337544958434357]],[[108.11275307123508,34.336978885701861],[108.11264106963085,34.336954385560148],[108.112505607458,34.33773555503312],[108.11264361657595,34.337745072198082],[108.11275307123508,34.336978885701861]]]},"properties":{"FID":327,"OBJECTID_1":0,"一级":"01","一级名":"耕地","二级":"0102","二级名":"水浇地","Shape_Leng":1339.4693406900001,"备注":"某耕地","Shape_Area":2984136.6158199999,"组别":"2"}},{"type":"Feature","id":328,"geometry":{"type":"MultiPolygon","coordinates":[[[[108.11369092392516,34.337887528951789],[108.11363768653307,34.338403747433816],[108.11326001960477,34.338386468882163],[108.11327878245751,34.337886106203527],[108.11328189281841,34.337865958833696],[108.1132812551235,34.337851578098636],[108.11369092392516,34.337887528951789]]],[[[108.11421704113738,34.338344508477327],[108.11417971344063,34.338428865101548],[108.11414880848064,34.33842744072831],[108.1138754304022,34.338414620191152],[108.11389997274932,34.338339937624056],[108.11421704113738,34.338344508477327]]]]},"properties":{"FID":328,"OBJECTID_1":0,"一级":"01","一级名":"耕地","二级":"0102","二级名":"水浇地","Shape_Leng":265.343728463849,"备注":"某耕地","Shape_Area":230005.43654699999,"组别":"2"}},{"type":"Feature","id":329,"geometry":{"type":"Polygon","coordinates":[[[108.11424842825842,34.338268748495857],[108.11389521289752,34.338273312701148],[108.11395554170946,34.337917608384927],[108.11407395532636,34.337934068227923],[108.11436842348222,34.337973357324138],[108.11424842825842,34.338268748495857]]]},"properties":{"FID":329,"OBJECTID_1":0,"一级":"01","一级名":"耕地","二级":"0102","二级名":"水浇地","Shape_Leng":145.42239417900504,"备注":"某耕地","Shape_Area":119775.90028,"组别":"2"}},{"type":"Feature","id":330,"geometry":{"type":"Polygon","coordinates":[[[108.11321299924762,34.3383843010322],[108.11317320083744,34.338382465446337],[108.11317052257942,34.338395855813552],[108.11230709524803,34.338256379444317],[108.11232644339432,34.338140291527438],[108.11284824996979,34.338211447025742],[108.11286728586607,34.338130545912797],[108.11318137423484,34.338159098882358],[108.1131956510237,34.337992536191017],[108.11284825014343,34.337959224393366],[108.11280066037979,34.338092473763361],[108.11233596219759,34.33808317938999],[108.1123633487617,34.337918858466509],[108.1123823838159,34.337824803917229],[108.11236894539826,34.33781445552966],[108.11321637204838,34.337837197283207],[108.11321299924762,34.3383843010322]]]},"properties":{"FID":330,"OBJECTID_1":0,"一级":"01","一级名":"耕地","二级":"0102","二级名":"水浇地","Shape_Leng":464.26276232223432,"备注":"某耕地","Shape_Area":325869.20706099999,"组别":"2"}},{"type":"Feature","id":331,"geometry":{"type":"Polygon","coordinates":[[[108.11217418129779,34.334432260484689],[108.11218262309791,34.33440501369072],[108.11363146113511,34.334670368320552],[108.11331338850616,34.335495367983654],[108.11196906634851,34.334979988170581],[108.1120018360302,34.334886671108713],[108.11202329213589,34.334837676704048],[108.11210180197023,34.334638653324397],[108.11217418129779,34.334432260484689]]]},"properties":{"FID":331,"OBJECTID_1":0,"一级":"01","一级名":"耕地","二级":"0102","二级名":"水浇地","Shape_Leng":435.65235964513562,"备注":"某耕地","Shape_Area":1029393.15032,"组别":"2"}},{"type":"Feature","id":332,"geometry":{"type":"Polygon","coordinates":[[[108.1169807741947,34.334490154670632],[108.11580964979979,34.336721283549636],[108.11577714409786,34.336681472430975],[108.11578309303539,34.336443526285301],[108.11591693718998,34.336315630037447],[108.11596457815537,34.336246001405875],[108.1160140410218,34.335454592006883],[108.11598068016065,34.335443772478932],[108.11595909481186,34.335374384274381],[108.11594481822257,34.335122161531388],[108.11608758576591,34.334741447905323],[108.11623511251359,34.334674822811074],[108.11625414790518,34.334508260567311],[108.11635075384176,34.334189413108149],[108.1169807741947,34.334490154670632]]]},"properties":{"FID":332,"OBJECTID_1":0,"一级":"01","一级名":"耕地","二级":"0102","二级名":"水浇地","Shape_Leng":638.10940855804267,"备注":"某耕地","Shape_Area":1055939.0784499999,"组别":"2"}},{"type":"Feature","id":333,"geometry":{"type":"Polygon","coordinates":[[[108.11513592788258,34.335901794618692],[108.11519027962879,34.335878163459697],[108.11524652344838,34.335629750665461],[108.11517038223928,34.335334697175412],[108.11541784499555,34.335734446897945],[108.1154701935564,34.335996187681253],[108.11547971119894,34.336305517451571],[108.11541308606112,34.336100884549651],[108.11536549624547,34.335962875668017],[108.11526556005407,34.335886732417151],[108.11527234634333,34.335985809627772],[108.11544715443246,34.336462988219104],[108.11544789949862,34.336492813920046],[108.11547019366682,34.336529187493603],[108.11561772002852,34.336638642246321],[108.11562247898219,34.336710026038084],[108.11548453669268,34.336688804629858],[108.11544084495176,34.336543166486514],[108.11531949216425,34.33622193977633],[108.11515193264519,34.335970600445172],[108.11514291427899,34.335919971826449],[108.11513592788258,34.335901794618692]]]},"properties":{"FID":333,"OBJECTID_1":0,"一级":"06","一级名":"农业设施建设用地","二级":"0601","二级名":"农村道路","Shape_Leng":439.54755559808569,"备注":"二粮路","Shape_Area":156852.20816899999,"组别":"2"}},{"type":"Feature","id":334,"geometry":{"type":"Polygon","coordinates":[[[108.11145634100276,34.344103767688814],[108.11147172074099,34.344103767210001],[108.11147172090226,34.34414659742658],[108.11011399636921,34.344136017508696],[108.11011384552971,34.344103767196458],[108.11068472284018,34.344103769008107],[108.11137107806061,34.344103767745999],[108.11142021040907,34.344103768119574],[108.11145634100276,34.344103767688814]]]},"properties":{"FID":334,"OBJECTID_1":0,"一级":"06","一级名":"农业设施建设用地","二级":"0601","二级名":"农村道路","Shape_Leng":258.19835851795921,"备注":"田间道","Shape_Area":52024.982143699999,"组别":"2"}},{"type":"Feature","id":335,"geometry":{"type":"Polygon","coordinates":[[[108.11151973609317,34.343554741065674],[108.11151582197522,34.343587228564189],[108.11145634100276,34.344103767688814],[108.11142021040907,34.344103768119574],[108.11147069495138,34.34374826768763],[108.11150037450973,34.343539273073681],[108.11151973609317,34.343554741065674]]]},"properties":{"FID":335,"OBJECTID_1":0,"一级":"06","一级名":"农业设施建设用地","二级":"0601","二级名":"农村道路","Shape_Leng":130.03104373032883,"备注":"田间道","Shape_Area":16288.230502599999,"组别":"2"}},{"type":"Feature","id":336,"geometry":{"type":"Polygon","coordinates":[[[108.11714025890367,34.334132649580766],[108.11673622229752,34.334136735089338],[108.11682877907204,34.334085145187544],[108.11696262399805,34.333933454051206],[108.11702806001357,34.333882891444262],[108.11703552030305,34.333849319455382],[108.11714025890367,34.334132649580766]]]},"properties":{"FID":336,"OBJECTID_1":0,"一级":"03","一级名":"林地","二级":"0301","二级名":"乔木林地","Shape_Leng":113.18703135777045,"备注":"漆水河岸林地","Shape_Area":51916.719858700002,"组别":"2"}},{"type":"Feature","id":337,"geometry":{"type":"Polygon","coordinates":[[[108.11492502062285,34.339991515682946],[108.11472777110961,34.34001589278926],[108.11453027907926,34.340168146626141],[108.11432326291305,34.340077758414374],[108.11408297351123,34.340042082865132],[108.11407396249521,34.340108305910164],[108.11407204217761,34.340124374787365],[108.11401272876505,34.340075189357755],[108.11395705485488,34.340022652412941],[108.11390198276898,34.339970682815228],[108.11409101298527,34.339718279767688],[108.11431362981293,34.339421027055444],[108.11443022282627,34.339513826552334],[108.11450160678281,34.339666111853369],[108.11474193281462,34.339635178850656],[108.11487177455523,34.339679490189816],[108.11482431029256,34.339719776803342],[108.11486595064811,34.3398684928666],[108.1149313855682,34.339933927636558],[108.1149284202893,34.339960610639217],[108.11492502062285,34.339991515682946]]]},"properties":{"FID":337,"OBJECTID_1":0,"一级":"15","一级名":"特殊用地","二级":"1503","二级名":"宗教用地","Shape_Leng":298.58443033610126,"备注":"玉隍寺庙","Shape_Area":422241.29914000002,"组别":"2"}},{"type":"Feature","id":338,"geometry":{"type":"Polygon","coordinates":[[[108.11458359185066,34.338399502521213],[108.11451469352942,34.338426610497201],[108.1142428708892,34.338396407874086],[108.11425404979717,34.33837275340484],[108.11453848833636,34.338402816192897],[108.11458189340478,34.338362856210722],[108.11468839465894,34.33826480790966],[108.11473149675636,34.338045550827189],[108.11473820769365,34.338011411768861],[108.11476104946379,34.338013315025236],[108.11471218928693,34.33825053050446],[108.11465984136083,34.338369502884433],[108.11458359185066,34.338399502521213]]]},"properties":{"FID":338,"OBJECTID_1":0,"一级":"06","一级名":"农业设施建设用地","二级":"0601","二级名":"农村道路","Shape_Leng":161.16481465122968,"备注":"二粮路","Shape_Area":20931.4431907,"组别":"2"}},{"type":"Feature","id":339,"geometry":{"type":"Polygon","coordinates":[[[108.11484449879555,34.338022754622706],[108.11497602101593,34.338558103600135],[108.11496399715365,34.338687957870874],[108.11461610820604,34.338625224517507],[108.11459381828696,34.338620080796083],[108.11458359185066,34.338399502521213],[108.11465984136083,34.338369502884433],[108.11471218928693,34.33825053050446],[108.11476104946379,34.338013315025236],[108.11484449879555,34.338022754622706]]]},"properties":{"FID":339,"OBJECTID_1":0,"一级":"07","一级名":"居住用地","二级":"0703","二级名":"农村宅基地","Shape_Leng":190.68753518457464,"备注":"二水村卫生院","Shape_Area":166694.37865200001,"组别":"2"}},{"type":"Feature","id":340,"geometry":{"type":"Polygon","coordinates":[[[108.11463857073298,34.344283291827004],[108.11462431307778,34.344326793469506],[108.11418896888401,34.344292284129523],[108.1141905952182,34.344274964281347],[108.11463857073298,34.344283291827004]]]},"properties":{"FID":340,"OBJECTID_1":0,"一级":"06","一级名":"农业设施建设用地","二级":"0601","二级名":"农村道路","Shape_Leng":88.395369203028224,"备注":"二粮路","Shape_Area":13882.328030299999,"组别":"2"}},{"type":"Feature","id":341,"geometry":{"type":"Polygon","coordinates":[[[108.11472652235545,34.344014922698612],[108.11471535485627,34.344049000090727],[108.11421186292004,34.344037298998479],[108.1142141320835,34.343995515087016],[108.11460418688816,34.344010289170626],[108.11472652235545,34.344014922698612]]]},"properties":{"FID":341,"OBJECTID_1":0,"一级":"06","一级名":"农业设施建设用地","二级":"0601","二级名":"农村道路","Shape_Leng":102.09652270850174,"备注":"二粮路","Shape_Area":19771.344603900001,"组别":"2"}},{"type":"Feature","id":342,"geometry":{"type":"Polygon","coordinates":[[[108.11414785302081,34.344018865729346],[108.11414610423425,34.344040464115871],[108.11392813130288,34.344028007645512],[108.11382564188675,34.344022151395883],[108.11384358738707,34.343981772747625],[108.11414785302081,34.344018865729346]]]},"properties":{"FID":342,"OBJECTID_1":0,"一级":"06","一级名":"农业设施建设用地","二级":"0601","二级名":"农村道路","Shape_Leng":65.027474506877269,"备注":"二粮路","Shape_Area":10158.0658781,"组别":"2"}},{"type":"Feature","id":343,"geometry":{"type":"Polygon","coordinates":[[[108.11334622368214,34.339683314298235],[108.11321650017075,34.339810505218288],[108.11325425968204,34.339911199940786],[108.11299786839204,34.339886018667265],[108.11304916192256,34.339608921981608],[108.11334622368214,34.339683314298235]]]},"properties":{"FID":343,"OBJECTID_1":0,"一级":"07","一级名":"居住用地","二级":"0703","二级名":"农村宅基地","Shape_Leng":113.58664750837821,"备注":"王家堡村落","Shape_Area":65840.828879699999,"组别":"2"}},{"type":"Feature","id":344,"geometry":{"type":"Polygon","coordinates":[[[108.11444716579761,34.340379630539971],[108.11446345218056,34.340433923207648],[108.11445186549251,34.340463960551482],[108.11442353043438,34.340380417084489],[108.11444716579761,34.340379630539971]]]},"properties":{"FID":344,"OBJECTID_1":0,"一级":"03","一级名":"林地","二级":"0301","二级名":"乔木林地","Shape_Leng":21.508368543165485,"备注":"某林地","Shape_Area":1589.82350621,"组别":"2"}},{"type":"Feature","id":345,"geometry":{"type":"Polygon","coordinates":[[[108.11445186549251,34.340463960551482],[108.1144158755004,34.340468711633967],[108.11442353043438,34.340380417084489],[108.11445186549251,34.340463960551482]]]},"properties":{"FID":345,"OBJECTID_1":0,"一级":"03","一级名":"林地","二级":"0301","二级名":"乔木林地","Shape_Leng":22.800118523563533,"备注":"某林地","Shape_Area":1603.1996545699999,"组别":"2"}},{"type":"Feature","id":346,"geometry":{"type":"Polygon","coordinates":[[[108.11445329357296,34.341498373764189],[108.1144704514833,34.341602031571604],[108.11444680852408,34.341584678540343],[108.11445329357296,34.341498373764189]]]},"properties":{"FID":346,"OBJECTID_1":0,"一级":"03","一级名":"林地","二级":"0301","二级名":"乔木林地","Shape_Leng":24.103601711118667,"备注":"某林地","Shape_Area":1098.7948198399999,"组别":"2"}},{"type":"Feature","id":347,"geometry":{"type":"Polygon","coordinates":[[[108.11329554815174,34.339962670544061],[108.11333547325999,34.340005621600199],[108.11343541122039,34.340276880119909],[108.11344492819323,34.340367298816652],[108.11335926757157,34.340429165626134],[108.1132498129876,34.340733736542866],[108.11320222293681,34.340843191432654],[108.11324505337427,34.341047824852723],[108.11314987575891,34.341157280448442],[108.11305945589099,34.341304806502102],[108.11294524108662,34.34135239648792],[108.11292144687044,34.341604618388807],[108.11288813471066,34.341699796751477],[108.11275964270851,34.341690279224537],[108.11272136322036,34.341759141593549],[108.11301039347381,34.340756451899587],[108.11306523321267,34.34017546922933],[108.11294554626892,34.340168667585402],[108.11296570033562,34.33992049803539],[108.11329554815174,34.339962670544061]]]},"properties":{"FID":347,"OBJECTID_1":0,"一级":"07","一级名":"居住用地","二级":"0703","二级名":"农村宅基地","Shape_Leng":481.97773216633084,"备注":"王家堡村落","Shape_Area":369822.80832800001,"组别":"2"}},{"type":"Feature","id":348,"geometry":{"type":"Polygon","coordinates":[[[108.11282136587498,34.341833535205176],[108.11277804378669,34.341839204859667],[108.1126835007499,34.342047198505462],[108.1125597525817,34.342146196602158],[108.11268225854803,34.341862763987905],[108.11268760947026,34.341848585989709],[108.11269402602132,34.341831580869624],[108.11272136322033,34.341759141593521],[108.11275964270851,34.341690279224508],[108.11288813471064,34.341699796751477],[108.11292144687044,34.341604618388786],[108.11294524108661,34.34135239648792],[108.11305945589099,34.341304806502087],[108.11314987575889,34.341157280448421],[108.11324505337426,34.341047824852687],[108.11320222293681,34.340843191432654],[108.1132498129876,34.340733736542866],[108.11335926757157,34.340429165626134],[108.11344492819323,34.340367298816652],[108.11343541122037,34.34027688011988],[108.11333547325999,34.340005621600199],[108.11329554815175,34.339962670544026],[108.11330711768794,34.339916391346542],[108.11325425968204,34.339911199940786],[108.11321650017075,34.339810505218288],[108.11334622368214,34.339683314298235],[108.1133781202077,34.339689569891412],[108.11332853360884,34.339898544748273],[108.11336065608661,34.33989497580086],[108.11343001529814,34.339723086657706],[108.11344492812074,34.339820022576447],[108.11374936782185,34.339839538458151],[108.11376892930022,34.33984079227379],[108.11374969660427,34.339859284184094],[108.11362120587256,34.339916390577329],[108.11359265390506,34.340023466987482],[108.11357480676773,34.340198357252575],[108.1133892091576,34.340533861994032],[108.11346059300334,34.340555276347104],[108.11373185250891,34.340169804029316],[108.1139995409593,34.340237618685578],[108.11399240272985,34.340284018224743],[108.11391744891915,34.340351832440376],[108.11385677304284,34.340280448344707],[108.1138389266716,34.340326848816353],[108.11376040468832,34.340508877525018],[108.11365689848532,34.340858657026594],[108.11364619071936,34.340969302056052],[108.11351413135431,34.340908626007696],[108.11347129965472,34.340965733026543],[108.11358194573306,34.341015702269772],[108.11368902059696,34.341072809044547],[108.1136818825602,34.341254838091118],[108.11352209344109,34.341475823795157],[108.11355696092397,34.341479697577959],[108.11359979049577,34.341429728457399],[108.11363905315525,34.341379759927499],[108.11376754246527,34.341369051822511],[108.11384606593501,34.341379759642493],[108.11391744869992,34.341386898784471],[108.11389603448328,34.341297667639267],[108.11384963474453,34.341247700263857],[108.11373185163463,34.341258407525913],[108.11373185184853,34.341194161721248],[108.11377111167292,34.341140623287451],[108.11384249613205,34.341162039217494],[108.11397455699915,34.341172746749322],[108.11397455606603,34.341101363022993],[108.11390674195523,34.341097794062378],[108.11377825104221,34.341101362589953],[108.11371400563932,34.341087086027763],[108.11369972975676,34.340997856327341],[108.11371400643934,34.340862227054323],[108.11373542084222,34.340765858735224],[108.11389960356021,34.340730167056812],[108.11397098793569,34.340769428621329],[108.11412089411864,34.340794412358022],[108.1141521238217,34.340800658453105],[108.11409947807212,34.3407480123821],[108.11398169510166,34.340730167293245],[108.11391744959764,34.340705183051568],[108.11381751169398,34.340662351994432],[108.11376040496539,34.340576691396258],[108.11384249642245,34.340544568369808],[108.11397098792719,34.340551707560344],[108.11411018563132,34.340576692263475],[108.11418156937731,34.340619522668099],[108.1141530159323,34.34064093691574],[108.11402452560448,34.340619522070263],[108.11396028013004,34.340658782759604],[108.11399954111958,34.340673059920384],[108.11409590840177,34.340687337057162],[108.11419941502614,34.340687336122159],[108.11426723119192,34.340676629074409],[108.1142850766135,34.340648075153325],[108.11421369209309,34.340615953496851],[108.1141851383568,34.34054813831095],[108.11404950919257,34.340519584112201],[108.11391744972798,34.340487461988012],[108.11394957222714,34.340401801365246],[108.11402095598091,34.340398231760808],[108.11403523338782,34.340312571503674],[108.11414944706551,34.340348263776121],[108.11421799656252,34.340350397661908],[108.114363527195,34.340392569207239],[108.11438732341833,34.340563889577851],[108.1143111792581,34.340863702045084],[108.11417555103921,34.340880358133717],[108.11405181780027,34.341087371322509],[108.11416365318898,34.341146858564002],[108.11398995233043,34.341458567511346],[108.11386146235695,34.341644164843288],[108.11369727943371,34.341760758918852],[108.11346409194407,34.341822624761882],[108.1134341226054,34.341866424808217],[108.11338355443928,34.341879875755851],[108.1132212590845,34.341918707553418],[108.11319960085402,34.34190867877733],[108.11308325009171,34.341852082274812],[108.11304500175194,34.341841153789396],[108.11299793507911,34.341822904395272],[108.11298167144824,34.341818301119389],[108.11295963667078,34.341816764592835],[108.11280889621464,34.341773696513208],[108.11280247350422,34.34182828796623],[108.11282136587498,34.341833535205176]],[[108.11338870950553,34.341548273157144],[108.11337157746462,34.341485454937491],[108.11339632490066,34.34143215543228],[108.11354099607559,34.341348398242573],[108.11358477791175,34.341344591251492],[108.11356003042077,34.341270352053279],[108.11325736462879,34.341135198471974],[108.11316408856898,34.341205630836996],[108.11307081408317,34.341376952308302],[108.11322690673553,34.341395987061411],[108.11327671077962,34.341503897779873],[108.1131545704995,34.341475937713717],[108.11306891071482,34.341483551417461],[108.11309556158382,34.341561598610745],[108.11305748930201,34.3416777164948],[108.1130479711275,34.341753858002662],[108.11320216078485,34.341774797567354],[108.11338870950553,34.341548273157144]]]},"properties":{"FID":348,"OBJECTID_1":0,"一级":"03","一级名":"林地","二级":"0301","二级名":"乔木林地","Shape_Leng":1789.4601425999999,"备注":"某林地","Shape_Area":1358723.40026,"组别":"2"}},{"type":"Feature","id":349,"geometry":{"type":"Polygon","coordinates":[[[108.1150487573009,34.340124028912115],[108.1150522843579,34.340167339935824],[108.1150342593928,34.341004150727507],[108.11500942642203,34.3421570484198],[108.11500851682584,34.342199285427121],[108.11500682432781,34.342277850118904],[108.11500630205008,34.342302082398319],[108.11498217458339,34.342294662437105],[108.11486796109371,34.342270867790624],[108.11487271970618,34.342185207377362],[108.11483064091237,34.342180533908405],[108.11484905229078,34.342170026114587],[108.11483826215778,34.342153840240655],[108.11476815144754,34.3420486734802],[108.11480860287675,34.341970151782867],[108.11480622277593,34.341679857521946],[108.11474435619068,34.341613232111648],[108.11460161761019,34.34157280187965],[108.11449213084667,34.341617961193911],[108.1144704514833,34.341602031571604],[108.11445329357296,34.341498373764189],[108.11445644122408,34.341456187851158],[108.11450403122183,34.341137339323438],[108.11456589723714,34.340996951602214],[108.11462538314775,34.340951742577651],[108.11479432455869,34.340818492440143],[108.11471818288743,34.340716176353169],[108.11459920943813,34.340571028603513],[108.11454207083493,34.340452069512018],[108.11445186549251,34.340463960551482],[108.11446345218056,34.340433923207648],[108.11444716579761,34.340379630539971],[108.11448735210949,34.34037829393894],[108.11454448221147,34.340366394153349],[108.11452544589989,34.340287872271091],[108.11442717878514,34.34018358892088],[108.11441197352455,34.340167492770298],[108.11425375024993,34.340309264004993],[108.11423522195068,34.340305432871766],[108.11410316252385,34.340287586792357],[108.11412100851992,34.34025546483285],[108.11423522348394,34.340198357715138],[108.1143173139714,34.34011626620368],[108.11425666948399,34.34008417961558],[108.11415663617403,34.340166225614034],[108.11403534794674,34.340155527174126],[108.11407204217761,34.340124374787365],[108.11407396249521,34.340108305910164],[108.11408297351123,34.340042082865132],[108.11432326291305,34.340077758414374],[108.11453027907926,34.340168146626141],[108.11472777110961,34.34001589278926],[108.11492502062285,34.339991515682946],[108.11491960424472,34.340041003035282],[108.11499102576762,34.340124284172141],[108.11502639702103,34.340124176126658],[108.1150487573009,34.340124028912115]]]},"properties":{"FID":349,"OBJECTID_1":0,"一级":"03","一级名":"林地","二级":"0301","二级名":"乔木林地","Shape_Leng":779.62050724272274,"备注":"某林地","Shape_Area":954002.50227599998,"组别":"2"}},{"type":"Feature","id":350,"geometry":{"type":"Polygon","coordinates":[[[108.11350758758552,34.342163597318063],[108.11360775149537,34.342121371037891],[108.11372672434595,34.342159442789644],[108.11383295174534,34.342200298327121],[108.11350758758552,34.342163597318063]]]},"properties":{"FID":350,"OBJECTID_1":0,"一级":"03","一级名":"林地","二级":"0301","二级名":"乔木林地","Shape_Leng":63.058909589015265,"备注":"某林地","Shape_Area":9304.3323305400008,"组别":"2"}},{"type":"Feature","id":351,"geometry":{"type":"Polygon","coordinates":[[[108.11295070110589,34.343850612193329],[108.11292008773965,34.343897923959197],[108.11291770754761,34.343867895150098],[108.11295070110589,34.343850612193329]]]},"properties":{"FID":351,"OBJECTID_1":0,"一级":"03","一级名":"林地","二级":"0301","二级名":"乔木林地","Shape_Leng":12.885072310058092,"备注":"某林地","Shape_Area":526.60987038799999,"组别":"2"}},{"type":"Feature","id":352,"geometry":{"type":"Polygon","coordinates":[[[108.11239424361999,34.344122046047517],[108.11230816473389,34.344186659282002],[108.11219435166792,34.344162948325646],[108.11221814604156,34.343925001604696],[108.11239422519772,34.343896448887442],[108.11229904735939,34.343720368086636],[108.11237994856283,34.343568082555862],[108.11233235956384,34.343368208590064],[108.11243229641501,34.343234958333476],[108.11250844029784,34.343196887397056],[108.1125036812862,34.342973217416265],[108.11239422599749,34.342759065847297],[108.11231918041109,34.342702783183633],[108.11243698034372,34.342430242332675],[108.1125597525817,34.342146196602158],[108.1126835007499,34.342047198505462],[108.11277804378669,34.341839204859667],[108.11282136587498,34.341833535205176],[108.11276542181859,34.341997639030126],[108.11264168997387,34.342107093465167],[108.11256078819099,34.342235584631979],[108.11254651162555,34.342402147135623],[108.11253223494386,34.342602022031954],[108.11246085134867,34.342592503079238],[108.11256078782256,34.342692441296776],[108.11267024363885,34.342701959419507],[108.11278921658788,34.342749548103072],[108.11286060093296,34.342740030305933],[108.11287487700739,34.342606780174485],[108.11267976133436,34.342521120940994],[108.11281301121612,34.342506843200802],[108.11286059987481,34.342454495462349],[108.11277017982141,34.342444978008182],[108.11287011851114,34.342406905659523],[108.11287011872828,34.342364075431156],[108.11292722472703,34.342302210078302],[108.11290818897916,34.3422403437173],[108.11286535938758,34.342192754395249],[108.11288915404256,34.342116611464419],[108.11287487740265,34.341950049096013],[108.11295101968054,34.341883424391597],[108.11306523377458,34.342002397316605],[108.11321276060865,34.341969085623866],[108.11328890371296,34.341988121171084],[108.11321275951707,34.34209281740177],[108.11310330561717,34.342040468628731],[108.11301288540965,34.342164200957619],[108.11313661727193,34.34227841512547],[108.11327938554597,34.342283173655872],[108.11345546637482,34.342207031165508],[108.11347916149276,34.342187285720577],[108.11382315995714,34.342234329295103],[108.11376479575758,34.342292692181026],[108.11361250913809,34.342340281189415],[108.11346974152549,34.342302209745718],[108.11342215276325,34.34237835229294],[108.11328890306322,34.342440218936282],[108.11317944770482,34.342383111321944],[108.11313661803206,34.342449736037437],[108.11324131381194,34.342525879240441],[108.1133269748633,34.342535397145276],[108.11319234832654,34.342714899108763],[108.11303566141999,34.342684893852827],[108.11298807240031,34.342599233151347],[108.11292620506357,34.34254688537758],[108.11292620558675,34.342675376958233],[108.11299283041016,34.342713447204567],[108.11301662439715,34.34277531366299],[108.11303090254633,34.342903803778569],[108.11304517923521,34.342970429815303],[108.11302138475065,34.343075125346502],[108.11299198537202,34.343316675233659],[108.11295577825811,34.343268271213027],[108.11298909163105,34.342887557129281],[108.11278921730876,34.342830449639216],[108.11259885920158,34.342811414299064],[108.11250368164465,34.342806655430515],[108.11256065355539,34.342863627100513],[108.11257404571813,34.342903803676315],[108.11261211724212,34.342989465175179],[108.11262639440497,34.343032294888026],[108.11262395658822,34.343102955144744],[108.11262163497767,34.343170304157155],[108.11263115265939,34.34325596486223],[108.11258356401181,34.343322590147359],[108.11259308167126,34.343408249951821],[108.11259783980228,34.343536741647284],[108.1126376532178,34.343530105292395],[108.11268350149861,34.343522464530849],[108.11268803098845,34.343440927798397],[108.11277969858415,34.343430073415753],[108.11301288639166,34.343453868427154],[108.11300017487675,34.343360660806674],[108.11305030883999,34.343360661405171],[108.11308613986979,34.343364434366109],[108.11316517120228,34.343520493192109],[108.11317761752902,34.343553682297824],[108.11322227867169,34.34367277971139],[108.11311758234044,34.343763198471024],[108.11298383396867,34.343840774422716],[108.11296903592071,34.34382227618439],[108.11295070110589,34.343850612193329],[108.11291770754761,34.343867895150098],[108.11292008773965,34.343897923959197],[108.11286433956826,34.343969803485095],[108.11294630143405,34.344027176522758],[108.11293198442493,34.344077287677045],[108.11256554688856,34.343972590969351],[108.11254175272683,34.34401066251074],[108.11239424361999,34.344122046047517]]]},"properties":{"FID":352,"OBJECTID_1":0,"一级":"03","一级名":"林地","二级":"0301","二级名":"乔木林地","Shape_Leng":1421.35402952,"备注":"某林地","Shape_Area":1060331.34931,"组别":"2"}},{"type":"Feature","id":353,"geometry":{"type":"Polygon","coordinates":[[[108.11392813130288,34.344028007645512],[108.11403129503529,34.344120117688014],[108.1140693667367,34.344253366940244],[108.113922790212,34.344177985529903],[108.11382666147749,34.344101082233188],[108.11336028679737,34.343767957388337],[108.11340787628269,34.343696573794062],[108.11362678611927,34.343677538018802],[108.11378383047159,34.343772716481503],[108.11378383034896,34.343834582351683],[108.11376479647512,34.343958314648475],[108.11384358738707,34.343981772747625],[108.11382564188675,34.344022151395883],[108.11392813130288,34.344028007645512]]]},"properties":{"FID":353,"OBJECTID_1":0,"一级":"03","一级名":"林地","二级":"0301","二级名":"乔木林地","Shape_Leng":203.74917980997463,"备注":"某林地","Shape_Area":124528.565132,"组别":"2"}},{"type":"Feature","id":354,"geometry":{"type":"Polygon","coordinates":[[[108.11414610423427,34.344040464115871],[108.11411497950402,34.344424684957623],[108.11396451065259,34.344376591086395],[108.11381788864686,34.344346466925558],[108.11348300013024,34.344317204724035],[108.11333071400155,34.344279132941068],[108.11329740209274,34.34425533855606],[108.11321174088314,34.344226784984095],[108.11301186742153,34.34418738384111],[108.11301186677034,34.344122088744754],[108.11301662492704,34.344007874950101],[108.112937409964,34.343954940116262],[108.11298383396867,34.343840774422731],[108.11311758234044,34.343763198471024],[108.11322227867169,34.34367277971139],[108.11317761752903,34.343553682297838],[108.1131651712023,34.343520493192109],[108.11308613986981,34.34336443436613],[108.11314511530578,34.343327347981308],[108.11323077675753,34.343393973813946],[108.11334975038494,34.343422527193347],[108.1134782412836,34.343455839564889],[108.11356104662649,34.343457721709335],[108.11368335047588,34.3434605010643],[108.11381612424158,34.343413009444475],[108.11393033789841,34.34343680416471],[108.11418997929724,34.343487056899399],[108.11415876588831,34.343884141989157],[108.11414785302081,34.344018865729332],[108.11384358738707,34.343981772747661],[108.11376479647512,34.343958314648454],[108.11378383034896,34.343834582351683],[108.1137838304716,34.343772716481524],[108.11362678611927,34.343677538018802],[108.11340787628271,34.343696573794062],[108.11336028679737,34.343767957388351],[108.1138266614775,34.344101082233166],[108.11392279021202,34.344177985529903],[108.1140693667367,34.344253366940258],[108.11403129503529,34.344120117688014],[108.11392813130288,34.344028007645527],[108.11414610423427,34.344040464115871]]]},"properties":{"FID":354,"OBJECTID_1":0,"一级":"01","一级名":"耕地","二级":"0102","二级名":"水浇地","Shape_Leng":662.54058084160692,"备注":"某耕地","Shape_Area":838930.13264700002,"组别":"2"}},{"type":"Feature","id":355,"geometry":{"type":"Polygon","coordinates":[[[108.11424008465129,34.342849605120001],[108.1141933148392,34.343444625628827],[108.11411117745273,34.343436803437186],[108.11379708839769,34.343365419974255],[108.11372193030651,34.343400789059132],[108.11371227063903,34.343307392973166],[108.11369698036366,34.343217351112216],[108.11367556480131,34.343103136336246],[108.11358990479262,34.34306744420001],[108.11350424533931,34.343153104751913],[108.11357205888142,34.343256611117774],[108.11351495219672,34.343317287710285],[108.11324369354969,34.343263749377051],[108.11321817491006,34.343327549088066],[108.11316891047397,34.34327500047889],[108.11309276886179,34.343317830736723],[108.11307373211557,34.343317830288868],[108.11308785442932,34.342781192255998],[108.11313279682146,34.342756463703935],[108.11353058887725,34.342794348921181],[108.11378281185992,34.342813384836411],[108.11417775133145,34.342844667258767],[108.11424008465129,34.342849605120001]]]},"properties":{"FID":355,"OBJECTID_1":0,"一级":"07","一级名":"居住用地","二级":"0703","二级名":"农村宅基地","Shape_Leng":405.37773434386355,"备注":"王家堡村落","Shape_Area":595395.68478600006,"组别":"2"}},{"type":"Feature","id":356,"geometry":{"type":"Polygon","coordinates":[[[108.11372193030651,34.343400789059132],[108.11363528531645,34.343436804302506],[108.11359364454852,34.343425317518445],[108.1134972771974,34.343398732088374],[108.11332119618415,34.343384455272194],[108.11324029407986,34.34335114380594],[108.11321817491006,34.343327549088066],[108.11324369354969,34.343263749377051],[108.11351495219672,34.343317287710285],[108.11357205888142,34.343256611117774],[108.11350424533931,34.343153104751913],[108.11358990479262,34.34306744420001],[108.11367556480131,34.343103136336246],[108.11369698036366,34.343217351112216],[108.11371227063903,34.343307392973166],[108.11372193030651,34.343400789059132]]]},"properties":{"FID":356,"OBJECTID_1":0,"一级":"03","一级名":"林地","二级":"0301","二级名":"乔木林地","Shape_Leng":159.3964698549521,"备注":"某林地","Shape_Area":85425.675469199996,"组别":"2"}},{"type":"Feature","id":357,"geometry":{"type":"Polygon","coordinates":[[[108.11165897189024,34.346008458713222],[108.11165897182977,34.346058426832997],[108.11163041914944,34.346140518173407],[108.11165183432023,34.346219040065726],[108.11138363751449,34.346191532291876],[108.11138057511106,34.346165503048255],[108.11135916078769,34.346029873267604],[108.11145552875963,34.345965627268271],[108.11165897189024,34.346008458713222]]]},"properties":{"FID":357,"OBJECTID_1":0,"一级":"01","一级名":"耕地","二级":"0102","二级名":"水浇地","Shape_Leng":97.578021194464426,"备注":"某耕地","Shape_Area":60767.611772900003,"组别":"2"}},{"type":"Feature","id":358,"geometry":{"type":"Polygon","coordinates":[[[108.11180530932464,34.345869260201525],[108.11179817128493,34.345922798389715],[108.11145645050111,34.345916411044172],[108.11145909747864,34.34582642923607],[108.11165540316061,34.345790737481046],[108.11180530932464,34.345869260201525]]]},"properties":{"FID":358,"OBJECTID_1":0,"一级":"01","一级名":"耕地","二级":"0102","二级名":"水浇地","Shape_Leng":82.212544294083585,"备注":"某耕地","Shape_Area":35912.198007799998,"组别":"2"}},{"type":"Feature","id":359,"geometry":{"type":"Polygon","coordinates":[[[108.11214819405589,34.346395712755431],[108.11150886393739,34.346518130769141],[108.11150906644217,34.346461745736391],[108.11151263546078,34.346408207214274],[108.11162684992047,34.346333255082179],[108.11168197424659,34.346234820023483],[108.11172469256383,34.346148301200778],[108.11171964912666,34.34605128855587],[108.11182158634392,34.345943172986125],[108.11183386415313,34.345921600179835],[108.11180530882402,34.345805014444416],[108.11166967985392,34.345758614653029],[108.11171607957088,34.345626554217951],[108.11176604882034,34.345508770845804],[108.11174820223415,34.345433818271779],[108.11169466370188,34.345369572682102],[108.11168752506396,34.345276774550072],[108.11169466466161,34.345237513097516],[108.11192666183783,34.345230374266677],[108.11200161498641,34.345191112987877],[108.1119944761323,34.345109021747852],[108.11211225978086,34.345130437687594],[108.11220708050354,34.34513787457805],[108.11223316758444,34.345140812930907],[108.11225492412598,34.345142519319772],[108.11229428927741,34.345144713483556],[108.11235139551627,34.345183974631446],[108.11232998082033,34.345244651252479],[108.11221933494717,34.345419541537929],[108.11217650482324,34.345508771394798],[108.11208013655406,34.345744337886693],[108.11211939859056,34.34592279763465],[108.11213724331333,34.345987043275109],[108.11209798213014,34.346115533776697],[108.11208013715715,34.346290424553843],[108.11214195565981,34.346359928825088],[108.11214509622408,34.346377542664271],[108.11214819405589,34.346395712755431]]]},"properties":{"FID":359,"OBJECTID_1":0,"一级":"01","一级名":"耕地","二级":"0102","二级名":"水浇地","Shape_Leng":440.45597863728426,"备注":"某山塬耕地","Shape_Area":578997.27139600005,"组别":"2"}},{"type":"Feature","id":360,"geometry":{"type":"Polygon","coordinates":[[[108.11402277573902,34.34559054476756],[108.11264464352776,34.346300654837869],[108.11218643851787,34.346388390157038],[108.11218317287897,34.346370718738847],[108.11216953667261,34.346296916273509],[108.11220284911489,34.346063727942344],[108.11226947437606,34.345920960824522],[108.11221712569815,34.345616390690942],[108.11247886713386,34.34522139972308],[108.1125123227731,34.344974449353806],[108.11251217975355,34.344883516099344],[108.11275488448126,34.344569427276816],[108.11283102744945,34.344383828954861],[108.11297596531625,34.344205174668893],[108.1131014861995,34.344224323013307],[108.11328703159303,34.344276625230506],[108.11346250304054,34.344321780990079],[108.11363528520668,34.344360034329341],[108.11392052413909,34.344383966419421],[108.11404931104803,34.344440936723309],[108.11411263633384,34.344453601208826],[108.11402277573902,34.34559054476756]]]},"properties":{"FID":360,"OBJECTID_1":0,"一级":"01","一级名":"耕地","二级":"0102","二级名":"水浇地","Shape_Leng":689.96139852853548,"备注":"某山塬耕地","Shape_Area":2765623.4597299998,"组别":"2"}},{"type":"Feature","id":361,"geometry":{"type":"Polygon","coordinates":[[[108.11242912279624,34.344565486276828],[108.11245490198809,34.344605765967309],[108.11235853449766,34.344794933540157],[108.1123466120211,34.344846386529298],[108.11229072003506,34.345087607106805],[108.11225492412598,34.345142519319772],[108.11223316758444,34.345140812930907],[108.11222647388195,34.345119729846829],[108.11228729312,34.344975833056552],[108.11229149209329,34.344961535340744],[108.11229785859695,34.34483419456631],[108.11236924173485,34.344698565428153],[108.11237701076644,34.344603481013451],[108.11231570392582,34.344555797593792],[108.11198019971623,34.344555797492866],[108.11169109599012,34.344527243949415],[108.11167448772808,34.344526181830041],[108.1116897721659,34.344495231801027],[108.11169871156652,34.344476514331205],[108.11230915763893,34.344509128573257],[108.11239779571861,34.344516536732186],[108.11242912279624,34.344565486276828]]]},"properties":{"FID":361,"OBJECTID_1":0,"一级":"06","一级名":"农业设施建设用地","二级":"0601","二级名":"农村道路","Shape_Leng":275.42184981646687,"备注":"二临路","Shape_Area":68575.829146000004,"组别":"2"}},{"type":"Feature","id":362,"geometry":{"type":"Polygon","coordinates":[[[108.11230427133339,34.344480676939227],[108.11230915763893,34.344509128573257],[108.11169871156652,34.344476514331205],[108.11179481924681,34.344280727034857],[108.11211582892628,34.344302384550915],[108.11224431964409,34.344348784095047],[108.11230427133339,34.344480676939227]]]},"properties":{"FID":362,"OBJECTID_1":0,"一级":"01","一级名":"耕地","二级":"0102","二级名":"水浇地","Shape_Leng":141.08554597870301,"备注":"某耕地","Shape_Area":103845.875478,"组别":"2"}},{"type":"Feature","id":363,"geometry":{"type":"Polygon","coordinates":[[[108.11294630143405,34.344027176522758],[108.11295951773153,34.344036427939081],[108.11297855432116,34.344122088837146],[108.11294198188874,34.344172727157172],[108.11272973053899,34.344145340176162],[108.11246561069647,34.344123925007501],[108.11239424361999,34.344122046047517],[108.11254175272683,34.34401066251074],[108.11256554688856,34.343972590969351],[108.11293198442493,34.344077287677045],[108.11294630143405,34.344027176522758]]]},"properties":{"FID":363,"OBJECTID_1":0,"一级":"06","一级名":"农业设施建设用地","二级":"0601","二级名":"农村道路","Shape_Leng":133.03760465099279,"备注":"二粮路","Shape_Area":63360.9243909,"组别":"2"}},{"type":"Feature","id":364,"geometry":{"type":"Polygon","coordinates":[[[108.11230816473389,34.344186659282002],[108.11227287290464,34.344291677105744],[108.11229785791836,34.344384475979325],[108.11230427133339,34.344480676939227],[108.11224431964409,34.344348784095047],[108.11211582892628,34.344302384550915],[108.11179481924681,34.344280727034857],[108.11180569986425,34.34424740561132],[108.11192904128491,34.34382375777561],[108.11206229013983,34.343503957538488],[108.11220817552433,34.342977730945414],[108.11222402302302,34.3429276256756],[108.11224480110432,34.342874865531741],[108.11231918041109,34.342702783183633],[108.11239422599749,34.342759065847297],[108.1125036812862,34.342973217416265],[108.11250844029784,34.343196887397056],[108.11243229641501,34.343234958333476],[108.11233235956384,34.343368208590064],[108.11237994856283,34.343568082555862],[108.11229904735939,34.343720368086636],[108.11239422519772,34.343896448887442],[108.11221814604156,34.343925001604696],[108.11219435166792,34.344162948325646],[108.11230816473389,34.344186659282002]]]},"properties":{"FID":364,"OBJECTID_1":0,"一级":"07","一级名":"居住用地","二级":"0703","二级名":"农村宅基地","Shape_Leng":475.05334296644332,"备注":"王家堡村落","Shape_Area":520231.72670599999,"组别":"2"}},{"type":"Feature","id":365,"geometry":{"type":"Polygon","coordinates":[[[108.11289382481552,34.34423224580938],[108.1126654852291,34.344195308847617],[108.11259053200614,34.344223862758788],[108.11248702508978,34.344434444453206],[108.11242912279624,34.344565486276828],[108.11239779571861,34.344516536732186],[108.11230915763893,34.344509128573257],[108.11230427133339,34.344480676939227],[108.11229785791836,34.344384475979325],[108.11227287290464,34.344291677105744],[108.11230816473389,34.344186659282002],[108.11239424361999,34.344122046047517],[108.11246561069647,34.344123925007501],[108.11272973053899,34.344145340176162],[108.11294198188874,34.344172727157172],[108.11291668827309,34.344207749544935],[108.11289382481552,34.34423224580938]]]},"properties":{"FID":365,"OBJECTID_1":0,"一级":"06","一级名":"农业设施建设用地","二级":"0601","二级名":"农村道路","Shape_Leng":189.96306902361653,"备注":"二粮路","Shape_Area":115956.465426,"组别":"2"}},{"type":"Feature","id":366,"geometry":{"type":"Polygon","coordinates":[[[108.11289382481552,34.344232245809401],[108.11285006329359,34.344279132459533],[108.1126692246775,34.344626534652868],[108.11253277093908,34.344782662869335],[108.11248885646886,34.344844240617405],[108.1124788668624,34.345073873447816],[108.11247410858768,34.345169051554215],[108.11238422590202,34.345306344174034],[108.11224302910782,34.345519230868241],[108.11218218279696,34.345607060890742],[108.11221236727172,34.345821023747149],[108.11220760883182,34.345968550760183],[108.11212670645209,34.346139871766603],[108.11213622497809,34.3463111919692],[108.11214195565981,34.346359928825102],[108.11208013715715,34.346290424553857],[108.11209798213015,34.346115533776732],[108.11213724331333,34.345987043275123],[108.11211939859056,34.345922797634671],[108.11208013655408,34.345744337886707],[108.11217650482325,34.345508771394819],[108.11221933494718,34.34541954153795],[108.11232998082035,34.345244651252479],[108.11235139551627,34.345183974631468],[108.11229428927741,34.345144713483556],[108.11225492412599,34.345142519319786],[108.11229072003508,34.345087607106819],[108.11234661202111,34.344846386529319],[108.11235853449766,34.344794933540179],[108.11245490198809,34.344605765967323],[108.11242912279626,34.344565486276849],[108.11248702508978,34.344434444453206],[108.11259053200614,34.344223862758803],[108.1126654852291,34.344195308847645],[108.11289382481552,34.344232245809401]]]},"properties":{"FID":366,"OBJECTID_1":0,"一级":"03","一级名":"林地","二级":"0301","二级名":"乔木林地","Shape_Leng":540.93500708515398,"备注":"某林地","Shape_Area":284728.85569900001,"组别":"2"}},{"type":"Feature","id":367,"geometry":{"type":"Polygon","coordinates":[[[108.11165924211004,34.344555269364037],[108.11184100132445,34.344598626924437],[108.11185884708736,34.344716410610033],[108.11183029374158,34.344905577994325],[108.11179103257189,34.344984099390672],[108.11192309245244,34.345051914267216],[108.11182315564892,34.34507689904526],[108.11159829628303,34.345034069356707],[108.11145352257661,34.345029322417851],[108.11164540903137,34.344583281945397],[108.11165924211004,34.344555269364037]]]},"properties":{"FID":367,"OBJECTID_1":0,"一级":"07","一级名":"居住用地","二级":"0703","二级名":"农村宅基地","Shape_Leng":175.49331057082011,"备注":"王家堡村落","Shape_Area":142577.930788,"组别":"2"}},{"type":"Feature","id":368,"geometry":{"type":"Polygon","coordinates":[[[108.11132036165168,34.346555766895591],[108.11128494792861,34.346565265526841],[108.11099924658104,34.346625450733576],[108.11086153194304,34.346630108146421],[108.11086102905421,34.346615493813729],[108.11085352414999,34.346397383096487],[108.11096964225251,34.346069969559011],[108.11115048127854,34.345643569667594],[108.11125898478855,34.345455115928864],[108.11135796973937,34.345251433933903],[108.11144522072148,34.345048620742432],[108.11153761942732,34.345059053269289],[108.11165540352911,34.34506619201035],[108.11163755766685,34.345208959421718],[108.11159115831254,34.345251789558553],[108.11165540340546,34.345408833681148],[108.11167681811213,34.345555171200097],[108.11161614155722,34.345697938892293],[108.11144482118056,34.345687231218122],[108.11129134604157,34.346004889116394],[108.11120925423039,34.346233316633651],[108.11131276088975,34.346283286249765],[108.11129134525798,34.346397499755398],[108.11122353099559,34.346411776810939],[108.11132036165168,34.346555766895591]]]},"properties":{"FID":368,"OBJECTID_1":0,"一级":"07","一级名":"居住用地","二级":"0703","二级名":"农村宅基地","Shape_Leng":450.54170542078538,"备注":"王家堡村落","Shape_Area":550309.59970699996,"组别":"2"}},{"type":"Feature","id":369,"geometry":{"type":"Polygon","coordinates":[[[108.1134341226054,34.341866424808217],[108.11341834611829,34.341889483062722],[108.11338355443928,34.341879875755851],[108.1134341226054,34.341866424808217]]]},"properties":{"FID":369,"OBJECTID_1":0,"一级":"07","一级名":"居住用地","二级":"0703","二级名":"农村宅基地","Shape_Leng":11.201391863296934,"备注":"王家堡村落","Shape_Area":486.76962383199998,"组别":"2"}},{"type":"Feature","id":370,"geometry":{"type":"Polygon","coordinates":[[[108.11347916149276,34.342187285720577],[108.11345546637482,34.342207031165508],[108.11327938554597,34.342283173655872],[108.11313661727193,34.34227841512547],[108.11301288540965,34.342164200957619],[108.11310330561717,34.342040468628731],[108.11321275951707,34.34209281740177],[108.11328890371296,34.341988121171084],[108.11321276060865,34.341969085623866],[108.11306523377458,34.342002397316605],[108.11295101968054,34.341883424391597],[108.11287487740265,34.341950049096013],[108.11288915404256,34.342116611464419],[108.11286535938758,34.342192754395249],[108.11290818897916,34.3422403437173],[108.11292722472703,34.342302210078302],[108.11287011872828,34.342364075431156],[108.11287011851114,34.342406905659523],[108.11277017982141,34.342444978008182],[108.11286059987481,34.342454495462349],[108.11281301121612,34.342506843200802],[108.11267976133436,34.342521120940994],[108.11287487700739,34.342606780174485],[108.11286060093296,34.342740030305933],[108.11278921658788,34.342749548103072],[108.11267024363885,34.342701959419507],[108.11256078782256,34.342692441296776],[108.11246085134867,34.342592503079238],[108.11253223494386,34.342602022031954],[108.11254651162555,34.342402147135623],[108.11256078819099,34.342235584631979],[108.11264168997387,34.342107093465167],[108.11276542181859,34.341997639030126],[108.11282136587498,34.341833535205176],[108.11283871810359,34.341832992750867],[108.11286539553019,34.341832781556867],[108.11293572373775,34.34183780556657],[108.11304517862601,34.341880635759928],[108.11319960085402,34.34190867877733],[108.1132212590845,34.341918707553418],[108.11338355443928,34.341879875755851],[108.11341834611829,34.341889483062722],[108.11337495086504,34.341961913022089],[108.11366628668837,34.342073757317387],[108.11419058248383,34.34219377666129],[108.11419435972508,34.342235904720006],[108.11383295174534,34.342200298327121],[108.11372672434595,34.342159442789644],[108.11360775149537,34.342121371037891],[108.11350758758552,34.342163597318063],[108.11324505315253,34.342142377067454],[108.11324834723469,34.342185207856218],[108.11346396406208,34.342185207468724],[108.11347916149276,34.342187285720577]]]},"properties":{"FID":370,"OBJECTID_1":0,"一级":"07","一级名":"居住用地","二级":"0703","二级名":"农村宅基地","Shape_Leng":678.48359935348685,"备注":"王家堡村落","Shape_Area":417469.63424799999,"组别":"2"}},{"type":"Feature","id":371,"geometry":{"type":"Polygon","coordinates":[[[108.11462598322416,34.342725913863376],[108.11454423884429,34.342732483723779],[108.1143491230349,34.342756277666915],[108.11430629243539,34.342784831476962],[108.1142760903564,34.342804404660072],[108.11427289534504,34.342750085348001],[108.11424084981758,34.342205284044205],[108.1142592056206,34.342215442825875],[108.11478231344155,34.342208097807941],[108.11483064091237,34.342180533908405],[108.11487271970618,34.342185207377362],[108.11486796109371,34.342270867790624],[108.11498217458339,34.342294662437105],[108.11500630205008,34.342302082398319],[108.11500509399013,34.342358154702055],[108.11499960628296,34.342372182381233],[108.11493826559879,34.342356144048082],[108.11486783397366,34.342380889966755],[108.1148145342339,34.342506526068206],[108.11488912485838,34.342608239527067],[108.11489829068398,34.342620739865502],[108.11482024465668,34.342611222230019],[108.11479581640204,34.342619198894859],[108.11463369488693,34.342672136956743],[108.11466677926659,34.342727770576225],[108.11462598322416,34.342725913863376]]]},"properties":{"FID":371,"OBJECTID_1":0,"一级":"07","一级名":"居住用地","二级":"0703","二级名":"农村宅基地","Shape_Leng":269.77513213526055,"备注":"王家堡村落","Shape_Area":317349.745581,"组别":"2"}},{"type":"Feature","id":372,"geometry":{"type":"Polygon","coordinates":[[[108.11424311334487,34.342779691605415],[108.11421937998428,34.342803284749301],[108.11367788600877,34.342760667277176],[108.11367335621658,34.342470742827338],[108.11359721346756,34.342461224447739],[108.1136364131617,34.342757402750919],[108.1132593306143,34.342727724729357],[108.11319234832654,34.342714899108763],[108.1133269748633,34.342535397145276],[108.11324131381194,34.342525879240441],[108.11313661803206,34.342449736037437],[108.11317944770482,34.342383111321944],[108.11328890306322,34.342440218936282],[108.11342215276325,34.34237835229294],[108.11346974152549,34.342302209745718],[108.11361250913809,34.342340281189415],[108.11376479575758,34.342292692181026],[108.11382315995714,34.342234329295103],[108.11402075727949,34.342261350320634],[108.11419702685602,34.342265649277984],[108.11424311334487,34.342779691605415]]]},"properties":{"FID":372,"OBJECTID_1":0,"一级":"07","一级名":"居住用地","二级":"0703","二级名":"农村宅基地","Shape_Leng":384.0038776789853,"备注":"王家堡村落","Shape_Area":443712.13701100001,"组别":"2"}},{"type":"Feature","id":373,"geometry":{"type":"Polygon","coordinates":[[[108.11424400132913,34.342799769444824],[108.11421937998428,34.342803284749301],[108.11424311334487,34.342779691605415],[108.11424400132913,34.342799769444824]]]},"properties":{"FID":373,"OBJECTID_1":0,"一级":"07","一级名":"居住用地","二级":"0703","二级名":"农村宅基地","Shape_Leng":7.9360506084584124,"备注":"王家堡村落","Shape_Area":253.876057444,"组别":"2"}},{"type":"Feature","id":374,"geometry":{"type":"Polygon","coordinates":[[[108.11269777795445,34.343227526765673],[108.11271697758112,34.343259926317756],[108.11269777796004,34.343255964857711],[108.11269777795445,34.343227526765673]]]},"properties":{"FID":374,"OBJECTID_1":0,"一级":"07","一级名":"居住用地","二级":"0703","二级名":"农村宅基地","Shape_Leng":8.9797698724498112,"备注":"王家堡村落","Shape_Area":278.64419793900004,"组别":"2"}},{"type":"Feature","id":375,"geometry":{"type":"Polygon","coordinates":[[[108.11256065355539,34.342863627100513],[108.11250368164465,34.342806655430515],[108.11259885920158,34.342811414299064],[108.11278921730876,34.342830449639216],[108.11298909163105,34.342887557129281],[108.11295577825811,34.343268271213027],[108.11299198537202,34.343316675233659],[108.11271697758112,34.343259926317756],[108.11269777795445,34.343227526765673],[108.1126977770049,34.343117955461935],[108.11268350010219,34.34303229553425],[108.11267398285649,34.342965670484965],[108.11265970599304,34.342913322047771],[108.11261211592162,34.342899044912329],[108.11258832219869,34.342837180178989],[108.11255025125951,34.342832420206989],[108.11256065355539,34.342863627100513]]]},"properties":{"FID":375,"OBJECTID_1":0,"一级":"07","一级名":"居住用地","二级":"0703","二级名":"农村宅基地","Shape_Leng":186.95696565413877,"备注":"王家堡村落","Shape_Area":137699.782974,"组别":"2"}},{"type":"Feature","id":376,"geometry":{"type":"Polygon","coordinates":[[[108.11273158654046,34.343303730210884],[108.11268055739357,34.343340534132828],[108.11267874138034,34.343317831125923],[108.11273158654046,34.343303730210884]]]},"properties":{"FID":376,"OBJECTID_1":0,"一级":"07","一级名":"居住用地","二级":"0703","二级名":"农村宅基地","Shape_Leng":13.85372665421356,"备注":"王家堡村落","Shape_Area":625.34165503199995,"组别":"2"}},{"type":"Feature","id":377,"geometry":{"type":"Polygon","coordinates":[[[108.11300017487675,34.343360660806674],[108.11301288639166,34.343453868427154],[108.11277969858415,34.343430073415753],[108.11268803098845,34.343440927798397],[108.11268055739357,34.343340534132828],[108.11273158654046,34.343303730210884],[108.11287861736135,34.343355902233704],[108.11297379447244,34.34336066081012],[108.11300017487675,34.343360660806674]]]},"properties":{"FID":377,"OBJECTID_1":0,"一级":"07","一级名":"居住用地","二级":"0703","二级名":"农村宅基地","Shape_Leng":83.837820023466321,"备注":"王家堡村落","Shape_Area":32846.133381400003,"组别":"2"}},{"type":"Feature","id":378,"geometry":{"type":"Polygon","coordinates":[[[108.11464599604126,34.343369764690159],[108.11470038365226,34.343374426691028],[108.11476700795896,34.343374427364346],[108.11474321468681,34.343445809925448],[108.11471466133428,34.343488639855465],[108.11464083621429,34.343519400789923],[108.11464599604126,34.343369764690159]]]},"properties":{"FID":378,"OBJECTID_1":0,"一级":"03","一级名":"林地","二级":"0301","二级名":"乔木林地","Shape_Leng":49.01306353420641,"备注":"某林地","Shape_Area":13096.1932524,"组别":"2"}},{"type":"Feature","id":379,"geometry":{"type":"Polygon","coordinates":[[[108.11458588572552,34.343532454274282],[108.11447195630733,34.34350291747252],[108.11439105413284,34.343517194097828],[108.11431966995092,34.343560024277679],[108.11427683978145,34.343526712201545],[108.11430063493944,34.343426774446861],[108.11442370523706,34.343407341680589],[108.1145338208661,34.343360149913821],[108.11459403885175,34.343365311336825],[108.11458588572552,34.343532454274282]]]},"properties":{"FID":379,"OBJECTID_1":0,"一级":"03","一级名":"林地","二级":"0301","二级名":"乔木林地","Shape_Leng":90.460278768698871,"备注":"某林地","Shape_Area":39657.001869300002,"组别":"2"}},{"type":"Feature","id":380,"geometry":{"type":"Polygon","coordinates":[[[108.11470025523441,34.343801340719487],[108.11460044618363,34.343807488517946],[108.11442436561582,34.343759899095481],[108.11449529641197,34.34369606118905],[108.1145778488558,34.343697198259498],[108.11460142662848,34.343697334854085],[108.1146350155521,34.343688184039074],[108.11470038314125,34.343683756052066],[108.11475273197689,34.343717068974591],[108.11474321406318,34.34378845257563],[108.11470025523441,34.343801340719487]]]},"properties":{"FID":380,"OBJECTID_1":0,"一级":"03","一级名":"林地","二级":"0301","二级名":"乔木林地","Shape_Leng":73.173597143662732,"备注":"某林地","Shape_Area":29838.1386662,"组别":"2"}},{"type":"Feature","id":381,"geometry":{"type":"Polygon","coordinates":[[[108.11470025523441,34.343801340719487],[108.11472417817843,34.3438027291228],[108.11467658853573,34.343888389965343],[108.11458141095834,34.343969292245561],[108.11460418688816,34.344010289170626],[108.1142141320835,34.343995515087016],[108.11424706576344,34.343393314625033],[108.1143348462318,34.343289276707942],[108.11433008773314,34.343236929497202],[108.11451568536719,34.3431988578307],[108.11460136301947,34.343215177395393],[108.11459403885175,34.343365311336825],[108.1145338208661,34.343360149913821],[108.11442370523706,34.343407341680589],[108.11430063493944,34.343426774446861],[108.11427683978145,34.343526712201545],[108.11431966995092,34.343560024277679],[108.11439105413284,34.343517194097828],[108.11447195630733,34.34350291747252],[108.11458588572552,34.343532454274282],[108.1145778488558,34.343697198259498],[108.11449529641197,34.34369606118905],[108.11442436561582,34.343759899095481],[108.11460044618363,34.343807488517946],[108.11470025523441,34.343801340719487]]]},"properties":{"FID":381,"OBJECTID_1":0,"一级":"07","一级名":"居住用地","二级":"0703","二级名":"农村宅基地","Shape_Leng":328.93954428124511,"备注":"王家堡村落","Shape_Area":235859.873938,"组别":"2"}},{"type":"Feature","id":382,"geometry":{"type":"Polygon","coordinates":[[[108.11498882752475,34.343013291853872],[108.1149861105885,34.343221981643808],[108.11472652235545,34.344014922698612],[108.11460418688816,34.344010289170626],[108.11458141095834,34.343969292245561],[108.11467658853573,34.343888389965343],[108.11472417817843,34.3438027291228],[108.11470025523441,34.343801340719487],[108.11474321406318,34.34378845257563],[108.11475273197689,34.343717068974591],[108.11470038314125,34.343683756052066],[108.1146350155521,34.343688184039074],[108.11464083621429,34.343519400789923],[108.11471466133428,34.343488639855465],[108.11474321468681,34.343445809925448],[108.11476700795896,34.343374427364346],[108.11470038365226,34.343374426691028],[108.11464599604126,34.343369764690159],[108.11465159813298,34.343207312731209],[108.11469652445221,34.343194099129114],[108.11470814388915,34.343161563743166],[108.11472031873758,34.343127473683829],[108.11489705131631,34.343033215980959],[108.1149347398883,34.343013259701017],[108.11498882752475,34.343013291853872]]]},"properties":{"FID":382,"OBJECTID_1":0,"一级":"01","一级名":"耕地","二级":"0102","二级名":"水浇地","Shape_Leng":289.73917288974025,"备注":"某耕地","Shape_Area":193037.21064100001,"组别":"2"}},{"type":"Feature","id":383,"geometry":{"type":"Polygon","coordinates":[[[108.11494993377913,34.342981544888787],[108.11489074296516,34.343001794500012],[108.1148154975469,34.343027536531537],[108.11472031914005,34.343079884547763],[108.11465919627555,34.343141976253918],[108.11466677926659,34.342727770576225],[108.11463369488693,34.342672136956743],[108.11479581640204,34.342619198894859],[108.11482024465668,34.342611222230019],[108.11489829068398,34.342620739865502],[108.11488912485838,34.342608239527067],[108.11491929365098,34.342608240063065],[108.11489074071564,34.342812874011514],[108.11496212402264,34.342955641131248],[108.11494993377913,34.342981544888787]]]},"properties":{"FID":383,"OBJECTID_1":0,"一级":"01","一级名":"耕地","二级":"0102","二级名":"水浇地","Shape_Leng":158.7997148449048,"备注":"某耕地","Shape_Area":110014.706489,"组别":"2"}},{"type":"Feature","id":384,"geometry":{"type":"Polygon","coordinates":[[[108.11436378679917,34.338736747338451],[108.114281598259,34.338829655857232],[108.1142054555803,34.338886762683416],[108.1141435895601,34.338877245741834],[108.11406744744654,34.338824896491253],[108.11409124099136,34.33869164718535],[108.11422449203094,34.338763031116471],[108.11428288586399,34.338717331053481],[108.11436378679917,34.338736747338451]]]},"properties":{"FID":384,"OBJECTID_1":0,"一级":"03","一级名":"林地","二级":"0301","二级名":"乔木林地","Shape_Leng":81.793792024595305,"备注":"某林地","Shape_Area":32749.168919899999,"组别":"2"}},{"type":"Feature","id":385,"geometry":{"type":"Polygon","coordinates":[[[108.1140837951161,34.339058090724038],[108.11400558169774,34.338993838411838],[108.11396750991311,34.33906998136338],[108.11392463800267,34.339040172329959],[108.11394600213083,34.338995539972608],[108.11389960380275,34.338995539869217],[108.11389019224029,34.339014701483066],[108.11387709003989,34.339005735822148],[108.11387270705386,34.33896628749514],[108.113762876078,34.338972423195173],[108.11370576879446,34.339024772037469],[108.11357888449747,34.338972267661134],[108.11362373195303,34.338888422600526],[108.11394051507169,34.338945726548317],[108.11395983075307,34.338879499319582],[108.11392829944779,34.338873902519438],[108.11394527601739,34.338839528586888],[108.11399606389111,34.338862968495199],[108.1140531703999,34.338905798756933],[108.11403413454242,34.33897718220927],[108.11406651377332,34.339024671804836],[108.1140837951161,34.339058090724038]]]},"properties":{"FID":385,"OBJECTID_1":0,"一级":"03","一级名":"林地","二级":"0301","二级名":"乔木林地","Shape_Leng":158.56138560549496,"备注":"某林地","Shape_Area":44329.839978800002,"组别":"2"}},{"type":"Feature","id":386,"geometry":{"type":"Polygon","coordinates":[[[108.11389019224029,34.339014701483066],[108.11376186881401,34.339275987847422],[108.11363841950302,34.339527346945964],[108.11362576710324,34.3395118829689],[108.11351155320362,34.339497605776643],[108.11361149065418,34.33936554623704],[108.11361506006926,34.339319147319955],[108.11351512279315,34.33935126961623],[108.1133366625092,34.339319146593212],[108.11315463438331,34.339251331576818],[108.11310994701925,34.339269537700609],[108.11312240543117,34.339198085648214],[108.11341850352036,34.339272109980641],[108.11357888449747,34.338972267661134],[108.11370576879446,34.339024772037469],[108.113762876078,34.338972423195173],[108.11387270705386,34.33896628749514],[108.11387709003989,34.339005735822148],[108.11389019224029,34.339014701483066]]]},"properties":{"FID":386,"OBJECTID_1":0,"一级":"07","一级名":"居住用地","二级":"0703","二级名":"农村宅基地","Shape_Leng":255.98641764033678,"备注":"王家堡村落","Shape_Area":159668.977151,"组别":"2"}},{"type":"Feature","id":387,"geometry":{"type":"Polygon","coordinates":[[[108.11406651377332,34.339024671804836],[108.11408648189878,34.339039048947782],[108.1140837951161,34.339058090724038],[108.11406651377332,34.339024671804836]]]},"properties":{"FID":387,"OBJECTID_1":0,"一级":"03","一级名":"林地","二级":"0301","二级名":"乔木林地","Shape_Leng":8.5934780100388046,"备注":"某林地","Shape_Area":213.76867195700001,"组别":"2"}},{"type":"Feature","id":388,"geometry":{"type":"Polygon","coordinates":[[[108.1140837951161,34.339058090724038],[108.11409397168015,34.33906939482533],[108.11411354504449,34.339084367308843],[108.1141626250859,34.339177056880985],[108.11404365206614,34.339129467696637],[108.11402937473703,34.339158020971084],[108.1140817236836,34.339262717957745],[108.11396751004584,34.339248441189696],[108.1139199199971,34.339215128885428],[108.11382950074068,34.339395967064547],[108.11379154014014,34.339306846808945],[108.11392463800267,34.339040172329959],[108.11396750991311,34.33906998136338],[108.11400558169774,34.338993838411838],[108.1140837951161,34.339058090724038]]]},"properties":{"FID":388,"OBJECTID_1":0,"一级":"03","一级名":"林地","二级":"0301","二级名":"乔木林地","Shape_Leng":148.39842038636303,"备注":"某林地","Shape_Area":54294.884697699999,"组别":"2"}},{"type":"Feature","id":389,"geometry":{"type":"Polygon","coordinates":[[[108.11380732519973,34.339803872513677],[108.11374936782185,34.339839538458151],[108.11344492812074,34.339820022576447],[108.11343001529814,34.339723086657706],[108.11344274783954,34.33969153205463],[108.11305251098317,34.339590826172724],[108.11306934153289,34.339499909829385],[108.11323672464823,34.339494037060156],[108.11346515371828,34.339558282370604],[108.11361126717016,34.339582634709195],[108.113603359786,34.339598732573876],[108.11363619702432,34.33961515232297],[108.11379154014014,34.339306846808945],[108.11382950074068,34.339395967064547],[108.1139199199971,34.339215128885428],[108.11396751004584,34.339248441189696],[108.1140817236836,34.339262717957745],[108.11402937473703,34.339158020971084],[108.11404365206614,34.339129467696637],[108.1141626250859,34.339177056880985],[108.11411354504449,34.339084367308843],[108.11409397168015,34.33906939482533],[108.1140837951161,34.339058090724038],[108.11408648189878,34.339039048947782],[108.11406651377332,34.339024671804836],[108.11403413454242,34.33897718220927],[108.1140531703999,34.338905798756933],[108.11399606389111,34.338862968495199],[108.11394527601739,34.338839528586888],[108.11411848458864,34.338487542772825],[108.11419042117696,34.338507387617504],[108.11421383343851,34.3384578492442],[108.11441951622724,34.338531307302873],[108.11446472522449,34.338638382603882],[108.11442427464236,34.338662177133202],[108.11429816321474,34.338619347468608],[108.11423391686114,34.33864552061538],[108.11423153817272,34.338705007043814],[108.11428288586399,34.338717331053481],[108.11422449203094,34.338763031116471],[108.11409124099136,34.33869164718535],[108.11406744744654,34.338824896491253],[108.1141435895601,34.338877245741834],[108.1142054555803,34.338886762683416],[108.114281598259,34.338829655857232],[108.11436378679917,34.338736747338451],[108.1144099979071,34.33874783835892],[108.11433385556651,34.338873950011163],[108.11428150698505,34.338973887453164],[108.11417205177362,34.338945333289125],[108.11412446354647,34.339009578405197],[108.11424581483055,34.339095239331471],[108.11423867630506,34.339140448939141],[108.11417681024957,34.339192797030222],[108.11411494520284,34.339314149829924],[108.11407406889624,34.33946208213321],[108.1140649758795,34.339494989239448],[108.11408917495507,34.339486922782704],[108.11401024748942,34.339591595097495],[108.11384249644901,34.339770054128344],[108.11380732519973,34.339803872513677]]]},"properties":{"FID":389,"OBJECTID_1":0,"一级":"07","一级名":"居住用地","二级":"0703","二级名":"农村宅基地","Shape_Leng":671.8173467472426,"备注":"王家堡村落","Shape_Area":436178.24146699999,"组别":"2"}},{"type":"Feature","id":390,"geometry":{"type":"Polygon","coordinates":[[[108.11380732519973,34.339803872513677],[108.11376892930022,34.33984079227379],[108.11374936782185,34.339839538458151],[108.11380732519973,34.339803872513677]]]},"properties":{"FID":390,"OBJECTID_1":0,"一级":"03","一级名":"林地","二级":"0301","二级名":"乔木林地","Shape_Leng":13.854403917270769,"备注":"某林地","Shape_Area":393.15185323100002,"组别":"2"}},{"type":"Feature","id":391,"geometry":{"type":"Polygon","coordinates":[[[108.11468224357125,34.337630800362291],[108.11471660123927,34.337711539067392],[108.11321286585013,34.337544958434322],[108.11321487002569,34.337506296570254],[108.11468224357125,34.337630800362291]]]},"properties":{"FID":391,"OBJECTID_1":0,"一级":"06","一级名":"农业设施建设用地","二级":"0601","二级名":"农村道路","Shape_Leng":289.1184242343441,"备注":"二临路","Shape_Area":88124.499507999994,"组别":"2"}},{"type":"Feature","id":392,"geometry":{"type":"Polygon","coordinates":[[[108.11471660123927,34.337711539067392],[108.11481442731127,34.337957380385127],[108.11438672743162,34.337929178481218],[108.11437653341899,34.337953783106563],[108.11328472157315,34.337812569615402],[108.11319909813344,34.337810481639522],[108.11321286585013,34.337544958434322],[108.11471660123927,34.337711539067392]]]},"properties":{"FID":392,"OBJECTID_1":0,"一级":"07","一级名":"居住用地","二级":"0703","二级名":"农村宅基地","Shape_Leng":349.72630758482421,"备注":"王家堡村落","Shape_Area":419628.12177899998,"组别":"2"}},{"type":"Feature","id":393,"geometry":{"type":"Polygon","coordinates":[[[108.11440089997981,34.336969641527695],[108.11458052174751,34.337391752525072],[108.11418901707609,34.337351044061471],[108.11415286155757,34.337346551436084],[108.11398536732059,34.337330543009188],[108.11322763982227,34.337260038020474],[108.11324474305428,34.336930190129621],[108.11329043319128,34.336922414060545],[108.11329029028641,34.336904228615488],[108.11440731214932,34.337086001411762],[108.11440089997981,34.336969641527695]]]},"properties":{"FID":393,"OBJECTID_1":0,"一级":"07","一级名":"居住用地","二级":"0703","二级名":"农村宅基地","Shape_Leng":335.60326881026208,"备注":"王家堡村落","Shape_Area":421950.99635600002,"组别":"2"}},{"type":"Feature","id":394,"geometry":{"type":"Polygon","coordinates":[[[108.11458052174751,34.337391752525072],[108.11445767820986,34.337397220404952],[108.11418901707609,34.337351044061471],[108.11458052174751,34.337391752525072]]]},"properties":{"FID":394,"OBJECTID_1":0,"一级":"06","一级名":"农业设施建设用地","二级":"0601","二级名":"农村道路","Shape_Leng":72.874276392277139,"备注":"二粮路","Shape_Area":3644.7803425100001,"组别":"2"}},{"type":"Feature","id":395,"geometry":{"type":"Polygon","coordinates":[[[108.11458052174751,34.337391752525072],[108.11468224357125,34.337630800362291],[108.11321487002569,34.337506296570254],[108.11322763982227,34.337260038020474],[108.11398536732059,34.337330543009188],[108.11415286155757,34.337346551436084],[108.11418901707609,34.337351044061471],[108.11445767820986,34.337397220404952],[108.11458052174751,34.337391752525072]]]},"properties":{"FID":395,"OBJECTID_1":0,"一级":"07","一级名":"居住用地","二级":"0703","二级名":"农村宅基地","Shape_Leng":316.79961143417165,"备注":"王家堡村落","Shape_Area":342289.45648300002,"组别":"2"}},{"type":"Feature","id":396,"geometry":{"type":"Polygon","coordinates":[[[108.11471535485627,34.344049000090727],[108.11463857073298,34.344283291827004],[108.1141905952182,34.344274964281347],[108.11421111427896,34.344051062591809],[108.11421186292004,34.344037298998479],[108.11471535485627,34.344049000090727]]]},"properties":{"FID":396,"OBJECTID_1":0,"一级":"07","一级名":"居住用地","二级":"0703","二级名":"农村宅基地","Shape_Leng":140.94365166760221,"备注":"王家堡村落","Shape_Area":115025.12775299999,"组别":"2"}},{"type":"Feature","id":397,"geometry":{"type":"Polygon","coordinates":[[[108.11462431307778,34.344326793469506],[108.11456993947689,34.344492701342645],[108.11417383356003,34.344457404295326],[108.11418896888401,34.344292284129523],[108.11462431307778,34.344326793469506]]]},"properties":{"FID":397,"OBJECTID_1":0,"一级":"01","一级名":"耕地","二级":"0102","二级名":"水浇地","Shape_Leng":114.33557354115968,"备注":"某耕地","Shape_Area":71468.011672299996,"组别":"2"}},{"type":"Feature","id":398,"geometry":{"type":"Polygon","coordinates":[[[108.11456191064926,34.344517200261578],[108.11424410145614,34.345486910777822],[108.11411148423728,34.34555190763713],[108.11412069520173,34.345297542022713],[108.1141587667199,34.344621775261231],[108.1141717408296,34.344480236225948],[108.11456191064926,34.344517200261578]]]},"properties":{"FID":398,"OBJECTID_1":0,"一级":"01","一级名":"耕地","二级":"0102","二级名":"水浇地","Shape_Leng":280.79756618137156,"备注":"某耕地","Shape_Area":274117.479949,"组别":"2"}},{"type":"Feature","id":399,"geometry":{"type":"Polygon","coordinates":[[[108.11228729312,34.344975833056552],[108.11222647388195,34.345119729846829],[108.11223316758444,34.345140812930907],[108.11220708050354,34.34513787457805],[108.11228729312,34.344975833056552]]]},"properties":{"FID":399,"OBJECTID_1":0,"一级":"03","一级名":"林地","二级":"0301","二级名":"乔木林地","Shape_Leng":41.186747134878956,"备注":"某林地","Shape_Area":1131.60685216,"组别":"2"}},{"type":"Feature","id":400,"geometry":{"type":"Polygon","coordinates":[[[108.11150886393739,34.346518130769141],[108.11150725904321,34.346518433325002],[108.11150545426933,34.346518813590116],[108.11132036165168,34.346555766895591],[108.11122353099559,34.346411776810939],[108.11129134525798,34.346397499755398],[108.11131276088975,34.346283286249765],[108.11120925423039,34.346233316633651],[108.11129134604157,34.346004889116394],[108.11144482118056,34.345687231218122],[108.11161614155722,34.345697938892293],[108.11167681811213,34.345555171200097],[108.11165540340546,34.345408833681148],[108.11159115831254,34.345251789558553],[108.11163755766685,34.345208959421718],[108.11165540352911,34.34506619201035],[108.11153761942732,34.345059053269289],[108.11144522072148,34.345048620742432],[108.11145352257661,34.345029322417851],[108.11159829628303,34.345034069356707],[108.11182315564892,34.34507689904526],[108.11192309245244,34.345051914267216],[108.11179103257189,34.344984099390672],[108.11183029374158,34.344905577994325],[108.11185884708736,34.344716410610033],[108.11184100132445,34.344598626924437],[108.11165924211004,34.344555269364037],[108.11167448772808,34.344526181830041],[108.11169109599012,34.344527243949415],[108.11198019971623,34.344555797492866],[108.11231570392582,34.344555797593792],[108.11237701076644,34.344603481013451],[108.11236924173485,34.344698565428153],[108.11229785859695,34.34483419456631],[108.11229149209329,34.344961535340744],[108.11228729312,34.344975833056552],[108.11220708050354,34.34513787457805],[108.11211225978086,34.345130437687594],[108.1119944761323,34.345109021747852],[108.11200161498641,34.345191112987877],[108.11192666183783,34.345230374266677],[108.11169466466161,34.345237513097516],[108.11168752506396,34.345276774550072],[108.11169466370188,34.345369572682102],[108.11174820223415,34.345433818271779],[108.11176604882034,34.345508770845804],[108.11171607957088,34.345626554217951],[108.11166967985392,34.345758614653029],[108.11180530882402,34.345805014444416],[108.11183386415313,34.345921600179835],[108.11182158634392,34.345943172986125],[108.11171964912666,34.34605128855587],[108.11172469256383,34.346148301200778],[108.11168197424659,34.346234820023483],[108.11162684992047,34.346333255082179],[108.11151263546078,34.346408207214274],[108.11150906644217,34.346461745736391],[108.11150886393739,34.346518130769141]],[[108.11165897189024,34.346008458713222],[108.11145552875963,34.345965627268271],[108.11135916078769,34.346029873267604],[108.11138057511106,34.346165503048255],[108.11138363751449,34.346191532291876],[108.11165183432023,34.346219040065726],[108.11163041914944,34.346140518173407],[108.11165897182977,34.346058426832997],[108.11165897189024,34.346008458713222]],[[108.11180530932464,34.345869260201525],[108.11165540316061,34.345790737481046],[108.11145909747864,34.34582642923607],[108.11145645050111,34.345916411044172],[108.11179817128493,34.345922798389715],[108.11180530932464,34.345869260201525]]]},"properties":{"FID":400,"OBJECTID_1":0,"一级":"03","一级名":"林地","二级":"0301","二级名":"乔木林地","Shape_Leng":897.03415351329136,"备注":"某林地","Shape_Area":605744.89743500005,"组别":"2"}},{"type":"Feature","id":401,"geometry":{"type":"Polygon","coordinates":[[[108.11515193264519,34.335970600445179],[108.11511774701444,34.335919321180661],[108.11509106432801,34.335879297059009],[108.11509825048164,34.335918817550017],[108.11510534138901,34.335957819778258],[108.11517789419629,34.336090417131459],[108.11531235433951,34.336336154240044],[108.11538202073646,34.336738073455194],[108.11540515320075,34.336871532151399],[108.11521955544104,34.33742832726935],[108.11470117585795,34.337449630034065],[108.11437316326167,34.336820804070108],[108.11430337156632,34.336807727770704],[108.11449483132837,34.336714048267766],[108.11376034159252,34.334757636523221],[108.11371896035399,34.334652646068754],[108.11364162228317,34.334399941741992],[108.11354483081412,34.334050603474061],[108.11484692182081,34.334176794403227],[108.11484836016335,34.334151808946871],[108.11473363243907,34.334140462269502],[108.11443125830284,34.33411055909388],[108.11354917373271,34.334023318073193],[108.11349206670266,34.334016179895109],[108.11369013197677,34.334674266921873],[108.11366188130197,34.33469477660686],[108.11366338717738,34.334680049510858],[108.11367052637357,34.334651495673221],[108.11218855749718,34.334385859784611],[108.11223535849834,34.334234814248937],[108.1122903048019,34.33403042597245],[108.11232136604654,34.333894329671665],[108.11233726396446,34.333824672937226],[108.11236292052101,34.333688278681585],[108.11237168885626,34.333641664040044],[108.11310720495311,34.333887232880855],[108.11319006915164,34.333893824574176],[108.11352598962497,34.333920545438104],[108.11458247023633,34.333987169857934],[108.11501090956206,34.33403990153684],[108.11499625874676,34.334045536934298],[108.11499479304001,34.334072798208354],[108.11499324043474,34.334101680427509],[108.11497682405033,34.334407035714143],[108.11534646087341,34.33451140417462],[108.11545591615634,34.334302011301212],[108.11534170267851,34.334154484220747],[108.11526080002328,34.334092618704794],[108.11527468280912,34.334003771851805],[108.1152840992148,34.33394350886784],[108.11530106705206,34.333911026939106],[108.11541644297871,34.333903096997787],[108.11543698392711,34.333937330325988],[108.11544783657908,34.333955418236911],[108.11545591725601,34.333968886864838],[108.11552849403056,34.334061954972306],[108.1155986838379,34.334159244221539],[108.1155891669198,34.334430502651479],[108.11549874675933,34.334992054893313],[108.11529889795584,34.335156375024653],[108.11528459548644,34.335168134791665],[108.1151323125773,34.335268046799186],[108.11517514018259,34.334920671189607],[108.11530363024731,34.334649412629247],[108.11522272938231,34.334563751589592],[108.11506568481313,34.334592305836694],[108.11499744053835,34.33460337252356],[108.11500334560441,34.334644702603256],[108.11480822896748,34.335249086419509],[108.11502228425736,34.335739033515488],[108.11513592788258,34.335901794618707],[108.11514291427899,34.33591997182647],[108.11515193264519,34.335970600445179]]]},"properties":{"FID":401,"OBJECTID_1":0,"一级":"01","一级名":"耕地","二级":"0102","二级名":"水浇地","Shape_Leng":2055.2597335599999,"备注":"某耕地","Shape_Area":4779898.9161499999,"组别":"2"}},{"type":"Feature","id":402,"geometry":{"type":"Polygon","coordinates":[[[108.11325002899419,34.335599299774557],[108.11264117097393,34.336494466944309],[108.11132833868881,34.336250316830288],[108.11127603016166,34.336240515693618],[108.11120243005914,34.336228769544249],[108.11139402635796,34.335978458710592],[108.11151668740743,34.335795449146971],[108.11163252364155,34.335609403178161],[108.11174142557012,34.335420498515013],[108.11184329131096,34.335228911057499],[108.11190291724121,34.335105337415854],[108.11193936028053,34.335029309230848],[108.11195085726473,34.335010220766414],[108.11319810380968,34.335486471300548],[108.1132937491538,34.335533410685663],[108.11325002899419,34.335599299774557]]]},"properties":{"FID":402,"OBJECTID_1":0,"一级":"01","一级名":"耕地","二级":"0102","二级名":"水浇地","Shape_Leng":546.57826746653916,"备注":"某耕地","Shape_Area":1750160.20753,"组别":"2"}},{"type":"Feature","id":403,"geometry":{"type":"Polygon","coordinates":[[[108.11272377336205,34.336498425060654],[108.11285954950554,34.336537218739551],[108.11271614197607,34.336510348764399],[108.11272377336205,34.336498425060654]]]},"properties":{"FID":403,"OBJECTID_1":0,"一级":"01","一级名":"耕地","二级":"0102","二级名":"水浇地","Shape_Leng":28.240511027277556,"备注":"某耕地","Shape_Area":977.37435655000002,"组别":"2"}},{"type":"Feature","id":404,"geometry":{"type":"Polygon","coordinates":[[[108.11334904298174,34.33552144098131],[108.11363483371012,34.335593761574849],[108.11371335721697,34.335893574522721],[108.11352824487376,34.336662505061078],[108.11285954950554,34.336537218739551],[108.11272377336205,34.336498425060654],[108.11334904298174,34.33552144098131]]]},"properties":{"FID":404,"OBJECTID_1":0,"一级":"01","一级名":"耕地","二级":"0102","二级名":"水浇地","Shape_Leng":347.50808533480284,"备注":"某耕地","Shape_Area":677019.35800899996,"组别":"2"}},{"type":"Feature","id":405,"geometry":{"type":"Polygon","coordinates":[[[108.11366188130197,34.33469477660686],[108.11368632439728,34.334698905168636],[108.11446102966246,34.336685311107637],[108.11422406752338,34.336792870216499],[108.11359819173373,34.336675609929124],[108.11375618778199,34.33586502089149],[108.11370621807461,34.335600900850565],[108.11335921611456,34.335505543858517],[108.11338499107728,34.335465271561397],[108.11365625014855,34.334708602444451],[108.11366188130197,34.33469477660686]]]},"properties":{"FID":405,"OBJECTID_1":0,"一级":"01","一级名":"耕地","二级":"0102","二级名":"水浇地","Shape_Leng":566.41436439835468,"备注":"某耕地","Shape_Area":950870.00167699996,"组别":"2"}},{"type":"Feature","id":406,"geometry":{"type":"Polygon","coordinates":[[[108.11150037450973,34.343539273073681],[108.11147069495138,34.34374826768763],[108.11142021040907,34.344103768119574],[108.11137107806061,34.344103767745999],[108.11068472284018,34.344103769008107],[108.11011384552971,34.344103767196458],[108.11011370397934,34.344073634452272],[108.11010987234549,34.343257523463087],[108.1104457979374,34.343281953918904],[108.11064794244452,34.343354204439514],[108.11066592545153,34.343360352508455],[108.11080048201737,34.343382235047073],[108.11095501179176,34.343406238552156],[108.11085205474491,34.343423378796466],[108.11076282599964,34.34346501868194],[108.1108461063839,34.343506660210132],[108.11097697678495,34.34349476292406],[108.11106025812838,34.343447173099918],[108.11140527967579,34.343399584242285],[108.1114409715958,34.343465019050903],[108.11150037450973,34.343539273073681]]]},"properties":{"FID":406,"OBJECTID_1":0,"一级":"01","一级名":"耕地","二级":"0102","二级名":"水浇地","Shape_Leng":456.75997318406974,"备注":"某耕地","Shape_Area":1004404.69065,"组别":"2"}},{"type":"Feature","id":407,"geometry":{"type":"Polygon","coordinates":[[[108.11138796309571,34.344988184447274],[108.11137855870612,34.345008774689674],[108.11136376286701,34.345041162093466],[108.11131618506967,34.345034450569756],[108.11099529962333,34.344981192176917],[108.11056312605686,34.344909461197737],[108.11055086953426,34.344860435363792],[108.11138796309571,34.344988184447274]]]},"properties":{"FID":407,"OBJECTID_1":0,"一级":"06","一级名":"农业设施建设用地","二级":"0601","二级名":"农村道路","Shape_Leng":165.25500631931848,"备注":"田间道","Shape_Area":43872.263790899997,"组别":"2"}},{"type":"Feature","id":408,"geometry":{"type":"Polygon","coordinates":[[[108.11157520036748,34.344578284134599],[108.11155888534559,34.34461400301533],[108.11074717476062,34.344457116132652],[108.11065080671338,34.344610591877903],[108.11061154594809,34.344589176636923],[108.11071862101872,34.344396440802292],[108.11157520036748,34.344578284134599]]]},"properties":{"FID":408,"OBJECTID_1":0,"一级":"06","一级名":"农业设施建设用地","二级":"0601","二级名":"农村道路","Shape_Leng":209.3378743730739,"备注":"田间道","Shape_Area":50228.262057799999,"组别":"2"}},{"type":"Feature","id":409,"geometry":{"type":"Polygon","coordinates":[[[108.11125494734981,34.345268472706309],[108.11122248968246,34.345280735276482],[108.11115406229304,34.34530658424741],[108.11085425128174,34.34546005895141],[108.11075431311662,34.34568135000071],[108.11051975224693,34.345422097134197],[108.11046573709424,34.345385695444001],[108.11036990868023,34.345142640127236],[108.11011569530491,34.344497854726129],[108.11011399636921,34.344136017508696],[108.11147172090226,34.34414659742658],[108.11147172074099,34.344103767210001],[108.11145634100276,34.344103767688814],[108.11151582197522,34.343587228564189],[108.11151973609317,34.343554741065674],[108.11194908678162,34.343583364297139],[108.1118551200038,34.343818283029009],[108.1117337670897,34.344239448103487],[108.11161532788769,34.344492478054455],[108.11157520036748,34.344578284134599],[108.11071862101872,34.344396440802292],[108.11061154594809,34.344589176636923],[108.11065080671338,34.344610591877903],[108.11074717476062,34.344457116132652],[108.11155888534559,34.34461400301533],[108.11138796309571,34.344988184447274],[108.11055086953426,34.344860435363792],[108.11056312605686,34.344909461197737],[108.11099529962333,34.344981192176917],[108.11131618506967,34.345034450569756],[108.11136376286701,34.345041162093466],[108.11131260319964,34.345153160695247],[108.11125494734981,34.345268472706309]]]},"properties":{"FID":409,"OBJECTID_1":0,"一级":"01","一级名":"耕地","二级":"0102","二级名":"水浇地","Shape_Leng":1038.2594057900001,"备注":"某耕地","Shape_Area":1757990.30583,"组别":"2"}},{"type":"Feature","id":410,"geometry":{"type":"Polygon","coordinates":[[[108.11080517047307,34.346625970892347],[108.11043886448905,34.346638010270588],[108.11077004762276,34.346157528022303],[108.11046573709424,34.345385695444001],[108.11051975224693,34.345422097134197],[108.11075431311662,34.34568135000071],[108.11085425128174,34.34546005895141],[108.11115406229304,34.34530658424741],[108.11122248968246,34.345280735276482],[108.11125494734981,34.345268472706309],[108.1111412817548,34.345495802942459],[108.1111248279003,34.345525419769579],[108.11106989742348,34.345624294335352],[108.11089817436098,34.346080249880707],[108.11086288465313,34.346173949188461],[108.11084756131127,34.346213788633015],[108.11079150161898,34.346359547340171],[108.11080517047307,34.346625970892347]]]},"properties":{"FID":410,"OBJECTID_1":0,"一级":"03","一级名":"林地","二级":"0301","二级名":"乔木林地","Shape_Leng":454.45684100219734,"备注":"某林地","Shape_Area":364439.285691,"组别":"2"}},{"type":"Feature","id":411,"geometry":{"type":"Polygon","coordinates":[[[108.11257797202589,34.339494976231038],[108.11258144168499,34.339581700890648],[108.11223228698296,34.339561458640148],[108.11208603832246,34.339451484848212],[108.11257797202589,34.339494976231038]]]},"properties":{"FID":411,"OBJECTID_1":0,"一级":"03","一级名":"林地","二级":"0301","二级名":"乔木林地","Shape_Leng":105.51728500433201,"备注":"某林地","Shape_Area":39782.114854400003,"组别":"2"}},{"type":"Feature","id":412,"geometry":{"type":"Polygon","coordinates":[[[108.11300328395291,34.339535854323159],[108.11293717105474,34.339873894235069],[108.11291685858757,34.340077179191312],[108.11223228698296,34.339561458640148],[108.11258144168499,34.339581700890662],[108.11257797202589,34.339494976231066],[108.11300328395291,34.339535854323159]]]},"properties":{"FID":412,"OBJECTID_1":0,"一级":"01","一级名":"耕地","二级":"0102","二级名":"水浇地","Shape_Leng":226.93695712651549,"备注":"某耕地","Shape_Area":203809.84245,"组别":"2"}},{"type":"Feature","id":413,"geometry":{"type":"Polygon","coordinates":[[[108.11150519893421,34.342898016105906],[108.11162370952044,34.342883202277463],[108.11168914437707,34.342811818395134],[108.1117724248347,34.342972432145231],[108.11150173007196,34.342989350025199],[108.11150234862593,34.342973045291401],[108.11150519893421,34.342898016105906]]]},"properties":{"FID":413,"OBJECTID_1":0,"一级":"03","一级名":"林地","二级":"0301","二级名":"乔木林地","Shape_Leng":75.484032658296357,"备注":"某林地","Shape_Area":27505.910401699999,"组别":"2"}},{"type":"Feature","id":414,"geometry":{"type":"Polygon","coordinates":[[[108.11219574831792,34.342724343463992],[108.1121335166027,34.342890293562107],[108.11210619284321,34.343005336635038],[108.1120935609062,34.343058524711893],[108.11199788708173,34.343461363836006],[108.11198400745997,34.343495841016662],[108.1117863698274,34.343486821109444],[108.11151235570455,34.34347691670024],[108.11143502310627,34.343334149384432],[108.11149450876647,34.343179484176218],[108.11150071975581,34.343015945511858],[108.11150173007196,34.342989350025199],[108.1117724248347,34.342972432145231],[108.11168914437707,34.342811818395134],[108.11162370952044,34.342883202277463],[108.11150519893421,34.342898016105906],[108.11151358695037,34.342677141308947],[108.11219574831792,34.342724343463992]]]},"properties":{"FID":414,"OBJECTID_1":0,"一级":"01","一级名":"耕地","二级":"0102","二级名":"水浇地","Shape_Leng":340.6439051170322,"备注":"某耕地","Shape_Area":451433.00464699999,"组别":"2"}},{"type":"Feature","id":415,"geometry":{"type":"Polygon","coordinates":[[[108.1152840992148,34.33394350886784],[108.11501090956206,34.33403990153684],[108.11458247023633,34.333987169857934],[108.11352598962497,34.333920545438104],[108.11319006915164,34.333893824574176],[108.11310720495311,34.333887232880855],[108.11237168885626,34.333641664040044],[108.11237576225467,34.333620008518288],[108.11238161752846,34.333588347620328],[108.11239703382289,34.33359438151124],[108.11276824507003,34.333739698020814],[108.11339983486641,34.333881271181113],[108.11369978803627,34.333900737304312],[108.11422921841356,34.33390668567602],[108.11457126674519,34.333927505872872],[108.11497577395978,34.33397509547688],[108.11511167010541,34.333928941769763],[108.11519496713994,34.33390065247962],[108.11529105296414,34.333868019474558],[108.11534372866471,34.333845116413087],[108.11544567227524,34.333874799888015],[108.11541644297871,34.333903096997787],[108.11530106705206,34.333911026939106],[108.1152840992148,34.33394350886784]]]},"properties":{"FID":415,"OBJECTID_1":0,"一级":"06","一级名":"农业设施建设用地","二级":"0601","二级名":"农村道路","Shape_Leng":592.92512371852183,"备注":"无名路","Shape_Area":188275.74363499999,"组别":"2"}},{"type":"Feature","id":416,"geometry":{"type":"Polygon","coordinates":[[[108.1153437286647,34.333845116413087],[108.11529105296414,34.333868019474536],[108.11519496713993,34.33390065247962],[108.11518887793034,34.333800161051968],[108.1153437286647,34.333845116413087]]]},"properties":{"FID":416,"OBJECTID_1":0,"一级":"06","一级名":"农业设施建设用地","二级":"0601","二级名":"农村道路","Shape_Leng":41.285594488965224,"备注":"二粮路","Shape_Area":8048.44900151,"组别":"2"}},{"type":"Feature","id":417,"geometry":{"type":"Polygon","coordinates":[[[108.11519496713993,34.33390065247962],[108.11511167010541,34.333928941769734],[108.11509474753785,34.333900736798533],[108.11507977587887,34.333768485505608],[108.11510955993376,34.333777133370205],[108.11518887793034,34.333800161051968],[108.11519496713993,34.33390065247962]]]},"properties":{"FID":417,"OBJECTID_1":0,"一级":"06","一级名":"农业设施建设用地","二级":"0601","二级名":"农村道路","Shape_Leng":48.310837149711105,"备注":"二粮路","Shape_Area":13706.311670499999,"组别":"2"}},{"type":"Feature","id":418,"geometry":{"type":"Polygon","coordinates":[[[108.11517806597956,34.333621768933853],[108.11518566909388,34.333562575013268],[108.11519587486971,34.333484331240044],[108.1152284622563,34.333461801404582],[108.11541143377082,34.33333530268623],[108.11543834990755,34.333317757021931],[108.11581750875001,34.333314794630596],[108.1163261188144,34.33344269072775],[108.11655216684476,34.333600329710414],[108.11677226710263,34.333772841175083],[108.11698047067313,34.333802584265868],[108.11694775210825,34.333894788390268],[108.11673954908689,34.333969146519365],[108.11662366346999,34.334058694716234],[108.11648876293032,34.333925292980346],[108.1158891382568,34.333639757832557],[108.11517806597956,34.333621768933853]]]},"properties":{"FID":418,"OBJECTID_1":0,"一级":"03","一级名":"林地","二级":"0301","二级名":"乔木林地","Shape_Leng":397.08441655795821,"备注":"漆水河岸林地","Shape_Area":549524.32446699997,"组别":"2"}},{"type":"Feature","id":419,"geometry":{"type":"Polygon","coordinates":[[[108.11673622229752,34.334136735089338],[108.11670995163962,34.334136995416621],[108.11662366346999,34.334058694716234],[108.11673954908689,34.333969146519365],[108.11694775210825,34.333894788390268],[108.11698047067313,34.333802584265868],[108.11677226710263,34.333772841175083],[108.11655216684476,34.333600329710414],[108.1163261188144,34.33344269072775],[108.11581750875001,34.333314794630596],[108.11543834990755,34.333317757021931],[108.11541143377082,34.33333530268623],[108.1152284622563,34.333461801404582],[108.11519587486971,34.333484331240044],[108.11518566909388,34.333562575013268],[108.11517806597956,34.333621768933853],[108.11516054081555,34.333621747553742],[108.11507861426612,34.333619722316122],[108.11507987584145,34.333528946448531],[108.11515720863859,34.333421870596418],[108.11536243693929,34.333305871308369],[108.1149133139658,34.333350486914583],[108.114904285772,34.333315449389033],[108.11537846455633,34.333296352789787],[108.11589205780425,34.333275970310865],[108.11638579672913,34.333412788674487],[108.1168319444219,34.333751861770175],[108.11697121376412,34.333786624265692],[108.11701657973029,34.33379808292576],[108.11703552030305,34.333849319455382],[108.11702806001357,34.333882891444262],[108.11696262399805,34.333933454051206],[108.11682877907204,34.334085145187544],[108.11673622229752,34.334136735089338]]]},"properties":{"FID":419,"OBJECTID_1":0,"一级":"06","一级名":"农业设施建设用地","二级":"0601","二级名":"农村道路","Shape_Leng":625.79851373699012,"备注":"二粮路","Shape_Area":164422.589205,"组别":"2"}},{"type":"Feature","id":420,"geometry":{"type":"Polygon","coordinates":[[[108.11507861426612,34.333619722316122],[108.11483027864705,34.333613582863059],[108.11364292692352,34.333627860247638],[108.11249866114728,34.333261961515802],[108.11244502125167,34.33324666936754],[108.11246414037385,34.333141542660485],[108.11247173659702,34.333105915440726],[108.11369144002798,34.33336428601654],[108.114904285772,34.333315449389033],[108.1149133139658,34.333350486914583],[108.11536243693929,34.333305871308369],[108.11515720863859,34.333421870596418],[108.11507987584145,34.333528946448531],[108.11507861426612,34.333619722316122]]]},"properties":{"FID":420,"OBJECTID_1":0,"一级":"03","一级名":"林地","二级":"0301","二级名":"乔木林地","Shape_Leng":585.963796357609,"备注":"漆水河岸林地","Shape_Area":684996.68269000005,"组别":"2"}},{"type":"Feature","id":421,"geometry":{"type":"Polygon","coordinates":[[[108.11511167010541,34.333928941769763],[108.11497577395978,34.33397509547688],[108.11457126674519,34.333927505872872],[108.11422921841356,34.33390668567602],[108.11369978803627,34.333900737304312],[108.11339983486641,34.333881271181113],[108.11276824507003,34.333739698020814],[108.11239703382289,34.33359438151124],[108.11238161752846,34.333588347620328],[108.11240620358099,34.333455235725829],[108.11242535371584,34.333365953440186],[108.11252015714277,34.333393122662677],[108.11366053468738,34.333727797473081],[108.11502158735529,34.33375159232255],[108.11507977587888,34.333768485505608],[108.11509474753785,34.333900736798533],[108.11511167010541,34.333928941769763]]]},"properties":{"FID":421,"OBJECTID_1":0,"一级":"03","一级名":"林地","二级":"0301","二级名":"乔木林地","Shape_Leng":553.34351071629339,"备注":"漆水河岸林地","Shape_Area":552018.88643099996,"组别":"2"}},{"type":"Feature","id":422,"geometry":{"type":"Polygon","coordinates":[[[108.11409101298527,34.339718279767688],[108.11406358393943,34.339642852294048],[108.11407905876098,34.339592479366075],[108.11409348237811,34.339550729176196],[108.1141078063864,34.339509265748035],[108.1142910253167,34.339337944258503],[108.11424819506871,34.339309391063672],[108.11411494478772,34.339478332900015],[108.11408917495507,34.339486922782704],[108.1140649758795,34.339494989239448],[108.11407406889624,34.33946208213321],[108.11411494520284,34.339314149829924],[108.11417681024957,34.339192797030222],[108.11423867630506,34.339140448939141],[108.11424581483055,34.339095239331471],[108.11412446354647,34.339009578405197],[108.11417205177362,34.338945333289125],[108.11428150698505,34.338973887453164],[108.11433385556651,34.338873950011163],[108.1144099979071,34.33874783835892],[108.11436378679917,34.338736747338451],[108.11428288586399,34.338717331053481],[108.11423153817272,34.338705007043814],[108.11423391686114,34.33864552061538],[108.11429816321474,34.338619347468608],[108.11442427464236,34.338662177133202],[108.11446472522449,34.338638382603882],[108.11441951622724,34.338531307302873],[108.11421383343851,34.3384578492442],[108.1142428708892,34.338396407874086],[108.11425404979717,34.33837275340484],[108.1144366955502,34.337986285681566],[108.11473820769365,34.338011411768861],[108.11476104946379,34.338013315025236],[108.11471218928693,34.33825053050446],[108.11465984136083,34.338369502884433],[108.11458359185066,34.338399502521213],[108.11459381828696,34.338620080796083],[108.11453877511362,34.338607379047012],[108.11440195561789,34.33902378372121],[108.11451498026142,34.339023784446518],[108.11453282678609,34.339154654641781],[108.11448523754808,34.339226037820801],[108.11465774834754,34.33933906271637],[108.11472913148199,34.339362857145957],[108.11480646376535,34.33929742190611],[108.1147469783951,34.33890481069578],[108.11486595142493,34.339041630465196],[108.11495211491371,34.339024398034873],[108.11496858570845,34.339137334498794],[108.11489569479212,34.339255780853151],[108.11484810529876,34.3394758814377],[108.11491948880207,34.339642443244465],[108.11487177455523,34.339679490189816],[108.11474193281462,34.339635178850656],[108.11450160678281,34.339666111853369],[108.11443022282627,34.339513826552334],[108.11431362981293,34.339421027055444],[108.11409101298527,34.339718279767688]]]},"properties":{"FID":422,"OBJECTID_1":0,"一级":"03","一级名":"林地","二级":"0301","二级名":"乔木林地","Shape_Leng":811.7139823313604,"备注":"某林地","Shape_Area":644716.87205200002,"组别":"2"}},{"type":"Feature","id":423,"geometry":{"type":"Polygon","coordinates":[[[108.11379154014014,34.339306846808945],[108.11363619702432,34.33961515232297],[108.113603359786,34.339598732573876],[108.11361126717016,34.339582634709195],[108.11363841950302,34.339527346945964],[108.11376186881401,34.339275987847422],[108.11389019224029,34.339014701483066],[108.11389960380275,34.338995539869217],[108.11394600213083,34.338995539972608],[108.11392463800267,34.339040172329959],[108.11379154014014,34.339306846808945]]]},"properties":{"FID":423,"OBJECTID_1":0,"一级":"06","一级名":"农业设施建设用地","二级":"0601","二级名":"农村道路","Shape_Leng":154.45912316731389,"备注":"二粮路","Shape_Area":27764.300585500001,"组别":"2"}},{"type":"Feature","id":424,"geometry":{"type":"Polygon","coordinates":[[[108.11343001529814,34.339723086657706],[108.11336065608661,34.33989497580086],[108.11332853360884,34.339898544748273],[108.1133781202077,34.339689569891412],[108.11334622368214,34.339683314298235],[108.11304916192256,34.339608921981608],[108.11305251098317,34.339590826172724],[108.11344274783954,34.33969153205463],[108.11343001529814,34.339723086657706]]]},"properties":{"FID":424,"OBJECTID_1":0,"一级":"06","一级名":"农业设施建设用地","二级":"0601","二级名":"农村道路","Shape_Leng":121.61163716264518,"备注":"二粮路","Shape_Area":16497.340701100002,"组别":"2"}},{"type":"Feature","id":425,"geometry":{"type":"Polygon","coordinates":[[[108.11325425968204,34.339911199940786],[108.11330711768794,34.339916391346556],[108.11329554815174,34.339962670544061],[108.11296570033562,34.33992049803539],[108.11299786839204,34.339886018667279],[108.11325425968204,34.339911199940786]]]},"properties":{"FID":425,"OBJECTID_1":0,"一级":"06","一级名":"农业设施建设用地","二级":"0601","二级名":"农村道路","Shape_Leng":69.443122627929384,"备注":"二粮路","Shape_Area":12919.991019700001,"组别":"2"}},{"type":"Feature","id":426,"geometry":{"type":"Polygon","coordinates":[[[108.11401272876505,34.340075189357755],[108.11400667919166,34.340094850872958],[108.11399240252857,34.340137680885952],[108.11386391159645,34.340162665074807],[108.11376040505364,34.340109127695762],[108.11362834433362,34.340119835501739],[108.11364262209349,34.340034175285794],[108.11369259019361,34.339944944523722],[108.113778251124,34.33991282273076],[108.11381946929184,34.33989834090152],[108.11391031106169,34.339866422442149],[108.11394149889166,34.339717413835956],[108.1140066791255,34.339652271673224],[108.11407905876098,34.339592479366075],[108.11406358393943,34.339642852294048],[108.11409101298527,34.339718279767688],[108.11390198276898,34.339970682815228],[108.11395705485488,34.340022652412941],[108.11401272876505,34.340075189357755]]]},"properties":{"FID":426,"OBJECTID_1":0,"一级":"03","一级名":"林地","二级":"0301","二级名":"乔木林地","Shape_Leng":183.57997141398695,"备注":"某林地","Shape_Area":98005.473425699995,"组别":"2"}},{"type":"Feature","id":427,"geometry":{"type":"Polygon","coordinates":[[[108.11421799656252,34.340350397661908],[108.11414944706551,34.340348263776121],[108.11403523338782,34.340312571503674],[108.11402095598091,34.340398231760808],[108.11394957222714,34.340401801365246],[108.11391744972798,34.340487461988012],[108.11404950919257,34.340519584112201],[108.1141851383568,34.34054813831095],[108.11421369209309,34.340615953496851],[108.1142850766135,34.340648075153325],[108.11426723119192,34.340676629074409],[108.11419941502614,34.340687336122159],[108.11409590840177,34.340687337057162],[108.11399954111958,34.340673059920384],[108.11396028013004,34.340658782759604],[108.11402452560448,34.340619522070263],[108.1141530159323,34.34064093691574],[108.11418156937731,34.340619522668099],[108.11411018563132,34.340576692263475],[108.11397098792719,34.340551707560344],[108.11384249642245,34.340544568369808],[108.11376040496539,34.340576691396258],[108.11381751169398,34.340662351994432],[108.11391744959764,34.340705183051568],[108.11398169510166,34.340730167293245],[108.11409947807212,34.3407480123821],[108.1141521238217,34.340800658453105],[108.11412089411864,34.340794412358022],[108.11397098793569,34.340769428621329],[108.11389960356021,34.340730167056812],[108.11373542084222,34.340765858735224],[108.11371400643934,34.340862227054323],[108.11369972975676,34.340997856327341],[108.11371400563932,34.341087086027763],[108.11377825104221,34.341101362589953],[108.11390674195523,34.341097794062378],[108.11397455606603,34.341101363022993],[108.11397455699915,34.341172746749322],[108.11384249613205,34.341162039217494],[108.11377111167292,34.341140623287451],[108.11373185184853,34.341194161721248],[108.11373185163463,34.341258407525913],[108.11384963474453,34.341247700263857],[108.11389603448328,34.341297667639267],[108.11391744869992,34.341386898784471],[108.11384606593501,34.341379759642493],[108.11376754246527,34.341369051822511],[108.11363905315525,34.341379759927499],[108.11359979049577,34.341429728457399],[108.11355696092397,34.341479697577959],[108.11352209344109,34.341475823795157],[108.1136818825602,34.341254838091118],[108.11368902059696,34.341072809044547],[108.11358194573306,34.341015702269772],[108.11347129965472,34.340965733026543],[108.11351413135431,34.340908626007696],[108.11364619071936,34.340969302056052],[108.11365689848532,34.340858657026594],[108.11376040468832,34.340508877525018],[108.1138389266716,34.340326848816353],[108.11385677304284,34.340280448344707],[108.11391744891915,34.340351832440376],[108.11399240272985,34.340284018224743],[108.1139995409593,34.340237618685578],[108.11373185250891,34.340169804029316],[108.11346059300334,34.340555276347104],[108.1133892091576,34.340533861994032],[108.11357480676773,34.340198357252575],[108.11359265390506,34.340023466987482],[108.11362120587256,34.339916390577329],[108.11374969660427,34.339859284184094],[108.11376892930022,34.33984079227379],[108.11380732519973,34.339803872513677],[108.11384249644901,34.339770054128344],[108.11401024748942,34.339591595097495],[108.11408917495507,34.339486922782704],[108.11411494478772,34.339478332900015],[108.11424819506871,34.339309391063672],[108.1142910253167,34.339337944258503],[108.1141078063864,34.339509265748035],[108.11409348237811,34.339550729176196],[108.11407905876098,34.339592479366075],[108.1140066791255,34.339652271673224],[108.11394149889166,34.339717413835956],[108.11391031106169,34.339866422442149],[108.11381946929184,34.33989834090152],[108.113778251124,34.33991282273076],[108.11369259019361,34.339944944523722],[108.11364262209349,34.340034175285794],[108.11362834433362,34.340119835501739],[108.11376040505364,34.340109127695762],[108.11386391159645,34.340162665074807],[108.11399240252857,34.340137680885952],[108.11400667919166,34.340094850872958],[108.11401272876505,34.340075189357755],[108.11407204217761,34.340124374787365],[108.11403534794674,34.340155527174126],[108.11415663617403,34.340166225614034],[108.11425666948399,34.34008417961558],[108.1143173139714,34.34011626620368],[108.11423522348394,34.340198357715138],[108.11412100851992,34.34025546483285],[108.11410316252385,34.340287586792357],[108.11423522195068,34.340305432871766],[108.11425375024993,34.340309264004993],[108.11421799656252,34.340350397661908]]]},"properties":{"FID":427,"OBJECTID_1":0,"一级":"06","一级名":"农业设施建设用地","二级":"0601","二级名":"农村道路","Shape_Leng":1134.5871402600001,"备注":"二粮路","Shape_Area":367013.98055799998,"组别":"2"}},{"type":"Feature","id":428,"geometry":{"type":"Polygon","coordinates":[[[108.11310483509565,34.339298855870638],[108.11327955633922,34.339329854938583],[108.11338306151106,34.339365546120348],[108.11349370731072,34.339404807671443],[108.11349727632613,34.339472621853247],[108.11344730793425,34.339508313606082],[108.11317961770662,34.33944763746014],[108.11307446113717,34.339472247674678],[108.11307689308995,34.339459112658353],[108.11310483509565,34.339298855870638]]]},"properties":{"FID":428,"OBJECTID_1":0,"一级":"07","一级名":"居住用地","二级":"0703","二级名":"农村宅基地","Shape_Leng":106.4507013552293,"备注":"王家堡村落","Shape_Area":55122.749183200001,"组别":"2"}},{"type":"Feature","id":429,"geometry":{"type":"Polygon","coordinates":[[[108.11363841950302,34.339527346945964],[108.11361126717016,34.339582634709195],[108.11346515371828,34.339558282370604],[108.11323672464823,34.339494037060156],[108.11306934153289,34.339499909829385],[108.11307446113717,34.339472247674678],[108.11317961770662,34.33944763746014],[108.11344730793425,34.339508313606082],[108.11349727632613,34.339472621853247],[108.11349370731072,34.339404807671443],[108.11338306151106,34.339365546120348],[108.11327955633922,34.339329854938583],[108.11310483509565,34.339298855870638],[108.11310994701925,34.339269537700609],[108.11315463438331,34.339251331576818],[108.1133366625092,34.339319146593212],[108.11351512279315,34.33935126961623],[108.11361506006926,34.339319147319955],[108.11361149065418,34.33936554623704],[108.11351155320362,34.339497605776643],[108.11362576710324,34.3395118829689],[108.11363841950302,34.339527346945964]]]},"properties":{"FID":429,"OBJECTID_1":0,"一级":"06","一级名":"农业设施建设用地","二级":"0601","二级名":"农村道路","Shape_Leng":236.11376101940343,"备注":"二粮路","Shape_Area":56524.829941299999,"组别":"2"}},{"type":"Feature","id":430,"geometry":{"type":"Polygon","coordinates":[[[108.11411148423728,34.34555190763713],[108.11405187839708,34.345579369061404],[108.11402277573902,34.345590544767575],[108.11411263633383,34.344453601208826],[108.11411497950402,34.344424684957623],[108.11414610423425,34.344040464115871],[108.11414785302081,34.344018865729346],[108.11415876588831,34.343884141989143],[108.11418997929722,34.343487056899399],[108.1141933148392,34.343444625628827],[108.11424008465129,34.342849605120001],[108.11424230153852,34.342821397540106],[108.11424400132913,34.342799769444824],[108.11424311334487,34.342779691605415],[108.11419702685602,34.342265649277984],[108.11419435972508,34.342235904720006],[108.11419058248383,34.34219377666129],[108.11424084981758,34.342205284044205],[108.11427289534504,34.342750085348001],[108.1142760903564,34.342804404660072],[108.11427747423258,34.342827905858016],[108.1142763699105,34.342857461915955],[108.11425377778717,34.343270574551561],[108.11424706576344,34.343393314625033],[108.1142141320835,34.343995515087016],[108.11421186292004,34.344037298998479],[108.11421111427896,34.344051062591809],[108.1141905952182,34.344274964281347],[108.11418896888401,34.344292284129523],[108.11417383356003,34.344457404295326],[108.1141717408296,34.344480236225948],[108.1141587667199,34.344621775261231],[108.11412069520173,34.345297542022713],[108.11411148423728,34.34555190763713]]]},"properties":{"FID":430,"OBJECTID_1":0,"一级":"12","一级名":"交通运输用地","二级":"1202","二级名":"公路用地","Shape_Leng":763.40536284768052,"备注":"二粮路","Shape_Area":194469.616327,"组别":"2"}},{"type":"Feature","id":431,"geometry":{"type":"Polygon","coordinates":[[[108.11456993947689,34.344492701342645],[108.11456191064926,34.344517200261578],[108.1141717408296,34.344480236225948],[108.11417383356003,34.344457404295326],[108.11456993947689,34.344492701342645]]]},"properties":{"FID":431,"OBJECTID_1":0,"一级":"06","一级名":"农业设施建设用地","二级":"0601","二级名":"农村道路","Shape_Leng":78.144879742842235,"备注":"二粮路","Shape_Area":9682.60635095,"组别":"2"}},{"type":"Feature","id":432,"geometry":{"type":"Polygon","coordinates":[[[108.11218643851787,34.346388390157038],[108.11214819405589,34.346395712755431],[108.1121450962241,34.346377542664285],[108.11214195565981,34.346359928825102],[108.11213622497809,34.3463111919692],[108.11212670645209,34.346139871766603],[108.11220760883182,34.345968550760183],[108.11221236727172,34.345821023747149],[108.11218218279696,34.345607060890742],[108.11224302910782,34.345519230868241],[108.11238422590202,34.345306344174034],[108.11247410858768,34.345169051554215],[108.1124788668624,34.345073873447816],[108.11248885646886,34.344844240617405],[108.11253277093908,34.344782662869335],[108.1126692246775,34.344626534652868],[108.11285006329359,34.344279132459533],[108.11289382481552,34.344232245809401],[108.1129166882731,34.344207749544957],[108.11294198188874,34.344172727157193],[108.11297855432117,34.344122088837146],[108.11295951773153,34.344036427939102],[108.11294630143405,34.344027176522772],[108.11286433956826,34.343969803485116],[108.11292008773967,34.343897923959197],[108.1129507011059,34.34385061219335],[108.11296903592071,34.34382227618439],[108.11298383396867,34.343840774422731],[108.112937409964,34.343954940116262],[108.11301662492704,34.344007874950101],[108.11301186677034,34.344122088744754],[108.11301186742153,34.34418738384111],[108.11321174088314,34.344226784984095],[108.11329740209274,34.34425533855606],[108.11333071400155,34.344279132941068],[108.11348300013024,34.344317204724035],[108.11381788864686,34.344346466925558],[108.11396451065259,34.344376591086395],[108.11411497950402,34.344424684957623],[108.11411263633384,34.344453601208826],[108.11404931104803,34.344440936723309],[108.11392052413909,34.344383966419421],[108.11363528520668,34.344360034329341],[108.11346250304054,34.344321780990079],[108.11328703159303,34.344276625230506],[108.1131014861995,34.344224323013307],[108.11297596531625,34.344205174668893],[108.11283102744945,34.344383828954861],[108.11275488448126,34.344569427276816],[108.11251217975355,34.344883516099344],[108.1125123227731,34.344974449353806],[108.11247886713386,34.34522139972308],[108.11221712569815,34.345616390690942],[108.11226947437606,34.345920960824522],[108.11220284911489,34.346063727942344],[108.11216953667261,34.346296916273509],[108.11218317287897,34.346370718738847],[108.11218643851787,34.346388390157038]]]},"properties":{"FID":432,"OBJECTID_1":0,"一级":"06","一级名":"农业设施建设用地","二级":"0601","二级名":"农村道路","Shape_Leng":841.99905494720531,"备注":"二粮路","Shape_Area":194465.28667999999,"组别":"2"}},{"type":"Feature","id":433,"geometry":{"type":"Polygon","coordinates":[[[108.11268803098845,34.343440927798397],[108.11268350149861,34.343522464530849],[108.1126376532178,34.343530105292395],[108.11259783980228,34.343536741647284],[108.11259308167126,34.343408249951821],[108.11258356401181,34.343322590147359],[108.11263115265939,34.34325596486223],[108.11262163497767,34.343170304157155],[108.11262395658822,34.343102955144744],[108.11262639440497,34.343032294888026],[108.11261211724212,34.342989465175179],[108.11257404571813,34.342903803676315],[108.11256065355539,34.342863627100513],[108.11255025125951,34.342832420206989],[108.11258832219869,34.342837180178989],[108.11261211592162,34.342899044912329],[108.11265970599304,34.342913322047771],[108.11267398285649,34.342965670484965],[108.11268350010219,34.34303229553425],[108.1126977770049,34.343117955461935],[108.11269777795445,34.343227526765673],[108.11269777796004,34.343255964857711],[108.11271697758112,34.343259926317756],[108.11299198537202,34.343316675233659],[108.11301016290652,34.343317831283272],[108.11307373211557,34.343317830288868],[108.11309276886179,34.343317830736723],[108.11316891047397,34.34327500047889],[108.11321817491006,34.343327549088066],[108.11324029407986,34.34335114380594],[108.11332119618415,34.343384455272194],[108.1134972771974,34.343398732088374],[108.11359364454852,34.343425317518445],[108.11363528531645,34.343436804302506],[108.11372193030651,34.343400789059132],[108.11379708839769,34.343365419974255],[108.11411117745273,34.343436803437186],[108.1141933148392,34.343444625628827],[108.11418997929722,34.343487056899399],[108.11393033789841,34.343436804164696],[108.11381612424157,34.343413009444475],[108.11368335047588,34.343460501064257],[108.11356104662649,34.343457721709335],[108.1134782412836,34.343455839564875],[108.11334975038494,34.343422527193312],[108.1132307767575,34.343393973813932],[108.11314511530578,34.343327347981308],[108.11308613986979,34.343364434366109],[108.11305030883999,34.343360661405171],[108.11300017487675,34.343360660806674],[108.11297379447244,34.34336066081012],[108.11287861736135,34.343355902233704],[108.11273158654046,34.343303730210884],[108.11267874138034,34.343317831125923],[108.11268055739357,34.343340534132828],[108.11268803098845,34.343440927798397]]]},"properties":{"FID":433,"OBJECTID_1":0,"一级":"06","一级名":"农业设施建设用地","二级":"0601","二级名":"农村道路","Shape_Leng":466.37306906697125,"备注":"二粮路","Shape_Area":121760.809635,"组别":"2"}},{"type":"Feature","id":434,"geometry":{"type":"Polygon","coordinates":[[[108.11424008465129,34.342849605120001],[108.11417775133145,34.342844667258767],[108.11378281185992,34.342813384836411],[108.11353058887725,34.342794348921181],[108.11313279682146,34.342756463703935],[108.11308785442932,34.342781192255998],[108.11307373211557,34.343317830288868],[108.11301016290652,34.343317831283272],[108.11299198537202,34.343316675233659],[108.11302138475065,34.343075125346502],[108.11304517923521,34.342970429815303],[108.11303090254633,34.342903803778569],[108.11301662439715,34.34277531366299],[108.11299283041016,34.342713447204567],[108.11292620558675,34.342675376958233],[108.11292620506357,34.34254688537758],[108.11298807240031,34.342599233151347],[108.11303566141999,34.342684893852827],[108.11319234832654,34.342714899108763],[108.1132593306143,34.342727724729357],[108.1136364131617,34.342757402750919],[108.11367788600877,34.342760667277176],[108.11421937998428,34.342803284749301],[108.11424400132913,34.342799769444824],[108.11424230153852,34.342821397540106],[108.11424008465129,34.342849605120001]]]},"properties":{"FID":434,"OBJECTID_1":0,"一级":"06","一级名":"农业设施建设用地","二级":"0601","二级名":"农村道路","Shape_Leng":400.2016628368732,"备注":"二粮路","Shape_Area":105077.841163,"组别":"2"}},{"type":"Feature","id":435,"geometry":{"type":"Polygon","coordinates":[[[108.11460136301947,34.343215177395393],[108.11451568536719,34.3431988578307],[108.11433008773314,34.343236929497202],[108.1143348462318,34.343289276707942],[108.11424706576344,34.343393314625033],[108.11425377778717,34.343270574551561],[108.11427773910331,34.34322265294621],[108.11439195368908,34.34316078679263],[108.1145252040841,34.343165544646467],[108.11460378322762,34.343165545044073],[108.1146441770066,34.343165545091566],[108.11465919627555,34.343141976253918],[108.11472031914005,34.343079884547763],[108.1148154975469,34.343027536531537],[108.11489074296516,34.343001794500012],[108.11494993377913,34.342981544888787],[108.11499197609935,34.342967161961283],[108.11499148550163,34.342989926598484],[108.11498882752475,34.343013291853872],[108.1149347398883,34.343013259701017],[108.11489705131631,34.343033215980959],[108.11472031873758,34.343127473683829],[108.11470814388915,34.343161563743166],[108.11469652445221,34.343194099129114],[108.11465159813298,34.343207312731209],[108.11462512946916,34.343215097453772],[108.11460136301947,34.343215177395393]]]},"properties":{"FID":435,"OBJECTID_1":0,"一级":"06","一级名":"农业设施建设用地","二级":"0601","二级名":"农村道路","Shape_Leng":191.08437250747346,"备注":"二粮路","Shape_Area":41859.965867999999,"组别":"2"}},{"type":"Feature","id":436,"geometry":{"type":"Polygon","coordinates":[[[108.11462852526405,34.342760247962062],[108.11457755120196,34.342794349987507],[108.11447240110326,34.342764906833075],[108.11445356236409,34.342763366686349],[108.11432532855851,34.342822902143013],[108.1142763699105,34.342857461915955],[108.11427747423258,34.342827905858016],[108.1142760903564,34.342804404660072],[108.11430629243539,34.342784831476962],[108.1143491230349,34.342756277666915],[108.11454423884429,34.342732483723779],[108.11462598322416,34.342725913863376],[108.11462852526405,34.342760247962062]]]},"properties":{"FID":436,"OBJECTID_1":0,"一级":"06","一级名":"农业设施建设用地","二级":"0601","二级名":"农村道路","Shape_Leng":81.407233935704483,"备注":"二粮路","Shape_Area":15611.7299339,"组别":"2"}},{"type":"Feature","id":437,"geometry":{"type":"Polygon","coordinates":[[[108.1136364131617,34.342757402750919],[108.11359721346756,34.342461224447739],[108.11367335621658,34.342470742827338],[108.11367788600877,34.342760667277176],[108.1136364131617,34.342757402750919]]]},"properties":{"FID":437,"OBJECTID_1":0,"一级":"06","一级名":"农业设施建设用地","二级":"0601","二级名":"农村道路","Shape_Leng":76.134084440298494,"备注":"二粮路","Shape_Area":17447.4952495,"组别":"2"}},{"type":"Feature","id":438,"geometry":{"type":"Polygon","coordinates":[[[108.11282136587498,34.341833535205176],[108.11280247350422,34.34182828796623],[108.11280889621464,34.341773696513208],[108.11295963667078,34.341816764592835],[108.11298167144824,34.341818301119389],[108.11299793507911,34.341822904395272],[108.11304500175194,34.341841153789396],[108.11308325009171,34.341852082274812],[108.11319960085402,34.34190867877733],[108.11304517862601,34.341880635759928],[108.11293572373775,34.34183780556657],[108.11286539553019,34.341832781556867],[108.11283871810359,34.341832992750867],[108.11282136587498,34.341833535205176]]]},"properties":{"FID":438,"OBJECTID_1":0,"一级":"06","一级名":"农业设施建设用地","二级":"0601","二级名":"农村道路","Shape_Leng":83.345873870129878,"备注":"二粮路","Shape_Area":13236.437444499999,"组别":"2"}},{"type":"Feature","id":439,"geometry":{"type":"Polygon","coordinates":[[[108.11419435972508,34.342235904720006],[108.11419702685602,34.342265649277984],[108.11402075727949,34.342261350320634],[108.11382315995714,34.342234329295103],[108.11347916149276,34.342187285720577],[108.11346396406208,34.342185207468724],[108.11324834723469,34.342185207856218],[108.11324505315253,34.342142377067454],[108.11350758758552,34.342163597318063],[108.11383295174534,34.342200298327121],[108.11419435972508,34.342235904720006]]]},"properties":{"FID":439,"OBJECTID_1":0,"一级":"06","一级名":"农业设施建设用地","二级":"0601","二级名":"农村道路","Shape_Leng":184.03080727751595,"备注":"二粮路","Shape_Area":33054.544311500002,"组别":"2"}},{"type":"Feature","id":440,"geometry":{"type":"Polygon","coordinates":[[[108.11465919627555,34.343141976253918],[108.1146441770066,34.343165545091566],[108.11460378322762,34.343165545044073],[108.11460551723574,34.34312998724225],[108.11462852526405,34.342760247962062],[108.11462598322416,34.342725913863376],[108.11466677926659,34.342727770576225],[108.11465919627555,34.343141976253918]]]},"properties":{"FID":440,"OBJECTID_1":0,"一级":"06","一级名":"农业设施建设用地","二级":"0601","二级名":"农村道路","Shape_Leng":105.21866202639484,"备注":"二粮路","Shape_Area":20413.211779199999,"组别":"2"}},{"type":"Feature","id":441,"geometry":{"type":"Polygon","coordinates":[[[108.11460378322762,34.343165545044073],[108.1145252040841,34.343165544646467],[108.11439195368908,34.34316078679263],[108.11427773910331,34.34322265294621],[108.11425377778717,34.343270574551561],[108.1142763699105,34.342857461915955],[108.11432532855851,34.342822902143013],[108.11445356236409,34.342763366686349],[108.11447240110326,34.342764906833075],[108.11457755120196,34.342794349987507],[108.11462852526405,34.342760247962062],[108.11460551723574,34.34312998724225],[108.11460378322762,34.343165545044073]]]},"properties":{"FID":441,"OBJECTID_1":0,"一级":"07","一级名":"居住用地","二级":"0703","二级名":"农村宅基地","Shape_Leng":166.1144245726596,"备注":"王家堡村落","Shape_Area":136181.70630600001,"组别":"2"}},{"type":"Feature","id":442,"geometry":{"type":"Polygon","coordinates":[[[108.1146350155521,34.343688184039074],[108.11460142662848,34.343697334854085],[108.1145778488558,34.343697198259498],[108.11458588572552,34.343532454274282],[108.11459403885175,34.343365311336825],[108.11460136301947,34.343215177395393],[108.11462512946916,34.343215097453772],[108.11465159813298,34.343207312731209],[108.11464599604126,34.343369764690159],[108.11464083621429,34.343519400789923],[108.1146350155521,34.343688184039074]]]},"properties":{"FID":442,"OBJECTID_1":0,"一级":"06","一级名":"农业设施建设用地","二级":"0601","二级名":"农村道路","Shape_Leng":117.0712672940716,"备注":"二粮路","Shape_Area":26234.983334100001,"组别":"2"}},{"type":"Feature","id":443,"geometry":{"type":"Polygon","coordinates":[[[108.11499197609935,34.342967161961283],[108.11494993377913,34.342981544888787],[108.11496212402264,34.342955641131248],[108.11489074071564,34.342812874011514],[108.11491929365098,34.342608240063065],[108.11488912485838,34.342608239527067],[108.1148145342339,34.342506526068206],[108.11486783397366,34.342380889966755],[108.11493826559879,34.342356144048082],[108.11499960628296,34.342372182381233],[108.11499197609935,34.342967161961283]]]},"properties":{"FID":443,"OBJECTID_1":0,"一级":"03","一级名":"林地","二级":"0301","二级名":"乔木林地","Shape_Leng":156.98204361218259,"备注":"某林地","Shape_Area":66427.746949099994,"组别":"2"}},{"type":"Feature","id":444,"geometry":{"type":"Polygon","coordinates":[[[108.1068703793555,34.342493451403755],[108.10676497214871,34.343438709323735],[108.10675719048545,34.343665101211919],[108.10669810651825,34.343920092190245],[108.1066625504487,34.344640717633119],[108.10629221036838,34.34474823017058],[108.10570213263323,34.344767061786072],[108.10539659059633,34.344768776563086],[108.10536825863259,34.345069214637107],[108.10535565078301,34.345331267668975],[108.10534088095368,34.345447187252596],[108.10529585497098,34.345815798725923],[108.10525655985852,34.345913250930138],[108.10512292282712,34.34593095541608],[108.10486448258034,34.345921864750068],[108.10477811297748,34.345925775391144],[108.10473721925912,34.345963566157529],[108.10457914074776,34.345962807915086],[108.10442079136797,34.345863658585841],[108.10433274681452,34.345820065959892],[108.10504627212762,34.344775066150376],[108.10521661498731,34.344849319930674],[108.1068703793555,34.342493451403755]]]},"properties":{"FID":444,"OBJECTID_1":0,"一级":"01","一级名":"耕地","二级":"0102","二级名":"水浇地","Shape_Leng":1031.14349363,"备注":"某耕地","Shape_Area":2334917.6243199999,"组别":"2"}},{"type":"Feature","id":445,"geometry":{"type":"Polygon","coordinates":[[[108.10665035970251,34.344682167484322],[108.10648073757582,34.345813332530476],[108.1064148795904,34.346097975239822],[108.10618142797956,34.346239132394189],[108.10617546966739,34.346612355577641],[108.10388632302507,34.346473864254925],[108.10429280566903,34.345878561857155],[108.10455285706087,34.345994978935394],[108.10468502344447,34.346018965262729],[108.10483043481675,34.345971734922315],[108.10508920208906,34.34597189982771],[108.10525778024851,34.345981844381093],[108.10533197888584,34.345915035005966],[108.10538861024203,34.345731536931766],[108.1054051208577,34.345564977021034],[108.10541014094841,34.345419013191311],[108.10545937850669,34.345136958128371],[108.10547701728127,34.344937631128445],[108.10550216726777,34.344833879766632],[108.10574338590915,34.344821703629847],[108.10595558210659,34.34481777633836],[108.10620061347004,34.344799725563824],[108.10640571181381,34.344792652074609],[108.10665035970251,34.344682167484322]]]},"properties":{"FID":445,"OBJECTID_1":0,"一级":"01","一级名":"耕地","二级":"0102","二级名":"水浇地","Shape_Leng":847.28359526293571,"备注":"某耕地","Shape_Area":2647576.9771500002,"组别":"2"}},{"type":"Feature","id":446,"geometry":{"type":"Polygon","coordinates":[[[108.10845096345767,34.344484656373318],[108.10844307701376,34.344508855475432],[108.10828245999481,34.344996644191717],[108.10820443474668,34.345965593058601],[108.10813659542936,34.346057005346914],[108.10763621983584,34.346560338527269],[108.10623231073598,34.346302363119982],[108.10623242234966,34.346252978159505],[108.10629782983142,34.346212774891697],[108.10633093242771,34.346195688348011],[108.10635318797664,34.346186192662785],[108.10644837454643,34.34612738845275],[108.10649564825495,34.346006870881276],[108.10669796868899,34.344656461771805],[108.10673191868281,34.344296544233885],[108.10709669833005,34.344349880898825],[108.10784240964531,34.344403280907486],[108.10845096345767,34.344484656373318]]]},"properties":{"FID":446,"OBJECTID_1":0,"一级":"01","一级名":"耕地","二级":"0102","二级名":"水浇地","Shape_Leng":777.67571076004356,"备注":"某耕地","Shape_Area":3490497.6063000001,"组别":"2"}},{"type":"Feature","id":447,"geometry":{"type":"Polygon","coordinates":[[[108.10973807212756,34.34332570084603],[108.109721325848,34.343429583493865],[108.10977129538864,34.344664523088873],[108.11015676703138,34.345678173169574],[108.11012107487858,34.346299213040531],[108.10984098733961,34.346622856948663],[108.10973697802699,34.346491216088609],[108.10971046678611,34.346132837658757],[108.10979197018972,34.346020282465318],[108.11005904736221,34.346030169903585],[108.11005657848236,34.345976449338735],[108.10976746173553,34.345980350857523],[108.10967795292841,34.346074829523232],[108.10947662538904,34.346034297978257],[108.10904354105402,34.345917906764477],[108.10970877384339,34.345009917153547],[108.10971116082501,34.344831550903848],[108.10945500463221,34.344420045419767],[108.10953575237427,34.344161986758948],[108.10960148655936,34.344006128746308],[108.10953717334708,34.343618237052134],[108.10951598004043,34.343481790851598],[108.10956636871707,34.34335419084006],[108.10968719896901,34.343352275188195],[108.10973807212756,34.34332570084603]]]},"properties":{"FID":447,"OBJECTID_1":0,"一级":"01","一级名":"耕地","二级":"0102","二级名":"水浇地","Shape_Leng":910.21008191032524,"备注":"皇家尚林苑水乡花海","Shape_Area":1240810.1038899999,"组别":"2"}},{"type":"Feature","id":448,"geometry":{"type":"Polygon","coordinates":[[[108.10899986662638,34.345907605680466],[108.10897561028706,34.345937058783889],[108.10857353842816,34.345922785873718],[108.1085514955534,34.34589381022306],[108.10842277252787,34.34572460564025],[108.10841689137087,34.345694892664682],[108.1084641703,34.345289604050308],[108.10851509939211,34.344794819538507],[108.10860076896365,34.344460557745805],[108.1087500901278,34.34433243398194],[108.10886218384704,34.344283566104231],[108.10888414805264,34.344246878874046],[108.10887289663604,34.344021945270086],[108.10878742188766,34.343798118835473],[108.10879423441844,34.343449113771456],[108.10894965405664,34.343243859092503],[108.1090000818903,34.343182086257734],[108.10897051198501,34.342988201484474],[108.10895000790536,34.342831737188973],[108.1090159691129,34.342740412619591],[108.10971762979285,34.343073440842943],[108.10967997076642,34.343311559100584],[108.10951859050623,34.343322056152537],[108.10946442970022,34.343475802441304],[108.10947182856732,34.343595228419879],[108.1095073868491,34.343732014257533],[108.10954492688695,34.343978557111946],[108.10949503746114,34.344175335331528],[108.10940903446401,34.344418959656188],[108.10944910347747,34.344508151432116],[108.10965107132412,34.34482297576627],[108.10965754924084,34.344994397188188],[108.10932710772379,34.345448089286421],[108.10899986662638,34.345907605680466]]]},"properties":{"FID":448,"OBJECTID_1":0,"一级":"01","一级名":"耕地","二级":"0102","二级名":"水浇地","Shape_Leng":847.93926625542053,"备注":"皇家尚林苑水乡花海","Shape_Area":2486994.5211200002,"组别":"2"}},{"type":"Feature","id":449,"geometry":{"type":"Polygon","coordinates":[[[108.11081259132166,34.341083590866631],[108.11082867773051,34.341517927609658],[108.11070970561607,34.341912917897275],[108.11050507181633,34.342150863678746],[108.11022429456648,34.342379292239009],[108.10995850866011,34.342805291321575],[108.10960404936753,34.342633735610526],[108.1097682315639,34.342298231561507],[108.10951124955275,34.342219709253676],[108.10911150028095,34.342034112373454],[108.10876446253977,34.341961238957467],[108.10875130208744,34.341944967207183],[108.10838370483799,34.34175630679875],[108.10817531921437,34.341737404033417],[108.10741581737187,34.341715843968466],[108.10748493884248,34.34162122612895],[108.10789601363103,34.341073692091079],[108.10944700392712,34.341106121989618],[108.10946128080695,34.340941939714128],[108.11081259132166,34.341083590866631]],[[108.10916860697395,34.341427348943668],[108.1080621587252,34.341398796123769],[108.10805501946912,34.341548701492961],[108.10915433050991,34.341577255328517],[108.10916860697395,34.341427348943668]]]},"properties":{"FID":449,"OBJECTID_1":0,"一级":"09","一级名":"商业服务业用地","二级":"0901","二级名":"商业用地","Shape_Leng":1131.1158192099999,"备注":"姜嫄水乡","Shape_Area":3143662.2248200001,"组别":"2"}},{"type":"Feature","id":450,"geometry":{"type":"Polygon","coordinates":[[[108.10970081360732,34.338186681327706],[108.10983406294065,34.338705403782456],[108.10987491659463,34.339163858458967],[108.10987689411508,34.339186055648113],[108.10995779606881,34.339623876384799],[108.11011959884004,34.339852304107929],[108.11012989074062,34.339902291870125],[108.11015291139988,34.340014107949536],[108.11058597274715,34.340599455513043],[108.11080964245717,34.341003963962329],[108.11081259132166,34.341083590866631],[108.10946128080695,34.340941939714128],[108.10936134345131,34.340949077689331],[108.10914005459172,34.340570743456865],[108.10873316653905,34.340599296553094],[108.10838732298086,34.34041667203374],[108.1090900850475,34.339478571170289],[108.10879365693653,34.339286306562535],[108.10970081360732,34.338186681327706]]]},"properties":{"FID":450,"OBJECTID_1":0,"一级":"09","一级名":"商业服务业用地","二级":"0901","二级名":"商业用地","Shape_Leng":904.86704144197893,"备注":"姜嫄水乡","Shape_Area":3138268.8487200001,"组别":"2"}},{"type":"Feature","id":451,"geometry":{"type":"Polygon","coordinates":[[[108.10860529923963,34.34317356830261],[108.10860532081065,34.343204631487495],[108.10710535404762,34.34312337086773],[108.1071096167135,34.343094438639049],[108.10860529923963,34.34317356830261]]]},"properties":{"FID":451,"OBJECTID_1":0,"一级":"06","一级名":"农业设施建设用地","二级":"0601","二级名":"农村道路","Shape_Leng":282.88774846631526,"备注":"某田间道路","Shape_Area":46033.842583099999,"组别":"2"}},{"type":"Feature","id":452,"geometry":{"type":"Polygon","coordinates":[[[108.10838370483799,34.34175630679875],[108.10874561770687,34.341959810622484],[108.10874250690871,34.342318205004759],[108.10860529923963,34.34317356830261],[108.1071096167135,34.343094438639049],[108.10719556863499,34.342847498468771],[108.10721245298079,34.342557684824605],[108.107294031287,34.342264237417922],[108.10729308849676,34.341888349782337],[108.10740334942969,34.341733608660661],[108.10809538695351,34.341754117755919],[108.10838370483799,34.34175630679875]]]},"properties":{"FID":452,"OBJECTID_1":0,"一级":"01","一级名":"耕地","二级":"0102","二级名":"水浇地","Shape_Leng":559.59631422979589,"备注":"某耕地","Shape_Area":2031319.48064,"组别":"2"}},{"type":"Feature","id":453,"geometry":{"type":"Polygon","coordinates":[[[108.10710535404762,34.34312337086773],[108.10708418808971,34.343274563101879],[108.10708420984015,34.34346694526127],[108.10688630284014,34.343815639419496],[108.10689052141116,34.343936878499385],[108.10688222341295,34.344049897990431],[108.1067526644741,34.344154433059977],[108.1067529831936,34.344135784765612],[108.10685631553183,34.344028454560046],[108.10685184307448,34.34390323656919],[108.10683879441324,34.343817381976372],[108.1069550135561,34.343627659577194],[108.1070626333611,34.343459410627396],[108.10705380721156,34.343301997370382],[108.10706218775925,34.343108791118034],[108.10716109872534,34.342876150639277],[108.10718226943234,34.342564867200501],[108.10726386151634,34.342282152826868],[108.10725678783216,34.341940114840568],[108.10729308849676,34.341888349782337],[108.107294031287,34.342264237417922],[108.10721245298079,34.342557684824605],[108.10719556863499,34.342847498468771],[108.1071096167135,34.343094438639049],[108.10710535404762,34.34312337086773]]]},"properties":{"FID":453,"OBJECTID_1":0,"一级":"06","一级名":"农业设施建设用地","二级":"0601","二级名":"农村道路","Shape_Leng":525.90510672198729,"备注":"某田间道路","Shape_Area":75109.328366200003,"组别":"2"}},{"type":"Feature","id":454,"geometry":{"type":"Polygon","coordinates":[[[108.10725678783216,34.341940114840568],[108.10726386151634,34.342282152826868],[108.10718226943234,34.342564867200501],[108.10716109872534,34.342876150639277],[108.10706218775925,34.343108791118034],[108.1068639603992,34.343074130189073],[108.10688774729968,34.342794677597659],[108.10691095529522,34.342435134378455],[108.10725678783216,34.341940114840568]]]},"properties":{"FID":454,"OBJECTID_1":0,"一级":"01","一级名":"耕地","二级":"0102","二级名":"水浇地","Shape_Leng":285.26718007215044,"备注":"某耕地","Shape_Area":267583.931316,"组别":"2"}},{"type":"Feature","id":455,"geometry":{"type":"Polygon","coordinates":[[[108.10706218775925,34.343108791118034],[108.10705380721156,34.343301997370382],[108.1070626333611,34.343459410627396],[108.1069550135561,34.343627659577194],[108.10683879441324,34.343817381976372],[108.10685184307448,34.34390323656919],[108.10685631553183,34.344028454560046],[108.1067529831936,34.344135784765612],[108.1067564880221,34.343894642099414],[108.1068072630503,34.34367224774855],[108.10683351307352,34.34343138631337],[108.1068639603992,34.343074130189073],[108.10706218775925,34.343108791118034]]]},"properties":{"FID":455,"OBJECTID_1":0,"一级":"01","一级名":"耕地","二级":"0102","二级名":"水浇地","Shape_Leng":259.44924167876889,"备注":"某耕地","Shape_Area":156622.718334,"组别":"2"}},{"type":"Feature","id":456,"geometry":{"type":"Polygon","coordinates":[[[108.10897427510361,34.342720622578057],[108.10889843497181,34.342818021070869],[108.10895034568756,34.343148380007371],[108.10885891592869,34.343298859773022],[108.10875622393078,34.343442401763589],[108.1086309269636,34.34342851751294],[108.10863446268952,34.34317001133342],[108.10875640245555,34.342367584769022],[108.10889575181744,34.342342287980976],[108.10897427510361,34.342720622578057]]]},"properties":{"FID":456,"OBJECTID_1":0,"一级":"01","一级名":"耕地","二级":"0102","二级名":"水浇地","Shape_Leng":272.76237414493028,"备注":"某耕地","Shape_Area":255435.59223400001,"组别":"2"}},{"type":"Feature","id":457,"geometry":{"type":"Polygon","coordinates":[[[108.10836759944318,34.345715191651983],[108.10849147168049,34.345891963105458],[108.10824795774643,34.345884330357578],[108.10826456664549,34.345673464955759],[108.10836759944318,34.345715191651983]]]},"properties":{"FID":457,"OBJECTID_1":0,"一级":"01","一级名":"耕地","二级":"0102","二级名":"水浇地","Shape_Leng":79.092613619180355,"备注":"某耕地","Shape_Area":32925.898344699999,"组别":"2"}},{"type":"Feature","id":458,"geometry":{"type":"Polygon","coordinates":[[[108.10884324766748,34.344257266032926],[108.10854995130367,34.344274612158799],[108.10863541075229,34.343996202599243],[108.10863329078683,34.343806917103159],[108.1086298970143,34.343503805540443],[108.1086309269636,34.34342851751294],[108.10875622393078,34.343442401763589],[108.10874404301774,34.343796998967591],[108.1088279571043,34.344032712834306],[108.10884324766748,34.344257266032926]]]},"properties":{"FID":458,"OBJECTID_1":0,"一级":"01","一级名":"耕地","二级":"0102","二级名":"水浇地","Shape_Leng":225.0941269508196,"备注":"某耕地","Shape_Area":139452.76941400001,"组别":"2"}},{"type":"Feature","id":459,"geometry":{"type":"Polygon","coordinates":[[[108.10884324766748,34.344257266032926],[108.10873785210946,34.344312015511029],[108.10858403198635,34.3444371701693],[108.10848096031928,34.344759096194309],[108.10844380249368,34.34516103770607],[108.10830674782143,34.345137937798143],[108.10831854157675,34.344987812029615],[108.10850068789458,34.344455609905481],[108.10854995130367,34.344274612158799],[108.10884324766748,34.344257266032926]]]},"properties":{"FID":459,"OBJECTID_1":0,"一级":"01","一级名":"耕地","二级":"0102","二级名":"水浇地","Shape_Leng":251.49823207655666,"备注":"某耕地","Shape_Area":104626.542756,"组别":"2"}},{"type":"Feature","id":460,"geometry":{"type":"Polygon","coordinates":[[[108.10844380249368,34.34516103770607],[108.108435199276,34.345254096980682],[108.10836759944318,34.345715191651983],[108.10826456664549,34.345673464955759],[108.10830674782143,34.345137937798143],[108.10844380249368,34.34516103770607]]]},"properties":{"FID":460,"OBJECTID_1":0,"一级":"01","一级名":"耕地","二级":"0102","二级名":"水浇地","Shape_Leng":144.8283805561797,"备注":"某耕地","Shape_Area":69899.324960700003,"组别":"2"}},{"type":"Feature","id":461,"geometry":{"type":"Polygon","coordinates":[[[108.10915330704283,34.346017075401001],[108.10943131948596,34.346097622358137],[108.10965825925823,34.346145915318097],[108.10968899427813,34.346523837660065],[108.10979950543486,34.346661515347726],[108.10935092340988,34.346163584243378],[108.10915330704283,34.346017075401001]]]},"properties":{"FID":461,"OBJECTID_1":0,"一级":"01","一级名":"耕地","二级":"0102","二级名":"水浇地","Shape_Leng":202.35610387811715,"备注":"某耕地","Shape_Area":85269.838753300006,"组别":"2"}},{"type":"Feature","id":462,"geometry":{"type":"Polygon","coordinates":[[[108.10979950543486,34.346661515347726],[108.10890846273998,34.347161333345213],[108.10811642734355,34.347392868175845],[108.10768626280952,34.346568438490735],[108.1082312084733,34.346023228941796],[108.10824203807901,34.345959088998868],[108.10824795774643,34.345884330357578],[108.10849147168049,34.345891963105458],[108.10853754443664,34.345957710462919],[108.1090028265973,34.34597347777796],[108.10915330704283,34.346017075401001],[108.10935092340988,34.346163584243378],[108.10979950543486,34.346661515347726]]]},"properties":{"FID":462,"OBJECTID_1":0,"一级":"01","一级名":"耕地","二级":"0102","二级名":"水浇地","Shape_Leng":551.65067341312806,"备注":"某耕地","Shape_Area":1969131.97226,"组别":"2"}},{"type":"Feature","id":463,"geometry":{"type":"Polygon","coordinates":[[[108.10860591741606,34.344013021534231],[108.10846180475998,34.34445182839103],[108.10788667541406,34.344368557467696],[108.10756776312981,34.344340149358807],[108.10715496588736,34.344324426211891],[108.10688343573581,34.344279859085042],[108.10683585950532,34.344272050519095],[108.10681542390304,34.344268712138422],[108.10675109186005,34.344258230843963],[108.1067526644741,34.344154433059977],[108.10688222341295,34.344049897990431],[108.10689052141116,34.343936878499385],[108.10688630284014,34.343815639419496],[108.10708420984015,34.34346694526127],[108.10708418808971,34.343274563101879],[108.10710535404762,34.34312337086773],[108.10860532081065,34.343204631487495],[108.10860591741606,34.344013021534231]]]},"properties":{"FID":463,"OBJECTID_1":0,"一级":"01","一级名":"耕地","二级":"0102","二级名":"水浇地","Shape_Leng":572.70076272961853,"备注":"某耕地","Shape_Area":2005952.62839,"组别":"2"}},{"type":"Feature","id":464,"geometry":{"type":"Polygon","coordinates":[[[108.10623225682741,34.346341487387583],[108.10763906345038,34.346599761340087],[108.10808768196834,34.347400679635157],[108.10808495026082,34.347399524546972],[108.10623252889251,34.346615807430261],[108.10623197781035,34.346615773652182],[108.10623225682741,34.346341487387583]]]},"properties":{"FID":464,"OBJECTID_1":0,"一级":"01","一级名":"耕地","二级":"0102","二级名":"水浇地","Shape_Leng":452.62345232361002,"备注":"某耕地","Shape_Area":775538.39245699998,"组别":"2"}},{"type":"Feature","id":465,"geometry":{"type":"Polygon","coordinates":[[[108.10895225362241,34.338596494873237],[108.10792269550011,34.339956386165483],[108.10714223139807,34.33964229704371],[108.10705657105416,34.339432903903507],[108.10782209661657,34.336254304428905],[108.10869431854069,34.336427797743646],[108.10876927145735,34.336442074656333],[108.10887676120005,34.335967731504077],[108.10900267356816,34.335972765142316],[108.10900330404256,34.335984660527501],[108.10900576158079,34.336021132270616],[108.10901179122898,34.336115594022004],[108.1090140696719,34.336137105842866],[108.10901522508024,34.336153233214645],[108.10902019869445,34.336194968268188],[108.10902771174472,34.336265902740692],[108.10903143028341,34.336289226157156],[108.10903486139428,34.336318016411269],[108.10906034048595,34.336470535154248],[108.10906251437618,34.336483458655032],[108.10909738490172,34.336645037019991],[108.10915818142909,34.336845730965983],[108.10916354948971,34.336862183619679],[108.10890212513867,34.336918560638047],[108.1089506217396,34.33721596117995],[108.10928357375776,34.338158097044804],[108.10905425933305,34.338461535320015],[108.10895225362241,34.338596494873237]]]},"properties":{"FID":465,"OBJECTID_1":0,"一级":"07","一级名":"居住用地","二级":"0701","二级名":"城镇住宅用地","Shape_Leng":1121.2556293800001,"备注":"有邰嘉苑","Shape_Area":5310523.3528100001,"组别":"1"}},{"type":"Feature","id":466,"geometry":{"type":"Polygon","coordinates":[[[108.10813825453667,34.333169356299614],[108.10804419377686,34.333748981124273],[108.10803358125671,34.333814379453095],[108.1073610501191,34.333712944843484],[108.10731668807861,34.33370625416854],[108.10630609193011,34.33355382877884],[108.10626194188062,34.33353931718429],[108.10626879144813,34.333506675802468],[108.10628494928353,34.333440158577808],[108.10638167577285,34.333047562256958],[108.10813825453667,34.333169356299614]]]},"properties":{"FID":466,"OBJECTID_1":0,"一级":"07","一级名":"居住用地","二级":"0703","二级名":"农村宅基地","Shape_Leng":456.00179027487906,"备注":"自建房","Shape_Area":1053518.2415100001,"组别":"1"}},{"type":"Feature","id":467,"geometry":{"type":"Polygon","coordinates":[[[108.1080287288807,34.33400575204098],[108.10804014545941,34.334008912479582],[108.10792253476484,34.334145236357102],[108.10788353547063,34.334190437649873],[108.10780046304265,34.334305558779278],[108.10747923526871,34.334686272632155],[108.10733050151406,34.334959975653661],[108.10728884513746,34.335251485429687],[108.10740186857205,34.335370457615184],[108.10737212536456,34.335536971975614],[108.10675965024855,34.335419716325269],[108.10679791246892,34.335259330161925],[108.10588061957091,34.335105513661908],[108.10624959108516,34.333604414874159],[108.10628823732772,34.333611388553493],[108.10709292805656,34.333755439272252],[108.10712579981092,34.333761622630036],[108.10708265487629,34.333941376126006],[108.10731201307009,34.333975889600488],[108.10734285224277,34.333979078156204],[108.10738546756951,34.333811381449216],[108.10738813063054,34.333800806537958],[108.10740058830299,34.333800626134114],[108.10742633639192,34.333798822221588],[108.10744333334414,34.333808130432189],[108.10801406157866,34.333878493814183],[108.1080669816658,34.333892926721035],[108.10805524325338,34.333963354507844],[108.10805362773429,34.333972991869587],[108.1080287288807,34.33400575204098]]]},"properties":{"FID":467,"OBJECTID_1":0,"一级":"07","一级名":"居住用地","二级":"0703","二级名":"农村宅基地","Shape_Leng":749.91055558017604,"备注":"自建房","Shape_Area":2509818.2263000002,"组别":"1"}},{"type":"Feature","id":468,"geometry":{"type":"Polygon","coordinates":[[[108.10869802499511,34.33348221842833],[108.10847021201945,34.333907178719649],[108.10814644912909,34.33384076445428],[108.10803358125671,34.333814379453095],[108.10804419377686,34.333748981124273],[108.10813825453667,34.333169356299614],[108.10828242000728,34.333179351645342],[108.10894186003826,34.333112783718867],[108.10894176935251,34.333167044881968],[108.10894152462998,34.333311464261762],[108.10894134529535,34.333418199845582],[108.10874147077944,34.333400354173349],[108.10869802499511,34.33348221842833]]]},"properties":{"FID":468,"OBJECTID_1":0,"一级":"07","一级名":"居住用地","二级":"0703","二级名":"农村宅基地","Shape_Leng":302.01447032252383,"备注":"自建房","Shape_Area":472417.477549,"组别":"1"}},{"type":"Feature","id":469,"geometry":{"type":"Polygon","coordinates":[[[108.10917274747163,34.33426766717254],[108.10911446188739,34.334525143465704],[108.10910516719721,34.334566205212518],[108.10907467033813,34.334700923623387],[108.10896732439238,34.335175122679878],[108.10887575765966,34.335579613157975],[108.10886639250324,34.335620985953518],[108.10846188453451,34.33556447405865],[108.10841429452474,34.335380065911721],[108.10842619187025,34.33516888787954],[108.10803402563856,34.335101914565534],[108.10825962954489,34.334095157195087],[108.10840360031631,34.334122355538938],[108.10841822755447,34.334123380194683],[108.10917274747163,34.33426766717254]]]},"properties":{"FID":469,"OBJECTID_1":0,"一级":"09","一级名":"商业服务业用地","二级":"0901","二级名":"商业用地","Shape_Leng":471.49062498598352,"备注":"已空置","Shape_Area":1157278.4682100001,"组别":"1"}},{"type":"Feature","id":470,"geometry":{"type":"Polygon","coordinates":[[[108.11015863879473,34.332989954608806],[108.11014254363715,34.33303051773148],[108.11000077112192,34.333391023264809],[108.10971430534575,34.333383030796178],[108.10971350083116,34.33336522364916],[108.10970002810964,34.3331724484636],[108.10969774924958,34.333081396350877],[108.10969692260231,34.333036562802462],[108.10978266077538,34.333027907469706],[108.11015863879473,34.332989954608806]]]},"properties":{"FID":470,"OBJECTID_1":0,"一级":"07","一级名":"居住用地","二级":"0703","二级名":"农村宅基地","Shape_Leng":154.45302037315716,"备注":"自建房","Shape_Area":141947.01853500001,"组别":"1"}},{"type":"Feature","id":471,"geometry":{"type":"Polygon","coordinates":[[[108.10964359992713,34.333943637167742],[108.10961624742095,34.333982687691979],[108.10951087149958,34.334145142399628],[108.10941280731012,34.334310717719269],[108.10939881824038,34.334336724435886],[108.10924520590554,34.33428465768101],[108.10920539766958,34.334271164655384],[108.10927469690935,34.334142216222993],[108.10929007900498,34.334113593980099],[108.10931587805844,34.334065587795784],[108.10944036962825,34.333833939182036],[108.10964359992713,34.333943637167742]]]},"properties":{"FID":471,"OBJECTID_1":0,"一级":"14","一级名":"绿地与开敞空间用地","二级":"1403","二级名":"广场用地","Shape_Leng":143.73898149923355,"备注":"无名","Shape_Area":103762.900181,"组别":"1"}},{"type":"Feature","id":472,"geometry":{"type":"MultiPolygon","coordinates":[[[[108.10585075983997,34.335381428838097],[108.10681008382474,34.335515781975154],[108.10680554242941,34.335550082793382],[108.10680418937602,34.335560303165792],[108.10676966106185,34.33582107682745],[108.106767079798,34.335840570906399],[108.10672054799051,34.336192012468416],[108.10671825519223,34.336209331019568],[108.10667445499017,34.336540139765873],[108.10563581968493,34.336358110698342],[108.10581471092671,34.335375997016691],[108.10585075983997,34.335381428838097]]],[[[108.10695490435947,34.336237468021928],[108.10697516997448,34.336240264743942],[108.10726121165381,34.336272196501774],[108.10767265390788,34.336333367815911],[108.10755321893065,34.336801599325739],[108.10681439573247,34.336648124300339],[108.10669428137454,34.336576207882608],[108.10670877031477,34.336447967672271],[108.10674002347436,34.33621191913025],[108.10695490435947,34.336237468021928]]]]},"properties":{"FID":472,"OBJECTID_1":0,"一级":"07","一级名":"居住用地","二级":"0703","二级名":"农村宅基地","Shape_Leng":679.40120785083059,"备注":"自建房","Shape_Area":1483716.6497899999,"组别":"1"}},{"type":"Feature","id":473,"geometry":{"type":"Polygon","coordinates":[[[108.10720717564364,34.336797917327949],[108.10719912578558,34.336968443135895],[108.10716124848234,34.33761777163167],[108.10714915684301,34.337825048921708],[108.10675366546232,34.337458487072276],[108.10675654640765,34.33741816131338],[108.10535742282798,34.337318224235325],[108.10558109163277,34.336411649088866],[108.10665185007186,34.336590108725062],[108.10671371580455,34.336682908288182],[108.10678857383155,34.336700428221697],[108.10697063649202,34.336743038283082],[108.10720717564364,34.336797917327949]]]},"properties":{"FID":473,"OBJECTID_1":0,"一级":"07","一级名":"居住用地","二级":"0703","二级名":"农村宅基地","Shape_Leng":564.41343257322183,"备注":"自建房","Shape_Area":1532911.3601299999,"组别":"1"}},{"type":"Feature","id":474,"geometry":{"type":"MultiPolygon","coordinates":[[[[108.10533362837332,34.337424110135508],[108.10535742282798,34.337318224235325],[108.10675654640765,34.33741816131338],[108.10675366546232,34.337458487072276],[108.10533362837332,34.337424110135508]]],[[[108.10675366546232,34.337458487072276],[108.10671208604427,34.337858773673247],[108.10667207523727,34.337863120318524],[108.10636952069976,34.337857054215256],[108.10524796767015,34.337834566806158],[108.10533362837332,34.337424110135508],[108.10667921332103,34.337463371275099],[108.10675366546232,34.337458487072276]]]]},"properties":{"FID":474,"OBJECTID_1":0,"一级":"07","一级名":"居住用地","二级":"0703","二级名":"农村宅基地","Shape_Leng":632.71248669472209,"备注":"自建房","Shape_Area":703600.09978199995,"组别":"1"}},{"type":"Feature","id":475,"geometry":{"type":"Polygon","coordinates":[[[108.10646268254322,34.338120399514032],[108.10640914510465,34.338273874499649],[108.10519561966208,34.338095414745489],[108.10524796767015,34.337834566806158],[108.10636952069976,34.337857054215256],[108.10667207523727,34.337863120318524],[108.10671208604427,34.337858773673247],[108.10673438871522,34.337905405875915],[108.10675567348417,34.337966045271401],[108.10650148877785,34.337951374147224],[108.10646268254322,34.338120399514032]]]},"properties":{"FID":475,"OBJECTID_1":0,"一级":"07","一级名":"居住用地","二级":"0703","二级名":"农村宅基地","Shape_Leng":350.36134471624405,"备注":"自建房","Shape_Area":461556.14392399997,"组别":"1"}},{"type":"Feature","id":476,"geometry":{"type":"Polygon","coordinates":[[[108.10704688816196,34.339044747366373],[108.10704457537713,34.339054040049433],[108.10700893108688,34.339045044677171],[108.10669287606878,34.338981734523237],[108.106673489752,34.338977818252701],[108.10581396221393,34.338805550924555],[108.10570291816867,34.338783216185874],[108.10575791705079,34.338495792818172],[108.10659046046459,34.338611484567494],[108.10664122408163,34.338619198512355],[108.10669801333535,34.338378536579611],[108.10670972484161,34.338329253230363],[108.10679109552912,34.337983564415836],[108.10650148877785,34.337951374147224],[108.10675567348417,34.337966045271401],[108.10673438871522,34.337905405875915],[108.10671208604427,34.337858773673247],[108.10675366546232,34.337458487072276],[108.10714915684301,34.337825048921708],[108.1073182376085,34.337825836589872],[108.10731019558817,34.33785735129959],[108.10729298416028,34.337922620082061],[108.10704688816196,34.339044747366373]]]},"properties":{"FID":476,"OBJECTID_1":0,"一级":"07","一级名":"居住用地","二级":"0703","二级名":"农村宅基地","Shape_Leng":629.77196220335668,"备注":"自建房","Shape_Area":979438.50082700001,"组别":"1"}},{"type":"Feature","id":477,"geometry":{"type":"Polygon","coordinates":[[[108.10669801333535,34.338378536579611],[108.10664122408163,34.338619198512355],[108.10659046046459,34.338611484567494],[108.10575791705079,34.338495792818172],[108.10545735980429,34.338454019587509],[108.10541571998678,34.338596786912994],[108.10509151802356,34.338540274994664],[108.10516587551604,34.338120894511277],[108.1066377323633,34.338367640605654],[108.10669801333535,34.338378536579611]]]},"properties":{"FID":477,"OBJECTID_1":0,"一级":"07","一级名":"居住用地","二级":"0703","二级名":"农村宅基地","Shape_Leng":375.31947129248874,"备注":"自建房","Shape_Area":472423.32328900002,"组别":"1"}},{"type":"Feature","id":478,"geometry":{"type":"Polygon","coordinates":[[[108.10669287606878,34.338981734523237],[108.10662627048303,34.339266010505519],[108.10573992081896,34.339129191513379],[108.10581396221393,34.338805550924555],[108.106673489752,34.338977818252701],[108.10669287606878,34.338981734523237]]]},"properties":{"FID":478,"OBJECTID_1":0,"一级":"07","一级名":"居住用地","二级":"0703","二级名":"农村宅基地","Shape_Leng":234.82713595060301,"备注":"自建房","Shape_Area":285090.413099,"组别":"1"}},{"type":"Feature","id":479,"geometry":{"type":"Polygon","coordinates":[[[108.10525605838897,34.339320317559611],[108.10518689533477,34.339695503870189],[108.10502976985497,34.339674796511311],[108.10489618347765,34.3396571933201],[108.1048398609107,34.339649770084165],[108.10480320673767,34.339644939776385],[108.10499653816345,34.338898384111431],[108.10529099642262,34.338945972855896],[108.10532378084321,34.338952934743361],[108.10527310617307,34.339227832610455],[108.10525605838897,34.339320317559611]]]},"properties":{"FID":479,"OBJECTID_1":0,"一级":"07","一级名":"居住用地","二级":"0703","二级名":"农村宅基地","Shape_Leng":234.49974638702659,"备注":"自建房","Shape_Area":279257.84852100001,"组别":"1"}},{"type":"Feature","id":480,"geometry":{"type":"Polygon","coordinates":[[[108.10476872556315,34.341510774510816],[108.10425112248075,34.343245599577763],[108.10397564336354,34.343188604249853],[108.10408262672696,34.342671515323545],[108.10442050970914,34.341186731902376],[108.1047488758784,34.341286669021287],[108.1048235712542,34.341315497548251],[108.10476872556315,34.341510774510816]]]},"properties":{"FID":480,"OBJECTID_1":0,"一级":"07","一级名":"居住用地","二级":"0703","二级名":"农村宅基地","Shape_Leng":512.18998393385812,"备注":"自建房","Shape_Area":741167.47678499995,"组别":"1"}},{"type":"Feature","id":481,"geometry":{"type":"MultiPolygon","coordinates":[[[[108.09603005477908,34.343210225060965],[108.09624777516824,34.34332443843833],[108.09617119714288,34.343445733283929],[108.09598365470109,34.343742034736493],[108.09594412487183,34.343728858131442],[108.09575674750086,34.343649595224939],[108.09567462090961,34.343618383469995],[108.09577778570537,34.343427339545947],[108.09592922347986,34.343159148698916],[108.09603005477908,34.343210225060965]]],[[[108.09563335548552,34.343677927827407],[108.09588755600822,34.343801796136482],[108.09587792998087,34.343814208042375],[108.09558195135313,34.343767474135667],[108.09545248499306,34.343747032202081],[108.0954732235539,34.343699818133743],[108.09549851927234,34.343642167676379],[108.09563335548552,34.343677927827407]]]]},"properties":{"FID":481,"OBJECTID_1":0,"一级":"07","一级名":"居住用地","二级":"0703","二级名":"农村宅基地","Shape_Leng":268.56007424956272,"备注":"自建房","Shape_Area":211093.572869,"组别":"1"}},{"type":"Feature","id":482,"geometry":{"type":"Polygon","coordinates":[[[108.09691474172881,34.34355677550834],[108.09685444129072,34.34361898930004],[108.09673578868727,34.343648651651947],[108.0967836091734,34.343555168222764],[108.09682209841044,34.343479924590987],[108.09666639269631,34.343398567324556],[108.0965618641502,34.343506467745406],[108.09645470935369,34.343634113463004],[108.0963538203949,34.343575103572597],[108.09644765005106,34.343460068428662],[108.09659398647858,34.343260194056477],[108.09666537097863,34.343260193612359],[108.09698659745722,34.342974658932846],[108.09716862720269,34.342856875033327],[108.09769507401496,34.342295793016916],[108.09771114366177,34.34227152766632],[108.09780039498426,34.342332854438816],[108.09781074388714,34.342339681196812],[108.09782702346207,34.342351152150208],[108.09796016384681,34.342442637014962],[108.09800695649412,34.342465121254484],[108.09822775780367,34.342597173462295],[108.09819655405369,34.342624877544395],[108.09791789851637,34.342974324273776],[108.09785381479573,34.342976533649143],[108.09778135866058,34.343023113326858],[108.09756837594153,34.34291398144299],[108.09747844344164,34.34287016901002],[108.09715666899837,34.343262101728016],[108.09692962231263,34.34353865028654],[108.09691474172881,34.34355677550834]]]},"properties":{"FID":482,"OBJECTID_1":0,"一级":"07","一级名":"居住用地","二级":"0703","二级名":"农村宅基地","Shape_Leng":545.48169501711664,"备注":"自建房","Shape_Area":730415.18676199997,"组别":"1"}},{"type":"Feature","id":483,"geometry":{"type":"Polygon","coordinates":[[[108.09758189135296,34.3421838220411],[108.09756837562166,34.342210851983531],[108.09737564004502,34.342425002441139],[108.0971365041926,34.342756938069471],[108.09689379881422,34.342971088620125],[108.09657971026117,34.343195947802521],[108.09643511434615,34.343117077672794],[108.09638340496797,34.343088873206817],[108.0966438786441,34.342775683833061],[108.09668321700443,34.342728383653927],[108.09683536909951,34.342464039515065],[108.09688478540741,34.342378185798658],[108.0969476784441,34.342268140981695],[108.09703656746451,34.3421144826412],[108.0972538844172,34.3421761103154],[108.0972757026683,34.342182297873663],[108.09738991718821,34.342060946242022],[108.09760763681231,34.342132328789958],[108.09758189135296,34.3421838220411]]]},"properties":{"FID":483,"OBJECTID_1":0,"一级":"07","一级名":"居住用地","二级":"0703","二级名":"农村宅基地","Shape_Leng":360.28316013335456,"备注":"自建房","Shape_Area":502102.18376500002,"组别":"1"}},{"type":"Feature","id":484,"geometry":{"type":"Polygon","coordinates":[[[108.09806624078013,34.341568752498276],[108.09790148062801,34.341759116565768],[108.09771867907543,34.341970328019677],[108.09760268011955,34.341898943955812],[108.09751970265368,34.341849086081375],[108.09763837247597,34.34168479224541],[108.09788524067524,34.341396282735424],[108.09779898557956,34.341321924522788],[108.09781980577164,34.341211874975571],[108.09801908627604,34.341027465597961],[108.09814698190326,34.341104798529742],[108.0982482483527,34.341021144656352],[108.09888363946587,34.340511772601204],[108.09898574250293,34.340560497168497],[108.09913011234511,34.340695552891404],[108.09889948649776,34.340923365047352],[108.09869128400405,34.34107208081307],[108.09842656945956,34.341232695229742],[108.09815887862685,34.341461717603778],[108.09806624078013,34.341568752498276]]]},"properties":{"FID":484,"OBJECTID_1":0,"一级":"07","一级名":"居住用地","二级":"0703","二级名":"农村宅基地","Shape_Leng":467.66426279814698,"备注":"自建房","Shape_Area":609084.10976799997,"组别":"1"}},{"type":"Feature","id":485,"geometry":{"type":"Polygon","coordinates":[[[108.10000900442256,34.34069376543917],[108.09995834669266,34.340718135963343],[108.0998274763143,34.340834135275543],[108.09966864724318,34.340927529142448],[108.09945925463944,34.341046501927863],[108.09920941101684,34.341165474681681],[108.09871448304979,34.34140818004429],[108.09843846601039,34.341624710707727],[108.09836470340476,34.341605674826205],[108.09824334947527,34.341679438538016],[108.09810534090794,34.341596157736376],[108.09816185438224,34.341542024513295],[108.09845333734523,34.341324898777529],[108.09861990043069,34.341191053533315],[108.09892030704096,34.340976902487419],[108.09904820245931,34.340837109267156],[108.09917015018439,34.340733007641958],[108.09913011234511,34.340695552891404],[108.09898574250293,34.340560497168497],[108.09910531111821,34.340626544791107],[108.09915668862983,34.340654925078482],[108.0992980454762,34.340733007661726],[108.09937438727933,34.340635711124307],[108.09944973707471,34.340539676515057],[108.09952683129356,34.340448502125511],[108.09958912405645,34.340482946634893],[108.09976799020433,34.340566445812144],[108.10000900442256,34.34069376543917]]]},"properties":{"FID":485,"OBJECTID_1":0,"一级":"07","一级名":"居住用地","二级":"0703","二级名":"农村宅基地","Shape_Leng":502.75660935305592,"备注":"自建房","Shape_Area":627441.65449099999,"组别":"1"}},{"type":"Feature","id":486,"geometry":{"type":"Polygon","coordinates":[[[108.09916414234458,34.342557399907406],[108.09888888051647,34.342940841822255],[108.09822775780367,34.342597173462295],[108.09800695649412,34.342465121254484],[108.09826887019831,34.342111250646013],[108.09859309128402,34.342272822873817],[108.09916414234458,34.342557399907406]]]},"properties":{"FID":486,"OBJECTID_1":0,"一级":"15","一级名":"特殊用地","二级":"1504","二级名":"文物古迹用地","Shape_Leng":288.50260017345346,"备注":"武功墓","Shape_Area":466552.57741099998,"组别":"1"}},{"type":"Feature","id":487,"geometry":{"type":"Polygon","coordinates":[[[108.09673578868727,34.343648651651947],[108.09658398211964,34.343686603915096],[108.09614993663621,34.34379511414221],[108.0961901131916,34.343735002535006],[108.0961520416903,34.343712160983351],[108.0963842771932,34.343419010831155],[108.09644765005106,34.343460068428662],[108.0963538203949,34.343575103572597],[108.09645470935369,34.343634113463004],[108.0965618641502,34.343506467745406],[108.09666639269631,34.343398567324556],[108.09682209841044,34.343479924590987],[108.0967836091734,34.343555168222764],[108.09673578868727,34.343648651651947]]]},"properties":{"FID":487,"OBJECTID_1":0,"一级":"07","一级名":"居住用地","二级":"0704","二级名":"农村社区服务设施用地","Shape_Leng":211.19603967621748,"备注":"龙门村委员会","Shape_Area":122469.995626,"组别":"1"}},{"type":"Feature","id":488,"geometry":{"type":"Polygon","coordinates":[[[108.10286005988563,34.339748374595686],[108.10274108710225,34.3400172536629],[108.10250813663521,34.340577617271343],[108.10248753476307,34.340629692318529],[108.10245429427643,34.340622497473639],[108.10179727325011,34.340476489949637],[108.10209788788266,34.339750429601928],[108.10217512585106,34.339563881258172],[108.10230777064517,34.339599609772215],[108.10231942248448,34.339602748007152],[108.10286005988563,34.339748374595686]]]},"properties":{"FID":488,"OBJECTID_1":0,"一级":"08","一级名":"公共管理与公共服务用地","二级":"0801","二级名":"机关团体用地","Shape_Leng":342.65518263294211,"备注":"武功派出所","Shape_Area":691557.85423000006,"组别":"1"}},{"type":"Feature","id":489,"geometry":{"type":"MultiPolygon","coordinates":[[[[108.1029712890261,34.339421099480937],[108.10250964766762,34.339303327930402],[108.10260247256777,34.339230743181297],[108.10297060486788,34.338972451077865],[108.10304267317871,34.338921412611015],[108.10329175445516,34.338795013458942],[108.1029712890261,34.339421099480937]]],[[[108.10294852045175,34.33948809143665],[108.10286005988563,34.339748374595686],[108.10231942248448,34.339602748007152],[108.10230777064517,34.339599609772215],[108.1023922974269,34.339369611935794],[108.10240616763774,34.339331869758745],[108.10294852045175,34.33948809143665]]]]},"properties":{"FID":489,"OBJECTID_1":0,"一级":"07","一级名":"居住用地","二级":"0703","二级名":"农村宅基地","Shape_Leng":378.89363470064154,"备注":"自建房","Shape_Area":344533.76785800001,"组别":"1"}},{"type":"Feature","id":490,"geometry":{"type":"Polygon","coordinates":[[[108.10456111472706,34.339878540104635],[108.10453875010025,34.339966239918127],[108.10437103391796,34.340623899538869],[108.10406673823998,34.340574613163263],[108.10369526733061,34.34051444527298],[108.10362388290517,34.340809498104932],[108.10303029135849,34.340712779739896],[108.10285285435359,34.340708753254958],[108.10311096550195,34.339803287313671],[108.10314360247099,34.339688789801237],[108.10317834100265,34.339542208609508],[108.10323917608591,34.33927683440713],[108.10327923151324,34.339096303433401],[108.10420246219304,34.339217655678503],[108.10411609194949,34.339686015057914],[108.10422331071643,34.339710495504335],[108.10423345202649,34.339711876955263],[108.10436733052374,34.339743378748857],[108.10434886656994,34.339829648161015],[108.10456111472706,34.339878540104635]]]},"properties":{"FID":490,"OBJECTID_1":0,"一级":"08","一级名":"公共管理与公共服务用地","二级":"0806","二级名":"医疗卫生用地","Shape_Leng":628.94868537376851,"备注":"武功县第二人民医院（空置）","Shape_Area":1950942.5251199999,"组别":"1"}},{"type":"Feature","id":491,"geometry":{"type":"Polygon","coordinates":[[[108.10070864811219,34.340357174099438],[108.10042823975337,34.340492074800828],[108.10022524793794,34.340589732650074],[108.10000900442256,34.34069376543917],[108.09976799020433,34.340566445812144],[108.09958912405645,34.340482946634893],[108.09952683129356,34.340448502125511],[108.09955493536523,34.340415265124541],[108.09991125528774,34.339793586940928],[108.09987382891978,34.33978257884128],[108.09966855047909,34.339722202654734],[108.09972974883632,34.339455888751402],[108.09960668435897,34.33942952865624],[108.09943603997139,34.339389264781964],[108.09952328633049,34.339114575788159],[108.09928872798737,34.339018258170931],[108.09939499746061,34.338892176477181],[108.09965002231887,34.33896067917405],[108.0997363051533,34.338983856315103],[108.09981776856176,34.339002724639478],[108.10082600730466,34.337385471044783],[108.10128762256457,34.337585345994889],[108.10162366435853,34.337224178541],[108.10104144906217,34.33789222421705],[108.10056327291782,34.338440887784941],[108.10053571330786,34.338470505134019],[108.10030007527673,34.339025936701063],[108.10048659435292,34.339076749900343],[108.10071547291405,34.338483276536266],[108.1008997523856,34.338265528054492],[108.10139707768158,34.338496679758208],[108.10162193664293,34.338407449571271],[108.10169516202106,34.338397279571602],[108.10175042847492,34.338389603525201],[108.10169903099259,34.338442394578692],[108.10166268487033,34.338479726238859],[108.10155402246644,34.33861257299705],[108.1013402462153,34.338873927156605],[108.10132943577403,34.338887142798036],[108.10105367891299,34.339210258593418],[108.1010480782942,34.339218898500363],[108.10089369518434,34.339594486255059],[108.1007759694775,34.339817099307041],[108.10061932981573,34.340113294230733],[108.100517899843,34.340281082697736],[108.10060660920469,34.340325465461696],[108.10070864811219,34.340357174099438]],[[108.10032044526668,34.339582414953696],[108.09997029385922,34.339507414159641],[108.0999080066405,34.339708121100593],[108.09997917303059,34.339720096880441],[108.10057170318488,34.339792232228547],[108.10061393001193,34.339725951322642],[108.10030042524704,34.33967321227297],[108.10032044526668,34.339582414953696]]]},"properties":{"FID":491,"OBJECTID_1":0,"一级":"10","一级名":"工矿用地","二级":"1001","二级名":"工业用地","Shape_Leng":1568.93208198,"备注":"空置仓库","Shape_Area":3074980.4171799999,"组别":"1"}},{"type":"Feature","id":492,"geometry":{"type":"MultiPolygon","coordinates":[[[[108.10254082099013,34.336372001930698],[108.10281922211033,34.336476384480427],[108.10261374945038,34.337026219667649],[108.10232024880089,34.33691653865408],[108.10252572202496,34.336366703947419],[108.10254082099013,34.336372001930698]]],[[[108.10071547291405,34.338483276536266],[108.10048659435292,34.339076749900343],[108.10030007527673,34.339025936701063],[108.10053571330786,34.338470505134019],[108.10056327291782,34.338440887784941],[108.10104144906217,34.33789222421705],[108.10162366435853,34.337224178541],[108.1018057820754,34.337028444619726],[108.10212519323463,34.337115401455399],[108.10255712889045,34.337251824894082],[108.10252494162523,34.33747232167218],[108.102425005124,34.33769004176721],[108.10232778797483,34.337766153057046],[108.10221799173223,34.337889917141247],[108.10206595545836,34.338052399791962],[108.10202992624502,34.338090904125821],[108.10175042847492,34.338389603525201],[108.10169516202106,34.338397279571602],[108.10162193664293,34.338407449571271],[108.10139707768158,34.338496679758208],[108.1008997523856,34.338265528054492],[108.10071547291405,34.338483276536266]]],[[[108.1011039269417,34.339162462969625],[108.10105367891299,34.339210258593418],[108.10132943577403,34.338887142798036],[108.1011039269417,34.339162462969625]]],[[[108.10032044526668,34.339582414953696],[108.10030042524704,34.33967321227297],[108.10061393001193,34.339725951322642],[108.10057170318488,34.339792232228547],[108.09997917303059,34.339720096880441],[108.0999080066405,34.339708121100593],[108.09997029385922,34.339507414159641],[108.10032044526668,34.339582414953696]]],[[[108.10160227025074,34.339796758772067],[108.10141770049553,34.339749340642413],[108.10117161588134,34.339674434641061],[108.10160227025074,34.339796758772067]]]]},"properties":{"FID":492,"OBJECTID_1":0,"一级":"10","一级名":"工矿用地","二级":"1001","二级名":"工业用地","Shape_Leng":1215.63319336,"备注":"姜嫄面厂","Shape_Area":1860422.2005400001,"组别":"1"}},{"type":"Feature","id":493,"geometry":{"type":"Polygon","coordinates":[[[108.10461113467564,34.337748933635872],[108.10430180479895,34.338025545610542],[108.10285628159031,34.337629960749076],[108.10288298494943,34.337620903672708],[108.10336191815668,34.33745744945692],[108.10461113467564,34.337748933635872]]]},"properties":{"FID":493,"OBJECTID_1":0,"一级":"07","一级名":"居住用地","二级":"0703","二级名":"农村宅基地","Shape_Leng":351.63876185394633,"备注":"自建房","Shape_Area":451717.546187,"组别":"1"}},{"type":"Feature","id":494,"geometry":{"type":"Polygon","coordinates":[[[108.10277419097697,34.337679930258432],[108.10425837957204,34.3380784887079],[108.10366351414928,34.338453253488026],[108.10240240010111,34.338087411874255],[108.10260135054118,34.337869361881744],[108.10277419097697,34.337679930258432]]]},"properties":{"FID":494,"OBJECTID_1":0,"一级":"07","一级名":"居住用地","二级":"0703","二级名":"农村宅基地","Shape_Leng":391.90792959477608,"备注":"自建房","Shape_Area":736565.855186,"组别":"1"}},{"type":"Feature","id":495,"geometry":{"type":"Polygon","coordinates":[[[108.10202992624502,34.338090904125821],[108.10208147051746,34.338115668120551],[108.10362336083355,34.338501140786533],[108.10309869001702,34.338850921940804],[108.10175667437764,34.338465448942415],[108.10169903099259,34.338442394578692],[108.10175042847492,34.338389603525201],[108.10202992624502,34.338090904125821]]]},"properties":{"FID":495,"OBJECTID_1":0,"一级":"07","一级名":"居住用地","二级":"0703","二级名":"农村宅基地","Shape_Leng":401.64428551635177,"备注":"自建房","Shape_Area":709175.44179800001,"组别":"1"}},{"type":"Feature","id":496,"geometry":{"type":"Polygon","coordinates":[[[108.10166268487033,34.338479726238859],[108.10297138853986,34.338878286234802],[108.10270667422679,34.339068642589162],[108.10245683022467,34.338979413276469],[108.10205626777092,34.339012111849499],[108.10199777680695,34.339033503144954],[108.10177793983682,34.339014962310728],[108.10136450929923,34.33890193772055],[108.10135084529831,34.338895511555968],[108.10132943577403,34.338887142798036],[108.1013402462153,34.338873927156605],[108.10155402246644,34.33861257299705],[108.10166268487033,34.338479726238859]]]},"properties":{"FID":496,"OBJECTID_1":0,"一级":"07","一级名":"居住用地","二级":"0703","二级名":"农村宅基地","Shape_Leng":347.09313384783815,"备注":"自建房","Shape_Area":519175.25424799998,"组别":"1"}},{"type":"Feature","id":497,"geometry":{"type":"Polygon","coordinates":[[[108.10489946917981,34.33879335013134],[108.10482558359404,34.339144587070209],[108.104814240831,34.339142695556959],[108.10381907226673,34.338976835216762],[108.10360801186695,34.338945127704655],[108.10362373038643,34.338840503859558],[108.10366617836534,34.338557946522428],[108.10388155369009,34.338421581779834],[108.10448650950724,34.337984599733069],[108.10505758069466,34.338041706728056],[108.10489946917981,34.33879335013134]]]},"properties":{"FID":497,"OBJECTID_1":0,"一级":"07","一级名":"居住用地","二级":"0703","二级名":"农村宅基地","Shape_Leng":433.34847796419189,"备注":"自建房","Shape_Area":1151874.2072300001,"组别":"1"}},{"type":"Feature","id":498,"geometry":{"type":"Polygon","coordinates":[[[108.1048208255359,34.339206452559665],[108.10468281585936,34.339768005633744],[108.1046626696595,34.339763977009994],[108.10423071766547,34.33967758605398],[108.10434345866508,34.339136312189012],[108.10434519693685,34.339127966601247],[108.10479954334774,34.33920294057738],[108.1048208255359,34.339206452559665]]]},"properties":{"FID":498,"OBJECTID_1":0,"一级":"07","一级名":"居住用地","二级":"0703","二级名":"农村宅基地","Shape_Leng":212.8606434115384,"备注":"自建房","Shape_Area":273938.49000699999,"组别":"1"}},{"type":"Feature","id":499,"geometry":{"type":"Polygon","coordinates":[[[108.10574469726538,34.335361531025711],[108.10555919292108,34.336002201666261],[108.10554629869226,34.335998552766867],[108.10552776344433,34.335993307696818],[108.10524861293673,34.335922879925008],[108.1052315329312,34.335918571099775],[108.10521169177549,34.335913565095048],[108.10423095548425,34.335666132250758],[108.10440870348812,34.335078042785071],[108.10574469726538,34.335361531025711]]]},"properties":{"FID":499,"OBJECTID_1":0,"一级":"09","一级名":"商业服务业用地","二级":"0901","二级名":"商业用地","Shape_Leng":395.02679665287189,"备注":"自有商店","Shape_Area":892213.26929900004,"组别":"1"}},{"type":"Feature","id":500,"geometry":{"type":"Polygon","coordinates":[[[108.10431486280156,34.335058130606789],[108.10415837721912,34.335681582293013],[108.1041343065565,34.335773223016666],[108.10346185935676,34.335609248331615],[108.10347547676288,34.335570953616809],[108.1035628557604,34.335318179194715],[108.10364204022893,34.335089112484418],[108.10369427403141,34.334926447323269],[108.10378736331067,34.334946200150995],[108.10414956503452,34.335023055835478],[108.10431486280156,34.335058130606789]]]},"properties":{"FID":500,"OBJECTID_1":0,"一级":"08","一级名":"公共管理与公共服务用地","二级":"0801","二级名":"机关团体用地","Shape_Leng":283.19462992477219,"备注":"武功县司法局武功司法所","Shape_Area":491579.37450999999,"组别":"1"}},{"type":"Feature","id":501,"geometry":{"type":"Polygon","coordinates":[[[108.10510048575864,34.336280954708919],[108.10488530792226,34.33623125393764],[108.10477228422442,34.336647660128243],[108.10430828885774,34.336540583465201],[108.10417225782328,34.336499018379001],[108.10380665745033,34.336408450532169],[108.10353260579748,34.336340561215145],[108.10354438730505,34.336307168501456],[108.10365337032617,34.335950497184093],[108.10420324191948,34.336091478322174],[108.10420727598671,34.336081042947981],[108.10423989971548,34.335964350882314],[108.10428289232584,34.335809455114365],[108.1041343065565,34.335773223016666],[108.10415837721912,34.335681582293013],[108.10431486280156,34.335058130606789],[108.10440870348812,34.335078042785071],[108.10423095548425,34.335666132250758],[108.10521169177549,34.335913565095048],[108.10518766571055,34.335993056719737],[108.10510628195863,34.336262325131607],[108.10510048575864,34.336280954708919]]]},"properties":{"FID":501,"OBJECTID_1":0,"一级":"08","一级名":"公共管理与公共服务用地","二级":"0801","二级名":"机关团体用地","Shape_Leng":624.57319695496733,"备注":"渭原派出所","Shape_Area":980955.65741099999,"组别":"1"}},{"type":"Feature","id":502,"geometry":{"type":"Polygon","coordinates":[[[108.10313772825724,34.336440982298747],[108.10310261870869,34.336549813437209],[108.10281922211033,34.336476384480427],[108.10254082099013,34.336372001930698],[108.10252572202496,34.336366703947419],[108.10272658689412,34.335886279565244],[108.10276044869265,34.335810089504228],[108.10290856244077,34.335432655508626],[108.10311736930298,34.3353104030463],[108.10364204022893,34.335089112484418],[108.1035628557604,34.335318179194715],[108.10347547676288,34.335570953616809],[108.10346185935676,34.335609248331615],[108.1041343065565,34.335773223016666],[108.10428289232584,34.335809455114365],[108.10423989971548,34.335964350882314],[108.10395577085684,34.33589468524977],[108.10342329153835,34.335764125656993],[108.1033929215334,34.335756679826119],[108.10335938140807,34.335743791716276],[108.10326004908161,34.336055601446049],[108.10313772825724,34.336440982298747]]]},"properties":{"FID":502,"OBJECTID_1":0,"一级":"08","一级名":"公共管理与公共服务用地","二级":"0801","二级名":"机关团体用地","Shape_Leng":577.63499629534056,"备注":"武功镇人民政府","Shape_Area":902218.30241700006,"组别":"1"}},{"type":"Feature","id":503,"geometry":{"type":"Polygon","coordinates":[[[108.10325597230957,34.335045092956356],[108.10310534887292,34.335222269921992],[108.10292582161379,34.33510160531096],[108.10320181650104,34.334821951633884],[108.10358623099796,34.334903521239625],[108.10354968924416,34.335085717204493],[108.10335115051011,34.335024273181823],[108.10325597230957,34.335045092956356]]]},"properties":{"FID":503,"OBJECTID_1":0,"一级":"07","一级名":"居住用地","二级":"0703","二级名":"农村宅基地","Shape_Leng":170.96278135433215,"备注":"自建房","Shape_Area":129174.483016,"组别":"1"}},{"type":"Feature","id":504,"geometry":{"type":"Polygon","coordinates":[[[108.10526064650237,34.336950497762658],[108.10532467548313,34.336962225064582],[108.10518904563591,34.337444066103359],[108.10473575882823,34.337351266748712],[108.10475123473825,34.337301988470983],[108.10477644624166,34.337221709842325],[108.10487138810552,34.336919393499784],[108.10487879152946,34.336880557661651],[108.10521472347835,34.336942086745616],[108.10526064650237,34.336950497762658]]]},"properties":{"FID":504,"OBJECTID_1":0,"一级":"07","一级名":"居住用地","二级":"0704","二级名":"农村社区服务设施用地","Shape_Leng":193.73519374047703,"备注":"徐村村委会","Shape_Area":229918.62919100001,"组别":"1"}},{"type":"Feature","id":505,"geometry":{"type":"Polygon","coordinates":[[[108.10779589346932,34.335746359041863],[108.10767678993105,34.336317152842611],[108.10767265390788,34.336333367815911],[108.10726121165381,34.336272196501774],[108.1072635108051,34.33625654026654],[108.10731619823828,34.335897790209877],[108.10676966106185,34.33582107682745],[108.10680418937602,34.335560303165792],[108.10680554242941,34.335550082793382],[108.10681008382474,34.335515781975154],[108.10780586388051,34.335698579869565],[108.10780014690943,34.335725977313004],[108.10779589346932,34.335746359041863]]]},"properties":{"FID":505,"OBJECTID_1":0,"一级":"08","一级名":"公共管理与公共服务用地","二级":"0801","二级名":"机关团体用地","Shape_Leng":330.7048134526201,"备注":"武功镇管委会","Shape_Area":459346.16373099998,"组别":"1"}},{"type":"Feature","id":506,"geometry":{"type":"Polygon","coordinates":[[[108.10315664083222,34.342980218482893],[108.10302850846244,34.343472521051559],[108.10058718089498,34.342851482068987],[108.09988663604202,34.342603564314722],[108.09998041768004,34.342401763510786],[108.09943076246435,34.342187611882004],[108.09916414234458,34.342557399907406],[108.09859309128402,34.342272822873817],[108.09826887019831,34.342111250646013],[108.0980887468766,34.341952045782222],[108.1001133489715,34.340829110506164],[108.10070139528656,34.340502953996094],[108.1028857401094,34.340795627455243],[108.10260020488847,34.341994875785076],[108.10405643534664,34.342294688155704],[108.10384942152456,34.343115602224785],[108.10377284122494,34.343098960019283],[108.10342809588523,34.343014658610912],[108.10316413719987,34.342951418887203],[108.10315664083222,34.342980218482893]]]},"properties":{"FID":506,"OBJECTID_1":0,"一级":"01","一级名":"耕地","二级":"0103","二级名":"旱地","Shape_Leng":1537.2716432699999,"备注":"小麦","Shape_Area":9665700.3972999994,"组别":"1"}},{"type":"Feature","id":507,"geometry":{"type":"Polygon","coordinates":[[[108.1036840495339,34.340987769043522],[108.10344610300508,34.34165401745549],[108.10277985399735,34.341523148073378],[108.10295831318675,34.340862846654467],[108.1036840495339,34.340987769043522]]]},"properties":{"FID":507,"OBJECTID_1":0,"一级":"01","一级名":"耕地","二级":"0103","二级名":"旱地","Shape_Leng":283.34537183795476,"备注":"小麦","Shape_Area":498368.44850400003,"组别":"1"}},{"type":"Feature","id":508,"geometry":{"type":"Polygon","coordinates":[[[108.10344348600759,34.341692089186139],[108.10330642921849,34.342104688084596],[108.10263256495961,34.341960493246241],[108.1027415451854,34.341568357918234],[108.10344348600759,34.341692089186139]]]},"properties":{"FID":508,"OBJECTID_1":0,"一级":"01","一级名":"耕地","二级":"0103","二级名":"旱地","Shape_Leng":222.1790007098397,"备注":"小麦","Shape_Area":299337.11274900002,"组别":"1"}},{"type":"Feature","id":509,"geometry":{"type":"Polygon","coordinates":[[[108.10420717453573,34.341088419688006],[108.10433209551825,34.341162778306291],[108.10418932782407,34.341796309804543],[108.10412045739874,34.341782357579042],[108.10349928423871,34.341656516492044],[108.10371343450721,34.341002165141894],[108.10420717453573,34.341088419688006]]]},"properties":{"FID":509,"OBJECTID_1":0,"一级":"01","一级名":"耕地","二级":"0103","二级名":"旱地","Shape_Leng":272.6423428205652,"备注":"小麦","Shape_Area":470682.58250800002,"组别":"1"}},{"type":"Feature","id":510,"geometry":{"type":"Polygon","coordinates":[[[108.10411565557293,34.34182077554636],[108.10418635324886,34.341834975929721],[108.10407332895083,34.342239484268426],[108.10406358110775,34.342237502084778],[108.10335651640538,34.342093741508599],[108.10349036129816,34.341695183121992],[108.10411565557293,34.34182077554636]]]},"properties":{"FID":510,"OBJECTID_1":0,"一级":"01","一级名":"耕地","二级":"0103","二级名":"旱地","Shape_Leng":225.75546417331773,"备注":"小麦","Shape_Area":307499.52055800002,"组别":"1"}},{"type":"Feature","id":511,"geometry":{"type":"Polygon","coordinates":[[[108.10635456321333,34.342125078783646],[108.105036416434,34.343824800141007],[108.10428093704067,34.343741519002954],[108.10378138008538,34.343661582803136],[108.10392142019525,34.343178353576128],[108.10397564336354,34.343188604249853],[108.10425112248075,34.343245599577763],[108.10476872556315,34.341510774510816],[108.10494123683073,34.341457236600533],[108.10515756913425,34.341544330537396],[108.10539928381371,34.341641644864794],[108.10545282070096,34.341558364177672],[108.10639865699652,34.342069948306303],[108.10638798956248,34.342082501674732],[108.10635456321333,34.342125078783646]]]},"properties":{"FID":511,"OBJECTID_1":0,"一级":"01","一级名":"耕地","二级":"0103","二级名":"旱地","Shape_Leng":811.24695857356642,"备注":"小麦","Shape_Area":3250954.8702500002,"组别":"1"}},{"type":"Feature","id":512,"geometry":{"type":"Polygon","coordinates":[[[108.10487879152946,34.336880557661651],[108.10487138810552,34.336919393499784],[108.10477644624166,34.337221709842325],[108.10475123473825,34.337301988470983],[108.10413555172984,34.337206388679739],[108.10367869543241,34.337042205559555],[108.10354038513209,34.336999859219489],[108.10367052119463,34.336608689284098],[108.10369896951227,34.336616471121687],[108.10373697288307,34.336626409314704],[108.10487879152946,34.336880557661651]]]},"properties":{"FID":512,"OBJECTID_1":0,"一级":"01","一级名":"耕地","二级":"0103","二级名":"旱地","Shape_Leng":325.46023591833807,"备注":"小麦","Shape_Area":572751.26120099996,"组别":"1"}},{"type":"Feature","id":513,"geometry":{"type":"Polygon","coordinates":[[[108.10518904563591,34.337444066103359],[108.1049136360337,34.337609707924848],[108.10469948419529,34.337666815238961],[108.10343955951107,34.337381279058562],[108.10354038513209,34.336999859219489],[108.10367869543241,34.337042205559555],[108.10413555172984,34.337206388679739],[108.10475123473825,34.337301988470983],[108.10473575882823,34.337351266748712],[108.10518904563591,34.337444066103359]]]},"properties":{"FID":513,"OBJECTID_1":0,"一级":"01","一级名":"耕地","二级":"0103","二级名":"旱地","Shape_Leng":381.13190845220743,"备注":"小麦","Shape_Area":542469.06173800002,"组别":"1"}},{"type":"Feature","id":514,"geometry":{"type":"Polygon","coordinates":[[[108.10206970442704,34.339606788616038],[108.10200202558391,34.339766509877244],[108.10171278514527,34.340449119089648],[108.10121666657042,34.340367026685989],[108.10098466951553,34.340281366628325],[108.10206959460955,34.33956727319908],[108.10206970442704,34.339606788616038]]]},"properties":{"FID":514,"OBJECTID_1":0,"一级":"01","一级名":"耕地","二级":"0103","二级名":"旱地","Shape_Leng":300.78089797376344,"备注":"小麦","Shape_Area":377452.03696200001,"组别":"1"}},{"type":"Feature","id":515,"geometry":{"type":"MultiPolygon","coordinates":[[[[108.10260135054118,34.337869361881744],[108.10240240010111,34.338087411874255],[108.10237490226507,34.338128783095776],[108.10206595545836,34.338052399791962],[108.10221799173223,34.337889917141247],[108.10232778797483,34.337766153057046],[108.10260135054118,34.337869361881744]]],[[[108.10270667422679,34.339068642589162],[108.10212621561661,34.339465210815987],[108.10211630206915,34.33948312429542],[108.10173880993317,34.339357992964025],[108.10169652631613,34.339347526738997],[108.10168616549203,34.339346085762344],[108.10169132073,34.339326849289286],[108.10173906367976,34.339148732007622],[108.10174314816861,34.339134679936322],[108.10177793983682,34.339014962310728],[108.10199777680695,34.339033503144954],[108.10205626777092,34.339012111849499],[108.10245683022467,34.338979413276469],[108.10270667422679,34.339068642589162]]]]},"properties":{"FID":515,"OBJECTID_1":0,"一级":"01","一级名":"耕地","二级":"0103","二级名":"旱地","Shape_Leng":372.54211239834979,"备注":"小麦","Shape_Area":417938.408803,"组别":"1"}},{"type":"Feature","id":516,"geometry":{"type":"Polygon","coordinates":[[[108.10162366435853,34.337224178541],[108.10128762256457,34.337585345994889],[108.10082600730466,34.337385471044783],[108.10079970147143,34.337369937645377],[108.10076759051086,34.337350976177461],[108.10073845173295,34.337333770144106],[108.10072952326585,34.337328496612628],[108.10188700051418,34.336052302773169],[108.10198661761559,34.335908736475076],[108.10258862479246,34.335663823989456],[108.10280634478923,34.335492503272903],[108.10290856244077,34.335432655508626],[108.10276044869265,34.335810089504228],[108.10272658689412,34.335886279565244],[108.10252572202496,34.336366703947419],[108.10232024880089,34.33691653865408],[108.10212519323463,34.337115401455399],[108.1018057820754,34.337028444619726],[108.10162366435853,34.337224178541]]]},"properties":{"FID":516,"OBJECTID_1":0,"一级":"14","一级名":"绿地与开敞空间用地","二级":"1402","二级名":"防护绿地","Shape_Leng":665.88605158242899,"备注":"路侧树","Shape_Area":1642006.68145,"组别":"1"}},{"type":"Feature","id":517,"geometry":{"type":"Polygon","coordinates":[[[108.10254043792646,34.335110584651389],[108.10275518739165,34.335444318760416],[108.10261241857778,34.335594225017779],[108.10202991759799,34.335846335025018],[108.10254043792646,34.335110584651389]]]},"properties":{"FID":517,"OBJECTID_1":0,"一级":"03","一级名":"林地","二级":"0301","二级名":"乔木林地","Shape_Leng":217.7861876080853,"备注":"树木","Shape_Area":193795.58871000001,"组别":"1"}},{"type":"Feature","id":518,"geometry":{"type":"Polygon","coordinates":[[[108.10305617235453,34.335277000589215],[108.10302019914012,34.335314637958106],[108.10278225319354,34.335433610786886],[108.10257286116133,34.335112383898199],[108.10258795700415,34.335042102577219],[108.10282270441463,34.33493154452843],[108.10294228395496,34.33476688132442],[108.10320181650104,34.334821951633884],[108.10292582161379,34.33510160531096],[108.10310534887292,34.335222269921992],[108.10305617235453,34.335277000589215]]]},"properties":{"FID":518,"OBJECTID_1":0,"一级":"03","一级名":"林地","二级":"0301","二级名":"乔木林地","Shape_Leng":219.06395826645434,"备注":"树木","Shape_Area":207007.475335,"组别":"1"}},{"type":"Feature","id":519,"geometry":{"type":"MultiPolygon","coordinates":[[[[108.10354968924416,34.335085717204493],[108.10358623099796,34.334903521239625],[108.10369427403141,34.334926447323269],[108.10364204022893,34.335089112484418],[108.10357937328961,34.33507193278863],[108.10354968924416,34.335085717204493]]],[[[108.10354968924416,34.335085717204493],[108.10348895292911,34.335112383886482],[108.10307968557967,34.335295602699929],[108.10305617235453,34.335277000589215],[108.10310534887292,34.335222269921992],[108.10325597230957,34.335045092956356],[108.10335115051011,34.335024273181823],[108.10354968924416,34.335085717204493]]]]},"properties":{"FID":519,"OBJECTID_1":0,"一级":"14","一级名":"绿地与开敞空间用地","二级":"1402","二级名":"防护绿地","Shape_Leng":170.9159383338901,"备注":"路侧树","Shape_Area":68165.531383599999,"组别":"1"}},{"type":"Feature","id":520,"geometry":{"type":"Polygon","coordinates":[[[108.10288454620989,34.334754629133144],[108.10279914704624,34.334905132870261],[108.10262308965491,34.334991470281388],[108.10280025545974,34.33473674331362],[108.10288454620989,34.334754629133144]]]},"properties":{"FID":520,"OBJECTID_1":0,"一级":"03","一级名":"林地","二级":"0301","二级名":"乔木林地","Shape_Leng":77.900835479797237,"备注":"树木","Shape_Area":22336.570364300002,"组别":"1"}},{"type":"Feature","id":521,"geometry":{"type":"Polygon","coordinates":[[[108.10543545881151,34.336354369147017],[108.10526064650237,34.336950497762658],[108.10521472347835,34.336942086745616],[108.10487879152946,34.336880557661651],[108.10373697288307,34.336626409314704],[108.10380665745033,34.336408450532169],[108.10417225782328,34.336499018379001],[108.10430828885774,34.336540583465201],[108.10477228422442,34.336647660128243],[108.10488530792226,34.33623125393764],[108.10510048575864,34.336280954708919],[108.10543545881151,34.336354369147017]]]},"properties":{"FID":521,"OBJECTID_1":0,"一级":"14","一级名":"绿地与开敞空间用地","二级":"1402","二级名":"防护绿地","Shape_Leng":430.38991939782466,"备注":"路侧树","Shape_Area":576203.14184699999,"组别":"1"}},{"type":"Feature","id":522,"geometry":{"type":"MultiPolygon","coordinates":[[[[108.10288298494943,34.337620903672708],[108.10285628159031,34.337629960749076],[108.10277419097697,34.337679930258432],[108.10260135054118,34.337869361881744],[108.10232778797483,34.337766153057046],[108.102425005124,34.33769004176721],[108.10252494162523,34.33747232167218],[108.10255712889045,34.337251824894082],[108.10212519323463,34.337115401455399],[108.10330747995489,34.33694343931073],[108.10354038513209,34.336999859219489],[108.10343955951107,34.337381279058562],[108.10469948419529,34.337666815238961],[108.10461113467564,34.337748933635872],[108.10336191815668,34.33745744945692],[108.10288298494943,34.337620903672708]]],[[[108.10166720737845,34.339416812758081],[108.1020209890886,34.33950295248502],[108.10200918101937,34.339548483496621],[108.10160227025074,34.339796758772067],[108.10117161588134,34.339674434641061],[108.10123855465045,34.339491771760507],[108.10129919206746,34.339327205870077],[108.10166720737845,34.339416812758081]]]]},"properties":{"FID":522,"OBJECTID_1":0,"一级":"14","一级名":"绿地与开敞空间用地","二级":"1402","二级名":"防护绿地","Shape_Leng":849.91438954107946,"备注":"路侧树","Shape_Area":1025984.88286,"组别":"1"}},{"type":"Feature","id":523,"geometry":{"type":"Polygon","coordinates":[[[108.10330747995489,34.33694343931073],[108.10212519323463,34.337115401455399],[108.10232024880089,34.33691653865408],[108.10261374945038,34.337026219667649],[108.10281922211033,34.336476384480427],[108.10310261870869,34.336549813437209],[108.10313772825724,34.336440982298747],[108.10325972120459,34.336472659405445],[108.10327469544242,34.336477219090121],[108.10320370052267,34.336681468045761],[108.1033450683295,34.336824927726767],[108.10330747995489,34.33694343931073]]]},"properties":{"FID":523,"OBJECTID_1":0,"一级":"14","一级名":"绿地与开敞空间用地","二级":"1402","二级名":"防护绿地","Shape_Leng":343.1444120939081,"备注":"路侧树","Shape_Area":328345.84049099998,"组别":"1"}},{"type":"Feature","id":524,"geometry":{"type":"Polygon","coordinates":[[[108.10367052119463,34.336608689284098],[108.10354038513209,34.336999859219489],[108.10330747995489,34.33694343931073],[108.1033450683295,34.336824927726767],[108.10320370052267,34.336681468045761],[108.10327469544242,34.336477219090121],[108.10343814787547,34.336531460278145],[108.10357179773324,34.336575811967947],[108.10367052119463,34.336608689284098]]]},"properties":{"FID":524,"OBJECTID_1":0,"一级":"07","一级名":"居住用地","二级":"0703","二级名":"农村宅基地","Shape_Leng":164.30322745125949,"备注":"自建房","Shape_Area":151256.72766900001,"组别":"1"}},{"type":"Feature","id":525,"geometry":{"type":"Polygon","coordinates":[[[108.10543812802715,34.340495259937562],[108.10554520426518,34.340613043488048],[108.10612341246848,34.340905716921569],[108.1056272952885,34.341451803938689],[108.10457081532245,34.340948547862375],[108.10452798432952,34.340730827294458],[108.1048398609107,34.339649770084165],[108.10489618347765,34.3396571933201],[108.10502976985497,34.339674796511311],[108.10518689533477,34.339695503870189],[108.10525605838897,34.339320317559611],[108.10534116114484,34.339336008570434],[108.10563264525392,34.339395494987073],[108.1056027725579,34.339636017789125],[108.10552629364096,34.339928872939986],[108.10552378868104,34.339938465951853],[108.10540957463533,34.340420306575652],[108.10543812802715,34.340495259937562]]]},"properties":{"FID":525,"OBJECTID_1":0,"一级":"14","一级名":"绿地与开敞空间用地","二级":"1402","二级名":"防护绿地","Shape_Leng":648.84154855874874,"备注":"路侧树","Shape_Area":1731935.2100800001,"组别":"1"}},{"type":"Feature","id":526,"geometry":{"type":"Polygon","coordinates":[[[108.10787012355996,34.340098843896371],[108.10788207228714,34.340103618428749],[108.10805246114302,34.340171712075772],[108.10806124574033,34.340175222802436],[108.10680013164989,34.341993130710179],[108.1067624829287,34.341975374630771],[108.1066008929869,34.341899167242595],[108.10571033913146,34.34147916702743],[108.10572461534659,34.341431578168425],[108.10630817362404,34.340842335819232],[108.10696592878409,34.341126770559342],[108.10787012355996,34.340098843896371]]]},"properties":{"FID":526,"OBJECTID_1":0,"一级":"14","一级名":"绿地与开敞空间用地","二级":"1402","二级名":"防护绿地","Shape_Leng":666.96962395903097,"备注":"路侧树","Shape_Area":1375063.89429,"组别":"1"}},{"type":"Feature","id":527,"geometry":{"type":"Polygon","coordinates":[[[108.1088320433264,34.339229592749632],[108.10690903907117,34.342046183345204],[108.10684296220171,34.34200740795108],[108.10855741990008,34.339557320139555],[108.10880517447548,34.339208017148636],[108.1088320433264,34.339229592749632]]]},"properties":{"FID":527,"OBJECTID_1":0,"一级":"14","一级名":"绿地与开敞空间用地","二级":"1402","二级名":"防护绿地","Shape_Leng":729.16236923377619,"备注":"路侧树","Shape_Area":197203.241274,"组别":"1"}},{"type":"Feature","id":528,"geometry":{"type":"Polygon","coordinates":[[[108.1091089290267,34.338698460693536],[108.10882083532893,34.339097362693607],[108.10812775242584,34.340057597493811],[108.10797034495138,34.339979905257373],[108.10792269550011,34.339956386165483],[108.10895225362241,34.338596494873237],[108.1091089290267,34.338698460693536]]]},"properties":{"FID":528,"OBJECTID_1":0,"一级":"14","一级名":"绿地与开敞空间用地","二级":"1402","二级名":"防护绿地","Shape_Leng":394.14445744900303,"备注":"路侧树","Shape_Area":355147.68154100003,"组别":"1"}},{"type":"Feature","id":529,"geometry":{"type":"Polygon","coordinates":[[[108.106625598421,34.342256577286925],[108.10535139650649,34.34394837396475],[108.1051698980925,34.343904679299918],[108.10515866126032,34.343901973693143],[108.105036416434,34.343824800141007],[108.10635456321333,34.342125078783646],[108.10638798956248,34.342082501674732],[108.10639865699652,34.342069948306303],[108.10644931233021,34.342111604957047],[108.10658515538732,34.342223318125264],[108.106625598421,34.342256577286925]]]},"properties":{"FID":529,"OBJECTID_1":0,"一级":"14","一级名":"绿地与开敞空间用地","二级":"1402","二级名":"防护绿地","Shape_Leng":514.81439847020908,"备注":"路侧树","Shape_Area":691168.65465899999,"组别":"1"}},{"type":"Feature","id":530,"geometry":{"type":"Polygon","coordinates":[[[108.10690903907117,34.342046183345204],[108.10555165238263,34.344034322592783],[108.10543527342122,34.343986445191803],[108.10684296220171,34.34200740795108],[108.10690903907117,34.342046183345204]]]},"properties":{"FID":530,"OBJECTID_1":0,"一级":"14","一级名":"绿地与开敞空间用地","二级":"1402","二级名":"防护绿地","Shape_Leng":527.74559702793158,"备注":"路侧树","Shape_Area":245838.33527800001,"组别":"1"}},{"type":"Feature","id":531,"geometry":{"type":"Polygon","coordinates":[[[108.10555165238263,34.344034322592783],[108.10402474264232,34.346270759629881],[108.10387339463512,34.346226945492958],[108.10543527342122,34.343986445191803],[108.10555165238263,34.344034322592783]]]},"properties":{"FID":531,"OBJECTID_1":0,"一级":"14","一级名":"绿地与开敞空间用地","二级":"1402","二级名":"防护绿地","Shape_Leng":598.89745366375359,"备注":"路侧树","Shape_Area":378102.61981300003,"组别":"1"}},{"type":"Feature","id":532,"geometry":{"type":"Polygon","coordinates":[[[108.10417055957791,34.345709770071615],[108.103929638642,34.346028023207204],[108.10388767049913,34.346012794066652],[108.10387993841654,34.345933319855838],[108.10391817491498,34.345885649608675],[108.10410738125417,34.345647613584084],[108.10397214259737,34.345632912679683],[108.1039529414672,34.345610221607004],[108.10390913079523,34.345558445338241],[108.10389032049997,34.345539783538833],[108.10387398961598,34.34552048408969],[108.10379963081461,34.345377715775285],[108.10379963053302,34.345332505656494],[108.10385105221813,34.345341091919082],[108.10387634989729,34.345387114447021],[108.10388029294367,34.345394136334576],[108.10394452958087,34.345508323660091],[108.10400192581181,34.345541570177744],[108.10404055250041,34.345564504364035],[108.10410301316489,34.345552606728532],[108.10459110007953,34.344985620548229],[108.10498970851414,34.344381668221523],[108.10526501785822,34.343966021710109],[108.1053276270295,34.343977499600925],[108.10536710057089,34.344022612662627],[108.10458009488332,34.345145955452615],[108.10417055957791,34.345709770071615]]]},"properties":{"FID":532,"OBJECTID_1":0,"一级":"14","一级名":"绿地与开敞空间用地","二级":"1402","二级名":"防护绿地","Shape_Leng":620.41993931745196,"备注":"路侧树","Shape_Area":292957.39499599999,"组别":"1"}},{"type":"Feature","id":533,"geometry":{"type":"MultiPolygon","coordinates":[[[[108.10545282070096,34.341558364177672],[108.10539928381371,34.341641644864794],[108.10515756913425,34.341544330537396],[108.10494123683073,34.341457236600533],[108.10476872556315,34.341510774510816],[108.1048235712542,34.341315497548251],[108.10545282070096,34.341558364177672]]],[[[108.10428093704067,34.343741519002954],[108.105036416434,34.343824800141007],[108.10515866126032,34.343901973693143],[108.1051698980925,34.343904679299918],[108.10535139650649,34.34394837396475],[108.1053519622475,34.343962750282635],[108.10534274270361,34.343961031880696],[108.10515753446849,34.343926550811631],[108.10493079732058,34.343886606931896],[108.10442397162841,34.343860433043368],[108.10375772323536,34.343784289793803],[108.10378138008538,34.343661582803136],[108.10428093704067,34.343741519002954]]]]},"properties":{"FID":533,"OBJECTID_1":0,"一级":"14","一级名":"绿地与开敞空间用地","二级":"1402","二级名":"防护绿地","Shape_Leng":473.55280614029323,"备注":"路侧树","Shape_Area":210161.86763299999,"组别":"1"}},{"type":"Feature","id":534,"geometry":{"type":"Polygon","coordinates":[[[108.10223100712976,34.343822955709825],[108.10219367056358,34.343881427131691],[108.10224264061179,34.343926899277491],[108.10247890685154,34.344065884880465],[108.10254889369422,34.344226925285248],[108.1026149343643,34.344272752587443],[108.102643464886,34.344293327493013],[108.1028803371173,34.344467036815075],[108.10293047273562,34.34451232109501],[108.10299003190343,34.344566115512606],[108.10301419049854,34.344606428307351],[108.10313528290014,34.344809041275759],[108.10344697756298,34.345327568322404],[108.10353706762534,34.345391456680197],[108.10362822758331,34.345437036811589],[108.10371552690411,34.345477117511756],[108.10380832577778,34.345587763134809],[108.103811895848,34.345798344901986],[108.10373359116909,34.345916429404127],[108.10367159657218,34.345689119680571],[108.10317191049427,34.345082357176366],[108.10224392107932,34.344118675483863],[108.10149438980697,34.343583297015435],[108.10015408708558,34.343551384877472],[108.10038309238719,34.343105985096514],[108.10368054083787,34.343857317371224],[108.10360627433516,34.344105366598313],[108.10333450628292,34.344030444371889],[108.10332441445861,34.343969693128727],[108.10246355604416,34.343780506244684],[108.10244646133309,34.343862710297394],[108.10227833249822,34.343812685288434],[108.10223100712976,34.343822955709825]]]},"properties":{"FID":534,"OBJECTID_1":0,"一级":"03","一级名":"林地","二级":"0301","二级名":"乔木林地","Shape_Leng":1293.2079916299999,"备注":"树木","Shape_Area":1436724.9114900001,"组别":"1"}},{"type":"Feature","id":535,"geometry":{"type":"Polygon","coordinates":[[[108.10315664083222,34.342980218482893],[108.10316413719987,34.342951418887203],[108.10342809588523,34.343014658610912],[108.10377284122494,34.343098960019283],[108.10315664083222,34.342980218482893]]]},"properties":{"FID":535,"OBJECTID_1":0,"一级":"01","一级名":"耕地","二级":"0103","二级名":"旱地","Shape_Leng":119.82652057733705,"备注":"小麦","Shape_Area":9740.9253001100005,"组别":"1"}},{"type":"Feature","id":536,"geometry":{"type":"Polygon","coordinates":[[[108.09988663604202,34.342603564314722],[108.10058718089498,34.342851482068987],[108.10302850846244,34.343472521051559],[108.10372087291174,34.343648925006931],[108.10370161821733,34.343731502474995],[108.10366315014616,34.343772234173883],[108.10045563609701,34.343046499118969],[108.10040804729731,34.343017945001407],[108.1004746724111,34.342889453744966],[108.09967993177503,34.342532534748251],[108.09950861105661,34.342746685535865],[108.09920404028539,34.342622953890846],[108.09916414234458,34.342557399907406],[108.09943076246435,34.342187611882004],[108.09998041768004,34.342401763510786],[108.09988663604202,34.342603564314722]]]},"properties":{"FID":536,"OBJECTID_1":0,"一级":"14","一级名":"绿地与开敞空间用地","二级":"1402","二级名":"防护绿地","Shape_Leng":992.2621257148669,"备注":"路侧树","Shape_Area":889641.62510900002,"组别":"1"}},{"type":"Feature","id":537,"geometry":{"type":"Polygon","coordinates":[[[108.09878177263991,34.342944535102482],[108.09802243842515,34.342970718544187],[108.09819693298266,34.342709408152807],[108.09839323800838,34.34274153077056],[108.09878177263991,34.342944535102482]]]},"properties":{"FID":537,"OBJECTID_1":0,"一级":"01","一级名":"耕地","二级":"0103","二级名":"旱地","Shape_Leng":163.72625582293097,"备注":"小麦","Shape_Area":112898.930161,"组别":"1"}},{"type":"Feature","id":538,"geometry":{"type":"Polygon","coordinates":[[[108.09802243842515,34.342970718544187],[108.09791789851637,34.342974324273776],[108.09819655405369,34.342624877544395],[108.09822775780367,34.342597173462295],[108.09888888051647,34.342940841822255],[108.09878177263991,34.342944535102482],[108.09839323800838,34.34274153077056],[108.09819693298266,34.342709408152807],[108.09802243842515,34.342970718544187]]]},"properties":{"FID":538,"OBJECTID_1":0,"一级":"14","一级名":"绿地与开敞空间用地","二级":"1402","二级名":"防护绿地","Shape_Leng":235.7605941678415,"备注":"路侧树","Shape_Area":70320.346420300004,"组别":"1"}},{"type":"Feature","id":539,"geometry":{"type":"Polygon","coordinates":[[[108.09598420974885,34.342952913616919],[108.09598127609046,34.342958336517938],[108.09593220140324,34.342970216823083],[108.09580383471663,34.343053732206869],[108.0954949751998,34.343258726706921],[108.09540996471537,34.343284173255398],[108.0954149564095,34.343277393839692],[108.09574799145734,34.342905149725723],[108.09664029012504,34.341870084666382],[108.09735999651495,34.341135691321995],[108.09781980577164,34.341211874975571],[108.09779898557956,34.341321924522788],[108.09788524067524,34.341396282735424],[108.09763837247597,34.34168479224541],[108.09751970265368,34.341849086081375],[108.09760268011955,34.341898943955812],[108.09738991718821,34.342060946242022],[108.0972757026683,34.342182297873663],[108.0972538844172,34.3421761103154],[108.09703656746451,34.3421144826412],[108.0969476784441,34.342268140981695],[108.09688478540741,34.342378185798658],[108.09683536909951,34.342464039515065],[108.09668321700443,34.342728383653927],[108.0966438786441,34.342775683833061],[108.09658859282271,34.342734312548131],[108.09653785820775,34.342698266300182],[108.09639024773914,34.342596046538944],[108.09634457598806,34.342568842451378],[108.09598420974885,34.342952913616919]]]},"properties":{"FID":539,"OBJECTID_1":0,"一级":"03","一级名":"林地","二级":"0301","二级名":"乔木林地","Shape_Leng":738.98933782836241,"备注":"树木","Shape_Area":1300913.2673500001,"组别":"1"}},{"type":"Feature","id":540,"geometry":{"type":"Polygon","coordinates":[[[108.09898574250293,34.340560497168497],[108.09888363946587,34.340511772601204],[108.0982482483527,34.341021144656352],[108.09814698190326,34.341104798529742],[108.09801908627604,34.341027465597961],[108.09781980577164,34.341211874975571],[108.09735999651495,34.341135691321995],[108.0983891938086,34.340085489262719],[108.09895301803213,34.339416557165158],[108.09928872798737,34.339018258170931],[108.09952328633049,34.339114575788159],[108.09943603997139,34.339389264781964],[108.09960668435897,34.33942952865624],[108.09972974883632,34.339455888751402],[108.09966855047909,34.339722202654734],[108.09987382891978,34.33978257884128],[108.09991125528774,34.339793586940928],[108.09955493536523,34.340415265124541],[108.09952683129356,34.340448502125511],[108.09944973707471,34.340539676515057],[108.09937438727933,34.340635711124307],[108.0992980454762,34.340733007661726],[108.09915668862983,34.340654925078482],[108.09910531111821,34.340626544791107],[108.09898574250293,34.340560497168497]]]},"properties":{"FID":540,"OBJECTID_1":0,"一级":"03","一级名":"林地","二级":"0301","二级名":"乔木林地","Shape_Leng":775.77290101458641,"备注":"树木","Shape_Area":2108688.0309100002,"组别":"1"}},{"type":"Feature","id":541,"geometry":{"type":"Polygon","coordinates":[[[108.10082600730466,34.337385471044783],[108.09981776856176,34.339002724639478],[108.0997363051533,34.338983856315103],[108.09965002231887,34.33896067917405],[108.09939499746061,34.338892176477181],[108.10012372625961,34.338027574575449],[108.09987968731559,34.338629876632545],[108.10010376437199,34.338307125733202],[108.10021703551213,34.338098517820384],[108.10036991651589,34.337847485188917],[108.10059966659405,34.337592845507288],[108.10076759051086,34.337350976177461],[108.10079970147143,34.337369937645377],[108.10082600730466,34.337385471044783]]]},"properties":{"FID":541,"OBJECTID_1":0,"一级":"03","一级名":"林地","二级":"0301","二级名":"乔木林地","Shape_Leng":601.00923316878198,"备注":"树木","Shape_Area":416375.02736800001,"组别":"1"}},{"type":"Feature","id":542,"geometry":{"type":"Polygon","coordinates":[[[108.10076759051086,34.337350976177461],[108.10059966659405,34.337592845507288],[108.10036991651589,34.337847485188917],[108.10021703551213,34.338098517820384],[108.10010376437199,34.338307125733202],[108.09987968731559,34.338629876632545],[108.10012372625961,34.338027574575449],[108.10072952326585,34.337328496612628],[108.10073845173295,34.337333770144106],[108.10076759051086,34.337350976177461]]]},"properties":{"FID":542,"OBJECTID_1":0,"一级":"03","一级名":"林地","二级":"0301","二级名":"乔木林地","Shape_Leng":334.42624703044214,"备注":"树木","Shape_Area":113110.55910300001,"组别":"1"}},{"type":"Feature","id":543,"geometry":{"type":"Polygon","coordinates":[[[108.10123855465045,34.339491771760507],[108.10117161588134,34.339674434641061],[108.10089369518434,34.339594486255059],[108.1010480782942,34.339218898500363],[108.10105367891299,34.339210258593418],[108.10132943577403,34.338887142798036],[108.10135084529831,34.338895511555968],[108.10136450929923,34.33890193772055],[108.10177793983682,34.339014962310728],[108.10174314816861,34.339134679936322],[108.10173906367976,34.339148732007622],[108.10169132073,34.339326849289286],[108.10168616549203,34.339346085762344],[108.10166720737845,34.339416812758081],[108.10129919206746,34.339327205870077],[108.10123855465045,34.339491771760507]]]},"properties":{"FID":543,"OBJECTID_1":0,"一级":"10","一级名":"工矿用地","二级":"1001","二级名":"工业用地","Shape_Leng":281.05430180495068,"备注":"瑞鑫达机械加工有限公司","Shape_Area":351198.37772599998,"组别":"1"}},{"type":"Feature","id":544,"geometry":{"type":"Polygon","coordinates":[[[108.10916924603612,34.334062928519479],[108.10895507032983,34.334070516825356],[108.10825962954489,34.334095157195087],[108.1080770730744,34.334023667797013],[108.10814644912909,34.33384076445428],[108.10847021201945,34.333907178719649],[108.10869802499511,34.33348221842833],[108.10874147077944,34.333400354173349],[108.10894134529535,34.333418199845582],[108.10902647833886,34.33363105673795],[108.10870168236619,34.333916592276893],[108.10916924603612,34.334062928519479]]]},"properties":{"FID":544,"OBJECTID_1":0,"一级":"14","一级名":"绿地与开敞空间用地","二级":"1402","二级名":"防护绿地","Shape_Leng":348.74449261388202,"备注":"路侧树","Shape_Area":318427.32048599998,"组别":"1"}},{"type":"Feature","id":545,"geometry":{"type":"MultiPolygon","coordinates":[[[[108.11000077112192,34.333391023264809],[108.11014254363715,34.33303051773148],[108.11015863879473,34.332989954608806],[108.11054528740966,34.332950923607349],[108.11039329833889,34.333085592429718],[108.11037724953977,34.333100910448721],[108.11030584623425,34.333164642829409],[108.11002018037932,34.33337758637321],[108.11000077112192,34.333391023264809]]],[[[108.11000077112192,34.333391023264809],[108.10995556598992,34.33342531205075],[108.10978145398028,34.33355300987926],[108.10975583672393,34.333571734077559],[108.10972511690179,34.33359256149172],[108.10969629276113,34.333612103490211],[108.10964861477203,34.333644428245684],[108.10952795008809,34.333726234799776],[108.10945418671753,34.333795238850598],[108.10944036962825,34.333833939182036],[108.10931587805844,34.334065587795784],[108.10916924603612,34.334062928519479],[108.10870168236619,34.333916592276893],[108.10902647833886,34.33363105673795],[108.10894134529535,34.333418199845582],[108.10894152462998,34.333311464261762],[108.10894176935251,34.333167044881968],[108.10951188758618,34.333095678103668],[108.10969774924958,34.333081396350877],[108.10970002810964,34.3331724484636],[108.10971350083116,34.33336522364916],[108.10971430534575,34.333383030796178],[108.11000077112192,34.333391023264809]]]]},"properties":{"FID":545,"OBJECTID_1":0,"一级":"23","一级名":"其他土地","二级":"2306","二级名":"裸土地","Shape_Leng":538.65029887330377,"备注":"无作物","Shape_Area":752502.67202900001,"组别":"1"}},{"type":"Feature","id":546,"geometry":{"type":"Polygon","coordinates":[[[108.10929007900498,34.334113593980099],[108.10927469690935,34.334142216222993],[108.10920539766958,34.334271164655384],[108.10917274747163,34.33426766717254],[108.10841822755447,34.334123380194683],[108.10915313678289,34.334114947545316],[108.10929007900498,34.334113593980099]]]},"properties":{"FID":546,"OBJECTID_1":0,"一级":"14","一级名":"绿地与开敞空间用地","二级":"1402","二级名":"防护绿地","Shape_Leng":173.65646551575202,"备注":"路侧树","Shape_Area":70832.956504100002,"组别":"1"}},{"type":"Feature","id":547,"geometry":{"type":"MultiPolygon","coordinates":[[[[108.11015354288699,34.333316355946373],[108.11000477328531,34.33347833988212],[108.10982029465558,34.333701474310026],[108.10975301195214,34.333789999720722],[108.10973073053094,34.33382105138795],[108.10969432223123,34.333872305286945],[108.10964359992713,34.333943637167742],[108.10944036962825,34.333833939182036],[108.10945418671753,34.333795238850598],[108.10952795008809,34.333726234799776],[108.10964861477203,34.333644428245684],[108.10969629276113,34.333612103490211],[108.10972511690179,34.33359256149172],[108.10975583672393,34.333571734077559],[108.10978145398028,34.33355300987926],[108.10995556598992,34.33342531205075],[108.11000077112192,34.333391023264809],[108.11002018037932,34.33337758637321],[108.11030584623425,34.333164642829409],[108.11015354288699,34.333316355946373]]],[[[108.10939881824038,34.334336724435886],[108.10932218934161,34.334479186374772],[108.10923914013172,34.334650320198314],[108.10916377460404,34.334823882914414],[108.10909619464591,34.334999639159591],[108.10906130807864,34.335162676096537],[108.10905042922741,34.335228373125268],[108.1090442790731,34.335259114608533],[108.10903593701626,34.33531589913445],[108.10903373750766,34.335330182360217],[108.1090299185329,34.335356866002044],[108.10902615515401,34.335394604459623],[108.10901474719851,34.335491524759078],[108.10901060916288,34.335550476305436],[108.10900724913739,34.335584166751175],[108.10895983230489,34.335582524984787],[108.10913557668853,34.334706454034752],[108.10915073896416,34.334648116475385],[108.10924520590554,34.33428465768101],[108.10939881824038,34.334336724435886]]]]},"properties":{"FID":547,"OBJECTID_1":0,"一级":"14","一级名":"绿地与开敞空间用地","二级":"1402","二级名":"防护绿地","Shape_Leng":547.96891731818096,"备注":"路侧树","Shape_Area":193514.30314900001,"组别":"1"}},{"type":"Feature","id":548,"geometry":{"type":"Polygon","coordinates":[[[108.1075504845041,34.336877220668796],[108.1073182376085,34.337825836589872],[108.10714915684301,34.337825048921708],[108.10716124848234,34.33761777163167],[108.10719912578558,34.336968443135895],[108.10720717564364,34.336797917327949],[108.1075504845041,34.336877220668796]]]},"properties":{"FID":548,"OBJECTID_1":0,"一级":"23","一级名":"其他土地","二级":"2306","二级名":"裸土地","Shape_Leng":269.79226116112943,"备注":"无作物","Shape_Area":263441.530111,"组别":"1"}},{"type":"Feature","id":549,"geometry":{"type":"Polygon","coordinates":[[[108.10917878864684,34.336906513888778],[108.10922571953719,34.337044936826771],[108.10925403117419,34.337120291614156],[108.1092724660966,34.337172666539658],[108.1092920854403,34.337221574210169],[108.10929994690314,34.337242497780331],[108.10931842958377,34.337287246125577],[108.1093616642452,34.337395021947387],[108.10937684627525,34.337428675999078],[108.10938080468532,34.337438259713885],[108.10946823077992,34.337632068516712],[108.10947289769338,34.337641593900045],[108.10949222247368,34.337684431224922],[108.10952556208214,34.337749084472009],[108.10956215547967,34.337823774591442],[108.10963470796281,34.337960746477428],[108.10966208712675,34.338013841724781],[108.10916469004269,34.338742389737106],[108.10914947494075,34.338730303624885],[108.1091089290267,34.338698460693536],[108.10895225362241,34.338596494873237],[108.10905425933305,34.338461535320015],[108.10928357375776,34.338158097044804],[108.1089506217396,34.33721596117995],[108.10890212513867,34.336918560638047],[108.10916354948971,34.336862183619679],[108.10917878864684,34.336906513888778]]]},"properties":{"FID":549,"OBJECTID_1":0,"一级":"12","一级名":"交通运输用地","二级":"1208","二级名":"交通场站用地","Shape_Leng":478.62222316423362,"备注":"停车场","Shape_Area":613879.15270600002,"组别":"1"}},{"type":"Feature","id":550,"geometry":{"type":"Polygon","coordinates":[[[108.10692528651271,34.339482306269929],[108.10686877487024,34.339547740673879],[108.10571816028096,34.33931747789029],[108.10527310609177,34.33922783276649],[108.10532378097196,34.338952934776898],[108.10529099620544,34.338945972936926],[108.10499653834268,34.338898384041386],[108.10509151781298,34.338540274853585],[108.10541571993963,34.33859678695444],[108.10545735968117,34.338454019423807],[108.10575791712108,34.338495792879257],[108.105702918303,34.338783215993317],[108.10581396210182,34.338805550767574],[108.10573992067293,34.339129191503162],[108.10662627068086,34.339266010385472],[108.10669287615747,34.338981734588742],[108.10700893096509,34.3390450446459],[108.1070468880207,34.339044747466687],[108.10704457560496,34.339054040290648],[108.10692528651271,34.339482306269929]]]},"properties":{"FID":550,"OBJECTID_1":0,"一级":"23","一级名":"其他土地","二级":"2306","二级名":"裸土地","Shape_Leng":614.6876674478782,"备注":"无作物","Shape_Area":822929.78605400003,"组别":"1"}},{"type":"Feature","id":551,"geometry":{"type":"Polygon","coordinates":[[[108.10160227025074,34.339796758772067],[108.10133871422168,34.339957566957175],[108.10131237268173,34.339973639619345],[108.10113848633411,34.340079735299938],[108.10070864811219,34.340357174099438],[108.10060660920469,34.340325465461696],[108.100517899843,34.340281082697736],[108.10061932981573,34.340113294230733],[108.1007759694775,34.339817099307041],[108.10089369518434,34.339594486255059],[108.10117161588134,34.339674434641061],[108.10141770049553,34.339749340642413],[108.10160227025074,34.339796758772067]]]},"properties":{"FID":551,"OBJECTID_1":0,"一级":"14","一级名":"绿地与开敞空间用地","二级":"1403","二级名":"广场用地","Shape_Leng":275.28231794991876,"备注":"无名","Shape_Area":368943.87458100001,"组别":"1"}},{"type":"Feature","id":552,"geometry":{"type":"Polygon","coordinates":[[[108.10468281585936,34.339768005633744],[108.10463525531857,34.339893124931514],[108.10456111472706,34.339878540104635],[108.10434886656994,34.339829648161015],[108.10436733052374,34.339743378748857],[108.10423345202649,34.339711876955263],[108.10422331071643,34.339710495504335],[108.10411609194949,34.339686015057914],[108.10420246219304,34.339217655678503],[108.10327923151324,34.339096303433401],[108.1033148331273,34.338935201308978],[108.10360801186695,34.338945127704655],[108.10381907226673,34.338976835216762],[108.10381729495838,34.339040856287475],[108.10434345866508,34.339136312189012],[108.10423071766547,34.33967758605398],[108.1046626696595,34.339763977009994],[108.10468281585936,34.339768005633744]]]},"properties":{"FID":552,"OBJECTID_1":0,"一级":"14","一级名":"绿地与开敞空间用地","二级":"1402","二级名":"防护绿地","Shape_Leng":439.40027931650445,"备注":"路侧树","Shape_Area":260344.71257900001,"组别":"1"}},{"type":"Feature","id":553,"geometry":{"type":"Polygon","coordinates":[[[108.10459110007953,34.344985620548229],[108.10410301316489,34.345552606728532],[108.10404055250041,34.345564504364035],[108.10400192581181,34.345541570177744],[108.10394452958087,34.345508323660091],[108.10388029294367,34.345394136334576],[108.10387634989729,34.345387114447021],[108.10385105221813,34.345341091919082],[108.10379963053302,34.345332505656494],[108.10357197295681,34.344846185942593],[108.10357792142747,34.344643932068891],[108.10375638052966,34.343876555620625],[108.10451637215029,34.343903857832039],[108.1045257999031,34.343904346499613],[108.10477902964072,34.343923480329728],[108.10513717550877,34.343950539552644],[108.1051856667692,34.343954202987796],[108.10526501785822,34.343966021710109],[108.10498970851414,34.344381668221523],[108.10459110007953,34.344985620548229]]]},"properties":{"FID":553,"OBJECTID_1":0,"一级":"01","一级名":"耕地","二级":"0103","二级名":"旱地","Shape_Leng":554.50316312983512,"备注":"小麦","Shape_Area":1753415.17983,"组别":"1"}},{"type":"Feature","id":554,"geometry":{"type":"Polygon","coordinates":[[[108.10332441445861,34.343969693128727],[108.10333450628292,34.344030444371889],[108.10360627433516,34.344105366598313],[108.10348869138548,34.344614189266103],[108.10347084553507,34.344721265016716],[108.10350653727023,34.344852135153765],[108.10380832577778,34.345587763134809],[108.10371552690411,34.345477117511756],[108.10362512466088,34.345422924065481],[108.10344697756298,34.345327568322404],[108.10313528290014,34.344809041275759],[108.10301419049854,34.344606428307351],[108.10299003190343,34.344566115512606],[108.10298004803469,34.344549959471593],[108.10293047273562,34.34451232109501],[108.102643464886,34.344293327493013],[108.1026149343643,34.344272752587443],[108.10254889369422,34.344226925285248],[108.10247890685154,34.344065884880465],[108.10224264061179,34.343926899277491],[108.10219367056358,34.343881427131691],[108.10223100712976,34.343822955709825],[108.10227833249822,34.343812685288434],[108.10244646133309,34.343862710297394],[108.10246355604416,34.343780506244684],[108.10332441445861,34.343969693128727]]]},"properties":{"FID":554,"OBJECTID_1":0,"一级":"01","一级名":"耕地","二级":"0103","二级名":"旱地","Shape_Leng":570.12535877542177,"备注":"小麦","Shape_Area":938445.12121899996,"组别":"1"}},{"type":"Feature","id":555,"geometry":{"type":"Polygon","coordinates":[[[108.10410738125417,34.345647613584084],[108.10391817491498,34.345885649608675],[108.10387993841654,34.345933319855838],[108.10389913107102,34.345685635505923],[108.10390058100431,34.345667191800494],[108.10390913079523,34.345558445338241],[108.1039529414672,34.345610221607004],[108.10397214259737,34.345632912679683],[108.10410738125417,34.345647613584084]]]},"properties":{"FID":555,"OBJECTID_1":0,"一级":"01","一级名":"耕地","二级":"0103","二级名":"旱地","Shape_Leng":102.29138062280614,"备注":"小麦","Shape_Area":34648.488841999999,"组别":"1"}},{"type":"Feature","id":556,"geometry":{"type":"Polygon","coordinates":[[[108.09808969375993,34.342016690187918],[108.09820390828192,34.342113771919863],[108.09796016384681,34.342442637014962],[108.09782702346207,34.342351152150208],[108.09781074388714,34.342339681196812],[108.09780039498426,34.342332854438816],[108.09771114366177,34.34227152766632],[108.09795644494895,34.341957678673509],[108.09798529978065,34.341928893851424],[108.09800433492491,34.341919376111427],[108.09808969375993,34.342016690187918]]]},"properties":{"FID":556,"OBJECTID_1":0,"一级":"23","一级名":"其他土地","二级":"2306","二级名":"裸土地","Shape_Leng":148.66327094573771,"备注":"无作物","Shape_Area":129600.831661,"组别":"1"}},{"type":"Feature","id":557,"geometry":{"type":"Polygon","coordinates":[[[108.0954732235539,34.343699818133743],[108.09545248499306,34.343747032202081],[108.09534792123959,34.343730521929558],[108.09535731041902,34.343697957658819],[108.0954732235539,34.343699818133743]]]},"properties":{"FID":557,"OBJECTID_1":0,"一级":"14","一级名":"绿地与开敞空间用地","二级":"1402","二级名":"防护绿地","Shape_Leng":29.749446778681353,"备注":"路侧树","Shape_Area":4629.4279995200004,"组别":"1"}},{"type":"Feature","id":558,"geometry":{"type":"Polygon","coordinates":[[[108.09534792123959,34.343730521929558],[108.09531968915205,34.343726063554598],[108.09532415092293,34.343428631994996],[108.09534033056909,34.343400895273014],[108.09538713064539,34.343320665840572],[108.09540378752567,34.34329211199681],[108.09540996471537,34.343284173255398],[108.0954149564095,34.343277393839692],[108.0954949751998,34.343258726706921],[108.09580383471663,34.343053732206869],[108.09593220140324,34.342970216823083],[108.09598420974885,34.342952913616919],[108.09608626841951,34.342999724970454],[108.09608073748745,34.343008193309586],[108.09592922347986,34.343159148698916],[108.0958382308946,34.343108701899276],[108.09571580830659,34.343329520607021],[108.09568916943077,34.343374655107958],[108.09561275523031,34.343356643728718],[108.09549851927234,34.343642167676379],[108.0954732235539,34.343699818133743],[108.09535731041902,34.343697957658819],[108.09534792123959,34.343730521929558]]]},"properties":{"FID":558,"OBJECTID_1":0,"一级":"14","一级名":"绿地与开敞空间用地","二级":"1402","二级名":"防护绿地","Shape_Leng":256.66706709345283,"备注":"路侧树","Shape_Area":173565.43484500001,"组别":"1"}},{"type":"Feature","id":559,"geometry":{"type":"Polygon","coordinates":[[[108.09639405204538,34.343168241969835],[108.09650237293708,34.343225035544485],[108.09630993695556,34.343447062995068],[108.0962290350097,34.343485133913696],[108.09619096360977,34.343461339508394],[108.09617119714288,34.343445733283929],[108.09624777516824,34.34332443843833],[108.09603005477908,34.343210225060965],[108.09592922347986,34.343159148698916],[108.09608073748745,34.343008193309586],[108.09626426247357,34.343100188562019],[108.09636916201029,34.34315519099934],[108.09639405204538,34.343168241969835]]]},"properties":{"FID":559,"OBJECTID_1":0,"一级":"14","一级名":"绿地与开敞空间用地","二级":"1402","二级名":"防护绿地","Shape_Leng":162.98961798427905,"备注":"路侧树","Shape_Area":117736.709259,"组别":"1"}},{"type":"Feature","id":560,"geometry":{"type":"Polygon","coordinates":[[[108.09594412487183,34.343728858131442],[108.09588755600822,34.343801796136482],[108.09563335548552,34.343677927827407],[108.09549851927234,34.343642167676379],[108.09561275523031,34.343356643728718],[108.09568916943077,34.343374655107958],[108.09571580830659,34.343329520607021],[108.0958382308946,34.343108701899276],[108.09592922347986,34.343159148698916],[108.09577778570537,34.343427339545947],[108.09567462090961,34.343618383469995],[108.09575674750086,34.343649595224939],[108.09594412487183,34.343728858131442]]]},"properties":{"FID":560,"OBJECTID_1":0,"一级":"01","一级名":"耕地","二级":"0103","二级名":"旱地","Shape_Leng":216.79698403013211,"备注":"小麦","Shape_Area":106273.32055600001,"组别":"1"}},{"type":"Feature","id":561,"geometry":{"type":"Polygon","coordinates":[[[108.09639024773914,34.342596046538944],[108.09653785820775,34.342698266300182],[108.09658859282271,34.342734312548131],[108.09626426247357,34.343100188562019],[108.09608073748745,34.343008193309586],[108.09598127609046,34.342958336517938],[108.09598420974885,34.342952913616919],[108.09634457598806,34.342568842451378],[108.09639024773914,34.342596046538944]]]},"properties":{"FID":561,"OBJECTID_1":0,"一级":"01","一级名":"耕地","二级":"0103","二级名":"旱地","Shape_Leng":164.45974601000088,"备注":"小麦","Shape_Area":156461.99065399999,"组别":"1"}},{"type":"Feature","id":562,"geometry":{"type":"Polygon","coordinates":[[[108.09638340496797,34.343088873206817],[108.09636916201029,34.34315519099934],[108.09626426247357,34.343100188562019],[108.09658859282271,34.342734312548131],[108.0966438786441,34.342775683833061],[108.09638340496797,34.343088873206817]]]},"properties":{"FID":562,"OBJECTID_1":0,"一级":"14","一级名":"绿地与开敞空间用地","二级":"1402","二级名":"防护绿地","Shape_Leng":118.32531179234022,"备注":"路侧树","Shape_Area":38659.425677899999,"组别":"1"}},{"type":"Feature","id":563,"geometry":{"type":"Polygon","coordinates":[[[108.09824334947527,34.341679438538016],[108.09805509715319,34.341814672685061],[108.09799073257408,34.341840015247456],[108.09767283646315,34.342203595620056],[108.09758189135296,34.3421838220411],[108.09760763681231,34.342132328789958],[108.09738991718821,34.342060946242022],[108.09760268011955,34.341898943955812],[108.09771867907543,34.341970328019677],[108.09790148062801,34.341759116565768],[108.09806624078013,34.341568752498276],[108.09810534090794,34.341596157736376],[108.09824334947527,34.341679438538016]]]},"properties":{"FID":563,"OBJECTID_1":0,"一级":"14","一级名":"绿地与开敞空间用地","二级":"1402","二级名":"防护绿地","Shape_Leng":230.78340928665926,"备注":"路侧树","Shape_Area":143968.152382,"组别":"1"}},{"type":"Feature","id":564,"geometry":{"type":"Polygon","coordinates":[[[108.10825962954489,34.334095157195087],[108.10803402563856,34.335101914565534],[108.10842619187025,34.33516888787954],[108.10841429452474,34.335380065911721],[108.10846188453451,34.33556447405865],[108.10842692987802,34.335705287545011],[108.10777555235093,34.335624980770838],[108.10755842562209,34.335553597667676],[108.10748406800735,34.335178833324704],[108.10745729870942,34.33494088556391],[108.10764765644002,34.334572070161634],[108.1080770730744,34.334023667797013],[108.10825962954489,34.334095157195087]]]},"properties":{"FID":564,"OBJECTID_1":0,"一级":"14","一级名":"绿地与开敞空间用地","二级":"1401","二级名":"公园绿地","Shape_Leng":497.10797839181356,"备注":"无名","Shape_Area":989047.82403599995,"组别":"1"}},{"type":"Feature","id":565,"geometry":{"type":"Polygon","coordinates":[[[108.10886639250324,34.335620985953518],[108.10894509679392,34.335655978170436],[108.10890892846848,34.335785420685092],[108.10842692987802,34.335705287545011],[108.10846188453451,34.33556447405865],[108.10886639250324,34.335620985953518]]]},"properties":{"FID":565,"OBJECTID_1":0,"一级":"14","一级名":"绿地与开敞空间用地","二级":"1403","二级名":"广场用地","Shape_Leng":121.88693930866734,"备注":"无名","Shape_Area":74637.077283699997,"组别":"1"}},{"type":"Feature","id":566,"geometry":{"type":"Polygon","coordinates":[[[108.10380665745033,34.336408450532169],[108.10373697288307,34.336626409314704],[108.10369896951227,34.336616471121687],[108.10367052119463,34.336608689284098],[108.10357179773324,34.336575811967947],[108.10343814787547,34.336531460278145],[108.10327469544242,34.336477219090121],[108.10325972120459,34.336472659405445],[108.10313772825724,34.336440982298747],[108.10326004908161,34.336055601446049],[108.10335938140807,34.335743791716276],[108.1033929215334,34.335756679826119],[108.10342329153835,34.335764125656993],[108.10395577085684,34.33589468524977],[108.10423989971548,34.335964350882314],[108.10420727598671,34.336081042947981],[108.10420324191948,34.336091478322174],[108.10365337032617,34.335950497184093],[108.10354438730505,34.336307168501456],[108.10353260579748,34.336340561215145],[108.10380665745033,34.336408450532169]]]},"properties":{"FID":566,"OBJECTID_1":0,"一级":"14","一级名":"绿地与开敞空间用地","二级":"1403","二级名":"广场用地","Shape_Leng":387.01673205060195,"备注":"无名","Shape_Area":396871.11363099999,"组别":"1"}},{"type":"Feature","id":567,"geometry":{"type":"Polygon","coordinates":[[[108.10552776344433,34.335993307696818],[108.10543545881151,34.336354369147017],[108.10510048575864,34.336280954708919],[108.10510628195863,34.336262325131607],[108.10518766571055,34.335993056719737],[108.10521169177549,34.335913565095048],[108.1052315329312,34.335918571099775],[108.10524861293673,34.335922879925008],[108.10552776344433,34.335993307696818]]]},"properties":{"FID":567,"OBJECTID_1":0,"一级":"14","一级名":"绿地与开敞空间用地","二级":"1403","二级名":"广场用地","Shape_Leng":145.24375469946642,"备注":"无名","Shape_Area":128949.408994,"组别":"1"}},{"type":"Feature","id":568,"geometry":{"type":"Polygon","coordinates":[[[108.10521126614952,34.337515309090911],[108.10505758069466,34.338041706728056],[108.10448650950724,34.337984599733069],[108.10521126614952,34.337515309090911]]]},"properties":{"FID":568,"OBJECTID_1":0,"一级":"23","一级名":"其他土地","二级":"2306","二级名":"裸土地","Shape_Leng":197.61226886919076,"备注":"无作物","Shape_Area":157901.181985,"组别":"1"}},{"type":"Feature","id":569,"geometry":{"type":"Polygon","coordinates":[[[108.10482558359404,34.339144587070209],[108.1048208255359,34.339206452559665],[108.10479954334774,34.33920294057738],[108.10434519693685,34.339127966601247],[108.10381729495838,34.339040856287475],[108.10381907226673,34.338976835216762],[108.104814240831,34.339142695556959],[108.10482558359404,34.339144587070209]]]},"properties":{"FID":569,"OBJECTID_1":0,"一级":"12","一级名":"交通运输用地","二级":"1207","二级名":"城镇村道路用地","Shape_Leng":202.59695056401259,"备注":"无名路","Shape_Area":65125.748998499999,"组别":"1"}},{"type":"Feature","id":570,"geometry":{"type":"Polygon","coordinates":[[[108.10366617836534,34.338557946522428],[108.10362373038643,34.338840503859558],[108.10334101467133,34.338816725530798],[108.10335460743224,34.33875521773691],[108.10366617836534,34.338557946522428]]]},"properties":{"FID":570,"OBJECTID_1":0,"一级":"23","一级名":"其他土地","二级":"2306","二级名":"裸土地","Shape_Leng":100.73756046472306,"备注":"无作物","Shape_Area":49696.802691899997,"组别":"1"}},{"type":"Feature","id":571,"geometry":{"type":"Polygon","coordinates":[[[108.10230864208643,34.339599518367322],[108.10230777051765,34.339599609840661],[108.10217512605959,34.339563881163478],[108.10239229721992,34.339369611727314],[108.10230864208643,34.339599518367322]]]},"properties":{"FID":571,"OBJECTID_1":0,"一级":"23","一级名":"其他土地","二级":"2306","二级名":"裸土地","Shape_Leng":68.942469852302537,"备注":"无作物","Shape_Area":20249.4870176,"组别":"1"}},{"type":"Feature","id":572,"geometry":{"type":"Polygon","coordinates":[[[108.10317834100265,34.339542208609508],[108.10314360247099,34.339688789801237],[108.10311096550195,34.339803287313671],[108.10285285435359,34.340708753254958],[108.10248753476307,34.340629692318529],[108.10250813663521,34.340577617271343],[108.10274108710225,34.3400172536629],[108.10286005988563,34.339748374595686],[108.10294852045175,34.33948809143665],[108.1029712890261,34.339421099480937],[108.10329175445516,34.338795013458942],[108.10335460743224,34.33875521773691],[108.10334101467133,34.338816725530798],[108.10362373038643,34.338840503859558],[108.10360801186695,34.338945127704655],[108.1033148331273,34.338935201308978],[108.10327923151324,34.339096303433401],[108.10323917608591,34.33927683440713],[108.10317834100265,34.339542208609508]]]},"properties":{"FID":572,"OBJECTID_1":0,"一级":"23","一级名":"其他土地","二级":"2306","二级名":"裸土地","Shape_Leng":531.90106738844759,"备注":"无作物","Shape_Area":523775.07571200002,"组别":"1"}},{"type":"Feature","id":573,"geometry":{"type":"MultiPolygon","coordinates":[[[[108.10721069212885,34.34002363647258],[108.10718930967616,34.340027831752401],[108.107335614151,34.339813054731941],[108.10721069212885,34.34002363647258]]],[[[108.10676454304674,34.340429633082152],[108.10647305849841,34.340645866314091],[108.10674599408918,34.340421259174121],[108.10676454304674,34.340429633082152]]]]},"properties":{"FID":573,"OBJECTID_1":0,"一级":"07","一级名":"居住用地","二级":"0701","二级名":"城镇住宅用地","Shape_Leng":128.72330536603795,"备注":"有邰嘉苑","Shape_Area":5323.21927598,"组别":"1"}},{"type":"Feature","id":574,"geometry":{"type":"MultiPolygon","coordinates":[[[[108.1057187699426,34.339406167211564],[108.107335614151,34.339813054731941],[108.10718930967616,34.340027831752401],[108.10714495846835,34.340092938541432],[108.10681196146672,34.340366973081316],[108.10674599408918,34.340421259174121],[108.10647305849841,34.340645866314091],[108.10617209316075,34.340823036900019],[108.10543812802715,34.340495259937562],[108.10540957463533,34.340420306575652],[108.10552378868104,34.339938465951853],[108.10552629364096,34.339928872939986],[108.1056027725579,34.339636017789125],[108.10563264525392,34.339395494987073],[108.1057187699426,34.339406167211564]]],[[[108.10787012355996,34.340098843896371],[108.10696592878409,34.341126770559342],[108.10630817362404,34.340842335819232],[108.1068255173265,34.34042130521123],[108.1072502503433,34.340100077138679],[108.1074664839927,34.339882356660482],[108.10787012355996,34.340098843896371]]]]},"properties":{"FID":574,"OBJECTID_1":0,"一级":"07","一级名":"居住用地","二级":"0701","二级名":"城镇住宅用地","Shape_Leng":925.73831904071324,"备注":"有邰嘉苑","Shape_Area":2470651.4020799999,"组别":"1"}},{"type":"Feature","id":575,"geometry":{"type":"Polygon","coordinates":[[[108.10681196146672,34.340366973081316],[108.10676454304674,34.340429633082152],[108.10674599408918,34.340421259174121],[108.10681196146672,34.340366973081316]]]},"properties":{"FID":575,"OBJECTID_1":0,"一级":"07","一级名":"居住用地","二级":"0701","二级名":"城镇住宅用地","Shape_Leng":18.700247172809867,"备注":"有邰嘉苑","Shape_Area":795.82261547899998,"组别":"1"}},{"type":"Feature","id":576,"geometry":{"type":"Polygon","coordinates":[[[108.10463525531857,34.339893124931514],[108.10439482832805,34.340861845789064],[108.10429965022414,34.340914193840767],[108.10362388290517,34.340809498104932],[108.10369526733061,34.34051444527298],[108.10406673823998,34.340574613163263],[108.10437103391796,34.340623899538869],[108.10453875010025,34.339966239918127],[108.10456111472706,34.339878540104635],[108.10463525531857,34.339893124931514]]]},"properties":{"FID":576,"OBJECTID_1":0,"一级":"14","一级名":"绿地与开敞空间用地","二级":"1402","二级名":"防护绿地","Shape_Leng":371.73583726281817,"备注":"路侧树","Shape_Area":292447.59320599999,"组别":"1"}},{"type":"Feature","id":577,"geometry":{"type":"Polygon","coordinates":[[[108.10931587805844,34.334065587795784],[108.10897556602632,34.334075115074604],[108.10825962954489,34.334095157195087],[108.10895507032983,34.334070516825356],[108.10916924603612,34.334062928519479],[108.10931587805844,34.334065587795784]]]},"properties":{"FID":577,"OBJECTID_1":0,"一级":"12","一级名":"交通运输用地","二级":"1207","二级名":"城镇村道路用地","Shape_Leng":194.53035682099929,"备注":"无名路","Shape_Area":3646.8795223000002,"组别":"1"}},{"type":"Feature","id":578,"geometry":{"type":"Polygon","coordinates":[[[108.10929007900498,34.334113593980099],[108.10915313678289,34.334114947545316],[108.10841822755447,34.334123380194683],[108.10840360031631,34.334122355538938],[108.10825962954489,34.334095157195087],[108.10897556602632,34.334075115074604],[108.10931587805844,34.334065587795784],[108.10929007900498,34.334113593980099]]]},"properties":{"FID":578,"OBJECTID_1":0,"一级":"12","一级名":"交通运输用地","二级":"1207","二级名":"城镇村道路用地","Shape_Leng":198.25854265331924,"备注":"无名路","Shape_Area":38887.673375500002,"组别":"1"}},{"type":"Feature","id":579,"geometry":{"type":"Polygon","coordinates":[[[108.10969774924958,34.333081396350877],[108.10951188758618,34.333095678103668],[108.10894176935251,34.333167044881968],[108.10894186003826,34.333112783718867],[108.10969692260231,34.333036562802462],[108.10969774924958,34.333081396350877]]]},"properties":{"FID":579,"OBJECTID_1":0,"一级":"12","一级名":"交通运输用地","二级":"1207","二级名":"城镇村道路用地","Shape_Leng":151.22297099949503,"备注":"无名路","Shape_Area":35628.4629929,"组别":"1"}},{"type":"Feature","id":580,"geometry":{"type":"Polygon","coordinates":[[[108.10899935471215,34.33582238660037],[108.10900278417144,34.33596333645157],[108.10900267356816,34.335972765142316],[108.10887676120005,34.335967731504077],[108.10793221174788,34.335797087918571],[108.10786051465722,34.335758482954105],[108.10780014690943,34.335725977313004],[108.10780586388051,34.335698579869565],[108.10681008382474,34.335515781975154],[108.10585075983997,34.335381428838097],[108.10581471092671,34.335375997016691],[108.10584653932467,34.335244970743844],[108.10675965024855,34.335419716325269],[108.10737212536456,34.335536971975614],[108.10740186857205,34.335370457615184],[108.10728884513746,34.335251485429687],[108.10733050151406,34.334959975653661],[108.10747923526871,34.334686272632155],[108.10780046304265,34.334305558779278],[108.10788353547063,34.334190437649873],[108.10792253476484,34.334145236357102],[108.1080287288807,34.33400575204098],[108.10805362773429,34.333972991869587],[108.10805524325338,34.333963354507844],[108.1080669816658,34.333892926721035],[108.10801406157866,34.333878493814183],[108.10744333334414,34.333808130432189],[108.10740058830299,34.333800626134114],[108.10738813063054,34.333800806537958],[108.10734051995398,34.333795470041487],[108.10731162457417,34.333791985898678],[108.10712579981092,34.333761622630036],[108.10709292805656,34.333755439272252],[108.10628823732772,34.333611388553493],[108.10624959108516,34.333604414874159],[108.10626194188062,34.33353931718429],[108.10630609193011,34.33355382877884],[108.10731668807861,34.33370625416854],[108.1073610501191,34.333712944843484],[108.10803358125671,34.333814379453095],[108.10814644912909,34.33384076445428],[108.1080770730744,34.334023667797013],[108.10764765644002,34.334572070161634],[108.10745729870942,34.33494088556391],[108.10748406800735,34.335178833324704],[108.10755842562209,34.335553597667676],[108.10777555235093,34.335624980770838],[108.10842692987802,34.335705287545011],[108.10890892846848,34.335785420685092],[108.10894509679392,34.335655978170436],[108.10886639250324,34.335620985953518],[108.10887575765966,34.335579613157975],[108.10896732439238,34.335175122679878],[108.10907467033813,34.334700923623387],[108.10910516719721,34.334566205212518],[108.10911446188739,34.334525143465704],[108.10917274747163,34.33426766717254],[108.10924520590554,34.33428465768101],[108.10915073896416,34.334648116475385],[108.10913557668853,34.334706454034752],[108.10895983230489,34.335582524984787],[108.10900724913739,34.335584166751175],[108.10900704839921,34.335601204024869],[108.10900314404412,34.335656830698923],[108.10899935471215,34.33582238660037]]]},"properties":{"FID":580,"OBJECTID_1":0,"一级":"12","一级名":"交通运输用地","二级":"1207","二级名":"城镇村道路用地","Shape_Leng":1734.5293075100001,"备注":"无名路","Shape_Area":845691.29868699994,"组别":"1"}},{"type":"Feature","id":581,"geometry":{"type":"Polygon","coordinates":[[[108.10920539766958,34.334271164655384],[108.10924520590554,34.33428465768101],[108.10917274747163,34.33426766717254],[108.10920539766958,34.334271164655384]]]},"properties":{"FID":581,"OBJECTID_1":0,"一级":"12","一级名":"交通运输用地","二级":"1207","二级名":"城镇村道路用地","Shape_Leng":13.915647875105346,"备注":"无名路","Shape_Area":153.79174720699999,"组别":"1"}},{"type":"Feature","id":582,"geometry":{"type":"Polygon","coordinates":[[[108.10915073896416,34.334648116475385],[108.10915461161055,34.334661244001971],[108.10913557668853,34.334706454034752],[108.10915073896416,34.334648116475385]]]},"properties":{"FID":582,"OBJECTID_1":0,"一级":"12","一级名":"交通运输用地","二级":"1207","二级名":"城镇村道路用地","Shape_Leng":13.43137133568421,"备注":"无名路","Shape_Area":216.89647790999999,"组别":"1"}},{"type":"Feature","id":583,"geometry":{"type":"Polygon","coordinates":[[[108.10368054083787,34.343857317371224],[108.10347084553507,34.344721265016716],[108.10348869138548,34.344614189266103],[108.10360627433516,34.344105366598313],[108.10368054083787,34.343857317371224]]]},"properties":{"FID":583,"OBJECTID_1":0,"一级":"12","一级名":"交通运输用地","二级":"1207","二级名":"城镇村道路用地","Shape_Leng":195.57242642104956,"备注":"无名路","Shape_Area":7990.7610891300001,"组别":"1"}},{"type":"Feature","id":584,"geometry":{"type":"Polygon","coordinates":[[[108.10362512466088,34.345422924065481],[108.10362822758331,34.345437036811589],[108.10353706762534,34.345391456680197],[108.10344697756298,34.345327568322404],[108.10362512466088,34.345422924065481]]]},"properties":{"FID":584,"OBJECTID_1":0,"一级":"12","一级名":"交通运输用地","二级":"1207","二级名":"城镇村道路用地","Shape_Leng":41.798685764032506,"备注":"无名路","Shape_Area":2008.6330215600001,"组别":"1"}},{"type":"Feature","id":585,"geometry":{"type":"Polygon","coordinates":[[[108.10390913079523,34.345558445338241],[108.10390058100431,34.345667191800494],[108.10389032049997,34.345539783538833],[108.10390913079523,34.345558445338241]]]},"properties":{"FID":585,"OBJECTID_1":0,"一级":"12","一级名":"交通运输用地","二级":"1207","二级名":"城镇村道路用地","Shape_Leng":28.951771258869826,"备注":"无名路","Shape_Area":1125.3169938799999,"组别":"1"}},{"type":"Feature","id":586,"geometry":{"type":"MultiPolygon","coordinates":[[[[108.10371552690411,34.345477117511756],[108.10362822758331,34.345437036811589],[108.10362512466088,34.345422924065481],[108.10371552690411,34.345477117511756]]],[[[108.10375638052966,34.343876555620625],[108.10357792142747,34.344643932068891],[108.10357197295681,34.344846185942593],[108.10379963053302,34.345332505656494],[108.10379963081461,34.345377715775285],[108.10387398961598,34.34552048408969],[108.10389032049997,34.345539783538833],[108.10390058100431,34.345667191800494],[108.10389913107102,34.345685635505923],[108.10387993841654,34.345933319855838],[108.10388767049913,34.346012794066652],[108.103929638642,34.346028023207204],[108.10387339463512,34.346226945492958],[108.10383562976153,34.346290573318626],[108.10373359116909,34.345916429404127],[108.103811895848,34.345798344901986],[108.10380832577778,34.345587763134809],[108.10350653727023,34.344852135153765],[108.10347084553507,34.344721265016716],[108.10368054083787,34.343857317371224],[108.10375638052966,34.343876555620625]]]]},"properties":{"FID":586,"OBJECTID_1":0,"一级":"12","一级名":"交通运输用地","二级":"1207","二级名":"城镇村道路用地","Shape_Leng":587.26371590874396,"备注":"无名路","Shape_Area":221707.17817,"组别":"1"}},{"type":"Feature","id":587,"geometry":{"type":"Polygon","coordinates":[[[108.1053519622475,34.343962750282635],[108.10536710057089,34.344022612662627],[108.1053276270295,34.343977499600925],[108.10526501785822,34.343966021710109],[108.1051856667692,34.343954202987796],[108.10513717550877,34.343950539552644],[108.10477902964072,34.343923480329728],[108.1045257999031,34.343904346499613],[108.10451637215029,34.343903857832039],[108.10375638052966,34.343876555620625],[108.10368054083787,34.343857317371224],[108.10038309238719,34.343105985096514],[108.10040804729731,34.343017945001407],[108.10045563609701,34.343046499118969],[108.10366315014616,34.343772234173883],[108.10370161821733,34.343731502474995],[108.10372087291174,34.343648925006931],[108.10378138008538,34.343661582803136],[108.10375772323536,34.343784289793803],[108.10442397162841,34.343860433043368],[108.10493079732058,34.343886606931896],[108.10515753446849,34.343926550811631],[108.10534274270361,34.343961031880696],[108.1053519622475,34.343962750282635]]]},"properties":{"FID":587,"OBJECTID_1":0,"一级":"12","一级名":"交通运输用地","二级":"1207","二级名":"城镇村道路用地","Shape_Leng":984.2648370502792,"备注":"无名路","Shape_Area":360285.858932,"组别":"1"}},{"type":"Feature","id":588,"geometry":{"type":"Polygon","coordinates":[[[108.10554629869226,34.335998552766867],[108.10543545881151,34.336354369147017],[108.10552776344433,34.335993307696818],[108.10554629869226,34.335998552766867]]]},"properties":{"FID":588,"OBJECTID_1":0,"一级":"12","一级名":"交通运输用地","二级":"1207","二级名":"城镇村道路用地","Shape_Leng":83.511614380366154,"备注":"无名路","Shape_Area":3662.7457720399998,"组别":"1"}},{"type":"Feature","id":589,"geometry":{"type":"Polygon","coordinates":[[[108.10521126614952,34.337515309090911],[108.10489946917981,34.33879335013134],[108.10505758069466,34.338041706728056],[108.10521126614952,34.337515309090911]]]},"properties":{"FID":589,"OBJECTID_1":0,"一级":"12","一级名":"交通运输用地","二级":"1207","二级名":"城镇村道路用地","Shape_Leng":289.36455516839203,"备注":"无名路","Shape_Area":16479.076795699999,"组别":"1"}},{"type":"Feature","id":590,"geometry":{"type":"Polygon","coordinates":[[[108.10434519693685,34.339127966601247],[108.10434345866508,34.339136312189012],[108.10381729495838,34.339040856287475],[108.10434519693685,34.339127966601247]]]},"properties":{"FID":590,"OBJECTID_1":0,"一级":"12","一级名":"交通运输用地","二级":"1207","二级名":"城镇村道路用地","Shape_Leng":100.02677555310518,"备注":"无名路","Shape_Area":2325.75544309,"组别":"1"}},{"type":"Feature","id":591,"geometry":{"type":"Polygon","coordinates":[[[108.10406358110775,34.342237502084778],[108.10405643534664,34.342294688155704],[108.10260020488847,34.341994875785076],[108.1028857401094,34.340795627455243],[108.10070139528656,34.340502953996094],[108.10070864811219,34.340357174099438],[108.10113848633411,34.340079735299938],[108.10131237268173,34.339973639619345],[108.10133871422168,34.339957566957175],[108.10160227025074,34.339796758772067],[108.10200918101937,34.339548483496621],[108.1020209890886,34.33950295248502],[108.10166720737845,34.339416812758081],[108.10168616549203,34.339346085762344],[108.10169652631613,34.339347526738997],[108.10173880993317,34.339357992964025],[108.10211630206915,34.33948312429542],[108.10212621561661,34.339465210815987],[108.10270667422679,34.339068642589162],[108.10297138853986,34.338878286234802],[108.10166268487033,34.338479726238859],[108.10169903099259,34.338442394578692],[108.10175667437764,34.338465448942415],[108.10309869001702,34.338850921940804],[108.10362336083355,34.338501140786533],[108.10208147051746,34.338115668120551],[108.10202992624502,34.338090904125821],[108.10206595545836,34.338052399791962],[108.10237490226507,34.338128783095776],[108.10240240010111,34.338087411874255],[108.10366351414928,34.338453253488026],[108.10425837957204,34.3380784887079],[108.10277419097697,34.337679930258432],[108.10285628159031,34.337629960749076],[108.10430180479895,34.338025545610542],[108.10461113467564,34.337748933635872],[108.10469948419529,34.337666815238961],[108.1049136360337,34.337609707924848],[108.10518904563591,34.337444066103359],[108.10521126614952,34.337515309090911],[108.10448650950724,34.337984599733069],[108.10388155369009,34.338421581779834],[108.10366617836534,34.338557946522428],[108.10335460743224,34.33875521773691],[108.10329175445516,34.338795013458942],[108.10304267317871,34.338921412611015],[108.10297060486788,34.338972451077865],[108.10260247256777,34.339230743181297],[108.10250964766762,34.339303327930402],[108.1029712890261,34.339421099480937],[108.10294852045175,34.33948809143665],[108.10240616763774,34.339331869758745],[108.1023922974269,34.339369611935794],[108.10217512585106,34.339563881258172],[108.10209788788266,34.339750429601928],[108.10179727325011,34.340476489949637],[108.10245429427643,34.340622497473639],[108.10248753476307,34.340629692318529],[108.10285285435359,34.340708753254958],[108.10303029135849,34.340712779739896],[108.10362388290517,34.340809498104932],[108.10429965022414,34.340914193840767],[108.10420717453573,34.341088419688006],[108.10371343450721,34.341002165141894],[108.10349928423871,34.341656516492044],[108.10412045739874,34.341782357579042],[108.10411565557293,34.34182077554636],[108.10349036129816,34.341695183121992],[108.10335651640538,34.342093741508599],[108.10406358110775,34.342237502084778]],[[108.10344348600759,34.341692089186139],[108.1027415451854,34.341568357918234],[108.10263256495961,34.341960493246241],[108.10330642921849,34.342104688084596],[108.10344348600759,34.341692089186139]],[[108.1036840495339,34.340987769043522],[108.10295831318675,34.340862846654467],[108.10277985399735,34.341523148073378],[108.10344610300508,34.34165401745549],[108.1036840495339,34.340987769043522]],[[108.10206970442704,34.339606788616038],[108.10206959460955,34.33956727319908],[108.10098466951553,34.340281366628325],[108.10121666657042,34.340367026685989],[108.10171278514527,34.340449119089648],[108.10200202558391,34.339766509877244],[108.10206970442704,34.339606788616038]]]},"properties":{"FID":591,"OBJECTID_1":0,"一级":"12","一级名":"交通运输用地","二级":"1207","二级名":"城镇村道路用地","Shape_Leng":3951.72157591,"备注":"无名路","Shape_Area":1719156.0694899999,"组别":"1"}},{"type":"Feature","id":592,"geometry":{"type":"Polygon","coordinates":[[[108.10397564336354,34.343188604249853],[108.10392142019525,34.343178353576128],[108.10378138008538,34.343661582803136],[108.10372087291174,34.343648925006931],[108.10384942152456,34.343115602224785],[108.10405643534664,34.342294688155704],[108.10406358110775,34.342237502084778],[108.10407332895083,34.342239484268426],[108.10418635324886,34.341834975929721],[108.10411565557293,34.34182077554636],[108.10412045739874,34.341782357579042],[108.10418932782407,34.341796309804543],[108.10433209551825,34.341162778306291],[108.10420717453573,34.341088419688006],[108.10429965022414,34.340914193840767],[108.10439482832805,34.340861845789064],[108.10463525531857,34.339893124931514],[108.10468281585936,34.339768005633744],[108.1048208255359,34.339206452559665],[108.10482558359404,34.339144587070209],[108.10489946917981,34.33879335013134],[108.10521126614952,34.337515309090911],[108.10518904563591,34.337444066103359],[108.10532467548313,34.336962225064582],[108.10526064650237,34.336950497762658],[108.10543545881151,34.336354369147017],[108.10554629869226,34.335998552766867],[108.10555919292108,34.336002201666261],[108.10574469726538,34.335361531025711],[108.10581471092671,34.335375997016691],[108.10452798432952,34.340730827294458],[108.10457081532245,34.340948547862375],[108.10442050970914,34.341186731902376],[108.10408262672696,34.342671515323545],[108.10397564336354,34.343188604249853]]]},"properties":{"FID":592,"OBJECTID_1":0,"一级":"12","一级名":"交通运输用地","二级":"1207","二级名":"城镇村道路用地","Shape_Leng":1931.08195475,"备注":"无名路","Shape_Area":921053.11641500005,"组别":"1"}},{"type":"Feature","id":593,"geometry":{"type":"Polygon","coordinates":[[[108.10780014690943,34.335725977313004],[108.10786051465722,34.335758482954105],[108.10779589346932,34.335746359041863],[108.10780014690943,34.335725977313004]]]},"properties":{"FID":593,"OBJECTID_1":0,"一级":"12","一级名":"交通运输用地","二级":"1207","二级名":"城镇村道路用地","Shape_Leng":15.013867934694108,"备注":"无名路","Shape_Area":698.53875330200003,"组别":"1"}},{"type":"Feature","id":594,"geometry":{"type":"MultiPolygon","coordinates":[[[[108.10533362824208,34.33742411015556],[108.10675366530631,34.337458487134427],[108.10667921340064,34.337463371077327],[108.10533362824208,34.33742411015556]]],[[[108.1070468880207,34.339044747466687],[108.10700893096509,34.3390450446459],[108.10702550142378,34.338954863196705],[108.1070468880207,34.339044747466687]]],[[[108.10533362824208,34.33742411015556],[108.10524796762184,34.337834566802485],[108.10519561972251,34.338095414743286],[108.10640914502801,34.33827387430938],[108.10662236557982,34.338311625208007],[108.10670972475782,34.338329253427219],[108.10669801315817,34.338378536660457],[108.10663773246415,34.338367640448269],[108.10516587545499,34.338120894506574],[108.10509151781298,34.338540274853585],[108.10499653834268,34.338898384041386],[108.10480320689385,34.339644939696882],[108.10483986101099,34.339649770234246],[108.10452798433835,34.340730827534571],[108.10581471108162,34.335375997208764],[108.10563581969473,34.336358110944275],[108.10667445484069,34.33654013989144],[108.10671825515601,34.336209331115242],[108.1067400234424,34.336211919347988],[108.10670877053781,34.336447967827553],[108.10669428125402,34.336576208006591],[108.10681439594555,34.336648124153726],[108.10755321891702,34.336801599391038],[108.10767265381219,34.336333367653417],[108.10767679016135,34.336317152861739],[108.1077958935166,34.335746358963661],[108.10786051486866,34.335758482891841],[108.10793221183849,34.335797088162508],[108.10782209672107,34.336254304362228],[108.10705657091603,34.339432904147543],[108.10714223153627,34.339642297127284],[108.10792269564263,34.339956386393169],[108.10797034487769,34.339979905227665],[108.10812775262093,34.340057597291889],[108.10882083525939,34.339097362826578],[108.1091089288675,34.338698460836902],[108.10914947508718,34.338730303454213],[108.10880517444457,34.339208017045159],[108.10855741995692,34.339557320025051],[108.1066255983169,34.342256577307133],[108.10658515518298,34.342223317973549],[108.10644931234492,34.34211160504492],[108.10639865696794,34.342069948150311],[108.10545282075327,34.341558364161756],[108.10482357147703,34.341315497789765],[108.10474887579403,34.34128666919424],[108.10442050992788,34.341186731966452],[108.10457081511413,34.340948547993321],[108.10562729533194,34.341451804037206],[108.10612341259184,34.34090571675916],[108.10554520409642,34.340613043372286],[108.10543812808828,34.34049526011222],[108.10617209312841,34.340823036734946],[108.10647305872408,34.340645866206614],[108.10676454294662,34.340429633011809],[108.10681196140649,34.340366973046912],[108.10714495860884,34.3400929387426],[108.10718930963412,34.340027831669438],[108.10721069205465,34.340023636352271],[108.10733561406232,34.339813054655679],[108.10571876995891,34.339406167418929],[108.10563264546363,34.339395495015197],[108.10534116123745,34.3393360087939],[108.10525605829025,34.339320317347308],[108.10527310609177,34.33922783276649],[108.10570284214919,34.339314412325621],[108.10686877487024,34.339547740673879],[108.10692528651271,34.339482306269929],[108.10704457560496,34.339054040290648],[108.1070468880207,34.339044747466687],[108.10729298434671,34.337922620150486],[108.10731019559535,34.337857351521961],[108.10731823751121,34.33782583673019],[108.1075504844157,34.33687722051399],[108.10720717560253,34.336797917174408],[108.10697063633415,34.336743038147688],[108.10678857396488,34.336700428393669],[108.10671371576245,34.336682908353403],[108.10665185027756,34.336590108519886],[108.10558109158592,34.336411648953799],[108.10535742290813,34.337318224250339],[108.10533362824208,34.33742411015556]],[[108.10746648381246,34.339882356551243],[108.10725025015563,34.340100077039089],[108.10682551736681,34.340421305067139],[108.10630817370475,34.340842335659545],[108.10572461554329,34.341431578272022],[108.10571033892847,34.341479167167556],[108.10660089307567,34.341899167397052],[108.10676248313393,34.341975374496535],[108.1068001318672,34.341993130889016],[108.10806124558439,34.340175222663667],[108.1080524611898,34.340171712246956],[108.10788207234145,34.340103618567817],[108.10787012346555,34.340098843735177],[108.10746648381246,34.339882356551243]]]]},"properties":{"FID":594,"OBJECTID_1":0,"一级":"12","一级名":"交通运输用地","二级":"1207","二级名":"城镇村道路用地","Shape_Leng":5625.8679812600003,"备注":"新区中路","Shape_Area":2145913.63986,"组别":"1"}},{"type":"Feature","id":595,"geometry":{"type":"Polygon","coordinates":[[[108.10916469004269,34.338742389737106],[108.1088320433264,34.339229592749632],[108.10880517447548,34.339208017148636],[108.10914947494075,34.338730303624885],[108.10916469004269,34.338742389737106]]]},"properties":{"FID":595,"OBJECTID_1":0,"一级":"12","一级名":"交通运输用地","二级":"1207","二级名":"城镇村道路用地","Shape_Leng":129.23054693672421,"备注":"无名路","Shape_Area":16177.127977100001,"组别":"1"}},{"type":"Feature","id":596,"geometry":{"type":"Polygon","coordinates":[[[108.10402474264232,34.346270759629881],[108.10388574866424,34.346474341625047],[108.10383562976153,34.346290573318626],[108.10387339463512,34.346226945492958],[108.10402474264232,34.346270759629881]]]},"properties":{"FID":596,"OBJECTID_1":0,"一级":"12","一级名":"交通运输用地","二级":"1207","二级名":"城镇村道路用地","Shape_Leng":69.469161931479732,"备注":"无名路","Shape_Area":24000.576837799999,"组别":"1"}},{"type":"Feature","id":597,"geometry":{"type":"Polygon","coordinates":[[[108.10543527342122,34.343986445191803],[108.10387339463512,34.346226945492958],[108.103929638642,34.346028023207204],[108.10417055957791,34.345709770071615],[108.10458009488332,34.345145955452615],[108.10536710057089,34.344022612662627],[108.1053519622475,34.343962750282635],[108.10535139650649,34.34394837396475],[108.106625598421,34.342256577286925],[108.10855741990008,34.339557320139555],[108.10684296220171,34.34200740795108],[108.10543527342122,34.343986445191803]]]},"properties":{"FID":597,"OBJECTID_1":0,"一级":"12","一级名":"交通运输用地","二级":"1207","二级名":"城镇村道路用地","Shape_Leng":1715.6024205399999,"备注":"无名路","Shape_Area":310511.32982300001,"组别":"1"}},{"type":"Feature","id":598,"geometry":{"type":"Polygon","coordinates":[[[108.09643511434615,34.343117077672794],[108.09639405204538,34.343168241969835],[108.09636916201029,34.34315519099934],[108.09638340496797,34.343088873206817],[108.09643511434615,34.343117077672794]]]},"properties":{"FID":598,"OBJECTID_1":0,"一级":"12","一级名":"交通运输用地","二级":"1207","二级名":"城镇村道路用地","Shape_Leng":22.69429712078982,"备注":"无名路","Shape_Area":2878.48111019,"组别":"1"}},{"type":"Feature","id":599,"geometry":{"type":"Polygon","coordinates":[[[108.09614993663621,34.34379511414221],[108.09599783509339,34.343833139831226],[108.09587792998087,34.343814208042375],[108.09588755600822,34.343801796136482],[108.09594412487183,34.343728858131442],[108.09598365470109,34.343742034736493],[108.09617119714288,34.343445733283929],[108.09619096360977,34.343461339508394],[108.0962290350097,34.343485133913696],[108.09630993695556,34.343447062995068],[108.09650237293708,34.343225035544485],[108.09639405204538,34.343168241969835],[108.09643511434615,34.343117077672794],[108.09657971026117,34.343195947802521],[108.09689379881422,34.342971088620125],[108.0971365041926,34.342756938069471],[108.09737564004502,34.342425002441139],[108.09756837562166,34.342210851983531],[108.09758189135296,34.3421838220411],[108.09767283646315,34.342203595620056],[108.09799073257408,34.341840015247456],[108.09805509715319,34.341814672685061],[108.09824334947527,34.341679438538016],[108.09836470340476,34.341605674826205],[108.09843846601039,34.341624710707727],[108.09871448304979,34.34140818004429],[108.09920941101684,34.341165474681681],[108.09945925463944,34.341046501927863],[108.09966864724318,34.340927529142448],[108.0998274763143,34.340834135275543],[108.09995834669266,34.340718135963343],[108.10000900442256,34.34069376543917],[108.10022524793794,34.340589732650074],[108.10042823975337,34.340492074800828],[108.10070864811219,34.340357174099438],[108.10070139528656,34.340502953996094],[108.1001133489715,34.340829110506164],[108.0980887468766,34.341952045782222],[108.09826887019831,34.342111250646013],[108.09800695649412,34.342465121254484],[108.09796016384681,34.342442637014962],[108.09820390828192,34.342113771919863],[108.09808969375993,34.342016690187918],[108.09800433492491,34.341919376111427],[108.09798529978065,34.341928893851424],[108.09795644494895,34.341957678673509],[108.09771114366177,34.34227152766632],[108.09769507401496,34.342295793016916],[108.09716862720269,34.342856875033327],[108.09698659745722,34.342974658932846],[108.09666537097863,34.343260193612359],[108.09659398647858,34.343260194056477],[108.09644765005106,34.343460068428662],[108.0963842771932,34.343419010831155],[108.0961520416903,34.343712160983351],[108.0961901131916,34.343735002535006],[108.09614993663621,34.34379511414221]]]},"properties":{"FID":599,"OBJECTID_1":0,"一级":"12","一级名":"交通运输用地","二级":"1207","二级名":"城镇村道路用地","Shape_Leng":1403.80977295,"备注":"武游路","Shape_Area":794575.86286999995,"组别":"1"}},{"type":"Feature","id":600,"geometry":{"type":"Polygon","coordinates":[[[108.09913011234511,34.340695552891404],[108.09917015018439,34.340733007641958],[108.09904820245931,34.340837109267156],[108.09892030704096,34.340976902487419],[108.09861990043069,34.341191053533315],[108.09845333734523,34.341324898777529],[108.09816185438224,34.341542024513295],[108.09810534090794,34.341596157736376],[108.09806624078013,34.341568752498276],[108.09815887862685,34.341461717603778],[108.09842656945956,34.341232695229742],[108.09869128400405,34.34107208081307],[108.09889948649776,34.340923365047352],[108.09913011234511,34.340695552891404]]]},"properties":{"FID":600,"OBJECTID_1":0,"一级":"12","一级名":"交通运输用地","二级":"1207","二级名":"城镇村道路用地","Shape_Leng":286.06861195498931,"备注":"无名路","Shape_Area":88002.0943463,"组别":"1"}},{"type":"Feature","id":601,"geometry":{"type":"Polygon","coordinates":[[[108.10294228395496,34.33476688132442],[108.10282270441463,34.33493154452843],[108.10258795700415,34.335042102577219],[108.10262308965491,34.334991470281388],[108.10279914704624,34.334905132870261],[108.10288454620989,34.334754629133144],[108.10294228395496,34.33476688132442]]]},"properties":{"FID":601,"OBJECTID_1":0,"一级":"12","一级名":"交通运输用地","二级":"1207","二级名":"城镇村道路用地","Shape_Leng":95.401501758654462,"备注":"无名路","Shape_Area":16056.1867251,"组别":"1"}},{"type":"Feature","id":602,"geometry":{"type":"Polygon","coordinates":[[[108.10290856244077,34.335432655508626],[108.10280634478923,34.335492503272903],[108.10258862479246,34.335663823989456],[108.10198661761559,34.335908736475076],[108.10202991759799,34.335846335025018],[108.10261241857778,34.335594225017779],[108.10275518739165,34.335444318760416],[108.10254043792646,34.335110584651389],[108.10258795700415,34.335042102577219],[108.10257286116133,34.335112383898199],[108.10278225319354,34.335433610786886],[108.10302019914012,34.335314637958106],[108.10305617235453,34.335277000589215],[108.10307968557967,34.335295602699929],[108.10348895292911,34.335112383886482],[108.10354968924416,34.335085717204493],[108.10357937328961,34.33507193278863],[108.10364204022893,34.335089112484418],[108.10311736930298,34.3353104030463],[108.10290856244077,34.335432655508626]]]},"properties":{"FID":602,"OBJECTID_1":0,"一级":"12","一级名":"交通运输用地","二级":"1207","二级名":"城镇村道路用地","Shape_Leng":459.51004494920375,"备注":"无名路","Shape_Area":95818.212856099999,"组别":"1"}},{"type":"Feature","id":603,"geometry":{"type":"Polygon","coordinates":[[[108.10731162457417,34.333791985898678],[108.10734051995398,34.333795470041487],[108.10738813063054,34.333800806537958],[108.10738546756951,34.333811381449216],[108.10734285224277,34.333979078156204],[108.10731201307009,34.333975889600488],[108.10708265487629,34.333941376126006],[108.10712579981092,34.333761622630036],[108.10731162457417,34.333791985898678]]]},"properties":{"FID":603,"OBJECTID_1":0,"一级":"08","一级名":"公共管理与公共服务用地","二级":"0804","二级名":"教育用地","Shape_Leng":89.387538650379199,"备注":"小太阳幼儿园","Shape_Area":49293.693432,"组别":"1"}},{"type":"Feature","id":604,"geometry":{"type":"Polygon","coordinates":[[[108.10588061957091,34.335105513661908],[108.10679791246892,34.335259330161925],[108.10675965024855,34.335419716325269],[108.10584653932467,34.335244970743844],[108.10588061957091,34.335105513661908]]]},"properties":{"FID":604,"OBJECTID_1":0,"一级":"07","一级名":"居住用地","二级":"0702","二级名":"城镇社区服务设施用地","Shape_Leng":206.26957944222391,"备注":"社区社会融合治理中心","Shape_Area":146123.90109699999,"组别":"1"}},{"type":"Feature","id":605,"geometry":{"type":"Polygon","coordinates":[[[108.10038309238719,34.343105985096514],[108.10015408708558,34.343551384877472],[108.09999533028233,34.343547604914285],[108.09888888051647,34.342940841822255],[108.09916414234458,34.342557399907406],[108.09920404028539,34.342622953890846],[108.09950861105661,34.342746685535865],[108.09967993177503,34.342532534748251],[108.1004746724111,34.342889453744966],[108.10040804729731,34.343017945001407],[108.10038309238719,34.343105985096514]]]},"properties":{"FID":605,"OBJECTID_1":0,"一级":"14","一级名":"绿地与开敞空间用地","二级":"1403","二级名":"广场用地","Shape_Leng":416.44044938644248,"备注":"无名","Shape_Area":922711.92124399997,"组别":"1"}},{"type":"Feature","id":606,"geometry":{"type":"Polygon","coordinates":[[[108.10679109552912,34.337983564415836],[108.10670972484161,34.338329253230363],[108.10662236537992,34.338311625145451],[108.10640914510465,34.338273874499649],[108.10646268254322,34.338120399514032],[108.10650148877785,34.337951374147224],[108.10679109552912,34.337983564415836]]]},"properties":{"FID":606,"OBJECTID_1":0,"一级":"14","一级名":"绿地与开敞空间用地","二级":"1403","二级名":"广场用地","Shape_Leng":131.10274818476461,"备注":"无名","Shape_Area":102701.17417699999,"组别":"1"}},{"type":"Feature","id":607,"geometry":{"type":"Polygon","coordinates":[[[108.10384942152456,34.343115602224785],[108.10372087291174,34.343648925006931],[108.10302850846244,34.343472521051559],[108.10315664083222,34.342980218482893],[108.10377284122494,34.343098960019283],[108.10384942152456,34.343115602224785]]]},"properties":{"FID":607,"OBJECTID_1":0,"一级":"13","一级名":"公用设施用地","二级":"1303","二级名":"供电用地","Shape_Leng":248.33499741796885,"备注":"发电站","Shape_Area":383516.15348699997,"组别":"1"}},{"type":"Feature","id":608,"geometry":{"type":"Polygon","coordinates":[[[108.10887676120005,34.335967731504077],[108.10876927145735,34.336442074656333],[108.10869431854069,34.336427797743646],[108.10782209661657,34.336254304428905],[108.10793221174788,34.335797087918571],[108.10887676120005,34.335967731504077]]]},"properties":{"FID":608,"OBJECTID_1":0,"一级":"07","一级名":"居住用地","二级":"0704","二级名":"农村社区服务设施用地","Shape_Leng":283.8278857796401,"备注":"武塔村党群服务中心","Shape_Area":469893.18247300002,"组别":"1"}},{"type":"Feature","id":609,"geometry":{"type":"Polygon","coordinates":[[[108.10676966106185,34.33582107682745],[108.10731619823828,34.335897790209877],[108.1072635108051,34.33625654026654],[108.10726121165381,34.336272196501774],[108.10697516997448,34.336240264743942],[108.10695490435947,34.336237468021928],[108.10674002347436,34.33621191913025],[108.10671825519223,34.336209331019568],[108.10672054799051,34.336192012468416],[108.106767079798,34.335840570906399],[108.10676966106185,34.33582107682745]]]},"properties":{"FID":609,"OBJECTID_1":0,"一级":"14","一级名":"绿地与开敞空间用地","二级":"1403","二级名":"广场用地","Shape_Leng":186.62191260011625,"备注":"无名","Shape_Area":216112.55113199999,"组别":"1"}},{"type":"Feature","id":610,"geometry":{"type":"Polygon","coordinates":[[[108.09778135866058,34.343023113326858],[108.09747553419601,34.343219714008207],[108.09719893300586,34.343397530019743],[108.09696069431527,34.343550682983008],[108.09687397447347,34.343606430651135],[108.09691474172881,34.34355677550834],[108.09692962231263,34.34353865028654],[108.09715666899837,34.343262101728016],[108.09747844344164,34.34287016901002],[108.09756837594153,34.34291398144299],[108.09778135866058,34.343023113326858]]]},"properties":{"FID":610,"OBJECTID_1":0,"一级":"01","一级名":"耕地","二级":"0103","二级名":"旱地","Shape_Leng":237.07208552940722,"备注":"小麦","Shape_Area":161244.782301,"组别":"1"}}]}