{"type":"FeatureCollection","features":[{"type":"Feature","id":0,"geometry":{"type":"Polygon","coordinates":[[[108.11235962181416,34.322147563664622],[108.11236135364352,34.32214991404561],[108.11235997375687,34.322149120203299],[108.11235993440933,34.322148946253122],[108.11235962181416,34.322147563664622]]]},"properties":{"FID":0,"OBJECTID":1,"Landuse_ty":"城镇道路用地","一类用":12,"二类用":1207,"二类_1":"城镇道路用地","ORIG_FID":21,"一类_1":"交通运输用地","Shape_Leng":0.63580104230400003,"Shape_Area":0.0095379248942000002,"Area":0.95379248941999994}},{"type":"Feature","id":1,"geometry":{"type":"Polygon","coordinates":[[[108.1081980558191,34.32106703813001],[108.10818960411579,34.321096170723081],[108.10818107089587,34.321125287160726],[108.10817245833348,34.321154388342492],[108.10816376316548,34.321183471566826],[108.10815493670474,34.321212698242178],[108.10814602872468,34.321241906959109],[108.10813703922406,34.321271096816062],[108.10812796603439,34.321300271420903],[108.10811881132285,34.321329426264235],[108.10810957726709,34.32135856495011],[108.10810025625891,34.321387685682225],[108.10809085698939,34.321416787551442],[108.1080813729381,34.321445869661957],[108.10807180845572,34.321474935615896],[108.10806216245214,34.321503982709707],[108.10805243492733,34.321533010943419],[108.10804262262039,34.321562019418373],[108.10803273313707,34.321591008127861],[108.10802275887261,34.321619977980035],[108.10801270308889,34.32164893077497],[108.10800256577777,34.321677860202286],[108.10799234803493,34.32170677347284],[108.10798204768028,34.321735665179652],[108.10797166688683,34.321764535320789],[108.10796120566029,34.321793388403627],[108.1079506629071,34.321822219020198],[108.1079400375441,34.321851029875923],[108.10793605494158,34.321861734894391],[108.10793732922671,34.32186664685554],[108.10794332220114,34.321890095465626],[108.1079492315347,34.321913559474247],[108.1079550593993,34.321937037978039],[108.10796080579253,34.321960529174042],[108.10796646854352,34.321984034867135],[108.10797204982536,34.32200755505545],[108.10797754854678,34.322031086133983],[108.10798296471233,34.32205463170871],[108.1079882994062,34.322078189975691],[108.10799355045638,34.322101761838361],[108.10799872003356,34.322125345491827],[108.10800380705001,34.322148940035575],[108.10800881042256,34.322172548175054],[108.10801373341079,34.322196169907357],[108.10801857166496,34.322219802531926],[108.10802332844237,34.322243444242879],[108.10802800157792,34.322267101352551],[108.1080325910623,34.322290766649083],[108.10803709907316,34.322314443736502],[108.10804152452158,34.322338130812824],[108.10804586740865,34.322361828779492],[108.10805012664892,34.322385538538995],[108.10805430332651,34.322409258287429],[108.10805839417944,34.32243298622469],[108.1080614017458,34.322450782456308],[108.10805590801078,34.322450680026826],[108.10803765234826,34.322450279646475],[108.1080191227886,34.322449811893726],[108.10800087023362,34.322449292509354],[108.10798097575038,34.322448656475579],[108.1079614473644,34.322447965125377],[108.10794164832733,34.322447195581546],[108.10792186767196,34.322446355702645],[108.10790234119699,34.322445458803152],[108.10788477815647,34.322444589919996],[108.10788225165241,34.322429942141234],[108.10787813193451,34.322406544166313],[108.10787395591564,34.322383300394407],[108.10786967544043,34.322359939521434],[108.10786532770884,34.322336662545389],[108.10786091928983,34.322313508224269],[108.10785641845439,34.322290305304193],[108.10785180879944,34.322266971764613],[108.10784713736032,34.322243752767541],[108.10784237459387,34.322220486973485],[108.10783754785983,34.322197327610517],[108.10783263198901,34.322174134970858],[108.10782762371718,34.322150905451444],[108.10782255034994,34.322127749910649],[108.10781741082495,34.322104687280607],[108.10781214829258,34.322081444461865],[108.10780683160419,34.322058333307034],[108.10780143453863,34.322035241153792],[108.10779594506326,34.322012104908865],[108.10779037192935,34.32198897054019],[108.10778473262535,34.321965919165862],[108.10777900856483,34.321942860653905],[108.10777321394899,34.321919854489721],[108.10776729746259,34.321896706899523],[108.10776424450518,34.321883287400496],[108.10776132787713,34.321873667533652],[108.10776098710021,34.321872278647675],[108.10775967791908,34.321864552336962],[108.10775941128369,34.321856720431832],[108.10776033580662,34.321848095227111],[108.10776251768723,34.32183969949628],[108.10776333159829,34.321837219700974],[108.10776453881218,34.321833869628179],[108.10777384439301,34.321808701040119],[108.10778437018915,34.321780158928206],[108.10779478847979,34.3217516709989],[108.10780515232341,34.321723094771137],[108.10781539890819,34.321694592567233],[108.10782559646033,34.321665987636408],[108.10783570815741,34.321637373765348],[108.10784571236098,34.321608823091829],[108.1078556534486,34.321580202157243],[108.10786552599913,34.321551519981206],[108.10787530621145,34.321522856816728],[108.10788499733719,34.321494206350593],[108.10789461667913,34.321465504562234],[108.10790415450005,34.321436783913668],[108.10791361188538,34.321408043502451],[108.10792298125716,34.321379304970925],[108.10793227885581,34.321350523230578],[108.10794147978802,34.321321774027993],[108.10795063166292,34.321292902266087],[108.10795968471116,34.321264072960197],[108.10796865515353,34.321235225696675],[108.10797595023995,34.321211537296023],[108.10540845432321,34.321332578572893],[108.10540573154333,34.321332644020025],[108.10539724058161,34.321332034712448],[108.10538900561222,34.32133021178732],[108.10538127769405,34.321327230019158],[108.10537429163283,34.321323180255838],[108.1053682594564,34.321318184916862],[108.10536336280776,34.321312397098296],[108.10535965485947,34.321305762665467],[108.10489909867513,34.320219004913092],[108.1048973469063,34.320213997542645],[108.10489639687746,34.320208778357078],[108.10489627180232,34.320203474885666],[108.10489697473702,34.320198216717202],[108.10527528065728,34.318512195991829],[108.1052773858973,34.318505785533631],[108.10528098072754,34.318499373794985],[108.10528586056925,34.318493577566613],[108.1052918811363,34.318488571860264],[108.10529885682865,34.318484510087544],[108.10530401176165,34.318482361025616],[108.10621789479643,34.318155872096511],[108.10622046003435,34.318155026082977],[108.10622869010032,34.318153188933088],[108.10623717919397,34.318152564955284],[108.10624567092786,34.318153174204575],[108.10625390560512,34.318154997073592],[108.10626163217647,34.318157978789671],[108.10626335427273,34.318158840917221],[108.10838246469569,34.319270227332495],[108.10838345430771,34.319261619991821],[108.10838681653054,34.319231627357922],[108.1083900864801,34.319201698810815],[108.10839327058743,34.319171765832003],[108.10839637638983,34.319141775227308],[108.1083993866968,34.319111877559742],[108.10840231757771,34.319081895222766],[108.10840515301325,34.319052044586677],[108.10840792083772,34.319022002895672],[108.10841059314049,34.318992033407696],[108.10841318177236,34.318962057683216],[108.10841569315279,34.318931998188908],[108.10841810477591,34.318902096542374],[108.10842043914892,34.318872112027513],[108.10842268230499,34.318842167258502],[108.10842485247599,34.318812076513545],[108.10842568236954,34.318800095059515],[108.10859426745814,34.318876725078418],[108.1085939299233,34.31888122919058],[108.10859157215098,34.318911557194689],[108.10858912745314,34.318941882571231],[108.10858659365084,34.318972200814692],[108.10858397509003,34.319002511921212],[108.10858127069105,34.319032821300674],[108.10857848044918,34.319063125347107],[108.10857560436087,34.319093421356087],[108.10857264134411,34.319123712934491],[108.10856959139768,34.319153999180827],[108.10856645669335,34.319184279191681],[108.10856323614334,34.319214552066526],[108.10855992866338,34.319244819609295],[108.10855653533757,34.319275080016027],[108.10855305725232,34.31930533328579],[108.108549492238,34.319335582124914],[108.10854584137175,34.319365819320595],[108.10854221328397,34.319395184761106],[108.10853850369605,34.319424543061714],[108.10853471260677,34.319453893320947],[108.10853084110258,34.319483235537824],[108.10852688809798,34.319512570614791],[108.10852285467948,34.319541898550867],[108.10851874084463,34.319571217543086],[108.1085145455103,34.319600530296853],[108.10851027084716,34.319629835007262],[108.10850591250788,34.319659130776692],[108.1085014737519,34.319688417602222],[108.10849695675338,34.319717696383414],[108.10849235607964,34.319746967125063],[108.1084876749901,34.319776229824271],[108.10848291348125,34.319805481776605],[108.10847807264183,34.319834724784037],[108.10847314921338,34.319863959750926],[108.10846814536535,34.319893183970905],[108.10846306327301,34.31992239924498],[108.10845789641718,34.319951605578943],[108.10845265131226,34.319980799361069],[108.10844732579092,34.32000998510069],[108.10844191876421,34.320039160995783],[108.10843643348935,34.320068325240491],[108.1084308656236,34.320097480543104],[108.10842512989522,34.320127065100124],[108.1084193126599,34.320156638911051],[108.10841341391638,34.320186201074442],[108.10840743040617,34.32021575249464],[108.10840136538877,34.320245293168732],[108.10839521668872,34.320274821295698],[108.10838898970493,34.320304310727686],[108.10838267149991,34.320333839905224],[108.10837627501212,34.320363331289244],[108.10836979592904,34.320392811026593],[108.10836323424941,34.320422278215766],[108.10835658997199,34.320451731955274],[108.10834986418207,34.320481171342664],[108.10834305470999,34.320510599084272],[108.10833616264217,34.320540015179162],[108.10832918797509,34.320569416922815],[108.10832213179518,34.320598804314308],[108.1083149930158,34.320628177354571],[108.1083077716392,34.320657537846543],[108.10830046766418,34.320686884888751],[108.10829308217481,34.320716216677226],[108.10828561408452,34.32074553321295],[108.1082780644832,34.320774837199366],[108.10827043336617,34.320804125030527],[108.10826271856257,34.320833398511326],[108.10825492116004,34.320862658542254],[108.10824704332691,34.320891901515452],[108.10823908398004,34.320921130136306],[108.10823104094513,34.320950343505253],[108.10822291747938,34.320979539816413],[108.10821471141313,34.321008721776138],[108.10820642491703,34.32103788757955],[108.1081980558191,34.32106703813001]],[[108.10824777944444,34.320133197004012],[108.10824838718671,34.320130105279695],[108.10759880137842,34.320152888416914],[108.10680784432633,34.320180626129272],[108.10501313588618,34.320243543837044],[108.10543961052697,34.321249846058024],[108.10800090557512,34.321129097170257],[108.10800367848347,34.32111982386941],[108.1080121959027,34.321091048218712],[108.10802063180658,34.321062257313969],[108.10802898836597,34.32103344935031],[108.10803726558322,34.321004626130723],[108.10804546019884,34.320975787658085],[108.10805357329828,34.320946933030001],[108.10806160705467,34.320918062244552],[108.10806955929273,34.320889173500682],[108.1080774289364,34.320860274912739],[108.10808521923377,34.320831357463021],[108.10809292910653,34.320802427462887],[108.10810056718455,34.320773436224641],[108.10810810430617,34.320744519898007],[108.10811556855013,34.320715545038702],[108.108122953454,34.320686555825105],[108.10813025575479,34.320657549555676],[108.10813747547571,34.32062854426006],[108.10814460934918,34.320599533630791],[108.10815167685527,34.320570457251279],[108.10815865636994,34.320541398077118],[108.10816555328769,34.320512326354603],[108.10817236652213,34.320483242084691],[108.1081791004171,34.32045414346063],[108.10818575062659,34.320425030486241],[108.10819232150025,34.320395905862149],[108.10819882165632,34.320366711885804],[108.10820521438097,34.320337626181917],[108.10821154719324,34.320308424239109],[108.10821779310137,34.320279239500827],[108.10822394562103,34.320250099017308],[108.10823002526777,34.320220902705742],[108.10823602231855,34.32019169384597],[108.10824192922449,34.320162516617359],[108.10824777944444,34.320133197004012]],[[108.10837173528235,34.319360583522908],[108.10623289410991,34.318238848793499],[108.10536663966069,34.318548321926492],[108.10500442117936,34.320162643154958],[108.10826423559463,34.320048342936992],[108.108264685645,34.320045984258108],[108.10827012027728,34.320017104934514],[108.10827547124859,34.319988229290423],[108.10828074396498,34.319959336586969],[108.1082859114488,34.319930571085393],[108.10829102980891,34.319901628936087],[108.10829605588687,34.319872745464494],[108.10830100587282,34.319843836818286],[108.10830587545784,34.319814931848775],[108.10831066244931,34.319786015232687],[108.10831537010914,34.319757088770118],[108.10831999844207,34.319728156067001],[108.10832454635703,34.319699213518398],[108.10832902355281,34.319670198913322],[108.10833340419521,34.319641300684758],[108.10833771194903,34.319612333106114],[108.10834194036477,34.319583350272168],[108.10834608838378,34.319554373819436],[108.10835015920777,34.319525358670916],[108.10835414532973,34.319496381459359],[108.10835805318187,34.319467374567843],[108.10836188170677,34.31943836053437],[108.10836563090335,34.31940933845749],[108.10836929860098,34.319380310142066],[108.10837173528235,34.319360583522908]]]},"properties":{"FID":1,"OBJECTID":2,"Landuse_ty":"城镇道路用地","一类用":12,"二类用":1207,"二类_1":"城镇道路用地","ORIG_FID":21,"一类_1":"交通运输用地","Shape_Leng":3169.2091787099998,"Shape_Area":17144.150926599999,"Area":1714415.0926600001}},{"type":"Feature","id":2,"geometry":{"type":"Polygon","coordinates":[[[108.10346033000567,34.32653557345985],[108.10345321427445,34.326535931049172],[108.10344224124206,34.326536405482969],[108.10343126159479,34.326536802393854],[108.10342028294001,34.326537122676896],[108.10340929875923,34.326537367239077],[108.10339831448329,34.326537534272838],[108.10338732902672,34.326537624680583],[108.10337645104873,34.326537637469094],[108.10336535348188,34.326537572914482],[108.10335437317531,34.326537432535353],[108.10334338951613,34.326537216433522],[108.10333240467425,34.326536921902701],[108.10332142843136,34.326536550737629],[108.10331045752767,34.32653610294102],[108.10329948870448,34.326535579417133],[108.10328852630607,34.326534978359348],[108.10327756816032,34.32653430067095],[108.10326661752602,34.326533545447738],[108.10325567983837,34.326532714488089],[108.10324474749009,34.326531806896917],[108.10323382591535,34.326530823571161],[108.10322291402645,34.326529763610203],[108.10321200965021,34.326528627015946],[108.10320112256611,34.326527413780113],[108.10319024842994,34.326526125709321],[108.10317938397864,34.326524760101904],[108.10316853682177,34.326523319655884],[108.10315764066331,34.326521793609338],[108.10314717260799,34.326520251876033],[108.10313048409725,34.326374229338022],[108.10313950042676,34.326373989162576],[108.10314219950033,34.326373951731654],[108.10315810883199,34.326375159841078],[108.10316858900083,34.326376847603498],[108.10317804096533,34.326378307254643],[108.10318727005337,34.326379666126783],[108.10319674576149,34.32638099323853],[108.10320618660818,34.326382246457307],[108.10321550674199,34.326383417742207],[108.10322502023693,34.326384544690733],[108.10323438693943,34.326385588825865],[108.1032438633204,34.326386576975885],[108.10325335265911,34.326387498404529],[108.10326285386999,34.326388354014185],[108.10327223111358,34.326389132200113],[108.10328177019574,34.326389857061393],[108.10329112663185,34.326390502745475],[108.1033008133374,34.32639110127316],[108.10331017069798,34.326391614437057],[108.10331978008384,34.326392073298656],[108.1033292122632,34.326392458387431],[108.10333867804773,34.32639277854036],[108.10334834912477,34.326393037218494],[108.10335775606826,34.326393223098684],[108.10336733244421,34.326393345731354],[108.10337677182549,34.326393400867708],[108.1033863230449,34.326393389199211],[108.1033958915681,34.326393310805628],[108.10340543501761,34.326393165722756],[108.10341489363256,34.32639295580401],[108.10342440866779,34.326392678225695],[108.10343382148389,34.326392336727686],[108.10344341784591,34.326391922053837],[108.10345297283621,34.326391441605956],[108.10345720159445,34.326391199140822],[108.10345725657676,34.326396157249292],[108.10345763156626,34.326421923111276],[108.10345809239313,34.326447685294703],[108.10345862634581,34.326472825393182],[108.10345924287621,34.326497961815882],[108.10345994198767,34.326523097267206],[108.10346033000567,34.32653557345985]]]},"properties":{"FID":2,"OBJECTID":3,"Landuse_ty":"城镇道路用地","一类用":12,"二类用":1207,"二类_1":"城镇道路用地","ORIG_FID":21,"一类_1":"交通运输用地","Shape_Leng":91.442188667400004,"Shape_Area":473.09894191000001,"Area":47309.894190999999}},{"type":"Feature","id":3,"geometry":{"type":"Polygon","coordinates":[[[108.10381666898124,34.332306272867882],[108.1038160316298,34.332379038317029],[108.10381540571849,34.332450505621814],[108.10379240595462,34.332450363752528],[108.10375542601972,34.332450198566804],[108.10371833097571,34.332450097472616],[108.10368129034114,34.332450057621877],[108.10364391074027,34.332450081150562],[108.10360630736214,34.332450168862358],[108.10360606329358,34.332378039705375],[108.10361485930436,34.332305911012277],[108.10364355514065,34.332305844359347],[108.10368133783483,34.332305820489537],[108.10371873049057,34.332305860943663],[108.10375612430958,34.332305963587608],[108.10379351820745,34.332306130225291],[108.10381666898124,34.332306272867882]]]},"properties":{"FID":3,"OBJECTID":4,"Landuse_ty":"城镇道路用地","一类用":12,"二类用":1207,"二类_1":"城镇道路用地","ORIG_FID":21,"一类_1":"交通运输用地","Shape_Leng":69.856615745699997,"Shape_Area":305.83533909200003,"Area":30583.533909199999}},{"type":"Feature","id":4,"geometry":{"type":"Polygon","coordinates":[[[108.11787877075729,34.332899064889347],[108.11785715012206,34.332969824057997],[108.11780809608605,34.332966004804462],[108.11774558749511,34.332961199627128],[108.11768307247416,34.332956453921845],[108.11764701787293,34.332953752568486],[108.11762055102562,34.332951769491572],[108.11755802532019,34.332947144531225],[108.11751191795103,34.332943779381381],[108.11752621488006,34.332917630808367],[108.11758803842497,34.332804555415727],[108.11763609115076,34.332808109782434],[108.11769881463805,34.332812809336026],[108.11776153169779,34.33281757016438],[108.1178242401555,34.332822391368168],[108.11788689327888,34.332827269386435],[108.11787877075729,34.332899064889347]]]},"properties":{"FID":4,"OBJECTID":5,"Landuse_ty":"城镇道路用地","一类用":12,"二类用":1207,"二类_1":"城镇道路用地","ORIG_FID":21,"一类_1":"交通运输用地","Shape_Leng":92.572043803400007,"Shape_Area":481.12285854700002,"Area":48112.2858547}},{"type":"Feature","id":5,"geometry":{"type":"Polygon","coordinates":[[[108.09861359541982,34.340080133343783],[108.0986057171277,34.340089220303888],[108.09849926504744,34.340211999313468],[108.09829015726362,34.340186548165775],[108.0983891938065,34.340085487459767],[108.09841416598147,34.34005586096081],[108.09861359541982,34.340080133343783]]]},"properties":{"FID":5,"OBJECTID":6,"Landuse_ty":"城镇道路用地","一类用":12,"二类用":1207,"二类_1":"城镇道路用地","ORIG_FID":21,"一类_1":"交通运输用地","Shape_Leng":74.469119428900001,"Shape_Area":301.85744987999999,"Area":30185.744987999999}},{"type":"Feature","id":6,"geometry":{"type":"Polygon","coordinates":[[[108.09572684748643,34.343763078005971],[108.09580178190116,34.343802183304547],[108.09570077909446,34.34378623577549],[108.09572684748643,34.343763078005971]]]},"properties":{"FID":6,"OBJECTID":7,"Landuse_ty":"城镇道路用地","一类用":12,"二类用":1207,"二类_1":"城镇道路用地","ORIG_FID":21,"一类_1":"交通运输用地","Shape_Leng":21.120713348900001,"Shape_Area":14.0582875119,"Area":1405.82875119}},{"type":"Feature","id":7,"geometry":{"type":"Polygon","coordinates":[[[108.109819645879,34.343349246488245],[108.10983254629289,34.344147701969611],[108.10984069320304,34.344651990679395],[108.1102139020678,34.345660184107039],[108.11021520752824,34.345664556224442],[108.11021591827911,34.345669063382175],[108.11021602162377,34.345673625065793],[108.11018708902333,34.346307911524065],[108.11018627158508,34.346313809474452],[108.11018449892615,34.346319493812963],[108.11018181894921,34.346324810931328],[108.11017830407549,34.346329617144676],[108.10990753240222,34.346650945933312],[108.10984629767594,34.346652801141659],[108.10980620994123,34.346629561797457],[108.11008988575918,34.34629291991277],[108.11011796113199,34.345677426493971],[108.10974512962113,34.344670249306795],[108.10974372784202,34.344665429448469],[108.10974298026679,34.344658885374088],[108.10973460344879,34.344140348972005],[108.10972438610325,34.343507837339729],[108.10972167191869,34.343339819200487],[108.10972194755006,34.343335215010832],[108.10972284466349,34.343330690663088],[108.10972466525673,34.343325531658387],[108.10972724850107,34.343320709134368],[108.10977310134918,34.343248065527241],[108.10986033835258,34.343109857986661],[108.10995722885625,34.342956356214067],[108.10995502745058,34.342955060960982],[108.10993843303906,34.342945203752237],[108.10992189398365,34.342935288796809],[108.10990540267197,34.342925312495609],[108.10988896671765,34.342915279349235],[108.10987258285549,34.342905185754709],[108.10985625108795,34.342895033515006],[108.10983997250059,34.342884821727729],[108.10982374818498,34.342874553997802],[108.10980757922327,34.342864226718362],[108.10979146018138,34.34285383989431],[108.10977539975735,34.342843396222321],[108.10975939143032,34.342832895708234],[108.10974343737043,34.342822335645721],[108.1097275430176,34.342811720537277],[108.10971170076061,34.342801047685349],[108.10969591494677,34.342790317086049],[108.10968018666641,34.342779531442844],[108.10966452026794,34.342768691653369],[108.10964889834949,34.342757787816943],[108.10963333940212,34.342746831636255],[108.10961783907624,34.342735821312274],[108.10960239301875,34.342724752341525],[108.10958701210716,34.342713631926095],[108.10957168437949,34.342702454667887],[108.10955641200825,34.34269121966345],[108.10954120478172,34.342679932312961],[108.10952605508994,34.342668590820281],[108.10951096401853,34.342657194282971],[108.10949593265546,34.342645743601558],[108.10948096099959,34.342634237874613],[108.10946605122805,34.342622679804606],[108.10945120007923,34.342611068493035],[108.10943640972326,34.342599401233507],[108.10942168342876,34.342587684333516],[108.10940701575466,34.342575912389059],[108.10939240779011,34.342564087202142],[108.10937786497034,34.342552209669392],[108.10936338838683,34.342540283395792],[108.10934896825127,34.342528302981222],[108.10933460999772,34.342516268420873],[108.10932031797927,34.342504184218242],[108.10930609002111,34.342492049473833],[108.10929192394846,34.342479863288133],[108.10927782302292,34.342467626559731],[108.10926378506971,34.342455338389094],[108.10924981335157,34.342443000576324],[108.1092359035201,34.342430612223801],[108.10922205774774,34.342418172428161],[108.10920827929846,34.342405683890952],[108.10919456817335,34.342393147513654],[108.10918092002171,34.342380560595764],[108.1091673381063,34.342367924937307],[108.10915382460189,34.342355241437886],[108.10914037516005,34.342342509199881],[108.1091269919521,34.342329726418463],[108.10911367715629,34.342316896697618],[108.1091004307726,34.342304020037346],[108.10908723539347,34.342291082029512],[108.10907413780639,34.342278125002018],[108.10906109013473,34.342265104825024],[108.10904811413791,34.34225203950875],[108.10903520546519,34.34223892635265],[108.10902236738048,34.342225768058292],[108.10900959771136,34.342212565529131],[108.10899689536515,34.342199314258721],[108.10898426251896,34.342186016949611],[108.10897170026189,34.342172675403802],[108.10895920859164,34.342159287818355],[108.108946786426,34.342145857800183],[108.10893443484949,34.34213238354539],[108.10892215168376,34.342118861450004],[108.10890994128191,34.342105296017579],[108.10889780364735,34.342091689952547],[108.10888573442706,34.342078038751445],[108.10887373796942,34.342064343311861],[108.10886181210194,34.34205060453727],[108.10884995899939,34.342036823327213],[108.10883817866407,34.342023001484684],[108.10882647109132,34.342009135403764],[108.10881440248521,34.341995100164233],[108.1087952112391,34.341986318769528],[108.10877629414225,34.341977747173168],[108.10875750112156,34.341969312488686],[108.1087384776759,34.341960857271886],[108.10871977621234,34.341952622628902],[108.10870070839565,34.341944307175055],[108.10868182445915,34.341936152018505],[108.10866264159084,34.34192794664142],[108.10864366652503,34.341919911456742],[108.1086245251927,34.341911884529914],[108.10860531654745,34.341903908142683],[108.10858614932742,34.341896027272618],[108.10856689413936,34.341888192453034],[108.10854762383026,34.341880427959282],[108.10852840908045,34.341872763477561],[108.10850890737468,34.341865064990849],[108.10848965368933,34.341857542069938],[108.10847017937651,34.341850011228125],[108.10845073017498,34.341842566903068],[108.1084312495467,34.341835190213757],[108.10841179837909,34.34182790184034],[108.10839220161382,34.341820637031191],[108.10837245490025,34.341813393085658],[108.10835289965925,34.34180629861325],[108.10833331407346,34.341799268169645],[108.10831358071751,34.341792262193586],[108.10829387247244,34.341785342734262],[108.10827407299625,34.341778467524946],[108.10825437147767,34.341771703107909],[108.10823444716959,34.341764939786103],[108.10821452948393,34.341758253081032],[108.10819475107147,34.341751690653936],[108.10817479445019,34.341745146410666],[108.10815489337794,34.341738694967589],[108.10813474668761,34.341732240132224],[108.10811483711797,34.341725937434376],[108.10809497657175,34.341719723936535],[108.10807486389004,34.341713509756552],[108.10805455451697,34.34170730836756],[108.10803454423259,34.341701275288123],[108.10801449273018,34.341695302640957],[108.10799416735053,34.341689324823164],[108.10797396383724,34.341683457776625],[108.10795363213312,34.341677628701937],[108.10793344295132,34.341671915789199],[108.10791314297428,34.34166624624185],[108.10789288658043,34.34166066139187],[108.10787244764069,34.341655102842289],[108.10785215013159,34.341649656849754],[108.10783174617664,34.341644256021617],[108.10781122490555,34.341638898564433],[108.10779071460421,34.341633618621451],[108.10777024788688,34.341628424277317],[108.10774988671825,34.341623328999724],[108.10772923538065,34.341618236678464],[108.10770853847956,34.341613206595937],[108.10768811889515,34.341608317798439],[108.10766748089337,34.341603449923646],[108.10764696800808,34.341598685605618],[108.10762623779222,34.341593942209229],[108.10760556964007,34.341589288001352],[108.10758485048791,34.341584694233958],[108.10756429884741,34.34158021209948],[108.10754338203617,34.341575723070441],[108.10752256968274,34.341571330404506],[108.10750199658318,34.341567060126295],[108.10748101374843,34.341562778485041],[108.10746021798509,34.341558606656633],[108.1074395049353,34.34155452490014],[108.1074184169416,34.341550442567595],[108.10739767798968,34.341546499654747],[108.1073773348197,34.34154270243112],[108.10728132739493,34.341678613544218],[108.10708094307671,34.341962281096428],[108.10664058145784,34.342585657740365],[108.10660433060445,34.342636973619392],[108.10570480605247,34.343910307270832],[108.10565260273624,34.343984202478829],[108.1039583104008,34.346382449899444],[108.10389161429302,34.346476854480919],[108.10388574866424,34.346474341625047],[108.10379829812055,34.346153692730923],[108.10380370418778,34.345493146823024],[108.10348156243245,34.344809396363807],[108.10347983242376,34.344804997796672],[108.10347870604373,34.344800407416415],[108.10347761033678,34.34479407364249],[108.10347656215187,34.344787496428815],[108.10347560634062,34.344780912826685],[108.10347474289972,34.344774320131677],[108.10347396856857,34.344767718346539],[108.10347328769676,34.344761109270571],[108.10347269920075,34.344754495609124],[108.10347220199257,34.344747876461639],[108.10347179498314,34.344741250026104],[108.10347148252977,34.344734624412112],[108.10347126027952,34.34472799511596],[108.10347112932256,34.344721364841163],[108.10347108969206,34.344714760632115],[108.10347114454666,34.344708099549969],[108.10347129073102,34.344701467237996],[108.10347153038778,34.344694838452952],[108.10347185916956,34.344688213198481],[108.10347228250501,34.344681586962629],[108.10347279605892,34.344674969665327],[108.1034734009159,34.344668359502691],[108.10347409924297,34.344661751064002],[108.10347488887417,34.344655150661481],[108.10347576872375,34.344648559197502],[108.1034767398741,34.344641973065215],[108.10347780342201,34.34463540037703],[108.10347895719265,34.344628840233291],[108.10348020335306,34.344622287223295],[108.10348153865267,34.344615749463109],[108.10348296634864,34.344609224245531],[108.10348448318155,34.344602712474796],[108.1034860902371,34.344596213248479],[108.10348778860654,34.344589730171613],[108.10348957612173,34.344583267753414],[108.10349145277821,34.34457682238795],[108.10349341748801,34.344570393174656],[108.10349500254355,34.34456544992134],[108.10368557892672,34.343771306490765],[108.10365083882824,34.343766255162407],[108.10360876234331,34.343760065152637],[108.10356670425412,34.343753804797373],[108.10352466021344,34.343747474100333],[108.10348263022138,34.343741073061501],[108.10344061753744,34.343734600776699],[108.10339861998915,34.343728058149203],[108.10335663975026,34.343721445177238],[108.10331467356151,34.343714762765046],[108.10327272468017,34.343708008205439],[108.10323079202283,34.343701184203802],[108.10318887776211,34.343694289856828],[108.10314697863765,34.343687325167288],[108.10310509682323,34.343680290133349],[108.10306323340684,34.343673185655639],[108.10302138621273,34.34366600993301],[108.10297955632893,34.343658763866046],[108.10293774593143,34.343651449255887],[108.1028959517554,34.343644062499422],[108.10285417706474,34.343636606298304],[108.10281241859906,34.343629080655326],[108.1027706817915,34.343621484664467],[108.10272895903438,34.343613818332116],[108.1026872590224,34.343606081651004],[108.10264557849739,34.343598276426825],[108.10260391310993,34.343590400860322],[108.10256226937996,34.343582454044544],[108.10252064405154,34.343574439588153],[108.10247903929398,34.343566353883446],[108.10243745510961,34.343558198733398],[108.10239589041167,34.343549974138945],[108.10235434411237,34.343541679199511],[108.10231281838651,34.343533314814799],[108.10227131649471,34.343524880982102],[108.10222983191608,34.343516377706905],[108.10218836899803,34.343507804985556],[108.10214692665382,34.343499162819015],[108.10210550596821,34.343490449403426],[108.10206410803355,34.3434816692453],[108.10202273067085,34.343472817839093],[108.10198137496918,34.343463896986854],[108.10194003875614,34.343454907591919],[108.1018987274648,34.343445848748274],[108.10185743674799,34.343436720459586],[108.10181616877942,34.343427522724056],[108.10177492464604,34.343418255540797],[108.10173370108853,34.343408919814038],[108.10169250245322,34.343399514638698],[108.1016513254808,34.34339004091899],[108.10161017125712,34.343380497752555],[108.10156904086907,34.343370885138505],[108.10152793540576,34.343361204878953],[108.10148685160352,34.343351454272138],[108.10144579272514,34.343341635118392],[108.1014047598575,34.343331747416798],[108.10136374756658,34.343321791171888],[108.10132276019867,34.343311765478617],[108.10128179992861,34.343301671236702],[108.10124086132238,34.343291508450633],[108.10119994981308,34.343281276214491],[108.10115906214358,34.343270977235392],[108.1011181993965,34.343260607906586],[108.10107736374985,34.343250171832217],[108.10103655302578,34.343239665408149],[108.10099576722762,34.343229091338891],[108.10095500635438,34.343218448722965],[108.10091427366659,34.343207737557712],[108.10087356807865,34.34319695874553],[108.10083288415542,34.34318611138945],[108.10080380675684,34.343178304172682],[108.10079628548506,34.343178806178706],[108.10078686949383,34.343178070208538],[108.10077774968393,34.343175990788289],[108.10076920218401,34.343172631695836],[108.10076148686454,34.343168093683275],[108.1007593589124,34.343166308700532],[108.10075160304098,34.343164211929249],[108.10071100150373,34.34315316073026],[108.1006704281514,34.3431420400806],[108.1006298808126,34.343130851785077],[108.10058936166105,34.343119595841927],[108.10054887069684,34.343108272251158],[108.10050840574533,34.343096880113123],[108.10046797006817,34.343085420326638],[108.10042756149176,34.343073892893507],[108.10038718218986,34.343062297812004],[108.10034682998891,34.343050635083898],[108.10030650706155,34.34303890380599],[108.10026621123639,34.34302710578303],[108.10022594685861,34.343015239208533],[108.10018571067111,34.34300330678964],[108.10014550267071,34.342991305821947],[108.10010532938162,34.342979239004535],[108.10006517449635,34.342967101843428],[108.10002505649621,34.342954898830918],[108.09998496777246,34.342942629071793],[108.09994490941095,34.342930291663684],[108.09990487923812,34.342917886608419],[108.09986488051668,34.342905415706305],[108.09982491324347,34.342892876252954],[108.09978497524814,34.342880270954595],[108.09974506870121,34.342867597105048],[108.09970519360705,34.342854858310261],[108.09966534996252,34.342842051865823],[108.09962553559511,34.342829178675032],[108.09958575376434,34.342816237833752],[108.09954600447237,34.342803231144991],[108.09950628554461,34.342790157709068],[108.09946659915477,34.342777017524256],[108.09942694530291,34.342763810590554],[108.09938732399019,34.342750537809501],[108.09934773521668,34.34273719918113],[108.09930817680778,34.342723793805732],[108.09926865310973,34.342710320778352],[108.09922916195113,34.342696781903733],[108.09918970550568,34.342683177180142],[108.09915028051302,34.342669506610264],[108.09911088806004,34.34265577019324],[108.09909539677133,34.342650336888809],[108.09907153140618,34.34264196702501],[108.09903220729107,34.342628097108189],[108.09899291571695,34.342614162245816],[108.09895366103005,34.342600161532921],[108.0989144388832,34.342586094973029],[108.09887525144904,34.342571961662948],[108.09883609981765,34.342557764306285],[108.09879698072652,34.342543501102732],[108.09875789634938,34.342529172050568],[108.0987188488599,34.342514777148061],[108.09867983499774,34.342500316397896],[108.09864085693762,34.342485790699833],[108.09860191467965,34.342471200053879],[108.09856300930963,34.342456543557738],[108.09852413756721,34.342441821214067],[108.09848530271502,34.342427034823224],[108.09844650366523,34.342412183484626],[108.09840774258944,34.342397265393629],[108.09836901623152,34.342382284158788],[108.09833032567518,34.342367237074839],[108.09829167418195,34.342352125040655],[108.09825305849256,34.342336948960373],[108.09821447969175,34.342321707030209],[108.09819332388204,34.342313305973803],[108.09817593886956,34.342306401953778],[108.0981374338493,34.34229103102836],[108.09809896897933,34.34227559515206],[108.0980605388267,34.342260095230678],[108.09802214773875,34.342244531260825],[108.09798379571549,34.342228903242514],[108.09794548058341,34.342213211177494],[108.09790720451407,34.342197453261136],[108.09786896751177,34.342181633099372],[108.09783076848659,34.34216574798868],[108.09779260743859,34.342149797929103],[108.09778458181394,34.342146426491496],[108.09753110495457,34.342371610227943],[108.09614652811496,34.343601605973582],[108.0966379825454,34.342953680373064],[108.09767508215224,34.342032355814112],[108.09802977000314,34.341717249233241],[108.09803736955138,34.341711264530026],[108.09804435908147,34.341706870526416],[108.09821226116246,34.341611959715372],[108.09885300275654,34.341249761094517],[108.10030090928788,34.340431263415603],[108.09886252983513,34.340256211756618],[108.09887040811508,34.340247124780255],[108.0989768596979,34.340124345449603],[108.09997142925063,34.340245386115463],[108.10030980295451,34.340286564874447],[108.10051310841729,34.34031130606671],[108.10091745650243,34.340082723074268],[108.10193874624071,34.339505363928993],[108.10203524741233,34.33945080887149],[108.10214419213911,34.33938921811805],[108.10263478190333,34.339111865772416],[108.10271917959845,34.339064151739535],[108.10272459693972,34.339061325559882],[108.10273228180954,34.339058047638645],[108.10274917436372,34.339051703266364],[108.1027658180771,34.339045384342086],[108.10278269416528,34.339038909264275],[108.10279910633678,34.339032544554279],[108.10281585407384,34.339025981234535],[108.10283243661689,34.339019415346776],[108.10284888655124,34.339012832440005],[108.10286538853873,34.339006160240707],[108.10288199906346,34.338999376164345],[108.10289823475557,34.33899267713992],[108.10291487877747,34.33898573977919],[108.10293114905573,34.338978889272532],[108.10294750723031,34.338971933216548],[108.10296382947178,34.338964922198265],[108.10297081583552,34.338961890953648],[108.10299733185076,34.338942375931957],[108.10303043864529,34.338918064889718],[108.10074534713392,34.3380845422463],[108.10075811300179,34.338069817769451],[108.10080372519447,34.338017206757364],[108.10288225045706,34.338775382295822],[108.10311128126116,34.338858921897732],[108.10314391696123,34.338835122360912],[108.10318678525759,34.338803946389568],[108.10322970683424,34.338772819939592],[108.10327267842983,34.338741742112255],[108.10331570113109,34.338710712906554],[108.10335877602597,34.338679733222989],[108.10340190202658,34.338648802160975],[108.10344507913402,34.338617920621914],[108.10348830734947,34.338587089507243],[108.10353158558173,34.338556305211888],[108.10357491600878,34.338525571339922],[108.10361829536815,34.338494886091041],[108.10366172800799,34.33846425036301],[108.10370611732624,34.338433026945154],[108.10375056101266,34.338401854849423],[108.10379507209501,34.338370723246932],[108.10383960823091,34.338339665528331],[108.10388420850252,34.338308648305642],[108.10392886205673,34.338277683307254],[108.10397356889357,34.338246770533097],[108.10401832466493,34.338215909085356],[108.10406313589138,34.338185098958412],[108.10410799714249,34.338154342861266],[108.10415291167411,34.338123637185205],[108.1041978794896,34.338092984634564],[108.10420753478131,34.338086421749914],[108.10398928829925,34.33801389563407],[108.10151847010988,34.337192770750981],[108.10157729296398,34.337124918868639],[108.10403735843728,34.337942469226057],[108.1042940013931,34.338027755476674],[108.10433212753101,34.338001987518503],[108.10437634206798,34.337972188344679],[108.10442060336536,34.337942438696366],[108.1044649135989,34.337912740374605],[108.10450927494215,34.337883093377471],[108.10455368413152,34.337853495003301],[108.10459814225713,34.337823947955521],[108.10464264823116,34.337794451333515],[108.10468720314039,34.337765005136347],[108.10473180915946,34.33773561026355],[108.10477645976789,34.337706266720673],[108.10482116148512,34.33767697360058],[108.10486591104979,34.33764773000452],[108.10491070955314,34.337618539537473],[108.10493320982795,34.33760391806824],[108.10529789132666,34.336537523362324],[108.10506164072429,34.336486747525797],[108.10456837718233,34.336380731853247],[108.1039142612488,34.336240141063662],[108.10384482694296,34.336225217347696],[108.10349997873118,34.336151096534799],[108.10331266221638,34.336110834999062],[108.10259091668249,34.335955700088832],[108.10259600519244,34.335949830788202],[108.10260491543336,34.335938375411402],[108.10261129409663,34.335928218485449],[108.10263744186841,34.335881887476646],[108.10446870867516,34.336275497773087],[108.10487375422387,34.33636255375739],[108.10509730902604,34.336410601253505],[108.10513862785265,34.336419481433182],[108.10532459040049,34.336459449256857],[108.10579031878699,34.335097532463273],[108.10564221547364,34.335063377885341],[108.10555696312801,34.335043717974841],[108.10555409762435,34.335042978525692],[108.10463117654672,34.334778589905632],[108.10345094612914,34.334440478754075],[108.10346448962488,34.334416482494326],[108.10349264792401,34.334366589643068],[108.10461378619627,34.334687773293602],[108.1046565904952,34.334553825249834],[108.10498870078118,34.333514527563871],[108.10502815797334,34.333391047535891],[108.10482051870278,34.333358240230993],[108.10412351637585,34.333248109471732],[108.10412964227045,34.333232520350158],[108.10413345159459,34.333216209729521],[108.10413486441269,34.333199519875087],[108.10413514632597,34.333167353866735],[108.10504774213702,34.333311548901932],[108.10516676272948,34.332624186828291],[108.10518785317352,34.332502384835749],[108.10516600682571,34.332500872882868],[108.10512829799507,34.332498327924299],[108.10509061641685,34.332495849640374],[108.10505292840276,34.332493437158533],[108.10501523503828,34.332491089576379],[108.10497753415109,34.332488807797233],[108.10493980400302,34.332486588233799],[108.10490211958496,34.332484438935154],[108.10486433309271,34.332482347407144],[108.10482668361701,34.332480330573183],[108.1047889581517,34.332478375093423],[108.10474951136094,34.33247639943886],[108.1047100364068,34.332474495012747],[108.10467060718562,34.332472663554839],[108.10463114654084,34.332470903328158],[108.10459166968364,34.332469212516706],[108.10455221139324,34.332467595598168],[108.1045127379769,34.332466048093927],[108.10447330377406,34.332464574465007],[108.1044337838098,34.332463169409145],[108.10439429544986,34.332461836432131],[108.10435480717933,34.332460574659365],[108.10431531791252,34.332459384993264],[108.10427584503623,34.332458267419014],[108.10423632769407,34.332457220185475],[108.10419675501802,34.332456242400347],[108.10415738781884,34.332455340152158],[108.10414137951355,34.332455003090473],[108.10414202701176,34.332381002602077],[108.10414264218949,34.332310746895786],[108.10416193232221,34.332311153284472],[108.10420181346699,34.332312066813252],[108.10424169035396,34.332313051549718],[108.1042815662433,34.332314107491115],[108.10432143896504,34.332315237343742],[108.10436131068937,34.3323164384013],[108.10440117598517,34.332317712471372],[108.10444103919815,34.3323190586488],[108.10448089815284,34.33232047513247],[108.10452075393937,34.332321964625876],[108.10456060547116,34.332323527129972],[108.10460045274607,34.332325160841812],[108.10464029576534,34.332326866662854],[108.10468013452792,34.332328643691646],[108.10471996903617,34.332330493731135],[108.1047597971146,34.332332414980229],[108.10479961767885,34.332334409242833],[108.1048377082283,34.332336384239468],[108.10487579234133,34.332338425037939],[108.10491386893135,34.332340531639176],[108.10495194234404,34.332342703137989],[108.10499000823614,34.332344942242557],[108.10502806877774,34.332347246246556],[108.10506612614452,34.332349616951127],[108.10510417490093,34.332352052557916],[108.10514221613485,34.332354553967527],[108.10518025310532,34.332357120275645],[108.10520103872612,34.332358559215805],[108.10520655900173,34.331813586156336],[108.10521564507147,34.33091649111568],[108.10483153695534,34.33089664085189],[108.1041553215745,34.330861690439924],[108.10415574356344,34.330813623959699],[108.10415603289424,34.330780436553297],[108.10463482809256,34.330805183349923],[108.10483761823856,34.330815664529318],[108.10521318320545,34.330835073176736],[108.10519960005954,34.330623599860758],[108.10514872119543,34.329831439994479],[108.10514829885398,34.329826505643616],[108.10514811691799,34.329824390021138],[108.10514655007054,34.329800078391798],[108.10512710859044,34.329498405045193],[108.10508262584558,34.328808142176385],[108.10488557816539,34.328796108631344],[108.10466238852459,34.328782487066121],[108.10417377429258,34.328752666153072],[108.10417421321696,34.328702491074587],[108.10417171033195,34.328678451570426],[108.10416970614803,34.328671065627219],[108.10489275465311,34.328715194444186],[108.10508063896437,34.328726668808528],[108.10509025291555,34.327626320119286],[108.10509098562513,34.327619611559165],[108.10509318402777,34.32761277913967],[108.10509677708528,34.327606367417111],[108.10510165855179,34.32760057120278],[108.10510768086536,34.327595565510769],[108.10511465731901,34.327591503753204],[108.10512237726216,34.327588508712346],[108.10513060827266,34.32758667163732],[108.10513546590509,34.327586162637033],[108.10545772054969,34.32756596640759],[108.10534393663487,34.326642694653415],[108.1052820356082,34.326140405668006],[108.10511418539129,34.324778382244766],[108.10511347044694,34.324774917557981],[108.10511282372154,34.324772135235243],[108.10511214563597,34.324769473738101],[108.10511138487031,34.324766732079958],[108.10511058072245,34.324764055365797],[108.10510970699866,34.324761350765364],[108.10510878442379,34.324758682266186],[108.10510779773064,34.324756005708679],[108.10510676327637,34.324753367955914],[108.1051056658039,34.324750732961661],[108.10510450748978,34.324748103428519],[108.10510331665476,34.324745535224103],[108.10510204102276,34.324742931934608],[108.10510071870837,34.324740361138559],[108.10509937585245,34.324737873296549],[108.10509793730678,34.324735328743216],[108.10509645317207,34.324732822091256],[108.10509492997564,34.324730359645471],[108.10509333396497,34.32472788644435],[108.10509172066915,34.324725493490014],[108.10509000734743,34.324723051941419],[108.10508830503095,34.324720722167221],[108.10508648419423,34.324718325784993],[108.10508465259072,34.324716008742442],[108.10508276777189,34.324713713381115],[108.10508081885958,34.324711429794043],[108.10507881999507,34.32470917058982],[108.10507680491401,34.324706977207747],[108.10507472791376,34.32470479649951],[108.10507259335189,34.324702637476207],[108.10507045670684,34.324700550573311],[108.10506819831447,34.324698423208091],[108.10506596503602,34.324696394082899],[108.10506362306604,34.324694338006431],[108.10506131164286,34.324692380165367],[108.10505888174895,34.324690395381381],[108.10505647042923,34.324688492616367],[108.10505404070406,34.324686643054584],[108.1050514816379,34.324684762953268],[108.10504894549112,34.324682963965714],[108.10504636483851,34.324681200174105],[108.10504374837495,34.324679473373969],[108.10504102868316,34.324677743957864],[108.10503839606265,34.32467613075832],[108.10503564716598,34.32467450774211],[108.10503287768394,34.32467293252212],[108.10503006043407,34.324671390697887],[108.10502722151115,34.324669895769276],[108.10502436309054,34.324668449537398],[108.10502149930453,34.324667057399047],[108.10501856926875,34.324665690558959],[108.10501560994823,34.324664366113602],[108.10501258872873,34.324663070568697],[108.10500960889141,34.324661848909834],[108.10500658781021,34.324660664247077],[108.10500356136134,34.324659531874865],[108.10500046757947,34.324658427506257],[108.1049973064691,34.324657354747202],[108.1049942323873,34.324656363948392],[108.10499106488786,34.324655395766683],[108.10498787897502,34.324654474477796],[108.1049847094328,34.324653610869674],[108.1049814790849,34.324652781569959],[108.10497831075622,34.3246520198282],[108.10497507401696,34.324651293302864],[108.10497177212793,34.324650602892575],[108.10496852464644,34.324649975539394],[108.1049652804876,34.32464939866631],[108.10496193749056,34.324648854331237],[108.10495862607394,34.324648365860945],[108.10495537449212,34.32464793593568],[108.10495201647053,34.324647542160868],[108.10494869111255,34.32464720154546],[108.10494537233691,34.32464691140737],[108.10494197538151,34.32464666460735],[108.10493867302802,34.324646473618145],[108.10493532401003,34.324646329545928],[108.10493198809272,34.324646235043957],[108.10492859790595,34.324646188366998],[108.10492523603305,34.324646192148727],[108.10492194484723,34.324646243648402],[108.10491849834575,34.324646347567054],[108.10491524639568,34.324646494590141],[108.10491182066593,34.324646700358379],[108.10490853298103,34.324646945673535],[108.1049052116761,34.32464724240193],[108.10490180134575,34.324647598704352],[108.10489854534991,34.324647987327879],[108.10489525139108,34.32464843007282],[108.10489191512522,34.324648928745837],[108.10488864844967,34.324649467024422],[108.10488532100086,34.324650065754334],[108.10488206965847,34.324650701379774],[108.10487885096722,34.324651380248341],[108.10487563885707,34.324652108692746],[108.10487235077272,34.324652906616322],[108.10486916811897,34.324653730592537],[108.10486602788993,34.32465459329611],[108.10486282798647,34.324655526366357],[108.10485967811042,34.324656495453027],[108.10485659021074,34.324657497841407],[108.10485342852121,34.324658578721895],[108.10485038311121,34.324659672123516],[108.10484731930441,34.324660825940185],[108.10484435548297,34.324661995897863],[108.10484128312464,34.324663263308544],[108.10483829880377,34.32466455047642],[108.10483536776553,34.32466587005198],[108.10483246828842,34.324667230167208],[108.10482954824919,34.324668657009695],[108.10482668149257,34.324670116259888],[108.10482388647472,34.324671595281224],[108.10482110456071,34.324673126577324],[108.10481828254409,34.324674739041136],[108.10481562021411,34.324676318914825],[108.10481287001348,34.324678013351992],[108.104810251263,34.324679686942503],[108.1048076380193,34.32468142002611],[108.10480500856758,34.324683226143655],[108.10480250513089,34.324685009616246],[108.10479997789136,34.324686875144081],[108.10479750827065,34.324688764962616],[108.10479510495023,34.324690670049584],[108.10479268326205,34.324692658990124],[108.10479039408487,34.324694606349006],[108.10478805289746,34.324696670945151],[108.10478580839757,34.324698721034785],[108.10478361065744,34.324700800833327],[108.10478144774153,34.32470292387319],[108.10477932290397,34.324705085644233],[108.10477722963199,34.324707291560877],[108.10477521350818,34.324709498312977],[108.10477321593002,34.324711764547047],[108.10477130092174,34.324714022597085],[108.10476943050345,34.324716313062368],[108.10476760141876,34.324718638650076],[108.10476580282541,34.324721018300643],[108.10476408570416,34.324723380753326],[108.10476239039728,34.324725809897068],[108.10476076571464,34.324728236275917],[108.10475917261216,34.324730718519675],[108.1047576924209,34.324733125843743],[108.10475617116245,34.324735712598041],[108.10475479533194,34.324738159498054],[108.10475340013673,34.324740762371185],[108.1047521069892,34.324743292136873],[108.10475084868382,34.324745879567672],[108.10474965340673,34.324748472353434],[108.10474851140224,34.324751089433668],[108.10474742049269,34.324753727204303],[108.10474639694429,34.324756359508413],[108.10474540825041,34.324759059393919],[108.10474451506126,34.324761667246477],[108.10474363076295,34.324764434653908],[108.10474283220697,34.324767123558978],[108.10474210314949,34.324769778148251],[108.10474140142449,34.324772567936598],[108.10474077891115,34.324775270213344],[108.10474020752754,34.324778021126434],[108.10473969699125,34.324780771086004],[108.10473924621797,34.324783521895938],[108.1047388454968,34.324786328555007],[108.10473852069848,34.324789024266764],[108.10473823845709,34.324791865080847],[108.10473802670228,34.324794592247812],[108.1047378321265,34.324798027965677],[108.10473764178296,34.324800497290191],[108.10465017611016,34.325693999275153],[108.10464915748834,34.325700611620391],[108.10464805679099,34.325705005486604],[108.10464557153571,34.325713584317505],[108.10464291168324,34.325722440954237],[108.10464016378823,34.325731275129058],[108.10463732350878,34.325740090451589],[108.10463439519346,34.32574888872108],[108.10463137666009,34.325757662727554],[108.10462827008635,34.325766416075027],[108.10462507438336,34.32577514696149],[108.10462178954997,34.325783854485437],[108.10461841450515,34.325792543155217],[108.10461495141315,34.325801205757102],[108.1046114013605,34.325809842290155],[108.10460776435055,34.325818455458823],[108.10460405771396,34.325827001075616],[108.10460022835413,34.32583559728014],[108.10459632829,34.325844133145573],[108.10459234126175,34.325852640237713],[108.10458826835259,34.325861115851133],[108.10458411173795,34.325869561786959],[108.10457986816138,34.325877980752409],[108.10457553653514,34.32588637184692],[108.10457112119775,34.32589472875641],[108.10456662106931,34.325903056890667],[108.10456203614643,34.325911353545244],[108.1045573664269,34.325919616917155],[108.10455261625033,34.325927841593838],[108.10454778128263,34.325936037495246],[108.10454286151932,34.325944201015453],[108.10453785695924,34.325952331252971],[108.10453277194318,34.325960423696685],[108.1045276053823,34.325968476544524],[108.10452235511457,34.325976498813155],[108.10451702655838,34.325984478778679],[108.10451155897505,34.325992505739698],[108.10450612265385,34.326000332544638],[108.10450054947192,34.32600820093429],[108.104494899087,34.326016026118381],[108.10448916716273,34.326023816213961],[108.10448335695105,34.326031564907829],[108.10447746736537,34.326039272200937],[108.10447150166434,34.326046937188984],[108.10446545550266,34.326054560777131],[108.10445932996917,34.326062144767462],[108.10445313374437,34.326069679236213],[108.10444685814772,34.326077174107077],[108.10444050534795,34.326084625772303],[108.10443407859924,34.32609202972165],[108.10442757356306,34.326099392269207],[108.10442099674998,34.326106706197521],[108.10441434816116,34.326113972408095],[108.10440762128145,34.326121194512389],[108.10440082045501,34.326128370703742],[108.10439394893494,34.326135495570426],[108.10438700998212,34.326142570011179],[108.10437996886112,34.32614962290301],[108.10437290371659,34.326156581159218],[108.10436574834419,34.326163507940031],[108.10435852119711,34.32617038790444],[108.1043512255273,34.326177214739339],[108.10434385590848,34.326183993858209],[108.10433641885243,34.326190718945128],[108.10432891870553,34.326197389996359],[108.10432134786494,34.326204009722829],[108.10431370958709,34.326210575417321],[108.10430600604856,34.326217089782368],[108.10429823072639,34.326223550119103],[108.10429039665529,34.326229952810479],[108.10428249840452,34.326236299664082],[108.10427453163213,34.326242594289489],[108.10426650176554,34.326248832174677],[108.10425841314782,34.32625501061149],[108.10425025600736,34.326261135918621],[108.10424203685822,34.326267203583079],[108.10423376004566,34.326273212699704],[108.1042254190512,34.326279164175467],[108.10421705513332,34.326285031832285],[108.104208562981,34.326290887878365],[108.10420004247675,34.326296663716001],[108.10419146973432,34.326302374690734],[108.10418283389657,34.326308028023632],[108.10417413930888,34.326313622809536],[108.10416539356962,34.32631915273155],[108.10415658907928,34.326324623205053],[108.10414773018094,34.32633003152187],[108.10413881470251,34.326335378585355],[108.10412984807365,34.32634066168638],[108.10412082595022,34.326345882631635],[108.10411175050318,34.32635103961627],[108.1041026217348,34.326356134443238],[108.1040934428993,34.326361162602367],[108.10408421834421,34.326366124991416],[108.10407493721021,34.326371027028536],[108.10406560709464,34.326375861495336],[108.10405623234612,34.32638063019111],[108.1040468031886,34.326385335828618],[108.10403732939481,34.326389972990611],[108.10402791847601,34.326394491102747],[108.10401824247333,34.326399048203079],[108.10400862717134,34.326403485353872],[108.10399897700924,34.326407851316382],[108.10398927569801,34.326412154217778],[108.10397953083613,34.326416387741197],[108.1039697445979,34.326420552786296],[108.10395991481015,34.326424649354877],[108.10395004364499,34.326428676543642],[108.10394013327672,34.326432635252189],[108.10393018044338,34.3264365236803],[108.10392019383667,34.326440340919149],[108.10391016585484,34.32644409058107],[108.10390009649458,34.326447769961618],[108.1038899911867,34.326451377253228],[108.10387985210552,34.326454913355519],[108.10386967925108,34.326458378268477],[108.10385946936469,34.326461772896344],[108.10384922244528,34.326465096337621],[108.10383894718234,34.3264683458805],[108.10382859686977,34.326471535988276],[108.10381828990393,34.326474631402746],[108.1038079176646,34.326477664669376],[108.10379751273875,34.326480626745699],[108.10378707729518,34.326483514023927],[108.10378495043052,34.326484086464887],[108.10378454435421,34.326467572547507],[108.1037840309276,34.326443296955027],[108.10378358062076,34.326418217186394],[108.10378321957198,34.32639326445107],[108.10378293996745,34.326368270178435],[108.1037827473988,34.326343363275747],[108.10378269618678,34.326331774758835],[108.10378653908582,34.326330559007999],[108.10379556839868,34.326327631453275],[108.10380433694131,34.326324715838204],[108.10381309779274,34.326321731716334],[108.10382195739426,34.326318642036647],[108.10383072241207,34.326315512771252],[108.10383939176178,34.326312345724084],[108.10384812509918,34.326309080360417],[108.10385679318102,34.326305767272899],[108.10386536233717,34.326302418209337],[108.10387397158686,34.32629897986439],[108.10388248082756,34.326295508248784],[108.1038911116123,34.3262919112234],[108.103899464279,34.326288356803047],[108.10390804708852,34.326284627299195],[108.10391634418383,34.326280948520221],[108.103924763903,34.326277138921618],[108.10393303366179,34.326273322237853],[108.10394132721608,34.326269417188023],[108.1039496793159,34.326265406614446],[108.10395778263815,34.326261440424126],[108.10396602812182,34.326257326269413],[108.10397412582049,34.326253206830721],[108.10398220387728,34.326249020698462],[108.10399029052266,34.326244750720463],[108.10399815554769,34.326240518792403],[108.10400625176729,34.326236083833884],[108.10401405470328,34.326231729355868],[108.10402197372434,34.326227228738553],[108.10402979926259,34.326222700254171],[108.10403758886655,34.326218110498992],[108.10404529150506,34.326213491068273],[108.10405292129386,34.326208833836667],[108.10406064109702,34.326204036798281],[108.1040681555878,34.326199285008002],[108.10407569603368,34.326194434032111],[108.10408314299895,34.326189556992219],[108.1040906072309,34.326184584379995],[108.10409802032842,34.326179560426276],[108.10410533994866,34.32617451311301],[108.10411264100455,34.326169391893487],[108.10411983012881,34.326164261753881],[108.1041270245716,34.326159039658066],[108.10413413531093,34.326153789687034],[108.10414113412199,34.326148533500394],[108.10414821640974,34.326143123088826],[108.10415514226551,34.326137744361759],[108.10416213856431,34.326132215928247],[108.10416886010897,34.326126813935616],[108.10417572157208,34.326121208088516],[108.10418244071559,34.326115623096165],[108.10418912174933,34.326109975032097],[108.10419566698424,34.326104348718772],[108.10420234343468,34.326098510445],[108.10420882656017,34.32609274535546],[108.10421523575714,34.326086948776585],[108.10422158730451,34.326081104467868],[108.10422800602163,34.326075099637691],[108.10423418149729,34.32606922212328],[108.10424042956338,34.326063174166514],[108.10424650385225,34.326057190362633],[108.10425267134563,34.326051010857334],[108.10425863359735,34.326044933394009],[108.10426458595177,34.326038761283115],[108.10427051646856,34.326032504451128],[108.10427633507398,34.326026254926013],[108.10428212424786,34.326019930602605],[108.10428778415273,34.32601363613793],[108.10429340485454,34.326007273193682],[108.10429901890765,34.326000806584311],[108.10430448850511,34.325994390580732],[108.10430996121315,34.325987854677066],[108.10431528187839,34.325981384710872],[108.10432061107937,34.325974788529606],[108.10432586309442,34.325968162664907],[108.10433099562555,34.325961571158103],[108.10433612257673,34.325954861561605],[108.10434117885708,34.325948118670219],[108.10434615687166,34.325941351505278],[108.10435099262739,34.325934653875507],[108.10435585208657,34.325927793958442],[108.10436062134865,34.325920926906186],[108.10436532753499,34.325914017537777],[108.10436993593709,34.325907116365883],[108.1043744574019,34.325900208056012],[108.10437895157834,34.325893200606139],[108.10438335881864,34.325886186919789],[108.10438768779883,34.325879153467376],[108.10439192984521,34.325872115581497],[108.10439616302841,34.325864940677619],[108.10440028108663,34.325857810044383],[108.10440426450808,34.325850761560716],[108.10440833012925,34.325843405601212],[108.1044121754704,34.325836291426739],[108.10441600542887,34.325829040239881],[108.10441974628935,34.325821791833299],[108.10442343707655,34.325814471350668],[108.10442706694909,34.325807098633859],[108.10443054485984,34.325799856761513],[108.10443404422378,34.32579239040156],[108.10443738297123,34.325785085543878],[108.10444070630699,34.3257776202353],[108.1044439643952,34.325770113514061],[108.10444708896704,34.325762715986016],[108.10445015045005,34.325755265324197],[108.10445315210291,34.32574776062436],[108.10445609281889,34.325740185660756],[108.1044589379522,34.325732641429006],[108.10446169617435,34.325725110793563],[108.10446440103568,34.325717485547877],[108.10446701573956,34.325709884719053],[108.10446954677423,34.325702283060046],[108.10447200280565,34.325694658927887],[108.1044744065551,34.325686933874209],[108.10447670607732,34.325679278323534],[108.10447743639953,34.325676754450157],[108.10456423972852,34.324790053937043],[108.10456444080174,34.324786594775347],[108.1045648547032,34.324781269362255],[108.10456538378884,34.324775949259724],[108.1045660258888,34.324770637174041],[108.10456677883998,34.324765341220392],[108.10456764697861,34.324760053281736],[108.10456862705611,34.324754782375663],[108.10456960128384,34.324750051462871],[108.10456985627752,34.324748891036599],[108.10457092626281,34.324744271825907],[108.10457224215124,34.324739047510192],[108.10457367107395,34.324733847437976],[108.10457520867573,34.324728664401093],[108.10457685497551,34.324723513724784],[108.10457861429504,34.324718375572708],[108.10458048447899,34.324713264370423],[108.1045824590213,34.324708190941259],[108.10458454334031,34.324703143561315],[108.10458647195891,34.32469871473161],[108.10458700724715,34.324697519809604],[108.10458904022518,34.324693129654506],[108.10459144412854,34.324688187475026],[108.10459394912711,34.324683280367005],[108.10459656824302,34.324678394797047],[108.10459928629994,34.324673559625587],[108.104602107633,34.324668765834048],[108.10460502898245,34.324664013425242],[108.10460805577554,34.324659297887123],[108.10461080623132,34.324655179366651],[108.10461150689146,34.32465415558503],[108.1046143996663,34.324650018913246],[108.10461772327223,34.324645446457133],[108.10462114147612,34.324640927107588],[108.1046246564444,34.324636455453884],[108.10462826384087,34.324632039613071],[108.10463197343013,34.324627667857499],[108.1046357645963,34.32462336364334],[108.10463964927384,34.324619112536645],[108.10464363289337,34.324614912729821],[108.1046477653681,34.324610708288269],[108.10465184485302,34.324606707627005],[108.10465609381799,34.324602686086664],[108.10466041350526,34.324598741111792],[108.10466481910674,34.324594856462689],[108.10466931713859,34.324591029429349],[108.10467388154865,34.324587280768135],[108.10467852970426,34.324583596040455],[108.10468326703386,34.324579971635735],[108.10468807291372,34.324576424699785],[108.1046929809919,34.324572926356325],[108.10469790008437,34.324569547900509],[108.10470293006222,34.324566213522367],[108.10470802641717,34.324562956614798],[108.10471318588954,34.324559777180589],[108.10471842694103,34.324556667090576],[108.10472372459722,34.3245536398884],[108.10472907451286,34.3245506964792],[108.10473450383566,34.324547823317545],[108.10473999301949,34.324545030336424],[108.10474549862596,34.324542337405639],[108.10475112599369,34.324539696656451],[108.1047567828174,34.324537151439017],[108.10476249189952,34.324534689113065],[108.10476825215689,34.324532312383937],[108.10477405598567,34.324530023061115],[108.10477991967561,34.324527813918777],[108.10478582042202,34.324525695794243],[108.10479176365111,34.324523663273958],[108.10479776674585,34.324521714540069],[108.10480369175919,34.324519888474391],[108.10480985477186,34.324518093756652],[108.10481596468435,34.324516413572375],[108.10482210513506,34.324514825312932],[108.10482827829496,34.324513327173477],[108.10483448416517,34.3245119200555],[108.10484072274457,34.324510603057512],[108.10484699077573,34.324509377985237],[108.10485326870474,34.324508248461377],[108.10485957608329,34.324507209060265],[108.10486526651262,34.324506352286647],[108.10486665491547,34.324506156377517],[108.10487225855421,34.324505408757332],[108.10487862930144,34.324504648760708],[108.10488500885781,34.324503982510436],[108.10489140700365,34.324503410899624],[108.10489780526606,34.324502933042602],[108.10490421994261,34.324502548023929],[108.10491065212211,34.324502257645655],[108.10491708550708,34.324502062823179],[108.10492351357695,34.324501962660662],[108.10492917897879,34.324501950595057],[108.10493071215197,34.324501960099283],[108.10493637767277,34.324502043590456],[108.10494280283525,34.324502226495049],[108.10494922485475,34.324502503156246],[108.10495564047268,34.324502874478291],[108.10496205186108,34.324503339557843],[108.10496845250164,34.324503899302016],[108.10497483261408,34.32450455281765],[108.10498120306418,34.324505300095474],[108.10498679768176,34.324506034515785],[108.10498821917226,34.324506232524975],[108.10499389433137,34.32450707505388],[108.10500020319503,34.324508101843243],[108.10500648500783,34.324509219705234],[108.10501275607184,34.324510431330353],[108.10501899682754,34.324511735833894],[108.10502519640245,34.324513127816275],[108.10503138305769,34.324514615366617],[108.10503753831587,34.324516193993347],[108.10504364152644,34.324517859206779],[108.10504982094814,34.324519645153266],[108.10505574505711,34.324521457461444],[108.10506174211642,34.324523389603982],[108.1050677012593,34.324525412828535],[108.10507360617697,34.324527519035748],[108.10507947317711,34.324529715423509],[108.1050852924738,34.324531996591318],[108.10509105863304,34.324534361642364],[108.10509677926538,34.324536814176057],[108.10510242827723,34.324539341594019],[108.10510807090036,34.324541973589241],[108.1051135929812,34.32454465977662],[108.10511907823005,34.324547435242174],[108.10512451577777,34.324550297290799],[108.10512988388049,34.324553236024848],[108.10513518688448,34.324556251440583],[108.10514043022719,34.324559347139299],[108.10514560521146,34.324562519522523],[108.10515071183505,34.324565766787302],[108.10515574574944,34.324569087134428],[108.10516068302631,34.324572461653297],[108.10516559871144,34.324575947974381],[108.10517041340938,34.324579485766513],[108.1051751553981,34.324583096641028],[108.10517981923913,34.324586776095153],[108.10518439622857,34.324590515121585],[108.10518889942448,34.324594329034291],[108.10519332338386,34.324598209724641],[108.10519765614534,34.32460214999103],[108.10520190749375,34.324606154332493],[108.10520600345177,34.324610150693928],[108.10521015073023,34.324614348041841],[108.10521414479486,34.32461854011234],[108.10521804439507,34.32462278635284],[108.10522184844092,34.324627084059827],[108.10522556019441,34.324631435033488],[108.10522918509739,34.324635846481016],[108.10523271662703,34.324640315703562],[108.10523614389726,34.324644826483819],[108.10523947778627,34.324649388728744],[108.10524239390722,34.324653533044469],[108.10524309602893,34.324654556525751],[108.10524585237255,34.324658660411956],[108.1052488919776,34.324663365343817],[108.10525183276397,34.324668118139108],[108.10525466493669,34.324672906185491],[108.10525739393313,34.324677733084258],[108.10526002519632,34.324682606944066],[108.10526255001557,34.324687513348692],[108.10526496948536,34.324692458607565],[108.10526728577767,34.324697441817364],[108.10526923409166,34.324701852901732],[108.10526975390405,34.324703064949496],[108.10527159359413,34.32470750317168],[108.10527358184723,34.324712572304186],[108.10527546692168,34.324717678486145],[108.10527723792916,34.324722803697263],[108.10527890249031,34.324727959650275],[108.10528045625323,34.324733141841513],[108.1052818981166,34.324738338552642],[108.10528323244819,34.324743566908097],[108.10528431501777,34.324748185176034],[108.10528457071744,34.324749337952881],[108.10528555888081,34.324754057268031],[108.10528644373363,34.324758708159273],[108.10528703960699,34.324762529934645],[108.10563101014453,34.32755399412094],[108.10563984221517,34.327582642828929],[108.10567966025158,34.327711799031547],[108.10568470946143,34.327714152051108],[108.10569173194368,34.327717348958053],[108.1056987151963,34.327720456651697],[108.10570592232443,34.327723589393209],[108.10571296845609,34.327726580740517],[108.10572015148293,34.327729556644051],[108.10572739639099,34.32773248741961],[108.10573452162113,34.327735298400889],[108.10574193377101,34.327738150602208],[108.1057490805705,34.327740830849059],[108.10575645992826,34.327743528022843],[108.10576390225043,34.32774617736321],[108.10577124882055,34.327748723115349],[108.10577860726244,34.327751203950037],[108.10578606888943,34.327753649537343],[108.10579351195041,34.327756020317203],[108.10580103210629,34.327758346857344],[108.10580865544495,34.327760636347094],[108.10581609173057,34.327762802494895],[108.10582374968114,34.327764963943274],[108.10583131406517,34.327767031717869],[108.10583896532474,34.327769056145748],[108.10584659041186,34.327771005772725],[108.10585423171939,34.327772892281445],[108.10586199794311,34.327774742622395],[108.10586975538592,34.327776522654823],[108.10587735296926,34.327778201858912],[108.10588517111388,34.327779862842185],[108.10589299569472,34.327781457109687],[108.10590074954709,34.327782973008873],[108.10590854787861,34.327784431174223],[108.10591639829676,34.327785832500631],[108.10592424645921,34.327787168020272],[108.10593201846117,34.327788426077795],[108.10594001644159,34.327789653288932],[108.10594784588412,34.327790791398598],[108.10595572523651,34.327791869966731],[108.10596369688602,34.327792896168503],[108.1059715891196,34.327793848516919],[108.10597699945414,34.327794754332501],[108.10597947176193,34.32779495051922],[108.1059872635803,34.327795547769441],[108.10599562722116,34.327796351865203],[108.10600084476539,34.327796892746193],[108.10600333686484,34.327797273719206],[108.10601134140586,34.327797667950186],[108.10601923858934,34.327798235358223],[108.10602737368129,34.327798753879726],[108.10603523810309,34.327799191501633],[108.10604334586304,34.32779957752782],[108.10605124055155,34.327799888914925],[108.1060592373086,34.327800141616798],[108.10606738611523,34.32780033288563],[108.10607525557455,34.327800455883207],[108.10608329120609,34.327800514731067],[108.10609126590752,34.327800510527446],[108.10609930029246,34.327800442266309],[108.10610739544407,34.327800307242327],[108.10611525472552,34.327800113825802],[108.10612332689689,34.327799850810152],[108.10613131966558,34.327799524758987],[108.10613929171123,34.327799137424478],[108.1061473658082,34.327798677882392],[108.10615529531661,34.327798164376155],[108.10616323560822,34.32779758505184],[108.10617124100943,34.327796936256412],[108.10617917570761,34.327796229826873],[108.10618714509116,34.32779545485409],[108.10619503073447,34.327794624061475],[108.10620304558535,34.327793713825862],[108.10621091802874,34.327792755934652],[108.10621883493472,34.327791727688734],[108.10622674089365,34.327790635446561],[108.1062346065725,34.327789483740958],[108.10624250476107,34.327788261691019],[108.10625038874495,34.3277869774506],[108.10625816291984,34.327785645526376],[108.10626600110842,34.327784236920117],[108.1062739043961,34.327782750729355],[108.10628153709608,34.327781249447717],[108.10628939784708,34.327779637986801],[108.10629712163488,34.32777798788053],[108.10630486923822,34.327776266535992],[108.10631261241286,34.327774480288056],[108.10632031748165,34.327772635476343],[108.10632796380555,34.327770737527679],[108.10633554704155,34.327768789150319],[108.10634325294116,34.327766742404378],[108.10635082188659,34.327764664224986],[108.10635841355626,34.327762511202359],[108.10636592367339,34.32776031407743],[108.10637345868793,34.327758042107384],[108.10638100121851,34.327755698913236],[108.10638847197382,34.32775330980536],[108.1063958752992,34.327750873878514],[108.10640331112026,34.32774835678957],[108.10641067299622,34.327745796493254],[108.10641802826665,34.327743168591063],[108.10642540517111,34.327740463142135],[108.10643259408897,34.327737756954654],[108.106440001222,34.327734896423578],[108.10644705528895,34.327732103810121],[108.10645439707247,34.327729123437827],[108.10646147376845,34.327726181157779],[108.10646861553577,34.327723139657664],[108.10647570725324,34.327720046816161],[108.10648274566324,34.327716904439065],[108.10648980135727,34.327713681814593],[108.10649668211437,34.32771046655369],[108.10650367246217,34.327707126792511],[108.10651061818858,34.327703732079307],[108.10651736943832,34.327700360071915],[108.10652429542679,34.327696824743832],[108.10653102911181,34.327693312119699],[108.10653778333261,34.327689712935019],[108.10654089652802,34.327688019045581],[108.10655897113794,34.327660348541869],[108.10651351750936,34.325927292255002],[108.10651297286101,34.325927083584666],[108.10650520021463,34.325922606369154],[108.1064984813259,34.325917078009397],[108.10649302068647,34.325910666003566],[108.10648898479121,34.325903564927316],[108.10648649452517,34.325895991031544],[108.10648562515226,34.325888173227561],[108.10648640522297,34.325880348580483],[108.10648881004693,34.325872756004692],[108.1064927649369,34.325865623640205],[108.10649815281599,34.325859169747467],[108.10650480876657,34.325853588288531],[108.10651148202672,34.32584966734543],[108.10646691285392,34.324150247694057],[108.10646431128504,34.324145698367865],[108.10646180152324,34.324138130796698],[108.10646091152974,34.32413031571263],[108.10646074032459,34.324110040606996],[108.1064579885243,34.323784320048709],[108.10645634058099,34.323589297336575],[108.10614740870633,34.323584586583813],[108.10557072342823,34.323575790743703],[108.1043031964653,34.323556449163995],[108.10414937498254,34.323554100988325],[108.10413998603745,34.323553276903198],[108.10413091163262,34.323551116551933],[108.10412242457849,34.323547686412411],[108.10411478143038,34.323543088134251],[108.10410821380032,34.323537462152103],[108.10410291856574,34.323530977777629],[108.10409905677956,34.323523830495915],[108.10409674388443,34.323516236564949],[108.10409605078937,34.323508424901256],[108.10409699843025,34.323500631675635],[108.10409955775997,34.323493092199854],[108.10410365191373,34.323486034614369],[108.1041091572846,34.323479670872651],[108.10411590678096,34.3234741949354],[108.1041236963304,34.323469770144385],[108.10413229248898,34.323466531920367],[108.10414143459977,34.323464576042014],[108.10415084675181,34.323463964044684],[108.10433871621237,34.323466832220426],[108.10500674768227,34.323477027700491],[108.10556876658775,34.323485601749738],[108.10651108627339,34.323499972261466],[108.10667967767716,34.323502542598263],[108.1079825368417,34.323522401780188],[108.10798229123698,34.323501162153711],[108.10798193026159,34.323477225391485],[108.10798147895157,34.323453171515993],[108.10798095072451,34.32342929620188],[108.10798033227267,34.323405389415299],[108.10797962783961,34.323381370920536],[108.10797883986065,34.323357445352102],[108.10797797048933,34.323333597382849],[108.10797700631404,34.323309535845588],[108.10797596517017,34.323285612302989],[108.1079748393837,34.32326177357433],[108.10797361991008,34.323237744715229],[108.10797231791868,34.323213762805885],[108.10797094007897,34.323189945033228],[108.10796946860891,34.323165981302751],[108.10796791021616,34.323142018550257],[108.10796627039359,34.323118103648028],[108.10796454583425,34.323094199638199],[108.10796273871598,34.323070310124749],[108.10796083917785,34.323046371111069],[108.10795886590381,34.323022548453572],[108.10795678587355,34.322998511337083],[108.10795464089581,34.322974665392138],[108.10795240900863,34.322950830341455],[108.10795008574925,34.322926915139185],[108.10794767996609,34.322903041477723],[108.10794517954776,34.322879084963063],[108.10794261199757,34.322855310607054],[108.1079399487016,34.322831434467666],[108.10793720614753,34.322807604373622],[108.10793437228635,34.322783744610945],[108.10793147342052,34.322760030945666],[108.1079284601889,34.322736099222077],[108.10792602944042,34.32271732887785],[108.10794685430163,34.32271813988968],[108.10796793985295,34.322718885761375],[108.10798901879068,34.322719557713647],[108.10800865463997,34.322720117348027],[108.10802828062738,34.322720612081177],[108.10804791196689,34.322721043702629],[108.10806754213802,34.322721411316671],[108.10808717548574,34.322721714017959],[108.10810146499176,34.322721888013376],[108.10810439483846,34.322745152708755],[108.10810736181929,34.32276941260865],[108.10811024405636,34.322793677090587],[108.10811303829689,34.32281795156635],[108.10811574453501,34.322842231528519],[108.10811836711804,34.322866517874793],[108.10812090170081,34.32289081151044],[108.10812335154063,34.322915110629658],[108.10812571229118,34.322939415236284],[108.10812798829978,34.322963726227961],[108.1081301773921,34.32298804270512],[108.10813227956459,34.323012361963343],[108.10813429590831,34.323036687607583],[108.10813622642557,34.323061021440829],[108.10813806784849,34.323085357155598],[108.10813982452437,34.323109695649485],[108.10814149645896,34.323134041429952],[108.10814307712818,34.323158390896822],[108.10814457304784,34.32318274133987],[108.10814598313591,34.323207096366026],[108.10814730522041,34.323231456878666],[108.10814854146972,34.323255819269967],[108.10814969079834,34.323280184442353],[108.10815075320394,34.323304550592866],[108.10815172977991,34.323328923129438],[108.10815261834379,34.323353294842164],[108.10815341998672,34.323377669335983],[108.10815413579517,34.323402046609935],[108.10815476467904,34.323426423960569],[108.10815530664172,34.323450804092296],[108.10815576276508,34.323475183398244],[108.10815613088283,34.323499567289225],[108.10815640968052,34.323523778174255],[108.10885988933966,34.32352409786612],[108.10953944281319,34.323524402465473],[108.10982123496487,34.323524528732946],[108.11051809090561,34.323524836726108],[108.11259474956525,34.323525733476863],[108.11259113599186,34.323495073754906],[108.11258715082569,34.323461980370077],[108.11258308530641,34.323428924019588],[108.11257894493072,34.323395952476993],[108.11257470771226,34.323362874648097],[108.11257040660192,34.323329955538632],[108.11256601086667,34.323296963495665],[108.11256153255631,34.323263971528256],[108.11255696733552,34.323230987753689],[108.11255232063719,34.323198012167033],[108.11254759028832,34.323165044770214],[108.11254278615466,34.323132150460978],[108.11253787863568,34.323099131841694],[108.11253289842348,34.32306618991489],[108.11252783564768,34.323033256176913],[108.1125226870475,34.32300032972924],[108.11251744382828,34.322967333953926],[108.11251214433727,34.322934506807215],[108.11250674696777,34.322901610335826],[108.11250126595098,34.322868723857155],[108.11249569799126,34.322835820329736],[108.11249005951213,34.322802993492715],[108.11248432643744,34.322770114456112],[108.11247851300439,34.322737267044786],[108.1124726170123,34.322704430526599],[108.11246665050231,34.322671671600268],[108.11246058503055,34.32263884515308],[108.11245444682709,34.322606065649325],[108.11244820200331,34.322573178966486],[108.11244188338911,34.322540359962105],[108.11243870960782,34.322524094710325],[108.11245767047622,34.322535082608589],[108.11252774982727,34.322575771591538],[108.11259775650109,34.322616501167602],[108.11266775574506,34.322657311843621],[108.11273484418533,34.322696503390432],[108.11273647967948,34.322705613175245],[108.11274237313438,34.322738913045271],[108.11274818185362,34.322772221106185],[108.11275390475173,34.322805538260489],[108.11275954400412,34.322838866309134],[108.11276510178384,34.322872205250164],[108.11277057157022,34.322905554188083],[108.11277595770579,34.32293891041445],[108.11278126019285,34.322972275732262],[108.1127864768594,34.323005651045001],[108.112791610965,34.323039036349684],[108.1127966592487,34.323072430747828],[108.11280162279333,34.323105831534015],[108.11280650377552,34.323139241410686],[108.11281129893668,34.323172661282335],[108.11281601044746,34.323206089344005],[108.11282063722119,34.32323952559674],[108.11282517817119,34.323272970041486],[108.11282963329374,34.323306419973875],[108.11283400693864,34.323339878094309],[108.11283829367416,34.323373345309307],[108.11284249675747,34.323406819812909],[108.1128466151019,34.323440301606126],[108.11285064653185,34.323473788887981],[108.11285459431052,34.323507284359962],[108.11285845843537,34.323540786219105],[108.11286223673439,34.323574295368871],[108.11286593246598,34.323607810904818],[108.11286954019718,34.323641332831947],[108.11287306535836,34.32367485934229],[108.11287650469569,34.323708394946266],[108.11287985820309,34.323741935136482],[108.11288312913894,34.323775479008468],[108.11288631316168,34.323809030172157],[108.11288941461507,34.323842586820575],[108.11289242806738,34.323876149860212],[108.11289535894774,34.323909716581639],[108.11289820508532,34.323943288789835],[108.11290096539344,34.323976866485793],[108.11290363878544,34.324010449670531],[108.11290622851732,34.324044035636589],[108.11290873350357,34.324077625286463],[108.11291115374534,34.324111219521654],[108.11291348924493,34.324144820145115],[108.11291573891083,34.324178423551928],[108.11291790383073,34.32421203064257],[108.11291998400333,34.324245640515571],[108.11292197834554,34.324279255876391],[108.11292388794145,34.32431287492107],[108.11292479256618,34.324329541604541],[108.11488903087411,34.324626072224035],[108.11489695011115,34.324627847927971],[108.11490467758048,34.32463082909387],[108.11491166437249,34.324634878309922],[108.11491769843749,34.324639873173538],[108.11492259593491,34.324645660605313],[108.1149262055918,34.324652065859652],[108.11492842174442,34.324658894315512],[108.11492917348095,34.324665937796972],[108.11492910796017,34.324668089697994],[108.11479678553354,34.326779473624931],[108.11680018482248,34.326802309712811],[108.11686275214549,34.326884163232471],[108.1147917030568,34.326860555924036],[108.11473901037895,34.327701290879503],[108.11476205274434,34.327703335486717],[108.11479534416544,34.32770622508832],[108.11482881155578,34.327709066737327],[108.11486218105203,34.327711834547436],[108.11489557219802,34.327714540125847],[108.11492897304086,34.327717183483784],[108.11496239009774,34.327719762812123],[108.11499579077007,34.327722278141465],[108.11502929350769,34.327724735670969],[108.11506263641105,34.327727117616952],[108.11509615201835,34.327729448007055],[108.11512954582777,34.327731706383894],[108.11516295585199,34.327733901632598],[108.11519640817227,34.327736035531601],[108.11522980389886,34.327738102765018],[108.11526332450924,34.327740112176926],[108.11529812082439,34.327742130294922],[108.11533268232066,34.327744067490784],[108.11536743933077,34.327745946797812],[108.11540214517262,34.327747754024614],[108.1154368770034,34.327749494507387],[108.11547160004756,34.327751165574433],[108.11550632951763,34.327752767211443],[108.1155411371378,34.327754304759608],[108.11557580230959,34.327755767609311],[108.11561061300165,34.327757166306533],[108.11564529211506,34.327758492999543],[108.11568014717511,34.327759756412767],[108.11569037890251,34.327760632904827],[108.11571616484461,34.327764131536185],[108.1157420737005,34.327767720194196],[108.11576796961573,34.327771379174543],[108.11579384606816,34.327775106680512],[108.11581971827798,34.327778908106552],[108.11584556993853,34.32778277805923],[108.11587140648666,34.327786719237849],[108.11589722574799,34.32779073074299],[108.11592303098118,34.32779481167011],[108.11594881893015,34.327798964726739],[108.11597458959125,34.327803187208445],[108.11600034296454,34.327807479115243],[108.11602608231243,34.327811842247016],[108.11605180002616,34.327816274808001],[108.11607750262675,34.327820777693532],[108.11610318685561,34.327825351808201],[108.11612885162252,34.327829994448578],[108.11615450018984,34.32783470741456],[108.11618012712455,34.327839490711305],[108.11620573785855,34.327844343432211],[108.11623132804669,34.327849266482858],[108.11625689768776,34.327854258961807],[108.11628244895633,34.327859321768472],[108.11630797859132,34.327864454004498],[108.11633348659036,34.327869653866919],[108.11635897947939,34.327874925856946],[108.1163844485618,34.327880267278438],[108.11640989383517,34.327885676328435],[108.1164353174765,34.327891155709324],[108.11646072057127,34.327896704518615],[108.11648610529275,34.327902322754213],[108.11651146186142,34.327908010425489],[108.11653679679583,34.327913766624746],[108.11656211118387,34.327919592252456],[108.1165874006779,34.32792548641126],[108.11661266745121,34.327931449099147],[108.11663791150511,34.327937481217582],[108.11666312849314,34.327943582770736],[108.11668832384602,34.327949751950456],[108.11671349430766,34.327955991464336],[108.11673863769985,34.327962297708524],[108.11676375945956,34.327968673382316],[108.11678885197921,34.327975117591471],[108.11681391960283,34.327981628528924],[108.11683896559663,34.327988210698955],[108.11686398017477,34.327994859603542],[108.11688896985832,34.328001576137936],[108.11691393356321,34.328008362106161],[108.116938871287,34.328015215705278],[108.11696377868324,34.328022136939438],[108.11698866009847,34.328029125804498],[108.11701351662063,34.328036183200929],[108.11703834064215,34.32804330823457],[108.11706313759622,34.32805050090019],[108.117087904223,34.328057761200938],[108.1171126437799,34.328065087330764],[108.11713735844653,34.328072483795019],[108.117162038437,34.328079946095635],[108.11718668918705,34.328087476030426],[108.11721130960881,34.328095072698957],[108.1172359018756,34.328102736099176],[108.11726046164222,34.32811046713671],[108.11728499108071,34.328118264908078],[108.11730949127777,34.32812612941219],[108.11733395897478,34.328134061553691],[108.11735839525723,34.328142060430103],[108.11738279903723,34.328150125140965],[108.11740717031486,34.328158255686333],[108.11743151017929,34.328166453868128],[108.11745581862932,34.328174718784872],[108.11748009022811,34.328183047737369],[108.11750433367499,34.328191445224718],[108.11752854027196,34.328199907649342],[108.1175527143681,34.328208436810037],[108.1175768537877,34.328217030905968],[108.11760095961866,34.328225690837577],[108.11762503186104,34.328234416604886],[108.11764906942828,34.328243208208974],[108.11767307014588,34.328252064750451],[108.11769703836295,34.328260988028127],[108.11772096864385,34.328269976244293],[108.11774486316064,34.328279028495388],[108.11776872191462,34.328288145682919],[108.11779254816945,34.3282973305082],[108.11781633431256,34.328306578471185],[108.11784008143184,34.328315890472325],[108.11786379496297,34.328325268309364],[108.11788747055702,34.328334710183533],[108.11791110930314,34.328344217896806],[108.11793470902559,34.328353789648318],[108.11795827189643,34.328363424534508],[108.1179817957462,34.32837312526194],[108.11800528056993,34.328382888224716],[108.11800983295095,34.328384795881931],[108.11819732897256,34.328630076958227],[108.11817722644307,34.328620877801292],[108.11815470037968,34.328610652388058],[108.11813218530425,34.328600509896432],[108.11810948115449,34.328590363075577],[108.1180867738602,34.328580294682489],[108.11806417106318,34.328570351490434],[108.11804130743141,34.328560373387816],[108.11801866789915,34.328550572656923],[108.11799569903418,34.328540708233909],[108.11797295970041,34.328531020275975],[108.11795018351481,34.328521395453045],[108.11792713345122,34.328511733027312],[108.11790425855307,34.3285022227791],[108.11788110651959,34.328492676734058],[108.11785804049374,34.328483244188604],[108.11783500937368,34.328473903556393],[108.11781188703873,34.328464603574282],[108.11778878330119,34.328455389210703],[108.11776552964062,34.328446193918055],[108.11774229457615,34.328437083342429],[108.11771907701853,34.328428055681897],[108.11769577042294,34.328419071373666],[108.1176723508722,34.32841012232732],[108.11764887815848,34.328401228317972],[108.11762560560408,34.328392488265337],[108.1176021505126,34.328383756496869],[108.11757867052789,34.328375092358961],[108.11755504062251,34.32836644909456],[108.11753160978444,34.328357956182046],[108.117508027939,34.328349484144042],[108.11748441250211,34.328341076138926],[108.11746076347497,34.328332733068187],[108.11743708737855,34.328324455827023],[108.11741337008164,34.328316240823057],[108.1173897018168,34.328308118620143],[108.11736593473137,34.328300037975531],[108.11734194598023,34.328291958440161],[108.11731825630146,34.328284055304103],[108.11729430038395,34.328276137994735],[108.1172703260949,34.328268290112398],[108.11724660086553,34.328260598844793],[108.1172224332915,34.328252841286321],[108.11719851912227,34.328245239437003],[108.11717449308891,34.328237676453746],[108.11715053782575,34.328230210758164],[108.11712635546735,34.328222748881011],[108.11710229171057,34.328215398669457],[108.11707801934118,34.328208059470377],[108.11705380469604,34.328200813063965],[108.11702983257616,34.328193713362637],[108.11700543225673,34.328186560878237],[108.11698122989085,34.32817954071777],[108.11695693305778,34.328172567519808],[108.11693263198352,34.328165667341146],[108.11690829188231,34.328158830298648],[108.11688384861831,34.328152038423887],[108.11685953047116,34.328145355504191],[108.11683498632523,34.328138683613069],[108.11681069665285,34.328132155711437],[108.11678631033848,34.328125673872755],[108.11676169476915,34.328119205770008],[108.11673717170136,34.328112834934217],[108.11671275309159,34.328106564058501],[108.11668804979033,34.328100293449161],[108.11666345094822,34.32809412370132],[108.11663893590814,34.328088046721412],[108.11661416227041,34.328081980800604],[108.11658944417242,34.328076000462737],[108.11656489901044,34.328070135344987],[108.11654010285959,34.328064283081915],[108.11651538181371,34.328058520890572],[108.11649063913343,34.328052827227495],[108.11646581503457,34.328047187725744],[108.11644100734172,34.328041623026415],[108.11641618018881,34.328036127754672],[108.1163913455311,34.328030703702126],[108.11636645662765,34.328025339193921],[108.11634156348164,34.328020047704733],[108.1163165476127,34.328014801401167],[108.11629181771114,34.328009687338827],[108.11626676074698,34.328004578990907],[108.11624178540305,34.327999558004159],[108.11621679059735,34.327994605543417],[108.1161916654634,34.32798969917684],[108.11616684259444,34.327984924134789],[108.11614172853619,34.327980165590532],[108.11611672000841,34.327975497990792],[108.11609152680998,34.327970868423243],[108.11606642392547,34.327966327110182],[108.11604140265814,34.327961871355456],[108.11601615542098,34.327957448263042],[108.11599099523521,34.327953111625277],[108.11596582428129,34.327948844406684],[108.11594059256471,34.327944639442698],[108.11591553267181,34.327940532572455],[108.11589018703485,34.327936451208998],[108.11586498713882,34.327932465259515],[108.11583968517965,34.327928535293303],[108.11581441375101,34.32792468011602],[108.11578912394747,34.327920894365015],[108.11576382011422,34.327917177134715],[108.11573849247037,34.327913527532857],[108.11571323013605,34.327909958095987],[108.11568782117943,34.327906439275402],[108.11566740519197,34.327903669373164],[108.11563749335984,34.32790258519136],[108.11560233604968,34.327901240917981],[108.11556717973205,34.32789982721944],[108.11553202875355,34.327898344091615],[108.11549688094097,34.327896791536588],[108.11546173955554,34.327895170452756],[108.11542660133502,34.327893479040206],[108.11539146954179,34.327891719098886],[108.11535634200148,34.327889889729313],[108.11532121980204,34.327887991831993],[108.11530232961503,34.327886933248557],[108.11525225747607,34.328881432536221],[108.11522737543552,34.329375616927997],[108.11522726865228,34.329376992690214],[108.11522694172425,34.329382666926406],[108.11517413929452,34.331203379405913],[108.1152295945035,34.331207767937869],[108.11808028443198,34.331214288998936],[108.11807451402206,34.331228867016634],[108.11806797015744,34.331245176624847],[108.11806134801644,34.331261461968133],[108.11805456529164,34.331277922353308],[108.11804778334532,34.331294164578686],[108.11804728296327,34.331295347805202],[108.11522706374181,34.331288896475137],[108.11522255709068,34.33128871320725],[108.1151703643506,34.331284583033785],[108.11508455710718,34.332668577932345],[108.1151020470128,34.332669185319759],[108.11516927468433,34.332671591270795],[108.11523650027868,34.332674064797992],[108.1153037216276,34.332676609509335],[108.11537093981542,34.332679223600834],[108.11543815266778,34.332681906173072],[108.11550536018724,34.332684659029013],[108.11557256563158,34.332687480362623],[108.11563976682885,34.332690371077419],[108.11570696160828,34.332693332978486],[108.11577415539854,34.332696362454698],[108.11584134168464,34.332699463118217],[108.11590852372184,34.332702631359979],[108.11597570151402,34.332705869884499],[108.11604287397466,34.332709178692753],[108.11611004110145,34.332712555981828],[108.11617720398372,34.332716003553635],[108.11624436261914,34.332719519605241],[108.11631151266366,34.332723105943735],[108.11637865954833,34.33272676076102],[108.11644580110249,34.332730485862101],[108.11651293623707,34.33273427944507],[108.11658006604146,34.332738143311886],[108.11664718942788,34.33274207656207],[108.11671430748193,34.332746078293141],[108.11678142020627,34.332750150308073],[108.11684852433851,34.33275429080701],[108.11691562422806,34.332758501588792],[108.11698271770047,34.332762781753999],[108.11704980366794,34.332767130402218],[108.11711688321986,34.332771549335376],[108.11718395744182,34.332776037650973],[108.11724344816631,34.332780079745298],[108.11722932026764,34.332805920718911],[108.11716715588692,34.332919619180871],[108.11710305065472,34.332915329949067],[108.11703615356832,34.332910922553445],[108.11696927832261,34.332906587218922],[108.11690240209202,34.332902320361413],[108.11683551944549,34.332898123789057],[108.11676862929488,34.332893996601399],[108.11670173381216,34.332889937894876],[108.11663483082631,34.332885949474516],[108.11656792359348,34.33288202863276],[108.11650095995014,34.332878173616244],[108.11643409204815,34.332874395999511],[108.11636716555948,34.332870682407126],[108.11630023591357,34.332867039096705],[108.11623330202112,34.332863464266332],[108.11616635953767,34.332859959723081],[108.11609941389402,34.332856523658826],[108.11603247052469,34.332853156969897],[108.11596546313801,34.332849857014615],[108.11589854496621,34.33284663085972],[108.1158315779916,34.332843472325557],[108.1157646078547,34.332840381368847],[108.11569763238698,34.332837361597619],[108.11563065266998,34.33283440940486],[108.11556366870848,34.332831528396547],[108.11549666963055,34.332828714976948],[108.11542965326386,34.332825970049583],[108.11536269024892,34.332823298055288],[108.11529568820875,34.33282069277076],[108.11522868626631,34.332818155962073],[108.11516167681832,34.332815690340823],[108.11509466420642,34.332813292297011],[108.11502764952084,34.332810964534033],[108.11498371500795,34.332809484995032],[108.11495985357251,34.332808680738928],[108.11489203272866,34.332806466343705],[108.11482425110836,34.332804324894163],[108.11475644567889,34.332802252843507],[108.11468863600281,34.332800251976316],[108.11465947043098,34.332799422880242],[108.1146208231679,34.332798323193074],[108.11455300825695,34.332796463788284],[108.1144851912735,34.332794676466428],[108.11441737004155,34.332792959426534],[108.11434951739261,34.332791311792505],[108.114281721354,34.332789737989529],[108.11421389498474,34.332788233591415],[108.11414606436632,34.332786799475237],[108.11407823167555,34.332785438343436],[108.11401039799411,34.33278414658907],[108.11394256223633,34.332782925114628],[108.11387472549241,34.332781776623527],[108.11380691492677,34.332780699287596],[108.1137390425143,34.332779690484138],[108.11367120062651,34.332778752831771],[108.11360335557853,34.332777888164777],[108.11353551171324,34.332777093774673],[108.11348979641664,34.332776606078987],[108.11346766468374,34.332776369665467],[108.11339981775112,34.332775716735647],[108.11333196874183,34.33277513498718],[108.11330572396167,34.332774937508617],[108.11326415677634,34.332774624383937],[108.11319626883818,34.332774184128937],[108.11312841902894,34.332773814116642],[108.11306056714476,34.332773517088661],[108.1129927164407,34.332773289436112],[108.11292486583355,34.332773133864407],[108.11285701206063,34.332773048573586],[108.11278915946855,34.332773033559654],[108.1127213547869,34.33277309058257],[108.1126534556588,34.332773218871864],[108.1125856055251,34.332773417394037],[108.11251775439814,34.332773686195111],[108.11244990336688,34.332774027077029],[108.11238205242992,34.332774439138326],[108.11231420158592,34.332774921477501],[108.11230691218675,34.332774981350227],[108.11230689692326,34.332775759342915],[108.11230639490405,34.332799429106089],[108.11230580595111,34.332823099850359],[108.11230512788856,34.332846769774797],[108.11230436505586,34.332870433466496],[108.11230351637226,34.332894095433858],[108.11230258075703,34.332917760185303],[108.11230155819926,34.332941419607494],[108.11230044554574,34.332965153935184],[108.11229924486764,34.332988886540534],[108.11229795616252,34.333012615620561],[108.11229658160727,34.333036343877751],[108.11229512010911,34.333060066805643],[108.11229357058249,34.333083785306762],[108.11229193411401,34.333107499380084],[108.1122902117915,34.33313120992608],[108.11228951968845,34.333140269549524],[108.11228839926935,34.333154917850244],[108.11228650306039,34.333178617737666],[108.11228451773711,34.333202314100767],[108.11228244547402,34.333226007839023],[108.11228028626142,34.333249691740569],[108.11227804119557,34.333273373016254],[108.1122757080982,34.33329704806215],[108.11227328914138,34.333320715974779],[108.11227078215651,34.33334438036205],[108.1122681882254,34.333368037617042],[108.11226550842864,34.333391683231341],[108.11226274277819,34.333415326219757],[108.11225988583809,34.3334389647843],[108.11225694411881,34.333462591707146],[108.11225391653963,34.33348621149667],[108.11225080201373,34.3335098241539],[108.1122476016278,34.3335334296778],[108.11224431429382,34.333557027167885],[108.11224093783474,34.333580613921711],[108.11223747768636,34.333604191737216],[108.11223392950787,34.33362776512584],[108.11223029546171,34.33365132597222],[108.11222657446719,34.333674878784748],[108.11222276543388,34.333698420859982],[108.11221887162544,34.33372195489936],[108.1122148908636,34.333745477298947],[108.11221082315306,34.333768991664648],[108.11220667065997,34.333792492585594],[108.11220243012897,34.333815983670696],[108.11219810373576,34.333839466720889],[108.11219369255861,34.333862935424804],[108.1121891933433,34.333886394292847],[108.11218460826198,34.333909842421505],[108.11217993731221,34.333933278007841],[108.11217518158178,34.333956701952303],[108.11217033889483,34.333980112453929],[108.11216541681019,34.334003473446529],[108.11216039374261,34.33402689673354],[108.1121552945373,34.334050270508513],[108.11215010729208,34.334073633546041],[108.11214483526102,34.33409698133574],[108.11213947627303,34.334120315682519],[108.11213403032922,34.33414363748787],[108.11212850285585,34.334166941337912],[108.11212288842775,34.334190233547979],[108.11211718704364,34.334213513216575],[108.11211140087207,34.334236776735771],[108.11210552882864,34.334260025909536],[108.11209957199881,34.33428325983536],[108.1120935303825,34.33430647851322],[108.11208740180746,34.334329682846608],[108.11208589658435,34.334335298650814],[108.11219560596756,34.334354918991323],[108.11371714798167,34.334634315226417],[108.11372325292334,34.334635787986436],[108.11373098344343,34.334638769217754],[108.11373797101031,34.334642818492583],[108.11374400463748,34.334647813405581],[108.11374890155129,34.334653600874823],[108.11375251372336,34.33466000615055],[108.1137547366227,34.334666876078181],[108.11422071854324,34.336871688025923],[108.11422163498634,34.336875133533134],[108.11451176716008,34.337776705029469],[108.11450676550929,34.33778958841782],[108.11450333000447,34.337802974810643],[108.11450150931562,34.337816674566049],[108.11445579947177,34.338469437219302],[108.11399225127339,34.340287743283348],[108.11399191190651,34.34028913458377],[108.11399027176019,34.340294614407931],[108.11373721493133,34.341288170328568],[108.11373534211953,34.3412936088965],[108.1137325181239,34.341298870756248],[108.11336064200711,34.341877098775804],[108.11330711809677,34.341960321595657],[108.11324688136823,34.342308271184628],[108.11301301182557,34.343659165073483],[108.1140524611221,34.343827966167126],[108.11403912724833,34.343972775208009],[108.11293587427019,34.343793612666595],[108.11201045684706,34.343643322403793],[108.11177736837516,34.34420321929418],[108.11171829055267,34.344345129201862],[108.11163723494681,34.344539828149045],[108.1108733132608,34.346374756067455],[108.11088204808412,34.346621415530905],[108.11078429191181,34.346624377940138],[108.11077527622837,34.346369720795884],[108.11077546532644,34.346364798869509],[108.11077635744356,34.34635995477575],[108.11077793418315,34.34635528840569],[108.11153623714017,34.344533858643459],[108.11161643709985,34.344341215917041],[108.11168141518927,34.344185134819895],[108.1119135281336,34.34362758104681],[108.11168572307696,34.343590583167256],[108.11168372612489,34.343590238820411],[108.11166413572596,34.343586658881065],[108.11164437564697,34.343582975423075],[108.11162463612376,34.343579219824754],[108.11160491933481,34.343575395690046],[108.11158521984245,34.343571500319449],[108.11156554525571,34.343567534607551],[108.11154588688123,34.343563499463741],[108.11152625015079,34.343559393080113],[108.11150663506682,34.34355521725967],[108.11148704054133,34.343550971101919],[108.1114674720109,34.343546656404861],[108.11144792186421,34.343542270471026],[108.11142839662344,34.343537814195933],[108.11140889629102,34.343533289382584],[108.11138941869217,34.343528695131468],[108.11136996600057,34.34352403144063],[108.11135053278096,34.343519297413529],[108.11133112881598,34.34351449394277],[108.11131175084758,34.343509622834311],[108.11129239343693,34.343504680487143],[108.11127306745826,34.34349967139881],[108.11125376312543,34.34349459197233],[108.11123448804864,34.343489444003708],[108.11121523896745,34.343484227495949],[108.11119601588072,34.343478941547602],[108.11117682313817,34.343473587957654],[108.11115765421651,34.343468164929085],[108.11113851889837,34.34346267335453],[108.11111941066524,34.343457115042874],[108.1111003284268,34.343451487290665],[108.11108128088118,34.343445792794469],[108.11106225715668,34.343440028859725],[108.11104326595027,34.343434197281525],[108.11102430617636,34.343428298962344],[108.11100537457216,34.343422332102172],[108.11098647548496,34.343416296697114],[108.1109676100064,34.34341019635211],[108.1109487748713,34.343404027464189],[108.11092997225572,34.343397791834384],[108.11091120107285,34.343391489463684],[108.11089246132039,34.343385118549122],[108.11087375843601,34.343378681790256],[108.1108550869845,34.343372178290551],[108.11083645022629,34.34336560804703],[108.11081784707584,34.343358971962203],[108.11079927861761,34.343352268232138],[108.11078074485519,34.343345499561295],[108.11076224687308,34.34333866414574],[108.11074378467248,34.343331762886947],[108.11072535934026,34.343324795783978],[108.11070696978965,34.34331776283782],[108.11068861602064,34.343310664048502],[108.11067030020929,34.343303501217015],[108.11065202017846,34.343296271640916],[108.11063377810417,34.343288977121198],[108.1106155761601,34.34328161765594],[108.11059741108582,34.343274193248071],[108.110579285055,34.343266703895686],[108.11056119915688,34.343259151400751],[108.11054315012744,34.343251533061782],[108.1105251423152,34.343243849776385],[108.1105071735489,34.343236103349462],[108.11048924599986,34.343228291976118],[108.11047135858364,34.34322041746033],[108.11045351238593,34.34321247889963],[108.11043570849475,34.343204477194554],[108.11041794473408,34.343196410544103],[108.11040022328004,34.34318828074931],[108.11038254522057,34.343180088710675],[108.11036491055575,34.343171834428247],[108.11034731710959,34.343163516101029],[108.11032981708237,34.343155158923423],[108.11031226039897,34.343146690912278],[108.11029480039858,34.34313818675232],[108.11027738161695,34.34312961854765],[108.11026000949057,34.343120988096317],[108.11024267967217,34.343112295402285],[108.11022539759708,34.343103541362169],[108.11020816109047,34.34309472507644],[108.11019096906909,34.343085849250528],[108.11017382370308,34.343076911178088],[108.11015672390563,34.343067910860093],[108.11013967185394,34.343058850999064],[108.11012266645649,34.343049727990071],[108.11010571315448,34.343040547237102],[108.11008880216302,34.343031306044566],[108.1100719410875,34.343022002602673],[108.11005512775901,34.343012640519298],[108.11003836326087,34.343003217089084],[108.11003813921212,34.343003091083212],[108.109819645879,34.343349246488245]],[[108.11011935834296,34.342874417407145],[108.11012009357914,34.342874837737156],[108.11013613164508,34.342883937276952],[108.11015248609984,34.342893130283954],[108.11016847718511,34.342902035142025],[108.11018481076046,34.342911046965931],[108.11020108658485,34.342919941647203],[108.11021745040095,34.342928802892317],[108.1102336770755,34.342937506499652],[108.11024555009632,34.342943815186075],[108.110250214692,34.3429462936625],[108.110266758729,34.342955001487077],[108.11028319716786,34.342963571478009],[108.11029964637667,34.34297206392975],[108.11031624339208,34.342980553541643],[108.1103329849454,34.342989034006237],[108.11034967310526,34.342997405437529],[108.11036648187539,34.343005754220826],[108.11038308717698,34.343013921987705],[108.11040015022006,34.34302223357642],[108.11041685972066,34.343030293067116],[108.11043370070783,34.343038336210292],[108.11045070036504,34.343046372897639],[108.11046774233446,34.343054350948236],[108.11048474396368,34.343062228968527],[108.11050161173324,34.343069966476364],[108.11051886001688,34.343077799195299],[108.11053608427311,34.343085539982489],[108.11055332039165,34.343093207736658],[108.11057042917716,34.343100739479851],[108.11058767161929,34.343108252168854],[108.1106049270104,34.343115691823819],[108.11062235085286,34.34312312501379],[108.11063989312468,34.343130530148365],[108.11065708079774,34.343137707526409],[108.11067460547105,34.343144948602507],[108.11069207349783,34.343152086958568],[108.11070956752587,34.343159160382029],[108.11072719846501,34.343166210240689],[108.11074478689797,34.343173166381298],[108.11076258835952,34.343180129538517],[108.11078011570298,34.34318690813771],[108.11079782671432,34.34319368115932],[108.11081559090783,34.343200397336943],[108.11083332347023,34.343207025195568],[108.11085129080348,34.343213664558306],[108.11086903839592,34.343220147259842],[108.11088686852872,34.343226583908532],[108.11090486057638,34.343233002378369],[108.11092276445444,34.343239314550772],[108.11094062365457,34.343245534810045],[108.11095883396135,34.343251801625492],[108.11097674298701,34.34325789021824],[108.11099495092239,34.343264002877348],[108.11101288693958,34.34326995171088],[108.11103124799089,34.343275965062929],[108.11104929363331,34.343281801106698],[108.11106743159958,34.343287592891535],[108.11108571516401,34.343293355694207],[108.11110390403978,34.343299014008366],[108.11112227330852,34.343304655929444],[108.11114042176636,34.34331015471286],[108.11115910831738,34.343315740448645],[108.11117728485645,34.343321102176105],[108.11119568309587,34.343326453783241],[108.11121416387161,34.343331756632708],[108.11123260432427,34.34333697387541],[108.11125121972381,34.343342165714922],[108.1112695306078,34.343347200069296],[108.11128824149358,34.343352271919535],[108.11130652392336,34.343357153944083],[108.11132529115307,34.343362093219859],[108.11134390607889,34.343366918143246],[108.11136270790765,34.343371718553868],[108.11138116609013,34.343376357909257],[108.11139989380119,34.343380993410719],[108.11141863446436,34.343385559483529],[108.11143720869462,34.343390011216982],[108.11145617747354,34.343394486026952],[108.11147497438779,34.343398848305426],[108.11149368641028,34.34340311870735],[108.11151261033001,34.343407362770492],[108.11153144718668,34.343411516762004],[108.11155026438215,34.343415595044185],[108.11156911844536,34.343419608383321],[108.11158816374898,34.343423589993442],[108.11160690891515,34.343427438455116],[108.11162585619104,34.343431256079356],[108.11164499905455,34.343435041970508],[108.11166375481443,34.343438679467482],[108.1116828377006,34.34344231035282],[108.11170202267783,34.34344588705325],[108.11172014874056,34.34344919878022],[108.11196879449082,34.343489581529418],[108.11262543343805,34.341772076864757],[108.11287871583268,34.340124863166892],[108.11135195530152,34.33898361901376],[108.11093509961408,34.338712062997125],[108.11093391181734,34.33871126265678],[108.11092787589116,34.338706267610853],[108.11092297893448,34.33870048003272],[108.1109193689767,34.338694074675679],[108.11091725991722,34.33868773106267],[108.1106586113776,34.337558606030079],[108.11034348702087,34.337438659880561],[108.10999808544952,34.337905317569565],[108.10981352806286,34.338154663365472],[108.10975113755919,34.33823895457855],[108.10971342829886,34.338289902209219],[108.11000486372122,34.339611858839575],[108.11099068758517,34.341460940719472],[108.11099189938525,34.341463432214347],[108.11099411349174,34.341470260724357],[108.11099486722711,34.341477304209],[108.11099413205282,34.34148434904332],[108.11099193594376,34.341491181551049],[108.11098928746392,34.34149616463101],[108.11051769464207,34.342243330643043],[108.11011935834296,34.342874417407145]],[[108.11272190014392,34.341785979070487],[108.11272156030014,34.341787846349135],[108.11272000669554,34.341793108818628],[108.11206540889707,34.343505272647953],[108.11291689603021,34.343643556278302],[108.11304091308899,34.342927209583003],[108.11310739315903,34.342543206872406],[108.11321151968734,34.341941743070478],[108.11321267224344,34.341937078770563],[108.11321443592537,34.341932609597784],[108.11321677928971,34.341928415229802],[108.1136429542095,34.341265757800237],[108.11367889337349,34.341124790596915],[108.11388576610005,34.340313344353142],[108.11347265701998,34.340252402865623],[108.11296912902418,34.340178121292581],[108.11272190014392,34.341785979070487]],[[108.11390601414561,34.340233924915204],[108.11401775603993,34.339795603991327],[108.11447854874501,34.337988045916084],[108.11413366795844,34.336916055351693],[108.11329063260531,34.33675065288606],[108.11327759580438,34.337897481285935],[108.1132717871709,34.338408417168786],[108.11327129988126,34.33841376159792],[108.11305773021893,34.339656030858521],[108.11302098837005,34.339869743633749],[108.11298255868746,34.340093269662745],[108.11298993661696,34.340098784423454],[108.11321142801479,34.340131459539364],[108.11352335871706,34.340177476189318],[108.11390601414561,34.340233924915204]],[[108.11411238626623,34.336828508922679],[108.11373626461928,34.335049229506417],[108.11366406341183,34.33470766576508],[108.1121747032949,34.334434177457524],[108.11206425033136,34.334414425261336],[108.11206205043443,34.33442229270004],[108.11205550441113,34.334445394644526],[108.11204887251422,34.334468481341979],[108.1120421547364,34.3344915473835],[108.11203535543044,34.334514597272495],[108.11202846916393,34.334537631915389],[108.11202150027766,34.33456064680081],[108.11201444551621,34.334583645537627],[108.11200730596263,34.33460662542042],[108.1120000837915,34.334629587348651],[108.1119927746571,34.334652532227736],[108.11198538290378,34.334675458250778],[108.11197790744242,34.334698363615743],[108.11197034827532,34.334721250125604],[108.1119627032314,34.334744119585295],[108.11195497556476,34.334766967484413],[108.11194716419217,34.334789796528355],[108.11193927020032,34.334812606716156],[108.11193129032659,34.33483539624779],[108.11192322783228,34.33485816602176],[108.11191508054029,34.334880913335553],[108.11190685171429,34.33490364089068],[108.11189853700978,34.334926350494001],[108.11189014076515,34.334949035831194],[108.11188166189602,34.334971698706191],[108.11187310040474,34.334994340921931],[108.11186445303227,34.335016963382849],[108.11185572412067,34.335039562479047],[108.11184691258792,34.335062141817424],[108.11183801733887,34.335084695088568],[108.11182904164077,34.335107227698408],[108.11181998114316,34.335129736946421],[108.11181083802174,34.335152224633596],[108.11180161227412,34.335174688956904],[108.11179230606766,34.335197125406985],[108.11178291615411,34.335219543001585],[108.11177344361177,34.335241935429337],[108.11176388952848,34.335264303590705],[108.11175425281988,34.335286649289628],[108.11174453564497,34.335308961706318],[108.11173473368676,34.335331263381761],[108.11172485126451,34.335353533577901],[108.11171488838536,34.335375777703632],[108.11170484287943,34.335397998465325],[108.11169471582976,34.335420193157525],[108.11168450832302,34.335442361779251],[108.11167421818811,34.335464506135402],[108.11166384542022,34.335486622620067],[108.11165339436614,34.335508711229238],[108.11164286177046,34.335530775571776],[108.11163224871623,34.335552812942232],[108.11162155411792,34.335574824243089],[108.11161077688394,34.335596805869372],[108.11159992136709,34.335618762324494],[108.11158898321925,34.335640692710939],[108.11157796786682,34.335662591614813],[108.11156686879657,34.335684464450964],[108.11155569035536,34.335706311215382],[108.11154443470699,34.335728124694228],[108.11153309642737,34.335749912104276],[108.11152167660435,34.335771674345992],[108.11151018065959,34.335793402399602],[108.11149860316657,34.335815101678911],[108.11148694521553,34.335836774887341],[108.11147521005945,34.335858416613057],[108.11146339444169,34.335880029563398],[108.11145149727426,34.335901612837887],[108.11143952398599,34.335923162825615],[108.11142747023588,34.335944684037905],[108.11141533819973,34.33596617827574],[108.11140312460776,34.335987638330224],[108.11139083598269,34.336009065998347],[108.11137846689796,34.336030466693913],[108.11136601951628,34.3360518323016],[108.11135349493145,34.336073168229269],[108.11134089096763,34.336094472675939],[108.11132820979341,34.336115742033677],[108.11131544815935,34.336136984418729],[108.11130261148706,34.336158190811339],[108.11128969543559,34.336179365722856],[108.11127670217715,34.336200508249767],[108.11126363170931,34.336221616589107],[108.1112504840344,34.336242692543799],[108.11123725806566,34.33626373611483],[108.11123689260231,34.336264315197717],[108.11325075729518,34.336659494142104],[108.1132535455508,34.336660075723088],[108.11325902314158,34.336661218242291],[108.11411238626623,34.336828508922679]],[[108.11098021821191,34.336204256129889],[108.1109932689553,34.336183796904997],[108.11100618176832,34.336163406316274],[108.1110190683428,34.336142901261773],[108.11103180939661,34.336122477471143],[108.11104455892068,34.336101888700384],[108.11105709026802,34.336081498451954],[108.11106974827851,34.33606074569186],[108.1110821989607,34.336040177020628],[108.11109463967327,34.336019469528999],[108.11110692944622,34.335998854124099],[108.11111918322527,34.335978143193536],[108.111131308835,34.335957485565409],[108.11114342230768,34.335936693626316],[108.11115548785389,34.335915822399137],[108.1111674198104,34.335895014395653],[108.11117931252247,34.335874118081414],[108.11119113561413,34.335853173149182],[108.11120282295838,34.335832303161979],[108.11121443527372,34.335811403492848],[108.11122604085594,34.335790346970903],[108.11123757140336,34.335769256259702],[108.11124894018894,34.335748291000186],[108.11126028923653,34.335727195944187],[108.11127145808869,34.335706257007068],[108.11128269826125,34.335685016909302],[108.11129373657081,34.335663983433115],[108.11130483967206,34.335642642491862],[108.11131579837445,34.335621408055594],[108.11132665385919,34.3356001935447],[108.11133734759717,34.335579115303496],[108.11134819608975,34.335557551923671],[108.11135873651813,34.335536419731],[108.11136932438156,34.335515003527611],[108.11137978844785,34.335493658652872],[108.11139020673922,34.335472217360284],[108.11140052615305,34.335450790580424],[108.11141071960375,34.335429440540132],[108.11142098106072,34.335407748775609],[108.11143098868679,34.335386409720343],[108.11144096787196,34.33536493366492],[108.1114509435463,34.335343271906645],[108.11146077917226,34.335321718452718],[108.11147054517781,34.335300115479853],[108.11148029465701,34.335278345747113],[108.11148989326145,34.335256714979032],[108.11149936807449,34.335235159145782],[108.11150877543841,34.33521355198873],[108.11151819010983,34.335191722158314],[108.111527474496,34.335169987101324],[108.11153672284878,34.335148125868997],[108.11154581383457,34.335126424341425],[108.11155484711126,34.33510464083087],[108.11156387577151,34.335082657194945],[108.11157274057217,34.335060854003835],[108.11158153359155,34.335039010310759],[108.11159024507431,34.33501714505573],[108.11159887069159,34.334995271764924],[108.11160752416373,34.334973100057709],[108.11161596180924,34.334951255784283],[108.11162434499543,34.334929321411707],[108.11163265747419,34.334907336619978],[108.11164095773209,34.33488515351285],[108.11164908982745,34.334863183308009],[108.11165715338181,34.334841157273218],[108.11166518305403,34.334818987933168],[108.11167310303253,34.334796870076985],[108.11168093606419,34.334774747792096],[108.11168867782138,34.334752635506199],[108.11169637485817,34.33473040156052],[108.11170397087726,34.334708205568667],[108.11171148319077,34.334685990721511],[108.11171891506127,34.334663758819062],[108.11172628271174,34.334641451250214],[108.11173352878343,34.334619246560692],[108.11174071930735,34.334596949970233],[108.11174781530316,34.334574667889243],[108.11175486331877,34.334552264151554],[108.11176179625221,34.334529945257678],[108.11176865955755,34.334507569633551],[108.11177542510121,34.334485228354474],[108.11178212750602,34.33446280690076],[108.11178872999143,34.334440431513357],[108.11179522822869,34.334418115718464],[108.11180169685238,34.33439559711686],[108.11180810016637,34.33437300014559],[108.11181432568819,34.334350727869548],[108.11182059189618,34.334327999406362],[108.1118266868025,34.334305573095492],[108.11183271748367,34.33428306661105],[108.11183865582066,34.334260581846102],[108.11184458831181,34.334237788779483],[108.11185031709331,34.334215443033365],[108.11185606921325,34.334192670864851],[108.11186168034615,34.334170115180314],[108.11186723262907,34.334147435144757],[108.11187267961037,34.334124839042865],[108.11187806451521,34.334102143834393],[108.11188335060167,34.334079504607743],[108.11188854974576,34.334056862755766],[108.11189370300151,34.334034037043203],[108.11189871963684,34.334011442234441],[108.11190370442844,34.333988601350043],[108.11190856555402,34.333965926450986],[108.11191332896033,34.333943316547611],[108.11191806374721,34.333920433521222],[108.111922668402,34.333897757052782],[108.11192724118931,34.333874816479124],[108.11193168925664,34.333852066231827],[108.11193603096659,34.333829422456297],[108.11194035267782,34.333806450559578],[108.11194453671401,34.33378373300625],[108.11194868669513,34.33376074053195],[108.11195271738301,34.333737932970209],[108.11195669672816,34.333714925326298],[108.11196054710061,34.333692178328249],[108.11196434180522,34.333669247478667],[108.11196802263008,34.333646486211528],[108.11197165102811,34.333623526666209],[108.11197516231402,34.333600757440379],[108.11197864377699,34.333577626747534],[108.11198198769161,34.333554845053655],[108.11198526085322,34.333531975980584],[108.11198849552478,34.333508765281024],[108.11199160558918,34.333485828745658],[108.11199460721751,34.333463068999698],[108.11199756388135,34.333440001889478],[108.11200040244647,34.333417199922685],[108.11200318742551,34.333394144688441],[108.11200587687254,34.333371163462914],[108.11200849123821,34.333348108384435],[108.11201101330809,34.3333251092821],[108.11201344629562,34.333302130995165],[108.1120158127637,34.333278979684486],[108.11201807411641,34.333256050234318],[108.1120202592427,34.333233002759648],[108.11202233817669,34.333210184358329],[108.11202436879557,34.333186990083263],[108.11202629532738,34.333163973495161],[108.11202814353754,34.333140897480817],[108.11202990268866,34.333117859410073],[108.11203157923146,34.33309480699107],[108.11203316993226,34.333071760059376],[108.11203468219901,34.333048568962276],[108.11203609275628,34.333025708801898],[108.112037433379,34.333002558428305],[108.11203868923711,34.332979406329201],[108.11203902491603,34.332972786442348],[108.11202862287954,34.332972584110664],[108.11201300687749,34.332972350488177],[108.11199758875176,34.332972191505711],[108.11198195772555,34.332972100327098],[108.11196653761219,34.332972081072185],[108.11195090568972,34.332972133226015],[108.11193553574948,34.332972253650979],[108.1119200583243,34.332972447192276],[108.11190444950462,34.332972712068724],[108.11188902985913,34.332973045282941],[108.11187361682575,34.332973447903264],[108.11185798003788,34.332973928253473],[108.11184260196359,34.332974470567613],[108.11182699361815,34.332975093321984],[108.1118117548186,34.332975770727316],[108.11179619121097,34.332976532265079],[108.11178061791976,34.332977366829709],[108.11176537505001,34.332978253376744],[108.11174980737927,34.332979229464954],[108.11173442017807,34.332980265785778],[108.11171890811278,34.33298138154899],[108.11170349610701,34.332982561224149],[108.11168800704766,34.332983817593579],[108.11167265825034,34.33298513423243],[108.11165726934311,34.332986524827405],[108.11164175014294,34.332987998475566],[108.11162652983694,34.33298951421893],[108.11161113686435,34.332991118462978],[108.11159564837143,34.332992804826965],[108.11158047723792,34.332994526959105],[108.11156498458676,34.33299635665859],[108.11154964740261,34.332998240303382],[108.11153440809825,34.333000183354905],[108.11151908088138,34.333002209420897],[108.11150376679582,34.333004304887119],[108.11148856579881,34.333006456140311],[108.11147327797819,34.333008692209937],[108.11145801632546,34.33301099496348],[108.11144275368177,34.33301337073604],[108.11142760846965,34.333015799587244],[108.1114124090284,34.333018308717783],[108.11139718904052,34.333020894491085],[108.11138865262886,34.333022175148194],[108.1113821310263,34.333023524287746],[108.11136679824033,34.333026276032477],[108.11136496650528,34.333026594118344],[108.11135175562244,34.333029045541075],[108.11133673265442,34.333031883542567],[108.11132156203179,34.333034824445342],[108.11130641540331,34.333037832034066],[108.11129143617585,34.333040879133982],[108.1112764092414,34.333044008310246],[108.11126140739007,34.333047205974466],[108.11124641215176,34.333050474847894],[108.11123138115866,34.333053824885326],[108.11121651430287,34.33305721173258],[108.1112014596025,34.333060715039736],[108.11118668636229,34.333064225301349],[108.11117169051769,34.33306786287217],[108.1111570630373,34.333071483880111],[108.11114213908267,34.333075251195424],[108.11112733906728,34.333079062569034],[108.11111251959476,34.333082953288908],[108.11109781645227,34.333086886271076],[108.11108314708125,34.333090884127515],[108.11106841263116,34.333094975795326],[108.11105371412347,34.333099130532474],[108.11103913303239,34.333103327531028],[108.11102437932045,34.333107649088809],[108.11100992660279,34.333111957751235],[108.11099545225676,34.333116347564868],[108.11098074337703,34.333120883629391],[108.11096643867823,34.333125369744394],[108.11095186034622,34.333130018372351],[108.11093750478834,34.333134670402686],[108.1109229157927,34.333139475894662],[108.11090869294991,34.333144235979184],[108.11089439417138,34.333149097998238],[108.1108799673186,34.333154079127176],[108.11086568177029,34.333159088072406],[108.11085157337062,34.333164112180796],[108.11083727716191,34.333169280694626],[108.11082309509995,34.333174484261242],[108.11080890553609,34.333179768966353],[108.11079491700897,34.333185054389425],[108.1107808351754,34.333190454383455],[108.11076684902075,34.333195893954525],[108.11075271091033,34.333201472489577],[108.11073891720135,34.333206992115265],[108.11072491940391,34.333212672387639],[108.11071102923177,34.333218386817428],[108.11069728035572,34.333224122753471],[108.11068331544929,34.333230028361754],[108.11066964063004,34.333235890435184],[108.11065590292061,34.333241858938742],[108.11064216205565,34.333247908576944],[108.11062864936747,34.333253938174849],[108.11061483160042,34.333260183500975],[108.1106014027431,34.333266334720186],[108.11058780673829,34.333272642045181],[108.11057444976294,34.333278918502458],[108.11056094845337,34.333285345636014],[108.11054750698064,34.333291826802942],[108.11053412316896,34.333298360202292],[108.11052080679504,34.333304943120801],[108.11050759804152,34.333311556591099],[108.1104942873108,34.333318302669802],[108.11048119496606,34.333325020604072],[108.11046816354123,34.333331789866456],[108.11045491503263,34.333338754944741],[108.110441922917,34.333345671110365],[108.1104289689149,34.333352649442446],[108.11041600958943,34.33335971341873],[108.11040301671372,34.333366883798696],[108.11039033451246,34.333373964650541],[108.11037743306908,34.333381253039455],[108.11036457734596,34.333388603588027],[108.11035191501738,34.33339592781801],[108.1103393646441,34.333403273581354],[108.11032667322065,34.33341078894901],[108.11031417410274,34.333418276196191],[108.11030158063041,34.33342590866561],[108.11028914036987,34.333433533783889],[108.11027682292213,34.333441173214005],[108.11026429819826,34.333449030086591],[108.11025207761018,34.333456783013666],[108.11023974747387,34.333464696501871],[108.11022757705894,34.333472594519861],[108.11021544584871,34.333480558309496],[108.11020336252609,34.33348857974967],[108.11019136183694,34.333496637173539],[108.11017921143417,34.333504887647976],[108.11016732389432,34.333513050441013],[108.1101555689275,34.333521212212133],[108.11014369899517,34.333529547170023],[108.11013183786714,34.333537968661048],[108.11012009845581,34.333546397253308],[108.11010855675785,34.333554777888139],[108.11009691638166,34.333563321778762],[108.11008538360697,34.333571881798207],[108.11007383575517,34.333580548204921],[108.1100623531662,34.3335892632319],[108.11005105091068,34.333597935726097],[108.11003970752445,34.333606735365102],[108.1100284511102,34.333615564673778],[108.11001725018561,34.333624448020473],[108.11000609172326,34.333633395333159],[108.1099951027323,34.333642303728894],[108.10998407370424,34.333651344677392],[108.10997300355237,34.333660518179599],[108.10996219079769,34.333669578764464],[108.10995134126243,34.333678769194726],[108.10994046038118,34.333688090366984],[108.10992982820252,34.333697297728349],[108.1099191635912,34.333706635832712],[108.10990855447066,34.333716028876687],[108.10989811915205,34.333725370379319],[108.10988754503265,34.333734940981913],[108.10987713168774,34.333744469971172],[108.10986676840723,34.333754059313904],[108.10985649209177,34.333763672917691],[108.10984631142904,34.333773306267425],[108.10983611136562,34.333783064038144],[108.1098260047804,34.333792840655271],[108.10981608717815,34.333802540476171],[108.10980609157463,34.333812426972848],[108.10979612975618,34.333822390064348],[108.10978637211691,34.333832262823826],[108.10977659291055,34.333842265415171],[108.10976689198633,34.333852300388891],[108.10975735507827,34.333862279322979],[108.10974769351473,34.333872501768028],[108.10973819379402,34.333882668175427],[108.10972878537707,34.333892852529871],[108.10971947260133,34.333903047615692],[108.1097101588951,34.333913364401617],[108.10970088114617,34.333923756879045],[108.10969176631754,34.333934086106119],[108.10968276991568,34.333944398999755],[108.10967367384391,34.333954949071625],[108.10966473851562,34.333965433190698],[108.10965591944074,34.333975900978366],[108.10964698443057,34.333986633003228],[108.10963834578553,34.333997133081368],[108.10962967040986,34.334007801768777],[108.10962104510693,34.3340185371204],[108.10961248940335,34.334029312975744],[108.1096041530174,34.33403993988972],[108.10959563236642,34.334050932969539],[108.10958741890576,34.334061661639737],[108.10957912967177,34.334072619353492],[108.10957105214872,34.334083428132786],[108.10956285330114,34.334094535410451],[108.10955494209649,34.334105388212436],[108.10954686943903,34.334116600849448],[108.10953911803735,34.334127501285927],[108.10953128546151,34.334138656012307],[108.10952349971372,34.33414988912515],[108.10951589853781,34.33416099496354],[108.10950827693516,34.334172272101185],[108.10950082905744,34.334183437299288],[108.1094933726903,34.334194761165257],[108.10948602605693,34.334206068705974],[108.10947873600503,34.334217433890473],[108.10947158388151,34.334228736748969],[108.10946437556024,34.334240280352844],[108.10945737022899,34.334251653394823],[108.10945039112075,34.33426313729516],[108.1094434978835,34.334274639147978],[108.10943667424719,34.334286182406323],[108.1094299278024,34.334297754442694],[108.1094232596358,34.334309355256146],[108.10941660577946,34.334321098490484],[108.10941013970324,34.334332673881129],[108.10940373455554,34.334344306911781],[108.10939735131217,34.334356072440293],[108.10939104526044,34.334367866746895],[108.10938481423516,34.334379696143927],[108.10937873303872,34.334391421736399],[108.10937268458564,34.334403258181545],[108.10936671440865,34.334415121600898],[108.10936079324986,34.334427076025797],[108.10935502406309,34.334438903205779],[108.10934927246788,34.334450889030506],[108.10934362298737,34.334462848620788],[108.10933809080274,34.334474756721612],[108.10933253935643,34.334486896520112],[108.1093271409691,34.334498909072792],[108.10932179268096,34.334511008122703],[108.10931658009852,34.334523006085305],[108.10931137970341,34.334535185234536],[108.10930626516829,34.334547373321719],[108.10930127441796,34.334559485573727],[108.10929631536308,34.33457173842833],[108.10929150824225,34.334583834289326],[108.10928672524504,34.33459609780413],[108.10928202161347,34.334608390095312],[108.10927741791195,34.334620647139339],[108.10927287516992,34.33463298526209],[108.10926844969161,34.334645246654105],[108.10926408733337,34.334657579206642],[108.10925979675385,34.334669955867554],[108.10925561152644,34.334682288261696],[108.10925148725747,34.334694700833147],[108.10924745534814,34.334707106110159],[108.10924349954928,34.334719543772472],[108.10923964042657,34.334731950698021],[108.1092358487698,34.334744427878782],[108.10923216245256,34.334756850876552],[108.10922851220829,34.334769437911625],[108.10922495648209,34.334782005931181],[108.10922151691355,34.334794481895862],[108.10921811452461,34.334807137222072],[108.10921485097761,34.334819594999907],[108.1092115532648,34.334832523381401],[108.10920651441354,34.334851147072087],[108.10920161656837,34.334869566901972],[108.10919683809919,34.334887863122184],[108.10919212601307,34.33490623320445],[108.10918750194031,34.334924596897658],[108.10918294425539,34.334943038058817],[108.10917848756606,34.334961427745277],[108.10917410699366,34.334979855225882],[108.10916982199511,34.33499824025143],[108.10916558717965,34.335016776680924],[108.10916146199067,34.335035212948064],[108.10915742048726,34.335053657253738],[108.10915344754775,34.335072180828469],[108.10914956695028,34.335090683586643],[108.1091457667854,34.33510919979517],[108.10914205138953,34.335127721336846],[108.10913841969587,34.335146263537844],[108.10913486951347,34.335164812877871],[108.10913141488919,34.335183307142231],[108.10912803101657,34.335201891491501],[108.10912472435993,34.335220522648861],[108.10912150893336,34.33523911315811],[108.1091183707322,34.335257757687287],[108.10911531945406,34.335276392222589],[108.10911236371335,34.335294955455595],[108.10910948628376,34.335313571806104],[108.10910669147019,34.335332208816943],[108.10910397817429,34.335350857474303],[108.10910134534444,34.335369544823536],[108.10909881342403,34.335388113087227],[108.10909634260493,34.335406871508937],[108.10909397804613,34.335425446835167],[108.10909167892277,34.335444202399252],[108.1090894688264,34.335462893878763],[108.10908734458911,34.335481592493537],[108.10908530511611,34.335500291934203],[108.10908334825382,34.335519007527836],[108.10908147724381,34.33553772484786],[108.10907968347287,34.335556506104183],[108.10907798627329,34.335575174589252],[108.1090763706318,34.335593885371175],[108.10907482901722,34.335612697053016],[108.10907338287814,34.335631388752716],[108.1090720161647,34.335650154303082],[108.10907073634394,34.335668885519659],[108.10906954231407,34.335687570684236],[108.10906842240941,34.335706432473039],[108.10906739578961,34.335725160759452],[108.10906645392896,34.335743885364394],[108.10906559048688,34.33576274512162],[108.10906535127786,34.33576852202664],[108.10922492013216,34.335805315290841],[108.10944552804314,34.335856181821299],[108.10986112501367,34.335952006731297],[108.10997746028715,34.335978829548502],[108.10999050492161,34.335981836892849],[108.11097698855689,34.336209284814487],[108.11098021821191,34.336204256129889]],[[108.10896872517331,34.335740693682304],[108.10896968400019,34.335721626500096],[108.10897072976665,34.335702561043433],[108.1089718613906,34.335683500919174],[108.10897307778289,34.335664444325324],[108.1089743789435,34.33564539126192],[108.1089757681325,34.335626341726019],[108.10897724209202,34.335607297523474],[108.10897880190639,34.335588256850386],[108.10898044649232,34.335569222412154],[108.10898217584743,34.33555019240579],[108.10898322767372,34.335539177171121],[108.10898399214743,34.335531168632322],[108.10898589321768,34.335512150192223],[108.10898788123151,34.335493137083546],[108.10898995401782,34.335474131111184],[108.10899211374759,34.335455130470201],[108.10899435825203,34.335436138768507],[108.10899668644089,34.335417153302586],[108.10899910048749,34.335398174070505],[108.10900160148087,34.335379202874272],[108.10900418724866,34.33536024061727],[108.10900685670414,34.335341287300473],[108.10900961310386,34.335322340216521],[108.10901245427786,34.335303402071801],[108.10901538022489,34.33528447196484],[108.10901839203514,34.335265552599068],[108.10902148970736,34.335246643073013],[108.1090246710669,34.335227742487128],[108.10902793611605,34.335208852644385],[108.10903128920044,34.335189972639391],[108.10903472488644,34.335171102476991],[108.1090382464353,34.335152243055767],[108.10904185167588,34.335133396180595],[108.10904554277805,34.335114559145104],[108.10904931974407,34.33509573375224],[108.10905318040281,34.335076921806881],[108.10905712150107,34.335058128720824],[108.1090611527889,34.33503933104685],[108.10906526777976,34.335020554933678],[108.10906946754866,34.335001791365563],[108.1090737499233,34.33498304124587],[108.10907811707705,34.334964304572686],[108.1090825679231,34.334945581346958],[108.10908710246262,34.334926872470156],[108.10909172395334,34.334908176136416],[108.10909642587959,34.334889495957427],[108.10910121475925,34.334870830124466],[108.10910608515989,34.334852179543788],[108.10911104142598,34.334833542408589],[108.10911599594486,34.334815236118366],[108.10911922230605,34.334802583656291],[108.10912262643947,34.334789585768306],[108.10912611644289,34.334776604030345],[108.10912969340178,34.33476363753995],[108.10913335623059,34.334750687199566],[108.10913710493158,34.334737754812139],[108.10914093841802,34.334724840378634],[108.10914485777545,34.334711942996577],[108.10914886300262,34.334699061764525],[108.10915295302097,34.334686202993758],[108.109157128909,34.334673360372946],[108.10916139066902,34.334660535705041],[108.10916573504669,34.334647733500354],[108.10917016420956,34.334634949249526],[108.10917468033337,34.334622184753577],[108.10917928124812,34.334609442718886],[108.10918396477923,34.33459672224587],[108.10918873201454,34.334584024235063],[108.10919358403723,34.334571345981033],[108.10919851976517,34.334558691090649],[108.10920353919607,34.334546057760974],[108.1092086434189,34.334533447793937],[108.10921383134807,34.334520862092035],[108.10921910298359,34.334508300655209],[108.10922445506411,34.334495762584908],[108.10922988760245,34.334483257797402],[108.10923541143293,34.334470761041523],[108.10924101354779,34.334458297570343],[108.10924669937113,34.334445860167165],[108.10925246564635,34.334433451539333],[108.10925831671319,34.334421066274075],[108.10926424714164,34.334408707080662],[108.10927026128196,34.334396376659647],[108.10927635696073,34.334384075012956],[108.10928253308887,34.334371800338594],[108.10928878966871,34.334359554439487],[108.10929512995915,34.33434733641127],[108.10930154961332,34.334335146257779],[108.10930804863708,34.334322988486427],[108.10931463028348,34.334310857685381],[108.10932129347395,34.334298760165993],[108.10932803168244,34.334286691426641],[108.10933485360486,34.334274653262518],[108.10934175489672,34.334262647480465],[108.10934873447128,34.334250674081439],[108.10935579449843,34.334238730359033],[108.10936293498163,34.33422681901768],[108.10937015266427,34.33421494276471],[108.1093774475428,34.334203098895678],[108.10938482179181,34.334191288310123],[108.10939227541006,34.334179510106516],[108.10939980622766,34.334167766991257],[108.10940741424575,34.334156059865791],[108.10941510163303,34.334144385122265],[108.10942286404968,34.334132748173403],[108.10943070475112,34.334121145410371],[108.10943862156626,34.334109578638071],[108.10944659714066,34.334098073113438],[108.10945468679883,34.334086553964099],[108.10946283195729,34.334075096966799],[108.10947105323287,34.334063678664606],[108.10947934953653,34.334052297255504],[108.10948772412831,34.334040952736579],[108.10949617266378,34.334029646914644],[108.10950469405971,34.33401838249511],[108.10951329156919,34.334007154066128],[108.10952196411012,34.333995965234628],[108.10953070842244,34.333984816003493],[108.10953952885525,34.333973708171769],[108.10954842105824,34.333962639038894],[108.10955738829732,34.333951613109328],[108.10956642730771,34.333940626780077],[108.10957553917845,34.333929681853071],[108.10958472173726,34.333918779231766],[108.10959397715641,34.333907918012684],[108.10960330869592,34.333897098192928],[108.10961270766693,34.333886323386139],[108.10962217841148,34.333875589982526],[108.1096317209343,34.333864901587987],[108.1096413341463,34.3338542564005],[108.10965101587406,34.33384365442199],[108.10966077155111,34.333833095647627],[108.10967059357522,34.333822583690058],[108.10968048520293,34.333812115841958],[108.10969044752332,34.333801693905286],[108.10970047944845,34.3337913169795],[108.10971057772062,34.33378098687048],[108.10972074559638,34.333770700870843],[108.10973100152958,34.333760443638852],[108.10974128582471,34.33375027111984],[108.10975165600391,34.33374012737039],[108.10976209361677,34.333730030436634],[108.10977260083905,34.333719982119597],[108.10978317114821,34.333709980622118],[108.10979380780788,34.333700028645701],[108.10980451190235,34.333690124386415],[108.10981528017393,34.33368026965011],[108.10982611479481,34.333670463533352],[108.10983701359393,34.333660707841013],[108.10984797657132,34.333651002573099],[108.10985900481248,34.333641346827122],[108.10987009505732,34.333631740605995],[108.10988125056829,34.33362218570975],[108.10989246808646,34.333612683042738],[108.10990374869499,34.333603229899573],[108.10991509457082,34.3335938289827],[108.10992649810827,34.333584481200411],[108.10993796582393,34.33357518384242],[108.10994949446132,34.333565939616044],[108.10996108293368,34.333556748522241],[108.10997273558547,34.333547608754152],[108.10998444807463,34.333538523921582],[108.10999621605436,34.333529494028433],[108.11000804712565,34.333520514560405],[108.110019939121,34.333511590026895],[108.11003188660813,34.333502721334192],[108.11004389610484,34.333493906673489],[108.11005596109334,34.333485147853587],[108.11006808483135,34.333476443068577],[108.11008026514668,34.333467793221864],[108.11009250964381,34.333459196503668],[108.11010479986196,34.333450662846836],[108.11011715100067,34.333442181419898],[108.11012955763238,34.333433756735154],[108.1101420208438,34.333425388791568],[108.11015453954825,34.333417077590155],[108.11016711374572,34.33340882313086],[108.1101797423519,34.333400627217628],[108.11019242427892,34.333392488949919],[108.11020516061232,34.333384407425271],[108.11021794918342,34.333376386251544],[108.11023079324762,34.333368421819848],[108.1102436884605,34.333360515937059],[108.11025663482562,34.333352671307615],[108.11026963233709,34.333344883424068],[108.11028268317303,34.333337155890383],[108.11029578407219,34.333329487807994],[108.11030893720798,34.333321879174932],[108.11032214040704,34.333314329993129],[108.11033539150068,34.333306843870453],[108.11034869265644,34.333299416297542],[108.11036204387787,34.333292049978802],[108.11037544407827,34.333284744915204],[108.11038888999764,34.333277501109656],[108.1104023859815,34.333270317656783],[108.11041592877342,34.333263197263918],[108.11042951837217,34.333256139029565],[108.11044315586214,34.333249141149771],[108.11045683690129,34.333242207234385],[108.11047056691955,34.333235334574013],[108.11048434048587,34.333228524976526],[108.11049815760144,34.33322177934339],[108.1105120063186,34.333215102192781],[108.11052592682124,34.333208475458768],[108.11053988001457,34.333201919009234],[108.11055387241166,34.333195427429366],[108.11056790944244,34.333188998009845],[108.11058198785038,34.33318263345803],[108.11059610980776,34.333176332870451],[108.11061027314233,34.333170097150557],[108.11062447676748,34.333163926299285],[108.11063872068321,34.333157820316629],[108.11065300489075,34.333151780104089],[108.11066733047323,34.333145802956174],[108.11068169634878,34.333139892479835],[108.11069609708389,34.333134048679923],[108.11071054028311,34.333128269746588],[108.11072501942631,34.33312255568574],[108.11073953560496,34.333116910102291],[108.11075408990102,34.333111329389318],[108.11076868340358,34.333105815348773],[108.11078330959253,34.333100367986567],[108.11079797390136,34.333094987297777],[108.11081267089781,34.333089674188763],[108.11082740492631,34.333084426852636],[108.11084217707597,34.333079247091341],[108.11085697756896,34.333074136716682],[108.1108718129219,34.333069093018324],[108.11088668313481,34.333064115996237],[108.11090158603673,34.333059207455356],[108.110916520541,34.333054367396642],[108.11093148664646,34.333049594918585],[108.110946485441,34.333044890921698],[108.11096151366581,34.333040256310376],[108.11097653438543,34.333035700132939],[108.11099166274713,34.333031190733124],[108.1110067803472,34.333026762474539],[108.11102193063533,34.333022401795589],[108.11103710600952,34.333018112309055],[108.1110523097251,34.333013890406065],[108.11106754395783,34.3330097378876],[108.11108280327431,34.333005654758566],[108.11109809093706,34.333001642818957],[108.11111340368247,34.332997699367304],[108.11112874477297,34.332993826203563],[108.11114410768852,34.332990023333664],[108.11115950003476,34.332986289849224],[108.1111749131218,34.332982628462538],[108.11119034803158,34.332979035566701],[108.11120581020117,34.332975513861221],[108.11122129636937,34.332972062447553],[108.11123680327849,34.332968683131625],[108.11125233201052,34.332965372306511],[108.11126788583033,34.332962133575165],[108.1112834582166,34.332958966042021],[108.11129904916945,34.332955869707071],[108.11131466303438,34.332952843664863],[108.11133029764049,34.332949889720375],[108.11133959547985,34.332948356861628],[108.11134599209656,34.332946998823161],[108.1113615780081,34.332944202678242],[108.11136328046751,34.332943916261833],[108.11137730959875,34.332941455078824],[108.11139302064623,34.332938786826475],[108.11140874591496,34.332936190677692],[108.11142229293556,34.332934017500797],[108.11173846859714,34.332848696252547],[108.11176056141912,34.332841704934062],[108.11178761808405,34.332835433871658],[108.11180998888138,34.332802894299867],[108.11178692491025,34.332804401899331],[108.11174257779238,34.332807228853532],[108.11169822623154,34.332809985480139],[108.1116538680545,34.33281267178117],[108.11160950000131,34.332815287759566],[108.1115651285898,34.332817831606405],[108.11152075273696,34.332820306027116],[108.11147636700831,34.332822710125171],[108.11143197900836,34.332825042090683],[108.11138758548074,34.332827304631046],[108.11134318642438,34.332829496844766],[108.11129878292368,34.332831616927891],[108.11125437280776,34.332833666685353],[108.1112099593368,34.332835646114198],[108.11116554142305,34.332837554313912],[108.11112112015563,34.332839393086473],[108.11107741705364,34.332841132028534],[108.11103371277287,34.332842802443444],[108.11099000405333,34.332844404334175],[108.11094629089517,34.332845937700725],[108.11090257547185,34.332847402541127],[108.11085885561128,34.3328487997588],[108.11081513348577,34.332850128450296],[108.11077140800754,34.332851387715152],[108.11072767917788,34.332852578454805],[108.1106839480848,34.332853701569768],[108.11064021472598,34.332854755257067],[108.11059648019062,34.332855741318689],[108.11055274230428,34.332856658855114],[108.11050900215253,34.332857506963869],[108.11046526191124,34.332858287445958],[108.11042151831928,34.332858999402838],[108.11037777354893,34.332859641931059],[108.11033402651599,34.332860216834575],[108.11029027939274,34.332860723209933],[108.11024653109261,34.332861161058119],[108.11020278052902,34.3328615303801],[108.11015903096215,34.332861831172941],[108.11011527913202,34.332862063439585],[108.11007153047099,34.332862226273647],[108.1100277599878,34.332862321500592],[108.10998402527562,34.33286234816714],[108.10994027308705,34.332862306321147],[108.10989652298134,34.332862195043553],[108.10985277278873,34.332862017040767],[108.10981051670963,34.332861778184792],[108.1097682616364,34.332861477111088],[108.10972600647892,34.332861111116195],[108.10968375341183,34.332860681099653],[108.10964150134971,34.332860187963909],[108.10959924811696,34.332859629907958],[108.10955699697605,34.33285900873183],[108.10951236803353,34.332858284194209],[108.10946773791019,34.332857486621357],[108.10942311095643,34.332856618713841],[108.10937848608447,34.332855679571139],[108.10933386112104,34.332854669195221],[108.10928923932401,34.332853585780171],[108.10924462395822,34.332852432929066],[108.10920000524008,34.332851207946121],[108.1091553929499,34.332849910822674],[108.10911078274221,34.332848542464056],[108.10906617787835,34.332847103768849],[108.10902157292266,34.332845592938959],[108.10897697548322,34.33284401086906],[108.1089323823001,34.332842357562072],[108.1088892104851,34.332840690354253],[108.10884604184567,34.332838956418719],[108.10880287638072,34.332837154854047],[108.10875971626491,34.332835286559742],[108.10871655932613,34.332833352439266],[108.10867340882105,34.332831349785224],[108.10863026040768,34.332829282207456],[108.10858711734153,34.332827146097124],[108.10854397853832,34.332824943258167],[108.10850084617157,34.332822673688661],[108.10845772024132,34.332820337388611],[108.10841459640214,34.33281793526335],[108.10838077301348,34.332815998169906],[108.10837586904019,34.332949694950742],[108.10836471512606,34.33325380614027],[108.10835597586548,34.333492069157657],[108.10834181906928,34.333878016766981],[108.10834172833532,34.333879288837721],[108.10834112999167,34.333884692847541],[108.10828710795889,34.3341713315261],[108.10814559616631,34.334922186000227],[108.10803103505391,34.335530027089291],[108.10821627133875,34.335572739785157],[108.10842554886702,34.335620995759733],[108.10896847363307,34.335746183927085],[108.10896872517331,34.335740693682304]],[[108.10828313995295,34.332810196061381],[108.10824015379566,34.332807531421771],[108.10819605578433,34.332804728019731],[108.1081519642069,34.332801855182062],[108.10810787688781,34.33279891110768],[108.10806380035076,34.332795898495299],[108.10801972807455,34.332792816449221],[108.1079756622304,34.332789663164526],[108.10793160499522,34.332786441343771],[108.10788755528013,34.332783149184969],[108.10784351417075,34.332779785785675],[108.10779948058517,34.332776354752788],[108.10775545452115,34.332772854283334],[108.10771143597766,34.332769283475869],[108.10766742930268,34.332765643228058],[108.10762640255362,34.332762186050715],[108.10758538551094,34.332758668451788],[108.10754437491467,34.332755090434212],[108.10750113954721,34.332751252024728],[108.10745791061639,34.332747345081735],[108.10741468921245,34.332743372308713],[108.10737147967875,34.332739330997391],[108.10732827658543,34.332735223857014],[108.10728508318924,34.332731048180264],[108.10724190166474,34.332726804866759],[108.10719872766761,34.33272249572326],[108.10715556336903,34.332718118944932],[108.10711241202917,34.33271367452889],[108.10706926712915,34.332709163382376],[108.10702613410248,34.332704585500615],[108.10698301077365,34.332699939082573],[108.1069399004062,34.332695226829856],[108.10689679865236,34.332690447844783],[108.10685370768334,34.332685600322499],[108.10681062750264,34.332680686967464],[108.10676756136814,34.332675705973905],[108.10672450167429,34.332670658249917],[108.1066814571124,34.332665541984987],[108.10663842442591,34.332660359886404],[108.10659540252711,34.332655111053654],[108.10655964289718,34.332650691560211],[108.1065478658705,34.332787705397287],[108.10653063986946,34.332988103543684],[108.10652955700085,34.332995422714177],[108.10652882302224,34.332998493799373],[108.10638921362539,34.333524042856432],[108.10657981046744,34.33355534784431],[108.10749966299056,34.333706426326827],[108.10779906186812,34.333755598579579],[108.10807721819927,34.333801282086185],[108.10824577883618,34.333828965545337],[108.10827779279791,34.332955999228105],[108.10828313995295,34.332810196061381]],[[108.10990454590036,34.332717977816159],[108.10994064021941,34.332718069821404],[108.10998406306715,34.332718111061645],[108.11002743366585,34.332718084722309],[108.1100709095832,34.33271798976034],[108.11011433325248,34.332717828120281],[108.11015778725795,34.332717597023439],[108.1102011781483,34.332717299258313],[108.1102445982891,34.332716932938887],[108.11028801834101,34.332716498993008],[108.11033137853637,34.332715997474544],[108.11037485600079,34.332715425519467],[108.11041827252416,34.332714787795716],[108.11046172155628,34.332714080613172],[108.11050510095249,34.332713306768404],[108.11054851285847,34.332712464366317],[108.11059192141359,34.332711553439253],[108.11063529727966,34.332710575816691],[108.11067873608229,34.332709529609268],[108.11072213675992,34.332708414908296],[108.11076559385258,34.332707230726825],[108.11080893675819,34.33270598262807],[108.11085232847068,34.332704664154221],[108.1108957200928,34.332703278053934],[108.11093904207917,34.332701826193208],[108.11098249219751,34.332700302082493],[108.11102587376658,34.332698712210345],[108.11106865759821,34.332697076889424],[108.11107607550312,34.33193870043813],[108.1109484002984,34.331938067947789],[108.11005703744081,34.331933649989253],[108.10993015117838,34.33193302023566],[108.10990454590036,34.332717977816159]],[[108.11116650165214,34.332693083789948],[108.11120082368721,34.332691609355926],[108.11124487958436,34.332689645580437],[108.11128895494562,34.332687610554359],[108.11133302586629,34.332685506102372],[108.1113770771303,34.332683330435358],[108.11142115329392,34.332681085315748],[108.11146520762969,34.332678770786046],[108.11150923796177,34.33267638504531],[108.11155323125463,34.332673931711362],[108.11159734180742,34.33267140343176],[108.11164137511358,34.332668807595574],[108.1116853170485,34.332666146018717],[108.11172942187765,34.332663404947084],[108.11177349835933,34.332660595372843],[108.11181742262006,34.332657723719471],[108.11186144457977,34.332654777138146],[108.11190543818927,34.332651760251323],[108.11194946864575,34.332648670295008],[108.11199338056802,34.332645518229015],[108.11203737714864,34.332642291246856],[108.11204729648604,34.332641547463702],[108.11204729168979,34.332633853321809],[108.11204718557396,34.332610435628816],[108.11204699723966,34.332587295667324],[108.11204672426543,34.332564246832838],[108.11204636304856,34.332541031304878],[108.11204591939646,34.332517930340437],[108.11204539095247,34.332494806014971],[108.11204477547258,34.332471605143084],[108.11204407540707,34.332448535964858],[108.11204329163895,34.33242544522755],[108.11204240850536,34.332401994889835],[108.11204145523797,34.332378920534097],[108.11204041609483,34.332355824621253],[108.1120392855743,34.332332655771893],[108.11203807804775,34.33230959787516],[108.11203678244711,34.332286499492206],[108.11203539657397,34.332263341693952],[108.11203393036187,34.332240239860965],[108.11203236388042,34.3322169154536],[108.11203072817376,34.332193832706587],[108.11202900109143,34.332170677924488],[108.11202720142694,34.332147691785792],[108.1120252915803,34.332124383017273],[108.11202498966408,34.332117160621507],[108.11202543619068,34.332108094912314],[108.11204190433645,34.331943479188297],[108.11192184457985,34.331942885819174],[108.11128614175612,34.331939740242774],[108.11117387350818,34.331939184133631],[108.11116650165214,34.332693083789948]],[[108.11319751930796,34.332629950412603],[108.11326558752144,34.332630392303273],[108.11333365583006,34.332630904471593],[108.11340172423525,34.33263148781905],[108.11346979056501,34.3326321432491],[108.11353785590497,34.332632869859303],[108.11360591916741,34.332633666749167],[108.1136739825271,34.332634534818169],[108.11374204707211,34.332635474966771],[108.11381010519339,34.332636485399078],[108.113878165587,34.332637567909984],[108.11394622173061,34.332638720702583],[108.11401427797352,34.332639945575792],[108.11408232888131,34.332641241633198],[108.11415038097178,34.332642607065786],[108.11421843098995,34.332644045482496],[108.11428647676017,34.332645555082401],[108.11435452154147,34.332647134960986],[108.11442256533644,34.332648786921226],[108.11449060379609,34.332650509164203],[108.11455864018184,34.332652302588357],[108.11462667340844,34.332654168096212],[108.11469470564573,34.332656102981282],[108.11476273363873,34.33265811085252],[108.11483075955731,34.332660189003505],[108.11489878122828,34.33266233743624],[108.11496679974216,34.332664558854162],[108.11498683475028,34.332665234184184],[108.11504819511897,34.331675574080755],[108.11507291472995,34.331276870514209],[108.11490972675698,34.331263954965138],[108.11489150685391,34.331262512560983],[108.11413009805815,34.331202248301807],[108.11341229300106,34.331145430372281],[108.11257295130393,34.331078986716356],[108.11251924276554,34.331074735105879],[108.11239151384019,34.331064623282614],[108.11237607174901,34.331219004512306],[108.11230669850228,34.331912524052136],[108.11228615901327,34.332117849954685],[108.11228742711099,34.332133306499813],[108.11228928875211,34.332157082275891],[108.11229106129295,34.332180862640939],[108.11229274799462,34.332204648493466],[108.11229434668009,34.332228437131043],[108.11229585626144,34.332252227653171],[108.11229727891674,34.332276023663795],[108.11229861355925,34.332299825163901],[108.11229986126953,34.33232362764511],[108.11230102205116,34.332347433811847],[108.11230209373186,34.332371244567604],[108.11230307739227,34.332395055403985],[108.11230397412258,34.332418869024416],[108.1123047839215,34.332442684527443],[108.11230550570231,34.332466501914055],[108.11230613946732,34.332490322987205],[108.11230668412736,34.332514145944948],[108.11230714076545,34.332537968081851],[108.11230751047061,34.332561791199851],[108.11230779215484,34.332585614398489],[108.11230798690599,34.332609438578238],[108.11230808264995,34.332630726980689],[108.11231260320052,34.332630690381428],[108.11238067235017,34.332630206941431],[108.11244874050603,34.332629793780065],[108.11251681201627,34.332629451794851],[108.11258488362216,34.332629181890248],[108.11265295206148,34.332628982266272],[108.11272104015588,34.332628853803449],[108.11278909465815,34.332628796550736],[108.11281772983709,34.332628802626751],[108.11285716664371,34.332628811362632],[108.1129252387246,34.332628897353665],[108.11299330872643,34.332629053624331],[108.11306137882518,34.332629281975628],[108.11312944793066,34.332629579704069],[108.11319751930796,34.332629950412603]],[[108.11352215331368,34.331072624065243],[108.11507653435747,34.331195654414351],[108.11509519951665,34.330554749936844],[108.11512843954895,34.329413417172084],[108.113491933118,34.329318157078632],[108.11257156890163,34.329264573253724],[108.11251326534227,34.329847456676099],[108.1123996026931,34.33098376104283],[108.11252432982029,34.330993634920503],[108.1132271561174,34.331049272937413],[108.11339680323218,34.331062702199574],[108.11352215331368,34.331072624065243]],[[108.114566932339,34.329299402334868],[108.11482238678165,34.329314271027812],[108.11513169512403,34.32933227440828],[108.11514480605001,34.329071826587949],[108.11520473882119,34.327881188894267],[108.11518327514928,34.327879860465643],[108.11514942829476,34.327877701692621],[108.11511558461318,34.327875478000514],[108.11508174736444,34.327873189386295],[108.1150479176365,34.3278708367504],[108.1150140943428,34.327868420093871],[108.11498027748341,34.327865939416711],[108.11494646705721,34.327863393817431],[108.11491266415209,34.32786078419651],[108.11487886985354,34.327858109651459],[108.11484508307746,34.32785537198626],[108.11481130056285,34.327852570302483],[108.11477752665378,34.32784970279311],[108.11474376570054,34.327846772158509],[108.11471000792237,34.327843777506381],[108.11467625549136,34.327840717933199],[108.11465266415516,34.327838532291146],[108.11464067287092,34.327837421171132],[108.11460509667612,34.3278340531756],[108.11456952908149,34.327830614846057],[108.11453397225795,34.327827104377505],[108.11449842403356,34.327823522673498],[108.11446288766703,34.327819868829479],[108.11442736207549,34.327816145550933],[108.1143918483408,34.327812349230925],[108.11435634537884,34.327808481673458],[108.11432085319092,34.327804543779997],[108.11428537394917,34.327800534647054],[108.1142499043938,34.327796454277689],[108.11421444778476,34.327792302668847],[108.11417900412212,34.327788079820571],[108.11414357232063,34.327783786635337],[108.11410815237785,34.327779421310211],[108.114072745383,34.327774985647153],[108.11403735242152,34.327770478743673],[108.11400197349475,34.327765901501266],[108.11396660534045,34.327761252120013],[108.11393125230887,34.327756533300317],[108.1138959122232,34.327751742339785],[108.11386058725796,34.327746880137873],[108.11382527741567,34.327741948497568],[108.11378998160619,34.32773694471544],[108.11375468353029,34.327731868806644],[108.11371943317981,34.327726726133662],[108.11368418056308,34.327721511334026],[108.11364894415273,34.327716224390606],[108.11361372286586,34.32771086800885],[108.11357851887213,34.327705439482337],[108.11354332891544,34.327699941518524],[108.1135081562545,34.32769437321295],[108.11347299871618,34.327688734567616],[108.11343785738593,34.327683024680056],[108.11340273552494,34.327677244448736],[108.11336762878801,34.327671394779195],[108.11333253717162,34.327665472967006],[108.11329746828578,34.327659481709546],[108.11326241343643,34.32765342011345],[108.1132273758835,34.327647288175676],[108.11319235671371,34.327641085895245],[108.11315735592714,34.327634813272191],[108.11312237352386,34.327628470306493],[108.11308740950398,34.327622056998173],[108.11305246495537,34.327615574247766],[108.11301753987814,34.327609022055249],[108.11298263318334,34.327602398618694],[108.1129477470467,34.327595705739078],[108.11291287712061,34.327588942518908],[108.11287803101149,34.327582108951241],[108.11284320328873,34.327575206844017],[108.11280839720988,34.327568234391315],[108.11277360951635,34.32756119249764],[108.11274258136574,34.327554844880524],[108.11257965632734,34.32918371097994],[108.114566932339,34.329299402334868]],[[108.11357571263166,34.32755822910466],[108.11361048952975,34.327563662535809],[108.11364521525438,34.32756901667409],[108.11368008869509,34.327574320182393],[108.1137148598815,34.327579537233383],[108.11374974943914,34.32758469917411],[108.11378456499915,34.327589778237268],[108.11381946958555,34.327594797709942],[108.11385433277991,34.327599739683663],[108.11388924696161,34.327604616693279],[108.11392415779,34.327609421577478],[108.11395909460609,34.327614156111892],[108.1139940215502,34.327618819428416],[108.11402897122441,34.327623414201142],[108.11406393601865,34.327627937732693],[108.11409891484871,34.327632391827038],[108.11413390445335,34.327636775585709],[108.11416890809363,34.327641089907154],[108.11420387033976,34.3276453258282],[108.11423895312809,34.327649505734932],[108.11427409016152,34.327653619772754],[108.11430904560738,34.327657641117298],[108.11434410963754,34.327661602852636],[108.11437918552835,34.327665494251228],[108.1144142406775,34.327669312639081],[108.11444946852976,34.327673077668017],[108.11448447567324,34.327676748237501],[108.11451959683374,34.327680359192499],[108.11455480483838,34.327683905149463],[108.11458984321601,34.327687364712723],[108.11462507276882,34.327690770899537],[108.11464164366568,34.327692339293222],[108.11469384595756,34.326859439621209],[108.11281428293647,34.326837983980909],[108.11275714825148,34.327409216812555],[108.11278066910953,34.327414078484928],[108.11281495686303,34.327421092891427],[108.11284946081861,34.327428077340159],[108.11288384729755,34.327434966330301],[108.11291822390115,34.327441779595368],[108.11295266345415,34.327448533294842],[108.11298712139086,34.327455216652034],[108.11302159879898,34.327461830567422],[108.11305608480988,34.327468373248024],[108.11309061311823,34.327474851874591],[108.11312515763791,34.327481261062275],[108.11315978684253,34.327487613368568],[108.11319429965623,34.327493870215491],[108.11322886998326,34.3275000656987],[108.11326346738988,34.32750619353591],[108.11329809296141,34.327512252824626],[108.11333280865061,34.327518255226735],[108.11336739817246,34.327524164883101],[108.11340217454119,34.327530032888482],[108.11343676822382,34.327535797382708],[108.11347148028307,34.327541510372967],[108.11350611508198,34.327547137784151],[108.11354095085593,34.327552725333994],[108.11357571263166,34.32755822910466]],[[108.11255769719693,34.326787021270611],[108.11264706216284,34.325893568027688],[108.11248599008304,34.325891512850603],[108.11132948400143,34.325876747689129],[108.11131250814546,34.326975290008342],[108.11131146107128,34.327043080643662],[108.11132858198977,34.327048231477647],[108.11136179539314,34.327058150042056],[108.11139503805461,34.327068001861115],[108.11142830671307,34.327077786036284],[108.11146160789052,34.327087504364556],[108.11149493615261,34.327097155949374],[108.11152829258712,34.327106741691239],[108.11156167610498,34.327116259788134],[108.11159508670727,34.327125711141512],[108.11162861352943,34.327135120911635],[108.11166199133818,34.327144413615706],[108.11169557558758,34.327153688994194],[108.11172900212925,34.327162846413124],[108.11176255141261,34.327171964045654],[108.11179612234574,34.327181014038032],[108.11182972036045,34.327189995483778],[108.11186334545903,34.327198910185849],[108.11189699546821,34.327207758146223],[108.11193059103655,34.32721651780178],[108.11196437347431,34.32722525113428],[108.11199802972955,34.327233877296393],[108.11203186850769,34.327242477139315],[108.11206569849914,34.327251001256343],[108.11209942948503,34.32725942719307],[108.11213325603116,34.32726780164846],[108.11215762944742,34.327274027504558],[108.11216707379151,34.327276101279502],[108.11220101537472,34.327284357516582],[108.11220629159678,34.327285709413715],[108.11223487860481,34.327292520963347],[108.11226880043927,34.327300624849173],[108.11230274500662,34.32730865929058],[108.11233671774583,34.32731662878998],[108.11237070561147,34.327324528851925],[108.11240471838423,34.327332360368871],[108.11243875715178,34.327340124241324],[108.11247289256558,34.32734783663102],[108.11250097472369,34.327354121214839],[108.11255769719693,34.326787021270611]],[[108.11282238921352,34.326756935936707],[108.11469892744178,34.326778357326972],[108.11482921366132,34.324699508124517],[108.11292905353001,34.324412650793626],[108.11292910155214,34.324413620744949],[108.11293066772613,34.324447187819423],[108.11293215023987,34.324480758576762],[108.1129335469177,34.324514331216022],[108.11293485993268,34.324547905735194],[108.11293608928831,34.324581484838724],[108.11293722954436,34.324615063122735],[108.11293828722384,34.324648643285656],[108.11293926232783,34.324682226228994],[108.11294015050991,34.324715811956736],[108.11294095393957,34.324749397762432],[108.11294167261906,34.324782985449076],[108.11294230654588,34.324816573213674],[108.11294285572235,34.324850162859235],[108.11294332014839,34.324883754385702],[108.11294369873366,34.324917345089659],[108.11294399365244,34.324950935870618],[108.11294420273508,34.324984529434971],[108.11294432602016,34.325018154630172],[108.11294436772222,34.325051713190689],[108.11294432254476,34.325085306988981],[108.1129441915235,34.325118898161804],[108.11294397792295,34.325152490312064],[108.11294367848323,34.325186083442809],[108.11294329319945,34.325219673948062],[108.11294282316166,34.325253264531305],[108.11294226945397,34.325286853388555],[108.11294162990428,34.325320441423301],[108.11294090668812,34.325354030436493],[108.11294009653956,34.325387615923731],[108.11293920380729,34.325421199683966],[108.1129382252314,34.325454781720225],[108.11293716190083,34.325488363834438],[108.11293601381185,34.325521943322173],[108.11293477987775,34.325555520184423],[108.11293346227282,34.325589095320659],[108.11293205990798,34.325622666928929],[108.11293057169894,34.325656236813195],[108.11292900618494,34.32568969047729],[108.11292865722662,34.325694436204046],[108.11282238921352,34.326756935936707]],[[108.11265712968545,34.325792909126271],[108.11266853215879,34.325678907050104],[108.11266997630497,34.325648062391835],[108.11267144457851,34.325614945974735],[108.1126728280933,34.325581826930971],[108.11267413213534,34.325548595274775],[108.11267534410668,34.325515580960435],[108.11267647975559,34.325482371995847],[108.1126775265251,34.325449328985691],[108.11267849166477,34.325416185084364],[108.11267937316899,34.32538306559983],[108.11268017311946,34.325349902017493],[108.11268088622552,34.325316800717182],[108.11268151456164,34.325283687775425],[108.11268206351508,34.32525052893088],[108.1126825256196,34.325217428762443],[108.11268290721769,34.325184254746318],[108.11268320091541,34.325151165550267],[108.11268341407435,34.32511797816651],[108.11268354155813,34.32508491436456],[108.11268358734561,34.325051699188457],[108.11268354644024,34.32501865897963],[108.11268342364961,34.324985325864027],[108.11268321758152,34.324952284003842],[108.11268292651201,34.324919056516201],[108.11268255309874,34.324886005794795],[108.11268209475297,34.324852820830387],[108.11268155504419,34.324819733300821],[108.11268092831307,34.324786573732503],[108.11268022124187,34.324753463819469],[108.11267942721719,34.324720333252152],[108.11267855169856,34.324687201858147],[108.11267759249847,34.324654058821672],[108.11267654857983,34.324620941104449],[108.1126754221436,34.324587869438595],[108.11267420972894,34.324554693279644],[108.11267291592804,34.324521596525869],[108.11267153731019,34.324488451169827],[108.11267007731956,34.324455395135288],[108.11266852577346,34.32442212643479],[108.11266690402292,34.324389173317705],[108.11266674789159,34.324386172424752],[108.11205929753616,34.324359271463358],[108.110489047671,34.324289718971002],[108.10955525433904,34.324248348597656],[108.10954451277371,34.324590588172782],[108.1095230941215,34.325273035263109],[108.10951220730539,34.32561992024889],[108.10950742434848,34.32577232379019],[108.11249251123336,34.325810455453549],[108.11265516744034,34.325812530800668],[108.11265712968545,34.325792909126271]],[[108.11266235903011,34.324304732889914],[108.11266150443532,34.324289688827605],[108.11265954242896,34.324256613421028],[108.11265748345294,34.324223338875683],[108.11265534859442,34.324190196016453],[108.11265313232057,34.324157110025311],[108.11265082461269,34.324123901516359],[108.11264843878919,34.3240907796214],[108.11264596708033,34.324057621745894],[108.1126434161815,34.324024559500167],[108.11264077382975,34.323991360312924],[108.11263805561902,34.323958309939904],[108.11263524268864,34.323925117219417],[108.11263236154397,34.323892102153586],[108.11262937357107,34.323858827558624],[108.1126263229373,34.323825820761506],[108.11262317099387,34.323792618435469],[108.11261995960493,34.323759650549405],[108.11261664257951,34.323726501562135],[108.11261325286159,34.323693431070438],[108.11260977404197,34.323660356152999],[108.11260621482653,34.323627286718093],[108.11260495873951,34.323615885915743],[108.10959140657717,34.323614574600491],[108.10956394736291,34.324167581469631],[108.11019129621627,34.324195357658255],[108.11266235903011,34.324304732889914]],[[108.10948266078086,34.323614525819053],[108.10815669157579,34.323613923528519],[108.10815667085076,34.323621483383839],[108.10815652067664,34.323645866830461],[108.10815628031862,34.323670251258108],[108.10815595411829,34.323694633057002],[108.10815554207673,34.323719013128652],[108.1081550431096,34.323743393276956],[108.10815445612911,34.323767772601421],[108.10815382224436,34.323790316547701],[108.10815378330601,34.32379214929712],[108.10815304863088,34.323815743560075],[108.1081522335447,34.323839334287996],[108.10815133696201,34.323862922383341],[108.10815035997041,34.323886508746632],[108.1081493003956,34.3239100924783],[108.10814815932403,34.3239336735774],[108.10814693784339,34.323957252944417],[108.10814563486358,34.323980827875879],[108.10814425038912,34.324004401977732],[108.10814278550076,34.324027970741561],[108.10814123911184,34.324051534168369],[108.10813961122811,34.324075096765526],[108.10813790184483,34.32409865492712],[108.10813747442737,34.324104276952497],[108.1086133465662,34.32412538507495],[108.10882753539515,34.324134884978619],[108.10883018683172,34.324135038579136],[108.10883603411808,34.324135376848105],[108.10945544015421,34.324162707714436],[108.10948266078086,34.323614525819053]],[[108.10796438432952,34.324089730979217],[108.10796605531188,34.324066693910986],[108.10796765763271,34.324043495537715],[108.10796918060996,34.324020279204625],[108.1079706157855,34.323997227920223],[108.10797197794534,34.323974009024262],[108.10797325760601,34.323950853304723],[108.10797445901798,34.323927685934784],[108.10797557890663,34.323904495198079],[108.10797661952482,34.323881343294921],[108.10797757759214,34.323858214001532],[108.1079784594768,34.323834989218014],[108.10797926210505,34.32381181408585],[108.10797994320816,34.323790469071305],[108.10797998323686,34.323788636320984],[108.10798064782179,34.323764575152495],[108.10798122141188,34.323740730420063],[108.10798171014325,34.323716802825928],[108.10798211723065,34.323692757209379],[108.10798243758653,34.323668863118378],[108.10798267419703,34.323644906898771],[108.10798282279566,34.323620950756684],[108.10798284464823,34.323612562437432],[108.10656501340689,34.323590954410044],[108.10656922860996,34.324089817942031],[108.10695418299666,34.324092560035119],[108.10737925402836,34.324095586680187],[108.107963623515,34.324099745323068],[108.10796438432952,34.324089730979217]],[[108.10795723074273,34.324180836649219],[108.10777446521659,34.324179536312364],[108.10656522063148,34.324170924250062],[108.10657378245894,34.324497239215418],[108.1065844883005,34.324905290653092],[108.10658978874369,34.325107311058382],[108.10660907969391,34.325842546353783],[108.1071227523625,34.325840019311457],[108.10771951313171,34.325837079907778],[108.10792865092786,34.325836049288739],[108.10792774487341,34.325814961701326],[108.10792635797583,34.325780699367137],[108.10792505691445,34.325746432449705],[108.10792384169379,34.325712164554922],[108.10792271339919,34.32567789478037],[108.10792166985736,34.325643623127952],[108.10792071215711,34.325609351399706],[108.10791984029369,34.325575075989697],[108.10791905535706,34.325540799601399],[108.10791835408618,34.325506521336202],[108.10791774191507,34.325472242090825],[108.10791721232525,34.325437962772483],[108.10791676966062,34.325403681574386],[108.10791641392227,34.325369399398028],[108.10791614402579,34.325335118047292],[108.10791595888335,34.3253008366217],[108.10791586065879,34.325266547907461],[108.1079158472042,34.325232271739104],[108.10791592175386,34.325197988281126],[108.10791608106061,34.325163707452731],[108.10791632511855,34.325129424746507],[108.10791665719083,34.325095142864015],[108.10791707293095,34.325060861809092],[108.10791757559861,34.325026581578861],[108.10791816519483,34.324992303074794],[108.10791884063178,34.32495802539637],[108.10791960082278,34.324923748544578],[108.10792044685543,34.324889473419887],[108.10792137764194,34.324855199121806],[108.10792239644307,34.324820926548945],[108.1079235010867,34.324786656604665],[108.10792469048501,34.324752388388475],[108.10792596681105,34.324718121898457],[108.10792732680613,34.324683858038945],[108.10792877481531,34.324649595904617],[108.10793030975421,34.324615337299399],[108.10793192836184,34.324581081324695],[108.10793363281007,34.3245468270771],[108.10793542310232,34.324512577261046],[108.10793729814839,34.324478329173054],[108.10793926229682,34.324444084612253],[108.10794131120466,34.324409846286891],[108.10794344377945,34.324375609690534],[108.10794566328197,34.324341375721772],[108.10794796862783,34.324307146184559],[108.10795035981697,34.324272921078844],[108.10795283684809,34.324238699503169],[108.10795540081115,34.324204484161001],[108.10795723074273,34.324180836649219]],[[108.108128906828,34.324213578511667],[108.10812636537274,34.324247497249566],[108.10812390868789,34.324281431237615],[108.10812154107244,34.324315343511195],[108.10811925605789,34.324349273741269],[108.1081170547032,34.324383200291344],[108.1081149402948,34.324417143892617],[108.10811291063533,34.324451085615877],[108.10811096249176,34.32448504619812],[108.10810910449439,34.324518976951609],[108.10810732484703,34.324552999586992],[108.10810563954095,34.324586874295704],[108.10810403475593,34.324620839081412],[108.10810251471587,34.324654798383207],[108.10810107943006,34.324688759412957],[108.10809973107411,34.324722723971711],[108.10809846428459,34.324756746153177],[108.10809728645498,34.324790660077973],[108.10809619236397,34.324824630722063],[108.10809518200476,34.32485865267661],[108.10809426061962,34.324892577192259],[108.10809341970675,34.324926553021221],[108.10809266684802,34.324960561225666],[108.10809199866245,34.324994507152851],[108.10809141418721,34.325028487262308],[108.1080909155713,34.325062482621014],[108.1080905027582,34.32509644905636],[108.10809017471689,34.325130429840399],[108.10808993250521,34.325164402435178],[108.10808977507244,34.325198394787563],[108.10808970129399,34.325232377149618],[108.1080897144147,34.325266337799199],[108.10808981234472,34.325300341644912],[108.10808999608867,34.325334324680597],[108.10809026236493,34.325368269780974],[108.10809061566326,34.32540228872594],[108.10809105475273,34.325436268831247],[108.10809157636439,34.325470202887907],[108.10809218610817,34.325504228817842],[108.10809288054408,34.325538205992743],[108.10809365746202,34.325572105567154],[108.10809452476305,34.325606157412174],[108.10809547454517,34.325640130755204],[108.10809650799564,34.325674104024181],[108.1080976261977,34.325708074513699],[108.10809883354639,34.325742080082193],[108.10810012228998,34.325776007149607],[108.10810149583519,34.325809970201284],[108.10810261474072,34.325836013050157],[108.1083113368917,34.325826091721723],[108.10846945176526,34.32581857585312],[108.10876981594649,34.325804298614081],[108.10877084468103,34.325615456896024],[108.10877151669983,34.325492058632157],[108.10877684827557,34.324513314858862],[108.10877847973725,34.324213929118287],[108.10813109904181,34.324185239360069],[108.108128906828,34.324213578511667]],[[108.10886763713738,34.325799648391417],[108.1094095492342,34.325773886092144],[108.10945756784372,34.324244020478147],[108.10887624874972,34.324218262213591],[108.10886763713738,34.325799648391417]],[[108.11123170288595,34.325875498735897],[108.10945827249247,34.325852835881193],[108.10882705791434,34.325882702001749],[108.10882129506133,34.3258830505874],[108.10881855922739,34.325883216186661],[108.10869386047341,34.325889148697151],[108.10810639793668,34.325917096279966],[108.10810773589368,34.325943640159373],[108.10810946982676,34.325976468826632],[108.10811128861747,34.326009376749262],[108.10811318341588,34.326042241333418],[108.10811515860777,34.326075093225654],[108.10811721422796,34.326107959470399],[108.10811935024412,34.326140814826154],[108.10812156558019,34.326173667407218],[108.10812386022931,34.326206511804699],[108.10812623311421,34.326239355231408],[108.10812868638507,34.326272179655781],[108.10813122009748,34.326305028348919],[108.10813383419604,34.326337858039736],[108.10813652764396,34.326370707492863],[108.10813929926452,34.326403506393717],[108.10814215131892,34.326436323252942],[108.10814508490542,34.326469167084397],[108.10814809338073,34.326501941435325],[108.10815018090183,34.326524082710051],[108.10817054422841,34.326521830851931],[108.10819308706576,34.326519411192194],[108.10821564086041,34.326517063637255],[108.10823820343806,34.3265147872875],[108.10826077588537,34.326512582142016],[108.1082833625488,34.326510448196913],[108.10830595691111,34.326508387260951],[108.10832855897004,34.326506397531141],[108.10835116872566,34.326504479007468],[108.10837378943899,34.326502632588543],[108.10839642002229,34.326500857373816],[108.10841905721817,34.326499155169159],[108.10844170211097,34.326497524170641],[108.10846435470189,34.326495965279712],[108.10848701173002,34.326494477597812],[108.10850968080281,34.326493062019651],[108.10853235214203,34.326491719455376],[108.10855502900525,34.326490448099136],[108.10857771356689,34.326489248850493],[108.10860040256718,34.326488121712309],[108.10862309491843,34.326487065784093],[108.10864579605487,34.326486081962486],[108.10866849945695,34.326485170253278],[108.10869120621248,34.326484331556969],[108.10871391631922,34.326483564070607],[108.10873663195156,34.326482868693738],[108.10875934985093,34.326482246330741],[108.10878206892846,34.326481695179609],[108.1088047924452,34.326481216138944],[108.10882751714135,34.32648080921161],[108.1088502419304,34.326480474398593],[108.10887297007221,34.326480211696975],[108.10889570048025,34.326480021107756],[108.10891842772271,34.326479903537219],[108.10894114201676,34.326479856289637],[108.10896388900436,34.326479882930315],[108.10898661652523,34.326479980801231],[108.1090093463126,34.326480150784533],[108.1090320761945,34.326480393783598],[108.10905480290883,34.326480707998421],[108.10907752754463,34.326481095230953],[108.10910025009841,34.326481552776777],[108.10912297166037,34.32648208333935],[108.10914569005732,34.326482686920635],[108.10916840311266,34.326483360818116],[108.1091911195239,34.326484108629941],[108.10921382624838,34.326484927663344],[108.10923652872034,34.326485818814938],[108.10925922802645,34.326486782083762],[108.10928192416559,34.326487816568331],[108.10930461714131,34.326488924973077],[108.10932729934279,34.326490103698887],[108.10934998055185,34.326491354539996],[108.1093726564233,34.326492678401763],[108.10939532369507,34.326494073484142],[108.10941798345496,34.326495540687631],[108.1094406378751,34.326497079108847],[108.10946328478464,34.326498690552661],[108.10948592309354,34.326500372315621],[108.10950855606519,34.326502127099275],[108.10953117391672,34.326503952207908],[108.10955267905909,34.326505755770654],[108.10957417341957,34.326507623344526],[108.10959566134694,34.32650955672861],[108.10961713957794,34.326511553221394],[108.10963860703065,34.326513616429779],[108.10966006370165,34.32651574364931],[108.10968151611063,34.326517934874175],[108.10970295665368,34.326520191914128],[108.10972438532859,34.326522512966235],[108.10974580539634,34.326524898929037],[108.10976721359602,34.326527348904008],[108.10978861427523,34.326529863788714],[108.10980999982785,34.32653244358999],[108.10983137351251,34.326535087403464],[108.10985273750367,34.326537796128626],[108.10987471345098,34.326540655750115],[108.10989013346706,34.326544003543589],[108.10989842913419,34.326546911494503],[108.109930232256,34.326559710147855],[108.109962080946,34.326572448352643],[108.10999391540918,34.326585101822538],[108.11002578565746,34.326597692148191],[108.11005769494824,34.32661021752368],[108.11008963893855,34.32662268065733],[108.11012161979805,34.326635078842713],[108.11015372450092,34.326647447159381],[108.11018568778259,34.326659683978392],[108.11021782382714,34.326671908012763],[108.11024989781365,34.326684032030002],[108.1102820565044,34.326696109986905],[108.11031422380043,34.326708114005996],[108.11034647688605,34.326720071062233],[108.11037874183901,34.32673195598062],[108.11041103713981,34.326743775054901],[108.11044328995037,34.326755501306238],[108.1104757013895,34.32676720847482],[108.11050813230435,34.326778845301568],[108.11054056638746,34.32679040549084],[108.11057301342647,34.32680189534414],[108.1106054810264,34.32681331395311],[108.11063806594362,34.326824698191139],[108.11067063228724,34.326835998599371],[108.11070323223915,34.326847234061788],[108.11073579622564,34.326858381202733],[108.11076856449336,34.326869520938352],[108.11080122287426,34.326880548079266],[108.1108339170364,34.326891510272318],[108.11086671872779,34.326902431792568],[108.11089954750628,34.326913287471243],[108.11093232509927,34.326924049433266],[108.11096517869667,34.326934760834625],[108.11099814851961,34.326945434259493],[108.11103097910593,34.326955987003068],[108.11106392591526,34.32696649996717],[108.1110969052455,34.32697694798614],[108.11112999862549,34.32698735622747],[108.11116294842435,34.326997645594467],[108.11119601553267,34.327007895180834],[108.11121411711241,34.327013465231325],[108.11121520334527,34.326943175651259],[108.11123170288595,34.325875498735897]],[[108.10797475303279,34.326513038382281],[108.10797171487395,34.326479942223948],[108.10796875711915,34.326446840585589],[108.10796588085601,34.326413734367733],[108.10796308391126,34.326380623572277],[108.10796036737023,34.326347507296788],[108.10795773123631,34.32631438824577],[108.10795517550477,34.326281262813218],[108.10795269909354,34.326248134606097],[108.10795030417344,34.326215001819477],[108.10794798965775,34.326181864454362],[108.10794575554985,34.326148725215184],[108.10794360293161,34.326115580495056],[108.1079415285466,34.326082433001311],[108.1079395345668,34.326049281830549],[108.10793762207985,34.326016127883307],[108.10793578999674,34.325982969357575],[108.10793403832085,34.325949808957809],[108.10793284757837,34.325926177637449],[108.10772460273515,34.325927203872496],[108.10661144511819,34.325932684456518],[108.10662934709565,34.326614976782757],[108.10663465576242,34.326817306330781],[108.10665252727833,34.327498398707874],[108.10665366181249,34.327495047810821],[108.10665794697613,34.327482668526962],[108.10666231475318,34.32747031441248],[108.10666676622114,34.327457978254564],[108.1066713002967,34.327445662758628],[108.10667591915541,34.327433369725711],[108.10668062279264,34.327421095549859],[108.10668541121636,34.327408846541481],[108.10669027790456,34.327396620903237],[108.10669523371878,34.327384415019758],[108.10670026997293,34.327372234307482],[108.10670538884021,34.327360078764507],[108.10671058923168,34.327347946588795],[108.10671585273539,34.327335885574968],[108.10672124328229,34.327323754134547],[108.10672669042626,34.327311697467607],[108.10673222235641,34.327299665967999],[108.10673783363967,34.327287659640497],[108.1067435297102,34.327275679381799],[108.10674930513834,34.32726372790107],[108.10675516317934,34.327251801589554],[108.1067611016645,34.327239904055055],[108.10676712167927,34.327228034395127],[108.10677322214043,34.327216195315138],[108.10677940195677,34.32720438321013],[108.10678566330148,34.32719259807817],[108.1067920040082,34.327180845330048],[108.1067984251589,34.32716912135885],[108.10680492892796,34.327157427064193],[108.10681150771359,34.327145766058578],[108.10681816694429,34.327134134731352],[108.10682490770779,34.327122533983037],[108.10683172565875,34.327110964718884],[108.10683862188718,34.327099429642367],[108.1068455963885,34.32708792514758],[108.1068526502527,34.327076453937984],[108.1068597823932,34.327065016014522],[108.10686699172673,34.327053614082573],[108.10687427716098,34.327042243635645],[108.10688164304464,34.32703090647292],[108.10688908286376,34.327019607107452],[108.10689659987355,34.327008341930501],[108.10690419624609,34.326997110038647],[108.10691190776852,34.32698585550871],[108.10691961513801,34.326974755135424],[108.10692743766079,34.326963634828452],[108.10693533737415,34.326952548709912],[108.10694331211059,34.326941501289113],[108.10695135969453,34.326930490764902],[108.10695948338812,34.326919518937451],[108.10696768101811,34.326908585808624],[108.10697595583973,34.326897687769602],[108.10698430242793,34.326886831135518],[108.10699272295361,34.326876014101501],[108.10700121850222,34.326865235765077],[108.10700965128984,34.326854665725385],[108.10701548574536,34.326848178065845],[108.1070173774018,34.326846365334319],[108.10702384815062,34.326840372933802],[108.10703062943796,34.326834199063534],[108.10703747815114,34.32682807020808],[108.10704438994946,34.32682199087867],[108.10705136266317,34.326815963781591],[108.10705840063294,34.326809984405656],[108.107065497346,34.326804058165415],[108.10707265931512,34.326798179646296],[108.10707987785662,34.32679235606772],[108.10708716274193,34.326786581110774],[108.10709450419733,34.326780859291382],[108.10710190439833,34.326775192410636],[108.10710936225603,34.32676957866645],[108.10711687994248,34.32676401715549],[108.10712445528793,34.326758510584078],[108.10713208828894,34.326753056247746],[108.1071397485515,34.326747678513108],[108.10714751858315,34.326742318711588],[108.10715532455889,34.326737027390799],[108.10716317625243,34.326731800034786],[108.10717108668817,34.326726624912844],[108.10717933489897,34.32672132509019],[108.10718764729066,34.326716082004211],[108.10719601517842,34.326710901972874],[108.1072044363879,34.326705784096582],[108.10721291852421,34.326700727467184],[108.10722145072589,34.32669573570012],[108.107230035165,34.326690807891978],[108.10723867727116,34.326685941333572],[108.10724736510086,34.326681143247178],[108.10725610951219,34.326676407312917],[108.10726490073255,34.326671738948221],[108.10727374201605,34.326667133642836],[108.10728263771256,34.326662594097364],[108.10729157804495,34.326658122123348],[108.10730068137967,34.326653659922165],[108.10730960565094,34.326649376370774],[108.10731868640838,34.32664510530234],[108.10732781506042,34.326640900900991],[108.10733699269367,34.326636763165745],[108.10734620953447,34.326632696612549],[108.10735546557937,34.326628698537],[108.10736477495081,34.326624766222224],[108.10737412135778,34.326620905992876],[108.10738350588345,34.326617115143534],[108.10739293504631,34.326613392767051],[108.10740240450343,34.326609741571602],[108.10741190990839,34.326606161561031],[108.10742145451988,34.326602651830974],[108.10743103399265,34.326599213286713],[108.10744065593181,34.326595845020094],[108.10745031490436,34.326592547035872],[108.10746000548187,34.326589322944749],[108.10746972874985,34.326586171844248],[108.10747948253396,34.326583092834802],[108.10748927443926,34.326580085008267],[108.1074991012083,34.326577150170422],[108.10750895414942,34.326574289230393],[108.10751884521297,34.326571500374719],[108.10752875918998,34.326568786321182],[108.10753869933912,34.326566146165433],[108.10754867109344,34.326563579902697],[108.10755867119201,34.326561086634371],[108.10756869637849,34.326558669067708],[108.10757874882383,34.326556325397874],[108.10758882635595,34.326554056528224],[108.10759892571626,34.326551863363107],[108.10760904581701,34.326549745002005],[108.10761919426331,34.326547700536736],[108.10762936019259,34.326545732681282],[108.10763955120882,34.326543839625984],[108.1076497629679,34.326542023177637],[108.10765998569042,34.326540283344819],[108.10767023349996,34.326538618312163],[108.10768061938134,34.326537010852135],[108.10769077830746,34.326535517177611],[108.10770107747869,34.326534081073781],[108.10771138218165,34.326532722491756],[108.1077217108863,34.326531439612282],[108.10773205055575,34.326530234249802],[108.1077423990145,34.32652910460326],[108.10775276712977,34.326528051564559],[108.10776313969262,34.326527077851544],[108.10777352430468,34.326526179851591],[108.1077839187939,34.326525358468096],[108.10779431664301,34.326524615509761],[108.10780472871463,34.326523948262555],[108.1078151463194,34.326523359438582],[108.10782556945621,34.326522848136356],[108.10783600138373,34.326522413451535],[108.10784643232604,34.326522058097169],[108.10785686227969,34.326521779368804],[108.10786729885095,34.32652157725974],[108.107877742041,34.326521452671486],[108.10788817772516,34.326521406517912],[108.10789862111362,34.326521436982709],[108.10790906568909,34.326521545874556],[108.1079195027576,34.326521732299632],[108.10792993883884,34.32652199625219],[108.10794037067299,34.326522337735121],[108.10795079825895,34.326522755846923],[108.10796122268566,34.326523252389606],[108.10797164177761,34.326523825562148],[108.10797579510893,34.326524084231863],[108.10797475303279,34.326513038382281]],[[108.10787949242096,34.326665682040662],[108.10787054544666,34.326665789084551],[108.10786168982899,34.326665960052587],[108.10785284298834,34.326666196820504],[108.10784393646973,34.326666500350044],[108.10783501156642,34.326666872407777],[108.10782625407393,34.326667302012375],[108.1078172663215,34.326667810248054],[108.10780851660223,34.326668370559524],[108.10779957030771,34.326669009472354],[108.10779076643088,34.326669705052623],[108.10778201913571,34.326670461883282],[108.10777309917285,34.326671299097214],[108.10776422927545,34.326672200271688],[108.1077554452922,34.326673158163352],[108.10774675156838,34.326674171866898],[108.10773786780378,34.326675275885272],[108.10772909711264,34.326676432089521],[108.10772038843145,34.326677645933493],[108.10771157662853,34.32667894280393],[108.10770289636326,34.326680285533698],[108.10769423573952,34.326681693152302],[108.10768541007248,34.326683195571093],[108.10767680284953,34.32668472664465],[108.10766803710634,34.326686355217085],[108.10765946264438,34.326688014271134],[108.10765084916218,34.326689749984894],[108.10764218796687,34.326691562366037],[108.10763365504349,34.326693416102025],[108.10762505376837,34.326695351932401],[108.10761648517041,34.326697349935756],[108.1076078938477,34.326699421880051],[108.10759942101747,34.326701535187851],[108.1075910438621,34.326703690780683],[108.1075824093558,34.326705983624386],[108.10757404975435,34.32670827171858],[108.107565739121,34.326710615661128],[108.10755718417933,34.326713099547469],[108.10754893889317,34.326715562427196],[108.10754062309449,34.326718117319487],[108.10753219768043,34.326720775977989],[108.10752403412161,34.326723421785232],[108.10751571750501,34.326726188524979],[108.10750754760832,34.326728977672417],[108.10749929742875,34.326731866052896],[108.10749125044381,34.326734754254446],[108.10748302651523,34.326737778734646],[108.10747505356545,34.326740782259947],[108.1074669177944,34.326743919347017],[108.10745885596938,34.326747101442798],[108.10745094519916,34.32675029692777],[108.10744299868065,34.326753578985901],[108.10743502402009,34.326756947610541],[108.10742711027314,34.326760366664274],[108.10741934648517,34.326763791896319],[108.10741155998585,34.326767301887173],[108.10740368561896,34.326770928245828],[108.10739608501176,34.326774503880891],[108.10738829880103,34.326778241945107],[108.10738070055523,34.326781966321768],[108.10737307417297,34.326785781772372],[108.10736547829191,34.326789657595086],[108.10735799544474,34.326793554953831],[108.10735053006755,34.326797519006512],[108.10734306587727,34.326801562388184],[108.10733563870436,34.32680566343182],[108.1073283517064,34.326809767056631],[108.10732095079769,34.326814015018016],[108.10731377801017,34.326818211394574],[108.10730652606263,34.326822535850567],[108.10729934045013,34.326826901716238],[108.10729229608998,34.326831262950328],[108.10728508463035,34.32683581183877],[108.10727821310688,34.326840226108104],[108.10727139597158,34.326844686305009],[108.10726472224698,34.326849130149249],[108.10725808445083,34.326853629853588],[108.10725155097744,34.326858136678048],[108.10724495137971,34.326862768866157],[108.10723846479186,34.326867403659378],[108.10723199676276,34.326872106948713],[108.10722567430392,34.32687678306575],[108.1072193204692,34.326881566486371],[108.1072128777223,34.326886499630589],[108.10720681719332,34.326891222394444],[108.10720055594967,34.326896187832503],[108.10719436102733,34.326901183862603],[108.10718823460178,34.326906212285813],[108.10718228087391,34.32691118376416],[108.10717633593907,34.326916234564983],[108.10717033250434,34.32692142514653],[108.10716448330761,34.326926568715685],[108.10715860383526,34.326931830405293],[108.10715284386728,34.326937074861881],[108.10715112253416,34.326938671090645],[108.10714643584497,34.326944542039747],[108.1071385424075,34.326954559008058],[108.10713060355859,34.326964755410593],[108.10712273430111,34.32697499141694],[108.10711506372043,34.326985092928126],[108.10710735099727,34.326995381082547],[108.1070997566725,34.327005637581046],[108.10709225580115,34.32701589940622],[108.10708469760108,34.327026368622057],[108.10707739555836,34.327036616750206],[108.10707004812707,34.327047062342267],[108.10706272689737,34.327057606172573],[108.1070556097504,34.32706799386753],[108.10704840926243,34.327078641261899],[108.10704144321825,34.327089082011405],[108.10703446324904,34.327099682335081],[108.10702757130379,34.327110290694762],[108.10702072617374,34.327120972033214],[108.10701397774118,34.327131646074911],[108.10700729564508,34.327142363329429],[108.10700067554818,34.327153131012402],[108.10699420853128,34.327163795792274],[108.10698765929644,34.327174749118008],[108.10698130218073,34.327185537304246],[108.10697501573316,34.327196356980309],[108.10696872515032,34.327207344335392],[108.10696258438557,34.32721822698732],[108.10695657717295,34.327229031093289],[108.10695045308282,34.327240212120728],[108.10694451891828,34.327251211783995],[108.1069387291401,34.327262107650377],[108.1069328463509,34.32727334976699],[108.10692723476957,34.327284241871276],[108.10692152043657,34.327295510884703],[108.10691598733197,34.327306594935699],[108.10691046204032,34.327317843049443],[108.10690512664264,34.32732888455763],[108.10689974054205,34.3273402172887],[108.10689449880525,34.327351428193367],[108.10688928656334,34.327362763476636],[108.10688419810373,34.327374027434516],[108.10687918464423,34.327385311159325],[108.10687420069571,34.327396731883496],[108.10686940226998,34.327407926173436],[108.10686454234485,34.327419466686131],[108.10685988417892,34.327430731168896],[108.10685517103899,34.327442346376152],[108.10685062606018,34.327453754095487],[108.10684616584298,34.327465167149604],[108.10684178172646,34.327476610787542],[108.10683741738492,34.327488225689713],[108.10683315513489,34.327499801738924],[108.10682901878255,34.327511260485416],[108.10682490331128,34.327522905820409],[108.10682090291159,34.327534465414033],[108.10681697319799,34.327546070019984],[108.10681312390088,34.327557680866029],[108.10680933663578,34.327569367382345],[108.1068055854313,34.327581214330969],[108.10680322888938,34.327587478985052],[108.10679793965562,34.327597244850125],[108.10678327485223,34.327619695537024],[108.10668357740077,34.327772318670995],[108.10667691447708,34.3277809540768],[108.10666910736258,34.327788570752517],[108.10666031007909,34.327795018433406],[108.10668732933085,34.328824701443466],[108.10684380797019,34.328834248748294],[108.107602296048,34.328880523946225],[108.10806647187347,34.328908840959194],[108.10810770962368,34.328911356659411],[108.10823740310767,34.328919267999147],[108.10823533618944,34.328828615864978],[108.10820792670472,34.328655759217298],[108.10814488530883,34.328258180050469],[108.1080187977575,34.327462990893899],[108.10801810529837,34.327455985182638],[108.10798626617765,34.326669559872641],[108.10797707261773,34.326668876541483],[108.1079681486121,34.326668252469844],[108.10795937574045,34.326667703087381],[108.10795051819342,34.326667215981232],[108.10794152380934,34.326666787591428],[108.10793274575778,34.326666435636334],[108.1079238754234,34.326666145062738],[108.10791507797927,34.326665922936947],[108.10790609915072,34.326665762271169],[108.10789715626669,34.326665669184258],[108.10788832104306,34.326665643613062],[108.10787949242096,34.326665682040662]],[[108.10560880787014,34.327844122956606],[108.10560031434373,34.327840256610465],[108.10559186745579,34.327836320809361],[108.10558355962996,34.327832364153679],[108.10557511686876,34.327828251657287],[108.10556680881757,34.327824113802698],[108.10555890513641,34.327820092791704],[108.1055485592953,34.327813917538926],[108.10553783301154,34.327805037264177],[108.10552913042517,34.327794747129047],[108.10552271271605,34.327783359723369],[108.10552014838999,34.327776493537812],[108.10547990069354,34.327645942159634],[108.10518771991264,34.327664252862213],[108.10517838572554,34.328732635648279],[108.10618233516472,34.328793888646238],[108.10638218239174,34.328806082644043],[108.10643564452305,34.32880934463153],[108.10658935306398,34.328818723387407],[108.10656380144643,34.327844510898643],[108.10655733752699,34.327847396759466],[108.10654876446721,34.327851135454402],[108.1065401424256,34.32785480838313],[108.10653148117491,34.32785841012825],[108.10652278288725,34.327861939786366],[108.10651404104749,34.327865400969088],[108.10650525674112,34.327868792773955],[108.10649643757107,34.327872112489899],[108.10648757702222,34.327875363728538],[108.10647867943537,34.327878541978656],[108.10646974698602,34.327881649041309],[108.10646077532775,34.327884684920299],[108.10645176771928,34.327887648711275],[108.10644272959259,34.327890539508026],[108.10643357296446,34.327893383530011],[108.10642455961028,34.327896101219281],[108.1064154244971,34.32789877393953],[108.10640625669141,34.327901372765957],[108.10639705728214,34.327903899500562],[108.10638783061121,34.327906350533624],[108.10637857993967,34.327908726763809],[108.10636930309542,34.327911029094452],[108.10635999138782,34.327913259336071],[108.10635065893609,34.327915412067519],[108.10634130791695,34.327917489991314],[108.10633192203338,34.327919494924608],[108.10632251758014,34.327921423247275],[108.10631309347177,34.327923275861778],[108.10630364427637,34.327925053674271],[108.10629417542475,34.32792675487709],[108.10628468909019,34.327928379468347],[108.10627518527387,34.327929928349519],[108.10626555098881,34.327931418746793],[108.10625612302159,34.327932798081946],[108.10624656893107,34.327934118027969],[108.10623699627109,34.327935361363352],[108.10622741590679,34.327936527177165],[108.10621781914747,34.327937617279908],[108.10620820381766,34.327938629870538],[108.10619858404345,34.327939564936777],[108.10618895656502,34.32794042248144],[108.10617931269169,34.327941204315032],[108.10616966219966,34.327941907724629],[108.10616000943659,34.32794253360796],[108.10615033919206,34.327943083781143],[108.106140669933,34.327943553720758],[108.10613099514538,34.327943947939886],[108.10612131373919,34.327944263735013],[108.10611163875508,34.327944501996335],[108.10610194846174,34.327944663644125],[108.10609213093385,34.327944746070926],[108.10608257953054,34.327944750738908],[108.10607288894329,34.327944678900707],[108.10606320043061,34.327944528630972],[108.1060535194279,34.327944301727953],[108.10604384049869,34.327943995491907],[108.10603416582074,34.327943613526912],[108.10602449539076,34.327943153128494],[108.10601483029644,34.327942615197188],[108.10600516619137,34.32794199973678],[108.10599552046038,34.327941305830734],[108.10598589293684,34.327940400961282],[108.10597609829944,34.327939675630674],[108.10596675547893,34.327938776823729],[108.10596202909014,34.327938244531154],[108.10595711438508,34.327937449168481],[108.10594740880018,34.327936683191822],[108.10593782225317,34.327935526769529],[108.10592825843143,34.327934295503781],[108.10591869559917,34.327932986708944],[108.10590928590827,34.327931620086048],[108.10589962506326,34.327930138289844],[108.10589011518528,34.32792859776599],[108.10588063238146,34.327926984197902],[108.10587116143455,34.327925293992834],[108.10586170777661,34.327923526244589],[108.10585228010399,34.327921683650104],[108.10584287733123,34.327919767111823],[108.10583349184861,34.327917773931851],[108.10582413126365,34.327915705005132],[108.10581479340537,34.327913562136501],[108.10580548153142,34.327911343520164],[108.10579620216492,34.327909051854974],[108.10578693900206,34.327906683549053],[108.10577771377982,34.327904242189589],[108.10576851454647,34.327901728688396],[108.10575933803658,34.327899138540879],[108.10575020055624,34.327896477141834],[108.10574120211298,34.327893775055365],[108.10573201659633,34.327890933399964],[108.10572297446556,34.327888052856338],[108.10571396592906,34.327885099262957],[108.10570499098908,34.327882074422796],[108.10569604855569,34.327878975632373],[108.10568714624084,34.327875807392523],[108.10567828839108,34.327872569699494],[108.1056694608758,34.327869258959574],[108.10566066912928,34.327865876069552],[108.105651921849,34.327862424627867],[108.10564321686063,34.327858903734921],[108.1056345519909,34.327855313392611],[108.10562592615101,34.327851651798895],[108.10561734042867,34.327847919854335],[108.10560880787014,34.327844122956606]],[[108.10518094866036,34.328814143677441],[108.10524350838554,34.329785396503183],[108.10635276729188,34.329824902129573],[108.10640229451649,34.329826665678297],[108.10652542688285,34.329831050718965],[108.10652668187377,34.329797452288169],[108.10652901362246,34.32973281849489],[108.10653126386832,34.329668183870311],[108.10653343261042,34.329603547512946],[108.10653552093441,34.329538908520377],[108.10653752775617,34.329474268696494],[108.1065394541602,34.329409626237428],[108.10654129579446,34.329344976639547],[108.10654305594069,34.329280337028152],[108.10654473675069,34.329215690273216],[108.10654633605826,34.329151041785487],[108.10654785169254,34.329086393369892],[108.10654928799572,34.329021741416689],[108.10655064171266,34.328957089534626],[108.10655180866112,34.328897701569574],[108.10641984850568,34.328889678630425],[108.10638109506313,34.328887322470592],[108.10617516208197,34.328874802903769],[108.10585471300956,34.328855252203958],[108.10518094866036,34.328814143677441]],[[108.10672447708995,34.328959519110036],[108.10672312043705,34.329024321543962],[108.10672168228453,34.329089124048203],[108.10672016154325,34.329153924820744],[108.10671856147296,34.329218723858766],[108.10671687664028,34.329283521166957],[108.10671511139272,34.329348317643046],[108.10671326464227,34.329413112386476],[108.10671133530332,34.32947790629968],[108.10670932337217,34.329542696678196],[108.10670723102541,34.32960748622461],[108.10670505826054,34.329672273135905],[108.10670280073307,34.329737059218857],[108.10670046387493,34.329801843567246],[108.10669914276676,34.329837236908318],[108.10681104959589,34.32984122126733],[108.10685303191111,34.329842716262014],[108.10813779164495,34.329888454789099],[108.10825958754991,34.32989279058598],[108.10825520012136,34.329700248693385],[108.10823925937871,34.329000733312249],[108.10811457337856,34.32899312766402],[108.108059298417,34.328989755324052],[108.10764752269797,34.328964634867823],[108.10759512323484,34.328961438284175],[108.1068504628736,34.328915963214854],[108.10672548478283,34.328908330263836],[108.10672447708995,34.328959519110036]],[[108.10593365717615,34.329891186269116],[108.10524875094937,34.329866792233126],[108.1053114485612,34.330840151500418],[108.10585625025536,34.330868303840418],[108.10609945295491,34.330880870980756],[108.10615028339926,34.33088325822844],[108.10631478631774,34.330890985464706],[108.10636563524841,34.330893373508424],[108.10647438487607,34.330898481457311],[108.10647569102638,34.330876105538039],[108.10647931859577,34.330812693039988],[108.10648287006765,34.330749259873279],[108.1064863411206,34.330685825874262],[108.10648973392242,34.330622386533641],[108.10649304630454,34.330558945459238],[108.10649628261146,34.330495500844322],[108.10649943849904,34.330432054495631],[108.10650251722512,34.330368604607386],[108.10650551662002,34.330305153885938],[108.10650843667935,34.330241698725324],[108.10651128066662,34.330178241827205],[108.10651404418759,34.330114745333134],[108.10651672738258,34.3300513201253],[108.10651933445935,34.32998785621924],[108.10652186220486,34.329924390578491],[108.10652233463921,34.329912149842812],[108.10641165460828,34.329908208326742],[108.10636172525824,34.329906430707389],[108.10593365717615,34.329891186269116]],[[108.10669563288987,34.329929078461532],[108.10669310220459,34.329992693754278],[108.10669048892579,34.330056305512343],[108.10668779740216,34.330119915534894],[108.10668502763353,34.330183523821908],[108.10668217852965,34.330247127669935],[108.10667925118155,34.330310730683905],[108.10667624450011,34.330374331061805],[108.10667315957183,34.330437928802688],[108.10666999530984,34.330501523907493],[108.106666751714,34.330565116376206],[108.10666343095514,34.330628704403985],[108.10666003086548,34.330692292500117],[108.10665655252465,34.330755875254745],[108.10665299376373,34.330819456275698],[108.10664935675356,34.330883033758106],[108.10664797613336,34.330906634858067],[108.10676071190164,34.330911929293904],[108.1067892873383,34.330913271025629],[108.10761105078358,34.33095186350188],[108.10777230139222,34.330959435681365],[108.10787107177765,34.33096407338607],[108.10788441677805,34.330964699879615],[108.10828402735855,34.330965272106212],[108.10827965823,34.330773533452664],[108.10826588311599,34.3301690487244],[108.10826143927551,34.329974065677014],[108.1081378893237,34.329969668327287],[108.10683141723671,34.329923156343014],[108.10680655035556,34.329922271142095],[108.10669604743011,34.329918336038993],[108.10669563288987,34.329929078461532]],[[108.10609359022644,34.330961858893858],[108.10573248780499,34.330943199509541],[108.10531339649859,34.330921542834737],[108.1053105733592,34.33119374955637],[108.10530921171592,34.331325026335257],[108.10530172838737,34.332046452684168],[108.10529960634268,34.332251023275973],[108.10529841930921,34.33236552240399],[108.10533354405058,34.332368138045631],[108.1053721552734,34.332371083324048],[108.10541075463,34.33237409621163],[108.10544934646605,34.332377175803181],[108.10548793295725,34.332380323899777],[108.10552650975585,34.33238353960369],[108.10556508012311,34.332386823813628],[108.10560363862348,34.33239017473128],[108.10564219069269,34.332393594154972],[108.10568073415637,34.332397081185071],[108.10571926684122,34.332400635823475],[108.10575779200738,34.332404258067385],[108.10579630639492,34.332407947919592],[108.10583481217728,34.332411705378284],[108.10587330935454,34.332415530443413],[108.10591179575457,34.332419424018383],[108.10595027246191,34.332423384299283],[108.10598864601087,34.332427402352216],[108.10599277495791,34.332427918933547],[108.10603445568404,34.332433986783641],[108.10607606351221,34.332439978056726],[108.10611773212875,34.33244591246963],[108.10615931589363,34.332451770315956],[108.10620096370677,34.332457571299258],[108.10624262122617,34.332463309156232],[108.106284293884,34.332468982980679],[108.1063259773357,34.332474594579317],[108.10636767375117,34.33248014124581],[108.10639175967826,34.33248330706062],[108.10639163614258,34.332457757371238],[108.10639158922369,34.332430060285567],[108.10639162918338,34.332402318951694],[108.10639175719245,34.332374600078232],[108.10639196887566,34.332346881131947],[108.10639227075525,34.332319163910128],[108.10639265739432,34.332291445713068],[108.10639313205741,34.332263730143879],[108.10639369365431,34.332236014499003],[108.10639434218722,34.332208300581442],[108.10639507765492,34.332180587489688],[108.1063959000596,34.332152877026736],[108.10639681048784,34.33212516919162],[108.10639780676507,34.332097463084743],[108.10639888889121,34.332069758706126],[108.10640005903839,34.332042055152357],[108.1064013150377,34.332014356031273],[108.10640265906017,34.331986659538018],[108.10640409001901,34.331958965673522],[108.10640560682972,34.331931276241697],[108.10640721275001,34.331903589436763],[108.10640890343193,34.331875904360992],[108.10641068213998,34.331848224617474],[108.1064125477851,34.331820548404181],[108.10641449819617,34.33179287752597],[108.10641653128057,34.331765275989881],[108.10642143610771,34.331699550091699],[108.10642625189794,34.331633885570781],[108.10643098074169,34.331568216617129],[108.10643562698583,34.331502543226975],[108.10644018954503,34.331436866302774],[108.10644466624616,34.331371185846379],[108.10644906034825,34.331305500953519],[108.10645336859154,34.331239811627029],[108.1064575931518,34.331174119667999],[108.10646173402698,34.331108423273463],[108.10646578904618,34.331042724248285],[108.10646960923178,34.330979519827125],[108.10634777423645,34.330973797609865],[108.10630735347627,34.330971899026281],[108.10609359022644,34.330961858893858]],[[108.10663943167937,34.331050023912532],[108.10663536721029,34.331115877104907],[108.10663121797187,34.331181727665815],[108.10662698287268,34.331247571990247],[108.1066226640916,34.331313414583718],[108.10662076999603,34.331341730879387],[108.10661826053945,34.331379253644229],[108.10661377438593,34.331445086465408],[108.10660920128879,34.331510916656974],[108.10660454342113,34.33157674421701],[108.10659980295266,34.331642566439179],[108.106594977711,34.331708384226843],[108.10659007087159,34.331774130867572],[108.10658805492388,34.331801489892911],[108.10658613017772,34.331828787537965],[108.10658429128193,34.331856088714069],[108.10658253498913,34.331883403340349],[108.10658086886851,34.331910701661322],[108.10657928856543,34.331937977370444],[108.10657778877204,34.331965329635295],[108.10657637908723,34.331992615111929],[108.10657505098982,34.332019969931522],[108.10657381298063,34.332047241736255],[108.10657265452018,34.332074689260594],[108.10657159036371,34.332101950095968],[108.10657060676189,34.332129322644882],[108.10656971107984,34.332156615786751],[108.1065688980883,34.332183990891359],[108.10656817301786,34.332211287490409],[108.10656753384912,34.332238627285726],[108.10656697944076,34.332265967007153],[108.10656651302213,34.332293282311866],[108.10656613034236,34.332320648928068],[108.10656583340391,34.332347931631709],[108.1065656224656,34.332375335058948],[108.10656549718669,34.332402589667048],[108.10656545806428,34.332430088501603],[108.10656550450911,34.332457365497042],[108.10656563802284,34.332484748791451],[108.10656580457642,34.332505604427446],[108.10657817405159,34.332507153226217],[108.10662086229726,34.332512429400182],[108.10666356133062,34.332517638840194],[108.10670627332489,34.332522781544384],[108.10674899502226,34.332527859318517],[108.10679177097877,34.332532873926688],[108.10683447295007,34.332537812859982],[108.10687723026817,34.332542689527848],[108.10691999620111,34.332547500365067],[108.10696277617994,34.332552243563953],[108.10700556477343,34.332556920932184],[108.10704836415485,34.332561532467857],[108.10709114606351,34.332566072786776],[108.10713399310195,34.332570553535973],[108.10717682266859,34.33257496396989],[108.10721966084824,34.332579307671615],[108.10726251090087,34.332583584638314],[108.10730531631319,34.332587790412063],[108.10734823684673,34.332591940178055],[108.10739103774618,34.332596008900552],[108.1074339613757,34.332600023411509],[108.10747690013775,34.332603971184476],[108.10751980295359,34.33260784865837],[108.10756271872721,34.33261165849472],[108.1076033923453,34.332615207053514],[108.10764412783735,34.332618700554029],[108.10768481217463,34.332622128277805],[108.10772852208028,34.332625744440598],[108.10777214278146,34.332629282237377],[108.10779758134839,34.332631305309206],[108.10781590576886,34.332632763099994],[108.10785961976455,34.332636170068625],[108.10790332280691,34.332639506715701],[108.107947042064,34.332642773918799],[108.10799076884224,34.332645971685558],[108.10803450205603,34.332649100918417],[108.10807824170294,34.33265215981438],[108.10812199104521,34.332655150173544],[108.10816574464936,34.332658072000704],[108.10820950685964,34.332660923489051],[108.10824936312628,34.332663457487023],[108.1082665856443,34.331883299918736],[108.10828506178444,34.331046407274108],[108.10815833283691,34.331046226285054],[108.10788291780567,34.331045831874206],[108.10788023801325,34.331045766623795],[108.1076055231275,34.33103286651572],[108.10729699481988,34.331018378163449],[108.10664319956892,34.330987673235178],[108.10663943167937,34.331050023912532]],[[108.10638721838212,34.332628740749705],[108.10638232533451,34.332628104948427],[108.10634030069328,34.332622579306232],[108.1062982890181,34.332616990534632],[108.10625629030676,34.332611336830681],[108.10621430347503,34.332605619998276],[108.10617232960846,34.332599839135007],[108.10613036762051,34.332593994241854],[108.10608841968461,34.332588085316942],[108.10604648580089,34.332582112360264],[108.1060045431457,34.332576072687139],[108.10596479373997,34.332570287122671],[108.10592867963517,34.332566505099201],[108.10589056912241,34.332562582357248],[108.10585244782901,34.332558725420924],[108.10581431793052,34.332554936091292],[108.10577617725349,34.332551214370227],[108.10573802797117,34.332547560255847],[108.10569979074566,34.332543965703273],[108.10566170032578,34.332540451243972],[108.10562352413704,34.332536997246081],[108.1055854154193,34.332533618001072],[108.10554714485471,34.332530291169668],[108.1055089439332,34.332527038187784],[108.10547074310146,34.332523854608006],[108.10543251409899,34.332520735045762],[108.10539430257413,34.332517685772117],[108.10535610309,34.332514704087316],[108.10531781022955,34.332511782870192],[108.10528521980505,34.332509356159427],[108.10526581928386,34.332621582077905],[108.1051439191605,34.333326745573892],[108.10607840007077,34.333474392044494],[108.106218482111,34.333496523693277],[108.10635766207034,34.332972594261605],[108.10637633639448,34.332755335369008],[108.10638721838212,34.332628740749705]],[[108.10549146421231,34.333464249865024],[108.10512447746767,34.333406265736187],[108.10501768301927,34.333740468998855],[108.10474855636433,34.33458266884773],[108.10474022654169,34.334608731492196],[108.10470648288243,34.334714328338023],[108.1055846115807,34.334965884572959],[108.1056291383792,34.334976152809666],[108.10566530486089,34.334984492763844],[108.10581408308892,34.335018802687522],[108.10619742624337,34.333575788500596],[108.10605533763928,34.333553339441437],[108.10602300531018,34.333548230796495],[108.10549146421231,34.333464249865024]],[[108.10598184966304,34.335057491620994],[108.106176989986,34.33510249220366],[108.10695079199577,34.335280931449724],[108.10732290182263,34.335366737923337],[108.1079361657191,34.335508150662726],[108.10809955047895,34.334641309719494],[108.10813000463571,34.33447973555193],[108.10823733423071,34.333910286646102],[108.10805580312595,34.333880472701445],[108.10657151644187,34.333636687635483],[108.10636816331893,34.333603286953689],[108.10598184966304,34.335057491620994]],[[108.10614912354316,34.335180275443058],[108.10595784309854,34.335136164844975],[108.10549459675465,34.336490835823405],[108.1056825014622,34.336520280242517],[108.10682134434566,34.336698727391209],[108.10720222636817,34.33675840613666],[108.1074488907875,34.3367970536966],[108.10760444148742,34.336821425673413],[108.10791865375313,34.335588321308173],[108.10776628969559,34.335553187739521],[108.10614912354316,34.335180275443058]],[[108.10678966330281,34.33677633108293],[108.10566172151789,34.336599591558659],[108.10546779713032,34.336569203934872],[108.10511761954375,34.337593189134566],[108.1053475200524,34.337637795169016],[108.10670373775741,34.337900923381234],[108.10717453249168,34.337934445770998],[108.10718072644642,34.337934886582673],[108.10731821509164,34.337944676142108],[108.10749071871851,34.337267716327545],[108.10758420893174,34.33690082337133],[108.10678966330281,34.33677633108293]],[[108.10576475446929,34.337866877743892],[108.10505479576722,34.337729130497159],[108.1050369269331,34.338184650647676],[108.10502710708818,34.338434922799557],[108.1050103080034,34.338863072116155],[108.1050095989101,34.338868755659568],[108.10500930489503,34.338870026999722],[108.1049241877917,34.339208913421402],[108.10650420258234,34.339504214937321],[108.10666364356845,34.33953401342692],[108.10692905594551,34.33958361579483],[108.10701564396301,34.339217822930031],[108.10704177307041,34.339107439010036],[108.10728333005868,34.338086960406066],[108.10686394572784,34.338057098667313],[108.10668261340369,34.338044187113226],[108.10667504205031,34.338043368854322],[108.10667025061694,34.338042556286638],[108.10576475446929,34.337866877743892]],[[108.10491268838069,34.338856923857165],[108.10493917010088,34.3381820119914],[108.1049552173054,34.337772988200904],[108.10492885575341,34.337790214656856],[108.10488434078299,34.337819385955839],[108.10483987474825,34.337848607679582],[108.10479545764802,34.337877878926655],[108.10475108839779,34.337907201500961],[108.10470676808313,34.337936574500198],[108.1046624967029,34.337965997022906],[108.10461827426046,34.337995471773574],[108.10457409749213,34.338024996050613],[108.10452997291729,34.338054568947022],[108.10448589727901,34.338084193170069],[108.10444187057614,34.338113867818336],[108.10439790366503,34.338143583867826],[108.10435301060463,34.33817401286062],[108.10430818277055,34.338204485052387],[108.10426340387265,34.338235009471845],[108.10421867825792,34.338265586115341],[108.1041740037506,34.338296213181842],[108.104129380354,34.338326893375836],[108.10408481024048,34.338357625794046],[108.10404029123653,34.338388410438355],[108.10399582660015,34.338419245503147],[108.10395141198654,34.338450132795089],[108.10390704739451,34.338481071412751],[108.10386273717113,34.338512061352539],[108.10381848131742,34.338543103515924],[108.10377428742851,34.338574187980299],[108.10373102741903,34.338604702803025],[108.10368782828773,34.338635259026923],[108.10364468026268,34.338665863872173],[108.10360158225927,34.33869651914268],[108.10355853536207,34.338727223034667],[108.10351553848426,34.338757975549058],[108.10347259379938,34.338788776684105],[108.10342969913386,34.338819626441683],[108.10338685666233,34.338850525721476],[108.10334406529688,34.33888147362299],[108.10330887567595,34.338906992688742],[108.10482875828352,34.339191077323825],[108.10491268838069,34.338856923857165]],[[108.10422191892988,34.339160821488072],[108.10321797289693,34.338973168630098],[108.10321599566565,34.338974610863197],[108.10318151741305,34.338999815577054],[108.10314707503832,34.339025049098296],[108.10311266203306,34.33905032134868],[108.1030782490744,34.339075648579637],[108.10306982347313,34.339081119022154],[108.10306083714262,34.339085609274058],[108.1030440913574,34.339092873977705],[108.10302715322401,34.339100148757169],[108.10301017915722,34.33910736857419],[108.10299317132507,34.339114528919517],[108.1029761286441,34.33912163249849],[108.10295904894194,34.339128680214408],[108.10294193764803,34.339135668456755],[108.10292479259216,34.339142599931805],[108.10290761160084,34.339149474641331],[108.10289039902004,34.339156291680233],[108.10287315376084,34.339163049246416],[108.10285587582656,34.339169750044334],[108.10283856304261,34.339176393174299],[108.10282121975494,34.339182977731177],[108.10281087521193,34.339186862784729],[108.10213317625436,34.339569996743208],[108.10205352149495,34.339615028116782],[108.10205730122863,34.339615874161417],[108.10391307481841,34.340031259007894],[108.10458021696924,34.340180580220974],[108.10463289899347,34.339970851709694],[108.10464541546354,34.339921022485626],[108.10476593139444,34.339441209979043],[108.1047666429666,34.339438376917634],[108.10480880515793,34.339270514862967],[108.10422191892988,34.339160821488072]],[[108.10302872036986,34.33992668722037],[108.10193898369944,34.339682762528064],[108.10193520505071,34.339681916478888],[108.10076717845784,34.340342225371785],[108.10077152078441,34.340342753671806],[108.10222715109224,34.34051988246916],[108.10256088572578,34.340560490042122],[108.10302872036986,34.33992668722037]],[[108.10055498070035,34.340462183158976],[108.10032281197519,34.34059343085795],[108.09915044295839,34.341256169021236],[108.10093010242039,34.341712137930656],[108.10123385975791,34.341789960785874],[108.10139143142675,34.34183033031907],[108.10161736899387,34.341888214587534],[108.10171166034876,34.341755324788615],[108.10233964156636,34.340870262529094],[108.10246433356922,34.340694521881787],[108.10246255532272,34.340694305211528],[108.10055498070035,34.340462183158976]],[[108.09903559298988,34.341321091942156],[108.0981502719922,34.341821545943688],[108.0978541145189,34.342084654689209],[108.09787469446393,34.342093256393596],[108.09791276080942,34.34210908570509],[108.09795077705985,34.342124814980458],[108.09798887587021,34.342140500005357],[108.09802700830701,34.342156117380384],[108.09806518850807,34.342171675207517],[108.09810343169596,34.342187179784872],[108.09814165305784,34.342202595121179],[108.09817994175573,34.342217959007115],[108.09821826625752,34.342233258847195],[108.0982566287357,34.34224849373819],[108.09829502919128,34.342263664581502],[108.09833346653629,34.342278770476483],[108.098371939686,34.342293813226973],[108.09841041058104,34.342308774833903],[108.0984489966512,34.342323702079817],[108.09848756524703,34.342338544588436],[108.09852619791478,34.342353332944462],[108.09856485442357,34.342368050953596],[108.09860354456195,34.342382704918293],[108.09864227050242,34.342397293935278],[108.09868103441855,34.342411818002766],[108.09871983087511,34.342426276223634],[108.09875870010089,34.3424406829891],[108.09879753010701,34.342454997822813],[108.09883643288111,34.342469260299566],[108.09887537037008,34.34248345782931],[108.09891434257382,34.34249759041198],[108.09895334840546,34.34251165804843],[108.0989923889496,34.342525658934811],[108.09903146203467,34.342539594875788],[108.09907057091999,34.34255346496721],[108.0991097145197,34.342567270111424],[108.09914888957226,34.342581009409543],[108.09918809716439,34.342594682860657],[108.09922734055645,34.342608290462088],[108.09926657517215,34.34262181782627],[108.09930592387197,34.342635308124613],[108.09934526379527,34.342648718185643],[108.0993846373435,34.342662061497158],[108.09942404343084,34.342675338961484],[108.09946344726437,34.342688537986113],[108.09950295430941,34.342701696347547],[108.09954242104713,34.342714763679439],[108.09958198990731,34.342727788545936],[108.09962155651333,34.342740734972651],[108.09966115348436,34.342753615553761],[108.09970078407972,34.342766429385115],[108.09974044286524,34.34277917647109],[108.09978013418809,34.34279185680812],[108.09981981891121,34.342804460511786],[108.09985958944458,34.342817013649679],[108.09989939034141,34.342829500040317],[108.09993920420409,34.342841912485994],[108.09997904843222,34.342854259987305],[108.10001892193677,34.342866540742172],[108.10005882689127,34.342878754748774],[108.10009875786052,34.342890901110039],[108.10013872027956,34.342902980722975],[108.10017871306044,34.342914992686985],[108.10021870793732,34.342926929813302],[108.10025878644907,34.342938815473673],[108.10029886488408,34.342950627199571],[108.10033897259271,34.342962370375808],[108.10037910740337,34.342974046807129],[108.10041927366218,34.34298565558845],[108.10045946702286,34.342997197624769],[108.10049968639636,34.343008671114021],[108.10053995570115,34.343020083248369],[108.10058021405608,34.343031417851122],[108.10062051473014,34.343042687499263],[108.10066085011657,34.343053893100453],[108.10070120934067,34.343065029254753],[108.10074159566499,34.343076097762399],[108.1007691728546,34.343083604232888],[108.10156072221527,34.341968050718357],[108.09903559298988,34.341321091942156]],[[108.10087503804007,34.343112129142966],[108.10090338913173,34.343119689034388],[108.10094392508756,34.343130422001174],[108.1009844718365,34.343141083728675],[108.10102504351138,34.343151677811122],[108.10106563902316,34.34316220244645],[108.10110626054751,34.343172659435787],[108.1011469091701,34.343183047876749],[108.10118758163254,34.343193369574934],[108.10122827901725,34.343203620923532],[108.10126900350208,34.343213805526609],[108.1013097703046,34.343223925174534],[108.10135052180921,34.343233968195676],[108.10139131889395,34.34324394806189],[108.10143213981475,34.34325385848075],[108.10147297587478,34.343263697656504],[108.10151385425424,34.343273473679908],[108.10155474777275,34.34328317846014],[108.10159566295441,34.343292814696213],[108.10163660306067,34.34330238328689],[108.10167756700136,34.343311881528599],[108.10171855369174,34.343321311225168],[108.10175956095915,34.343330673279894],[108.10180059423543,34.343339965885242],[108.10184164808749,34.343349189947226],[108.10188272468777,34.343358344562517],[108.10192382186364,34.343367430634366],[108.10196494287545,34.343376448160065],[108.10200608772203,34.343385396238091],[108.10204725205709,34.343394275773534],[108.10208841196284,34.343403080475952],[108.10212964136045,34.343411824707367],[108.10217087394179,34.343420498606768],[108.10221212274637,34.343429100360304],[108.10225336168604,34.343437626383825],[108.10229468751402,34.343446098232022],[108.10233602304407,34.343454497939732],[108.1023773313154,34.343462818326017],[108.10241868298986,34.343471074656939],[108.10246005197604,34.343479260643925],[108.10250144914532,34.343487378982303],[108.10254290384837,34.343495435056354],[108.10258429433145,34.343503404628066],[108.10262574452504,34.343511314638029],[108.10266721420237,34.343519153400671],[108.10270870553921,34.343526922717089],[108.10275021201561,34.343534623494243],[108.10279173906339,34.343542253924575],[108.1028332845099,34.343549814911398],[108.10287484944186,34.343557306453739],[108.10291643277128,34.343564727651042],[108.10295803015183,34.343572079408432],[108.1029996491901,34.343579360817991],[108.10304128554087,34.343586573686316],[108.10308293702712,34.343593715310796],[108.10312461234554,34.343600787487055],[108.10316629519257,34.343607789327308],[108.10320800078472,34.343614721720215],[108.10324972151415,34.343621584672171],[108.10329146064014,34.343628377278911],[108.10333321381637,34.343635100445574],[108.10337498430101,34.343641752366445],[108.103416773183,34.343648334843536],[108.10345857502701,34.343654846979959],[108.10350039309341,34.343661288772921],[108.10354222846894,34.343667660221492],[108.10358407789411,34.343673962229907],[108.10362594245454,34.343680193895736],[108.10366782541061,34.343686355216228],[108.1037046797308,34.343691713956865],[108.10377275895998,34.343408024469575],[108.10380723955664,34.343264338059754],[108.10384252450204,34.34311730375866],[108.10397579933375,34.342586755152986],[108.10320290801489,34.342388758828825],[108.10267488894925,34.342253489376382],[108.10166742819112,34.341995387903964],[108.10087503804007,34.343112129142966]],[[108.10408653884495,34.342543641522944],[108.10408684957468,34.342544441773313],[108.10408814054085,34.342552224958474],[108.10408778289955,34.342560076254614],[108.10408578722328,34.342567756760474],[108.10408221408449,34.34257503294107],[108.10407717189203,34.342581684742932],[108.10407692655031,34.342581909420083],[108.10393837461331,34.343133467104906],[108.10380110896271,34.343705476276284],[108.10383454658154,34.343710165370126],[108.10387598888566,34.343715906903284],[108.10391747024102,34.343721583482669],[108.10395896564386,34.343727189720632],[108.1040004740095,34.34373272742102],[108.10404199642578,34.34373819748437],[108.10408353071672,34.343743598109569],[108.10412507905589,34.34374892929474],[108.10416664035857,34.343754192843768],[108.10420821244767,34.343759386054053],[108.10424979750009,34.343764511628152],[108.10429141834018,34.34376957044811],[108.10433300540097,34.343774554459849],[108.10437460977099,34.343779469930212],[108.10441626079884,34.343784320440058],[108.10445790522331,34.343789100625926],[108.10449956260938,34.343793812274058],[108.10454122969425,34.34379845358427],[108.10458290974053,34.343803026356738],[108.1046245983997,34.343807529693684],[108.10466630110687,34.343811964491941],[108.10470801133991,34.343816329855564],[108.10474973235917,34.343820625781774],[108.10479146416569,34.343824853172038],[108.10483320675712,34.343829010223395],[108.10487495796305,34.343833099642133],[108.10491671995257,34.343837117820442],[108.10495849273006,34.343841068364249],[108.10500025672805,34.343844947684396],[108.10504206412082,34.343848761145026],[108.10508386273278,34.343852502480487],[108.10512567104549,34.343856176182342],[108.10516748796861,34.343859779547053],[108.10520929611172,34.343863311688111],[108.10525114221502,34.343866777974213],[108.10529299040748,34.34387017392875],[108.10533484069012,34.343873500453213],[108.10537669849586,34.343876756641443],[108.10541856382685,34.343879944296397],[108.10542366695813,34.343880323933142],[108.10542755417329,34.343874819754475],[108.10580149169394,34.343345497836168],[108.10638284821738,34.34252254934313],[108.10710619988897,34.341498571739031],[108.10710422047401,34.341498290405625],[108.10708323289617,34.341495378049061],[108.10706201714311,34.34149250555356],[108.10704125149208,34.341489764277028],[108.10701997940139,34.341487027947046],[108.10699896392632,34.341484394157867],[108.10697778441168,34.341481811892791],[108.10695690172972,34.341479336640944],[108.10693557674607,34.341476879801426],[108.10691450946119,34.34147452279749],[108.10689329444192,34.341472220007731],[108.10687207842734,34.341469988432131],[108.10685101684973,34.34146784416167],[108.10682974232188,34.341465747851856],[108.10680863309882,34.341463738837739],[108.10678738810049,34.341461787633158],[108.10676621601667,34.34145991388862],[108.10674512227897,34.341458115796478],[108.10672392211616,34.3414563808971],[108.10670247966169,34.341454695786616],[108.1066812101158,34.341453095260881],[108.10666009173796,34.341451575733011],[108.10663885824047,34.341450119405401],[108.10661757918157,34.341448728921854],[108.10659628173683,34.341447408766072],[108.10657499633645,34.341446158911602],[108.10655378928055,34.34144498380811],[108.10653257687905,34.341443878119591],[108.10651108741715,34.341442829461677],[108.10648986541334,34.341441864405077],[108.10646870110126,34.341440971413071],[108.10644733580887,34.34144013899131],[108.10642593800186,34.341439376909555],[108.10640462179708,34.341438687773071],[108.10638344697048,34.34143807333291],[108.10636188423233,34.341437517822285],[108.10634088347331,34.341437045657479],[108.10631941438209,34.341436634294922],[108.10629807362386,34.341436294935626],[108.10627686663142,34.341436026673463],[108.10625536411727,34.341435827176589],[108.10623409100675,34.341435698693864],[108.10621284624277,34.341435641399805],[108.10619131573807,34.341435652862387],[108.10617012114275,34.34143573524689],[108.10614880926099,34.341435887143383],[108.10612746921105,34.341436109376083],[108.10610630856617,34.341436398159118],[108.10608474047062,34.341436764818845],[108.10606354305143,34.341437194257324],[108.1060422272644,34.341437697716032],[108.10602078332492,34.341438272498955],[108.10599946336598,34.34143891568332],[108.10597826303693,34.34143962456848],[108.105957082356,34.341440401945498],[108.10593547358849,34.341441268034316],[108.10591433981232,34.341442183289871],[108.10589307789016,34.341443175278435],[108.10587159110172,34.341444247689509],[108.10585037825646,34.341445376653262],[108.10582920027414,34.341446574095713],[108.10580778004004,34.341447854680055],[108.10578669786311,34.341449186352975],[108.10576540495134,34.341450601140487],[108.10574398063621,34.341452095368069],[108.10572837312097,34.341452017899165],[108.10571295273704,34.341449607029517],[108.10443684103215,34.341149101896285],[108.10421316988759,34.342039533270253],[108.10408653884495,34.342543641522944]],[[108.10452830821384,34.343878874840478],[108.10448644543429,34.343874212057422],[108.10444459344039,34.343869478935417],[108.10440275658183,34.343864677273693],[108.10436092942456,34.343859807076903],[108.10431911305216,34.343854865639706],[108.10427731181539,34.343849855662832],[108.10423551919226,34.343844776250386],[108.10419373952909,34.343839626497171],[108.10415197500296,34.343834409105817],[108.10411022017649,34.343829121376501],[108.10406847831251,34.343823765109441],[108.1040267504968,34.343818339402219],[108.10398503564267,34.343812844255801],[108.10394333483814,34.343807280570729],[108.10390164808219,34.343801647445567],[108.10385997320128,34.343795944882146],[108.10381831237139,34.343790174681615],[108.10378200500288,34.343785082349839],[108.10359063041972,34.344582554867422],[108.10358992814744,34.344585063379022],[108.10358810165505,34.344590756869202],[108.10358638483973,34.344596374542235],[108.10358478849891,34.344601858694276],[108.10358325202144,34.344607414012572],[108.10358180029922,34.344612954835455],[108.10358040629333,34.344618588461934],[108.10357911975323,34.344624115622835],[108.10357787472336,34.344629814029801],[108.10357674468845,34.344635341959751],[108.10357566051005,34.344641040230634],[108.10357468159278,34.34464660679636],[108.10357375611218,34.3446523211596],[108.10357291969996,34.344657993077924],[108.10357217338314,34.344663573870527],[108.10357148918992,34.344669296142946],[108.10357088757516,34.344675001217382],[108.10357037388327,34.344680616069432],[108.10356992988521,34.344686341744563],[108.10356956734446,34.344692022276796],[108.10356928414721,34.344697706347809],[108.10356907815193,34.344703420102363],[108.10356895256265,34.344709117562246],[108.10356890631138,34.34471481405356],[108.10356893941253,34.344720521295486],[108.10356905075159,34.344726216751972],[108.10356924254212,34.344731932874474],[108.10356951145604,34.344737614675459],[108.10356985862565,34.344743299114718],[108.10357028399886,34.34474894382268],[108.10357079533097,34.344754668689639],[108.10357137612435,34.344760315069074],[108.10357204283787,34.344766010055743],[108.1035727910732,34.344771712185285],[108.10357360550158,34.344777329519701],[108.10357450582576,34.34478297562881],[108.1035747225549,34.344784223995262],[108.1038982281884,34.345470870410594],[108.10390008095267,34.345475646418571],[108.10390120752719,34.345480643799633],[108.10390158316972,34.345485752799561],[108.10389703733004,34.346041244033223],[108.10493098111162,34.344577727367579],[108.10536904190043,34.343957647631832],[108.10536766040956,34.343957542446049],[108.10532560800272,34.343954271097061],[108.10528356420585,34.343950929410752],[108.1052415257608,34.343947519192909],[108.10519949701165,34.343944037735376],[108.10515747796073,34.34394048684112],[108.10511546534765,34.343936866512941],[108.10507346351872,34.343933175845642],[108.1050314692158,34.343929416644976],[108.10498948461039,34.343925587106135],[108.10494750970375,34.343921688130621],[108.1049055434091,34.343917719719364],[108.10486358790136,34.343913682771976],[108.10482164209044,34.343909574584991],[108.10477970597979,34.343905397862841],[108.10473777956727,34.343901150802544],[108.1046958650289,34.343896835205271],[108.10465395910204,34.343892449270832],[108.10461206287472,34.343887993899784],[108.10457017960758,34.343883469089342],[108.10452830821384,34.343878874840478]],[[108.10758663098977,34.34143601961425],[108.10760803804786,34.341440613678394],[108.10762942672373,34.341445278971925],[108.10765078940872,34.341450014600035],[108.10767213044893,34.341454819657436],[108.10769344875989,34.341459695948053],[108.10771473999333,34.341464642574266],[108.10773600958328,34.341469659531271],[108.10775725752977,34.341474746819109],[108.10777847731094,34.341479903542023],[108.10779967436311,34.341485131498217],[108.10782084433686,34.341490428888591],[108.10784198831787,34.341495794810697],[108.10786311065682,34.341501231965154],[108.10788420265709,34.341506738556674],[108.10790526975272,34.341512314580505],[108.10792630868336,34.341517960039525],[108.10794732162263,34.341523674931857],[108.10796830639818,34.341529460160849],[108.10798926300653,34.341535313022113],[108.10801019145126,34.341541236220102],[108.1080310906421,34.341547227051358],[108.10805196275504,34.341553287316913],[108.10807280670446,34.341559417919228],[108.10809365293112,34.341565626944778],[108.10811440032251,34.341571882931014],[108.10813515107918,34.34157821824104],[108.10815587258341,34.341584622085897],[108.10817656374844,34.341591094466544],[108.10819722348751,34.341597635383962],[108.10821785288631,34.341604243935741],[108.10823844759886,34.34161092102719],[108.10825901305687,34.341617664850588],[108.10827954491779,34.341624479015714],[108.10830004208914,34.341631359016127],[108.10832050674566,34.341638305751424],[108.10834093997768,34.341645321925071],[108.10836133743457,34.341652404836523],[108.10838170129114,34.341659555385327],[108.10840203045946,34.34166677267099],[108.10842232493957,34.341674056693542],[108.10844258364355,34.34168140655246],[108.10846280983648,34.341688825850802],[108.10848299699182,34.341696310086974],[108.10850314946026,34.341703861961577],[108.10852326724068,34.341711480573139],[108.10854334381003,34.341719164124498],[108.10856338677823,34.341726914411908],[108.10858339179813,34.34173473143921],[108.10860335995426,34.341742613402531],[108.10862329125011,34.341750563006293],[108.10864317807234,34.341758575749886],[108.10866303129362,34.341766655229605],[108.10868284656678,34.341774801449326],[108.10870261954001,34.341783010806999],[108.1087223534784,34.341791286905675],[108.10874204729285,34.341799627943395],[108.1087617020702,34.341808033919172],[108.10878131454892,34.341816503934481],[108.10880089233898,34.341825039785512],[108.10882042239646,34.341833639680928],[108.10883991232784,34.3418423027125],[108.10885936431141,34.34185103248425],[108.10887877073496,34.341859825397016],[108.10889813486006,34.341868682349428],[108.10891785796092,34.341877792295421],[108.10892849653267,34.341883654534037],[108.1089381672675,34.341891004495842],[108.10894666369903,34.34189968526205],[108.10895790682048,34.341913248847597],[108.1089690812112,34.341926606955738],[108.10898037626259,34.341939982083566],[108.10899168531071,34.341953252626119],[108.1090032053594,34.341966644679623],[108.10901462185645,34.341979797931906],[108.10902610785871,34.341992909653101],[108.10903783315823,34.342006173510271],[108.10904959531122,34.342019358904672],[108.10906116467204,34.342032210921907],[108.10907317902307,34.342045436655965],[108.10908497555506,34.342058305596645],[108.10909691886744,34.342071219479408],[108.10910888053421,34.34208403688622],[108.10912116093229,34.342097081180817],[108.10913318760677,34.342109738063748],[108.10914547315089,34.342122554276749],[108.10915781187505,34.342135310943348],[108.10917003619413,34.342147840537649],[108.1091826695513,34.342160675367801],[108.10919500567722,34.342173095780723],[108.10920763548243,34.342185699832449],[108.10922033696909,34.342198264153744],[108.10923291970677,34.342210604111031],[108.10924565900183,34.342222985395424],[108.10925857444609,34.342235430526372],[108.10927130041352,34.342247585548371],[108.10928443974026,34.342260025067858],[108.10929734824471,34.342272138456067],[108.1093105221218,34.342284396744326],[108.1093235500537,34.342296410860271],[108.10933681179888,34.342308537451053],[108.10935000377114,34.342320493722902],[108.10936341975798,34.342332548956065],[108.10937679861584,34.342344464491454],[108.10939035796115,34.342356436657354],[108.1094037833474,34.342368188980217],[108.1094174305608,34.342380029448435],[108.10943093511703,34.342391647376978],[108.10944474092642,34.342403421892286],[108.1094585009122,34.342415056717549],[108.1094723032006,34.342426624793859],[108.10948617064267,34.342438147736324],[108.10950010650119,34.342449627344962],[108.10951421739587,34.342461150066477],[108.10952825853826,34.342472518695608],[108.10954225712543,34.342483753942091],[108.10955654389292,34.34249512144671],[108.10957063035733,34.342506232207008],[108.10958505504344,34.342517512141235],[108.10959939692482,34.342528629881407],[108.10961377458554,34.342539679075351],[108.10962841321684,34.342550829901214],[108.10964274494467,34.342561652861278],[108.10965741270687,34.342572634179234],[108.10967220762844,34.342583614480027],[108.10968678159577,34.342594337153606],[108.10970161108338,34.342605148843028],[108.10971634255174,34.342615799253494],[108.10973127623861,34.342626501766816],[108.10974618696181,34.342637093416769],[108.10976114869486,34.34264762822594],[108.10977613206919,34.342658087289493],[108.10979128502144,34.342668570539111],[108.10980648898472,34.342678997849305],[108.10982159493075,34.342689265683504],[108.10983676385322,34.342699485680882],[108.10985233187071,34.342709882909901],[108.10986754733953,34.342719954117406],[108.10988292476806,34.342730041404309],[108.10989850657967,34.342740173579834],[108.10991386202767,34.342750067965767],[108.10992945339864,34.34276002434008],[108.1099452578508,34.342770028299498],[108.10996088054196,34.342779827784092],[108.1099764204578,34.342789488513063],[108.10999234313056,34.342799298541927],[108.1100081090635,34.342808923004583],[108.11002396516314,34.34281851493089],[108.1100386704022,34.342827329911977],[108.11043103987211,34.342205698103264],[108.11089169355158,34.341475864273335],[108.10991306960483,34.33964028382433],[108.10991186003653,34.339637792315948],[108.10990968981116,34.339631173789812],[108.10963681521866,34.33839340854896],[108.10946648792127,34.338623525998017],[108.10902449072843,34.339220668172992],[108.10899789510275,34.339256597828665],[108.10887302608943,34.339425293028633],[108.10873184089407,34.339625170380664],[108.10830910140632,34.340223639596012],[108.10746950595112,34.341412220618054],[108.10747926778909,34.341414110567548],[108.10750078197641,34.341418350274623],[108.10752227560768,34.341422661212931],[108.10754374868179,34.341427042481001],[108.1075652022879,34.341431495880826],[108.10758663098977,34.34143601961425]],[[108.10820308122138,34.33994577168987],[108.10864937411651,34.339313974907931],[108.10877562334237,34.339143391005841],[108.10924421938078,34.33851032091161],[108.10932684965621,34.338398685301023],[108.10944373715986,34.338240765837256],[108.10757828206555,34.338107960355572],[108.10738134124806,34.33809393850013],[108.10714954574036,34.339072595369764],[108.10702428744236,34.339601436904388],[108.10702978820804,34.339602772598198],[108.10703627603949,34.339605181092502],[108.10721884773112,34.33968664232895],[108.10810639242312,34.340082647767112],[108.10820308122138,34.33994577168987]],[[108.10953993562993,34.338102846092376],[108.10953611663676,34.33809604873661],[108.10952639464936,34.338078573210424],[108.10951674978904,34.33806106966852],[108.10950718422338,34.338043533601592],[108.1094977001317,34.33802596951508],[108.10948829642489,34.338008375607032],[108.1094789687547,34.337990750979877],[108.10946972364398,34.337973097430762],[108.1094605589215,34.337955416764615],[108.10945147458605,34.337937708079942],[108.10944247172201,34.337919969572866],[108.10943354815934,34.337902203949774],[108.10942470281007,34.337884410310174],[108.10941594002118,34.337866588650186],[108.10940725979378,34.337848739871333],[108.1093986599567,34.337830865778521],[108.10939014050514,34.337812962765838],[108.10938170361615,34.337795033535805],[108.10937334711731,34.337777078991863],[108.10936507100742,34.337759098232553],[108.10935687854786,34.337741092156456],[108.10934876647714,34.33772305986502],[108.10934072934045,34.337704985136469],[108.10933278894171,34.337686921138719],[108.10932492347573,34.337668813802431],[108.10931714057426,34.337650682051873],[108.10930943915284,34.337632527691014],[108.109301822467,34.337614347111028],[108.10929428617439,34.337596143921701],[108.10928683244843,34.337577918121163],[108.10927946237467,34.337559668806954],[108.10927217377956,34.33754139598102],[108.10926496883771,34.337523100542924],[108.10925784755025,34.337504783394159],[108.10925080991714,34.33748644453474],[108.10924385376364,34.337468083065161],[108.10923698235231,34.337449700785449],[108.10923019350724,34.337431295894618],[108.10922348831751,34.33741287019469],[108.10921686787094,34.337394424586144],[108.10921032890374,34.337375956367488],[108.1092038757687,34.337357470042271],[108.10919750628996,34.337338963809458],[108.10919122155416,34.337320437668126],[108.1091850182999,34.337301890719687],[108.10917890196197,34.337283323860781],[108.10917286928481,34.337264740700277],[108.10916692026365,34.337246137632249],[108.10916105707312,34.337227515556251],[108.10915527754202,34.337208876277209],[108.10914958166912,34.337190218893639],[108.1091439705411,34.33717154340458],[108.10913844524583,34.337152850710581],[108.1091330046965,34.33713414081258],[108.10912764889309,34.33711541371062],[108.10912237783668,34.337096670306209],[108.10911719152841,34.337077911500785],[108.10911209105261,34.337059135490463],[108.10910707641156,34.337040344078225],[108.10910214651848,34.337021537265024],[108.10909730137215,34.337002714149406],[108.10909254206391,34.336983878336326],[108.10908786858904,34.336965026219865],[108.10908328094867,34.336946158701537],[108.10907877697274,34.336927278487714],[108.10907435991909,34.336908383772538],[108.10907002978882,34.336889475457504],[108.10906578549633,34.336870554445049],[108.10906162595364,34.336851619834704],[108.10905755335168,34.336832685146724],[108.10905356329444,34.336813712522826],[108.1090496623501,34.336794738917916],[108.10904584724558,34.336775754418582],[108.10904211798082,34.336756759024873],[108.10903847564019,34.336737750932826],[108.10903491913918,34.336718731946434],[108.10903144847777,34.336699702065644],[108.10902806474262,34.336680661289549],[108.10902476793486,34.336661610519592],[108.10902155587976,34.336642548856268],[108.10901843075193,34.336623477199112],[108.10901539472596,34.336604396447683],[108.10901244345598,34.336585307507342],[108.10900957802519,34.336566207672654],[108.1090067995226,34.336547098745669],[108.10900410903953,34.336527984331312],[108.10900150330878,34.33650885902361],[108.10899898668066,34.336489725523158],[108.10899655481053,34.336470585636768],[108.10899421204176,34.336451436656162],[108.10899195403205,34.336432282191119],[108.10898978403803,34.336413119534306],[108.10898769988849,34.336393950490624],[108.10898570375686,34.336374775058118],[108.1089837945575,34.336355594139285],[108.10898197228919,34.336336406832615],[108.1089802369542,34.336317214941083],[108.10897858963804,34.336298017562235],[108.10897702925392,34.336278814697074],[108.10897555471621,34.336259607248003],[108.10897416819832,34.336240395213139],[108.10897286861228,34.336221177691932],[108.10897165704827,34.3362019573879],[108.10897053242068,34.336182735203437],[108.10896949472358,34.336163506631202],[108.10896854287606,34.336144276179525],[108.10896768122377,34.336125042943067],[108.10896690324748,34.336105807829142],[108.10896621437958,34.336086569931403],[108.10896561353444,34.336067330152297],[108.10896509962529,34.336048088492824],[108.10896467373881,34.33602884495199],[108.10896433370146,34.336009599531742],[108.10896408277686,34.335990354933607],[108.10896391661574,34.335971109358518],[108.10896383847118,34.335951857394669],[108.10896384836532,34.335932616170211],[108.1089639473638,34.335913369457508],[108.10896413112785,34.335894123570789],[108.10896440291756,34.33587487850717],[108.10896476056061,34.335855635170049],[108.10896520622804,34.335836391754533],[108.10896539316279,34.335829682764654],[108.10816439492659,34.335644987059176],[108.10801307205099,34.335610093573948],[108.10769057382288,34.336875659684999],[108.107690177831,34.336877032087521],[108.10768859387487,34.33688253071238],[108.10741638371199,34.337951665789753],[108.10759285011814,34.337964229857015],[108.10953993562993,34.338102846092376]],[[108.10906255021116,34.335857074321304],[108.10906219867559,34.335875981400747],[108.1090619308164,34.335894887504104],[108.10906174787438,34.335913911625809],[108.10906165278541,34.335932803151479],[108.10906164358964,34.335951727053917],[108.10906172038045,34.335970755451541],[108.10906188281838,34.335989626013607],[108.10906213120332,34.336008570420525],[108.10906246542683,34.336027504834625],[108.10906288324902,34.336046377873494],[108.10906339147965,34.33606541309841],[108.10906398212903,34.336084314830643],[108.10906466084315,34.336103247134723],[108.10906542431991,34.336122177560284],[108.10906627364609,34.336141106106354],[108.10906720769769,34.336160003926544],[108.10906823317482,34.336179009842979],[108.10906933556269,34.336197824576814],[108.10907052829882,34.33621675461972],[108.10907180907795,34.336235698106329],[108.10907316795854,34.336254530641135],[108.10907462923261,34.336273548789777],[108.10907616093699,34.33629240641195],[108.10907778287792,34.336311292801042],[108.1090794928913,34.336330215170882],[108.10908128323706,34.336349070759461],[108.10908315723499,34.336367905539355],[108.10908512696633,34.336386817761287],[108.10908717705475,34.336405682133005],[108.10908931518442,34.336424558145474],[108.10909153585172,34.33644339171471],[108.10909384238575,34.336462236025092],[108.10909623476442,34.336481073948541],[108.10909871188936,34.33649989647121],[108.10910128254784,34.33651877570373],[108.10910393246188,34.336537595367766],[108.10910665726706,34.336556341944991],[108.10910947449473,34.336575126301945],[108.10911238194113,34.336593925002092],[108.10911537086812,34.336612703796916],[108.10911844890272,34.33663147800479],[108.1091216062422,34.336650230506329],[108.1091248537878,34.336668987434734],[108.10912817296473,34.336687671279172],[108.1091315878154,34.336706385688572],[108.10913509729521,34.336725163117158],[108.10913868166901,34.336743869261809],[108.10914234422394,34.336762524853683],[108.10914610793439,34.336781247966307],[108.1091499454768,34.336799918727046],[108.10915387431487,34.336818595716586],[108.10915787916544,34.336837225761172],[108.10916197204808,34.336855859332999],[108.10916614858668,34.336874473898966],[108.10917041862501,34.336893118130227],[108.10917475920149,34.336911683869552],[108.1091791921794,34.336930270260346],[108.10918370336111,34.336948823226386],[108.10918830584242,34.336967385125597],[108.10919299525779,34.336985941538181],[108.10919775524189,34.337004442897246],[108.10920261087389,34.337022954087047],[108.10920755236971,34.33704147241189],[108.10921256442158,34.337059925766894],[108.10921766886014,34.33707838805406],[108.10922285695997,34.337096834941136],[108.10922812545741,34.337115263726609],[108.10923348087528,34.3371336762076],[108.1092389199534,34.337152072387006],[108.10924443942696,34.337170448661809],[108.10925004474021,34.33718881314045],[108.10925572825563,34.337207142391264],[108.10926150416168,34.337225483278559],[108.10926737027208,34.337243825887988],[108.10927327422107,34.33726201431007],[108.10927931529493,34.337280351353783],[108.10928543347745,34.337298647761699],[108.10929158295366,34.337316771056955],[108.10929786735926,34.337335025847636],[108.10930422453136,34.337353243612277],[108.10931065663064,34.337371414432617],[108.1093171745655,34.337389569850757],[108.10932376962099,34.337407693647805],[108.10933045269735,34.337425811055496],[108.10933723797255,34.337443960824807],[108.10934406328708,34.337461977138759],[108.10935101042865,34.337480077181205],[108.10935802269479,34.337498113159896],[108.10936508918182,34.337516057138643],[108.10937228185593,34.337534094758219],[108.10937951457065,34.337551999823859],[108.10938687019949,34.337569988616963],[108.10939425715748,34.337587831341622],[108.10940175284934,34.337605717239761],[108.10940936708161,34.337623666135116],[108.10941700284252,34.337641453645602],[108.10942474188852,34.33765927261512],[108.10943258856433,34.337677121236752],[108.10944046550144,34.337694838214567],[108.10944847404946,34.337712640714884],[108.10945649650492,34.337730271019318],[108.10946465710948,34.337748000362595],[108.10947287958598,34.337765671053674],[108.10948118353686,34.337783314626883],[108.10948955480167,34.337800905853385],[108.10949803151971,34.337818524029387],[108.10950654504428,34.337836029486724],[108.10951518035857,34.337853588923338],[108.10952390260583,34.337871140168218],[108.10953268454003,34.337888623747943],[108.10954154468868,34.337906080212598],[108.10955047433087,34.337923488835891],[108.1095594810938,34.337940864936179],[108.10956861291055,34.33795829771713],[108.10957778045785,34.337975625893598],[108.10958703819516,34.337992943170839],[108.10959636761139,34.338010221619491],[108.10960400940225,34.338024232808117],[108.10974690493475,34.337831175277998],[108.10987976616617,34.337651673134999],[108.11013873388528,34.337301792057367],[108.11019647157897,34.337223784539169],[108.11020340155964,34.337215344045916],[108.11022025218361,34.337196766483473],[108.11023684546331,34.337178357727261],[108.11025353841505,34.337159719001356],[108.11027004238942,34.33714117419732],[108.11028643660295,34.337122634898755],[108.11030294567908,34.337103847587201],[108.11031923539423,34.337085188481304],[108.11033533831183,34.337066627802926],[108.11035162010086,34.337047736117668],[108.11036771834667,34.337028938349619],[108.11038379689411,34.337010041434269],[108.11039982970161,34.336991076045422],[108.11041562362998,34.336972271333451],[108.11043140003117,34.336953365669331],[108.11044733576203,34.336934144341029],[108.11046294690004,34.336915189240322],[108.1104786490084,34.336895998768952],[108.11049414696636,34.336876932884124],[108.11050963065024,34.33685776063539],[108.11052498830242,34.336838616444304],[108.11054033384924,34.336819362281489],[108.11055571176995,34.336799939510485],[108.11057080092321,34.336780754087798],[108.11058606131702,34.336761220536829],[108.11060103295071,34.336741929743141],[108.11061602067976,34.336722487484195],[108.11063089106069,34.336703065161984],[108.11064576234986,34.336683512122299],[108.11066055101318,34.336663938421374],[108.11067521798749,34.33664438916859],[108.11068986091546,34.336624739871311],[108.1107044797982,34.336604991431052],[108.11071887177093,34.33658541357407],[108.1107333720382,34.336565552552351],[108.11074772241969,34.336545760176982],[108.11076185241193,34.336526138379163],[108.11077614384648,34.336506155841136],[108.11079032553224,34.336486186922912],[108.11080431286308,34.336466352499542],[108.11081828807211,34.336446395484046],[108.11083214377923,34.336426472831342],[108.11084603617131,34.336406354522403],[108.11085976892254,34.336386323800021],[108.11087343206555,34.336366254375378],[108.11088706898532,34.336346082204038],[108.11090062327635,34.336325886667446],[108.11091402552805,34.336305774203282],[108.11092741998702,34.336285525620994],[108.11092939387842,34.336282520097619],[108.10944663753484,34.335940646016404],[108.10923621179552,34.33589212777963],[108.10906266550107,34.335852111564307],[108.10906255021116,34.335857074321304]],[[108.11118357993111,34.336347575735992],[108.11116996683592,34.336368454679864],[108.11115627652981,34.336389298534471],[108.11114250901393,34.336410108201299],[108.1111286664605,34.336430882776853],[108.11111474669839,34.336451624066015],[108.11110074972521,34.336472330265821],[108.11108667879634,34.33649299776738],[108.11107253174423,34.336513631080017],[108.11105829012649,34.336534254560434],[108.11104400926419,34.336554790631041],[108.11102963492174,34.336575315966911],[108.11101518662699,34.336595805308846],[108.11100066111968,34.336616258659753],[108.11098606165643,34.336636673312228],[108.11097138823961,34.336657051069174],[108.11095663869922,34.336677394637007],[108.11094181302695,34.336697697705326],[108.11092691557566,34.33671796477757],[108.11091194199595,34.336738194054682],[108.11089689663241,34.336758383729773],[108.11088177297047,34.336778538316061],[108.11086657752344,34.336798652398791],[108.11085130920688,34.336818727781839],[108.11083596693406,34.336838764466187],[108.11082055179406,34.336858764253769],[108.11080506052187,34.336878723541581],[108.11078949963787,34.336898642323739],[108.11077386262758,34.336918525113468],[108.11075815382959,34.336938365596474],[108.11074237324624,34.33695816557568],[108.11072651979313,34.336977926854985],[108.11071059238353,34.336997649435368],[108.11069459427404,34.33701733060942],[108.11067852329114,34.337036970379053],[108.11066237943722,34.337056570547226],[108.11064616379657,34.337076129309935],[108.11062987745593,34.337095646666185],[108.11061352041649,34.337115123517435],[108.11059709050232,34.337134558062651],[108.11058058880253,34.337153952103804],[108.11056401640028,34.337173302935419],[108.11054737330026,34.337192614163392],[108.11053065949658,34.337211881280311],[108.11051387390599,34.337231106991545],[108.11049701761519,34.337250291296108],[108.11048009279176,34.337269429684582],[108.1104630972681,34.337288526666335],[108.11044603212973,34.337307581338848],[108.11042889520081,34.33732659190111],[108.11041551390274,34.337341344084066],[108.1103950346166,34.33736901547897],[108.11072233859643,34.337493596718041],[108.11072634985527,34.337495313116669],[108.11073333751554,34.337499362560877],[108.1107393722568,34.337504357618549],[108.11074427021789,34.337510145204334],[108.1107478801114,34.337516550567891],[108.11074998912856,34.337522894185113],[108.11083339218125,34.337886989988135],[108.11100992639818,34.338657645806563],[108.11141366220997,34.338920654850646],[108.11141485110097,34.338921455185307],[108.11141619670872,34.338922423954259],[108.11289501030316,34.340027829000512],[108.11317401569563,34.338404963851893],[108.11318580990169,34.337367544044618],[108.11318813765158,34.337162825473861],[108.11319304084323,34.336731505531006],[108.11190362147401,34.336478509947398],[108.1118268966778,34.336463454987907],[108.1111895263541,34.336338390554026],[108.11118357993111,34.336347575735992]],[[108.10689143501978,34.33965975164471],[108.10490423366518,34.339288350976652],[108.10474116693361,34.339937572034842],[108.10466903025909,34.34022475441423],[108.10467013925403,34.340228638847869],[108.10467074077737,34.340236066534281],[108.10466986099438,34.340243474752903],[108.10466752356406,34.340250662453265],[108.10466379127404,34.340257432157365],[108.1046594985151,34.340262702276597],[108.10447240139821,34.341007539116752],[108.10573339365112,34.341304484378014],[108.10689143501978,34.33965975164471]],[[108.10447409404367,34.340603055057791],[108.10447480239176,34.34060023552356],[108.10455801073761,34.340268982151869],[108.10313808225092,34.339951165911351],[108.10282682337417,34.34037284106509],[108.10267139620457,34.340583402312802],[108.10290840747408,34.340639220453028],[108.10293393581399,34.340645232605098],[108.10311634130476,34.340688189736184],[108.10325946024103,34.340721894481831],[108.10344846151087,34.34076640511627],[108.10352258883273,34.340783861841047],[108.10379862608301,34.340848868301947],[108.10437806978878,34.340985325050255],[108.10447409404367,34.340603055057791]],[[108.10355545039617,34.340941538164117],[108.10269257847493,34.340738328333217],[108.10257842438773,34.340711443605414],[108.10244403332659,34.340900855323014],[108.10172407597358,34.341915551723375],[108.10237600391943,34.342082570150104],[108.10322454189121,34.342299951988764],[108.1039980662562,34.342498110810247],[108.10434251036021,34.341126887802268],[108.10355545039617,34.340941538164117]],[[108.10656500227495,34.341301048185542],[108.10658697010363,34.341302264994489],[108.106608929331,34.341303554826894],[108.10663088321405,34.341304914975503],[108.10665283175629,34.341306348144727],[108.10667477387095,34.341307854335568],[108.10669670847017,34.341309432647421],[108.1067186344672,34.341311083081301],[108.10674054860058,34.341312804738557],[108.10676245956586,34.341314598513094],[108.10678436193029,34.341316465311124],[108.10680625025648,34.341318402432933],[108.10682813106757,34.341320411675859],[108.10685000653835,34.341322493939423],[108.10687186797334,34.341324648329774],[108.10689371754509,34.341326873943544],[108.10691555960079,34.34132917077693],[108.1069373908813,34.341331539734256],[108.10695920703947,34.341333980819343],[108.10698101242137,34.34133649312691],[108.10700280811388,34.341339076656006],[108.10702459194576,34.341341733211529],[108.10704636065323,34.341344460091854],[108.10706811532542,34.341347259099024],[108.10708985704805,34.3413501293306],[108.10711158582231,34.34135307168809],[108.10713329838674,34.341356085272849],[108.10715504800231,34.341359176348654],[108.10717668140477,34.34136232431559],[108.10719835186191,34.34136555247801],[108.10719998780584,34.341365801657339],[108.10805691102642,34.340152695922406],[108.10699583458801,34.33967926226061],[108.1069915321175,34.339678458293349],[108.10606617864856,34.340992719719345],[108.10584918276314,34.341300907327003],[108.10586097152057,34.341300279621358],[108.1058829472988,34.34129918244934],[108.10590492968899,34.341298158287572],[108.1059269143429,34.341297206238359],[108.10594890451983,34.341296325397373],[108.10597090022323,34.341295518469046],[108.10599289601581,34.341294782753636],[108.10601489733271,34.341294119147953],[108.10603690091473,34.341293528556264],[108.10605890893326,34.341293009173739],[108.10608091813141,34.341292563707647],[108.10610292850576,34.341292189453526],[108.1061249411455,34.341291888213405],[108.10614695496157,34.341291658185277],[108.10616896995748,34.341291502073553],[108.10619103177403,34.341291416232743],[108.10621300130742,34.341291405290896],[108.10623501657479,34.341291464620909],[108.1062570330222,34.341291597867325],[108.10627904629912,34.341291802329515],[108.10630106184188,34.341292079805683],[108.10632307095501,34.341292429401911],[108.10634508124615,34.341292851111611],[108.10636709162968,34.341293345837187],[108.1063890934102,34.341293912684712],[108.10641109528095,34.341294550745182],[108.10643309507181,34.341295262724891],[108.10645509169267,34.341296045920366],[108.10647708188543,34.341296902137387],[108.10649906782264,34.341297830472605],[108.10652105058996,34.34129883002359],[108.10654303018978,34.341299902593313],[108.10656500227495,34.341301048185542]],[[108.10842303168792,34.332673838562847],[108.10842641043482,34.332674032094346],[108.10846914622736,34.332676412923725],[108.10851201452205,34.332678735024459],[108.1085548207876,34.33268098684961],[108.10859767478694,34.332683174612249],[108.10864050588097,34.332685294769078],[108.10868327820677,34.332687345548997],[108.10872610587398,34.332689333161113],[108.10876894649492,34.332691252234142],[108.10881177290712,34.332693106398096],[108.1088546144497,34.332694894725478],[108.10889745808122,34.332696616326366],[108.10894028097891,34.332698269418081],[108.10898451220326,34.332699909522219],[108.10902883462313,34.332701481918036],[108.10907310261598,34.332702981326285],[108.10911733248196,34.332704407732464],[108.10916164811086,34.332705767336577],[108.10920592561384,34.332707054840128],[108.10925020519797,34.332708270207263],[108.10929448903771,34.332709414337522],[108.10933877604977,34.332710489936332],[108.10938306296813,34.3327114924992],[108.10942731067449,34.33271242386401],[108.10947164739954,34.332713285719173],[108.10951594056679,34.332714077281665],[108.10956018147799,34.332714794953382],[108.10960217173931,34.332715413657546],[108.10964410758265,34.332715967489349],[108.1096860748558,34.332716456371955],[108.10972797902083,34.332716883094484],[108.10976991570453,34.332717246669816],[108.10980672528228,34.332717508453428],[108.1098323303635,34.331932534665874],[108.10967984082299,34.33193177796732],[108.10946639502532,34.331930718595608],[108.1090193552983,34.331928497678796],[108.10885832446145,34.331927697979282],[108.10857996147563,34.331926314326573],[108.1084395482326,34.331925615691077],[108.10842303168792,34.332673838562847]],[[108.11117466624951,34.33185805275501],[108.11128368956389,34.331858592881261],[108.11194477878701,34.331861863110269],[108.11205001611644,34.331862383478025],[108.11211616565041,34.331201112133563],[108.1121308629066,34.331054188676234],[108.11201272608223,34.331053931689787],[108.11130419311183,34.331052388919041],[108.11118254853459,34.331052123502062],[108.11117996328498,34.331316484520883],[108.11117466624951,34.33185805275501]],[[108.11107810657154,34.331730987266887],[108.11107912255972,34.331627065320767],[108.11108474648201,34.331051910260584],[108.11042824089502,34.331050478385052],[108.10995897209538,34.331049452862452],[108.10995491381982,34.331173870931018],[108.10993279790675,34.331851898918714],[108.11095301076267,34.331856955648533],[108.1110768683386,34.331857569059956],[108.11107810657154,34.331730987266887]],[[108.10986114396638,34.331049238667177],[108.10910072277562,34.331047571024946],[108.10857376346074,34.331046820553276],[108.108458951958,34.331046656353287],[108.10844133900508,34.331844489753863],[108.1085673503501,34.331845116417007],[108.10869917651851,34.331845772045547],[108.10895066565602,34.331847021580309],[108.10901994147164,34.331847365594243],[108.10983497718603,34.331851413350854],[108.10986114396638,34.331049238667177]],[[108.11118461809053,34.330970993656834],[108.11129688789805,34.330971238744894],[108.11202124419158,34.330972815765421],[108.1121389766636,34.330973072212551],[108.11231143073813,34.329249068615539],[108.11219480209566,34.329241958252673],[108.11138115698904,34.32919234957447],[108.11125727026105,34.329184795981341],[108.11124588236868,34.329464773341115],[108.11118461809053,34.330970993656834]],[[108.1111081193384,34.330445938107694],[108.11111665120474,34.330236170819781],[108.11114808917021,34.329463285444426],[108.1111497174102,34.329423250946085],[108.11115965840133,34.329178843788796],[108.11103643135431,34.32917132994011],[108.11002225335338,34.32910948408167],[108.11003725821841,34.329674251901643],[108.11003720811647,34.329676659805507],[108.11001876868309,34.329996202206786],[108.10996267065269,34.330968326982834],[108.11098422089833,34.330970557019157],[108.11108677049239,34.330970780458252],[108.1111081193384,34.330445938107694]],[[108.11136960409262,34.329110293647481],[108.11151994378037,34.329119461034459],[108.11160869335201,34.329124872014233],[108.11198606308659,34.329147880413075],[108.11219618043995,34.329160691073895],[108.11231951733016,34.329168209965147],[108.11248636344399,34.327500191922759],[108.11246182038724,34.327494751479399],[108.11242733175784,34.327487034002218],[108.11239286803313,34.327479246176821],[108.11235842704353,34.327471390709661],[108.11232400770012,34.327463465798807],[108.11228961326165,34.327455470539789],[108.11225524155971,34.32744740854055],[108.11222089259202,34.327439277998167],[108.11218656744285,34.327431077108663],[108.11216155066387,34.327424822098834],[108.11215223350546,34.327422799591552],[108.11211802447785,34.327414478679302],[108.11211288410584,34.327413149191095],[108.11208374035715,34.327406064973502],[108.11204951158027,34.327397590808118],[108.1120153066235,34.327389047197222],[108.11198112983577,34.327380435939808],[108.11194697687071,34.327371757039863],[108.11191285098585,34.327363008691492],[108.11187874674935,34.327354191801149],[108.1118446706822,34.327345307264359],[108.11181062169784,34.327336355082167],[108.11177659653532,34.327327334356092],[108.11174259736796,34.327318245084129],[108.1117086263702,34.327309088165833],[108.1116746846288,34.327299863600231],[108.11164076562407,34.327290571393284],[108.11160687587466,34.327281210637601],[108.11157301212192,34.327271782237638],[108.11153917545258,34.327262286192429],[108.11150536803991,34.327252722500027],[108.1114715887974,34.327243091161449],[108.11143783446407,34.327233391278185],[108.11140411373647,34.327223625546807],[108.11137041900599,34.327213792171307],[108.11133675244596,34.327203891149694],[108.11130865468955,34.327195565356412],[108.11129396620821,34.327914286493765],[108.11129289651953,34.327966614011622],[108.1112818720413,34.328506010671056],[108.1112603882674,34.329103634507312],[108.11136960409262,34.329110293647481]],[[108.11072699150601,34.327932957186199],[108.11088123994637,34.327930688325864],[108.11106655212429,34.327927962899025],[108.11119591521465,34.327926060574882],[108.11119688489151,34.327878597547347],[108.11121144149105,34.327166360900037],[108.11120237443237,34.327163611498349],[108.11116885416213,34.327153374946143],[108.11113536532261,34.327143070745002],[108.1111019057418,34.327132699798447],[108.11106847324535,34.327122261206974],[108.11103507435423,34.32711175586617],[108.11100170580862,34.327101183779007],[108.11096836760981,34.327090545847021],[108.11093506084092,34.327079839364785],[108.11090178550673,34.327069067938247],[108.11086854160496,34.327058229764489],[108.11083532696126,34.327047323943994],[108.11080214592452,34.32703635227584],[108.11076899849481,34.327025314760064],[108.11073588249775,34.327014210497126],[108.11070279793346,34.327003039487103],[108.11066974589095,34.326991803531968],[108.11063672636793,34.32698050082881],[108.11060373936563,34.326969132279125],[108.11057078705736,34.326957697880971],[108.11053786835537,34.326946196733864],[108.1105049810877,34.326934629741302],[108.11047212960203,34.326922997800857],[108.11043931281179,34.326911300913522],[108.11040652636711,34.326899536378832],[108.11037377679121,34.326887706895356],[108.11034106191212,34.326875813366563],[108.11030838063978,34.326863853089009],[108.11027573732301,34.326851827861802],[108.11024312326902,34.326839737692744],[108.11021054716835,34.32682758077113],[108.11017800902583,34.326815360702867],[108.11014550340489,34.326803074788472],[108.11011303465207,34.326790723024011],[108.11008060168314,34.326778307213495],[108.11004820558243,34.326765825552989],[108.11001584417913,34.326753279847452],[108.10999399660646,34.326744756121045],[108.11001191558914,34.327943470153343],[108.11072699150601,34.327932957186199]],[[108.10991242979887,34.327830895813861],[108.10989561464976,34.326705966202319],[108.10988677161275,34.326702451143156],[108.10985459673314,34.326689582496705],[108.10983422631642,34.32668138555632],[108.10982611451725,34.326680331785965],[108.10980542647155,34.326677708992534],[108.10978454397777,34.326675126936635],[108.10976392782659,34.326672639294131],[108.10974322155889,34.326670205817862],[108.10972224803109,34.326667805932388],[108.10970168647067,34.326665515655193],[108.10968072289239,34.326663244665703],[108.10965992675901,34.326661055557615],[108.10963912636353,34.326658930455068],[108.10961830540333,34.326656866668209],[108.10959753777682,34.326654871342775],[108.10957660613734,34.326652924840616],[108.10955584954401,34.326651056607268],[108.10953496262937,34.326649242575911],[108.10951401928716,34.326647486286355],[108.10949198605142,34.326645707529075],[108.10946998550953,34.32664400175868],[108.10944813611303,34.326642377884191],[108.10942610315497,34.32664081096322],[108.10940427676248,34.32663932859311],[108.10938212988455,34.326637894283934],[108.10936012436999,34.326636540076471],[108.10933796246348,34.326635246404003],[108.10931613100217,34.326634042580828],[108.1092941518428,34.326632900186382],[108.10927205758698,34.326631821895965],[108.10924990474388,34.326630812166506],[108.10922798127754,34.326629881558929],[108.10920591663724,34.326629015980046],[108.10918386730091,34.326628220699206],[108.10916184304796,34.32662749570769],[108.10913966675717,34.326626837557384],[108.10911783828152,34.326626257522165],[108.10909558176238,34.326625738263708],[108.10907359590585,34.326625294484671],[108.10905156232762,34.326624919256872],[108.10902954622618,34.326624614325176],[108.10900753347562,34.32662437970221],[108.10898523938219,34.326624212936828],[108.10896331591516,34.326624118857737],[108.10894120564083,34.326624093453574],[108.10891918673325,34.326624139181277],[108.10889717334717,34.326624253412803],[108.10887506008429,34.326624438044803],[108.10885314467166,34.326624691009627],[108.10883082731323,34.326625020052255],[108.10880886101029,34.326625412784203],[108.10878680461325,34.326625878612319],[108.1087648265375,34.326626411076624],[108.10874281486863,34.326627014783931],[108.10872054360108,34.326627696245247],[108.10869861251808,34.326628437799918],[108.10867653483962,34.326629254303811],[108.10865456155835,34.32663013561784],[108.10863249601171,34.326631091832844],[108.10861051639105,34.326632113775872],[108.10858833693692,34.326633215222643],[108.10856642051584,34.326634375028569],[108.10854430860873,34.326635615235809],[108.1085224466907,34.326636910207959],[108.10850039254748,34.326638286479948],[108.10847846235762,34.326639725741956],[108.10845640730957,34.32664124444107],[108.10843430019882,34.326642837103897],[108.10841245176395,34.326644480016789],[108.10839056539213,34.326646196880901],[108.1083685193952,34.326647996818764],[108.1083465734437,34.326649857964973],[108.10832474492209,34.326651779402717],[108.10830270571292,34.326653790269674],[108.10828080892198,34.326655858701614],[108.10825870796408,34.326658017458385],[108.10823712425305,34.326660194685189],[108.10821511147913,34.326662486775589],[108.10819318027916,34.326664840992265],[108.10817134260346,34.326667255521755],[108.10816044771265,34.326668495668002],[108.10819172387978,34.327447661789925],[108.10827603720793,34.327979390712862],[108.10837868552028,34.327977249043414],[108.10948978350443,34.327954063521275],[108.10991413815927,34.327945205857475],[108.10991242979887,34.327830895813861]],[[108.11118410004414,34.328504100888729],[108.11119188219578,34.328123325710941],[108.11119425544707,34.328007231556711],[108.11107367849577,34.328009005112122],[108.1100128451406,34.328024602734807],[108.11001505887833,34.328304552492966],[108.11001661286488,34.328501110307151],[108.1100207800569,34.329028042794768],[108.11053690611857,34.32905951754362],[108.11102765211602,34.329089442747012],[108.11116276020076,34.329097681430284],[108.11118410004414,34.328504100888729]],[[108.10991882017932,34.328501642550336],[108.10991618403845,34.328168348860189],[108.10991506110749,34.328026346559035],[108.10949224248691,34.328035171301146],[108.10845260114624,34.328056865639439],[108.10828886330825,34.32806028201054],[108.10840138083654,34.328769874455013],[108.10840834723662,34.328813804732988],[108.10840907367199,34.328821847115002],[108.10841153586126,34.328929890292493],[108.10856734329207,34.328939394520496],[108.1086728301613,34.328945829494067],[108.10889085785111,34.328959128312604],[108.10922069727754,34.328979246852491],[108.10992293590465,34.329022075401014],[108.10991882017932,34.328501642550336]],[[108.10856234266997,34.329020441308529],[108.10841339230087,34.329011355602503],[108.10842903044379,34.329697522078213],[108.10843362208395,34.329898985752209],[108.10856199905669,34.329903555215239],[108.10887707283774,34.329914769399679],[108.10992340978285,34.329952003430812],[108.10993943950142,34.329674198222591],[108.10992427217977,34.329103508698928],[108.10921352601014,34.32906016128095],[108.10856234266997,34.329020441308529]],[[108.10991873204939,34.33003304546228],[108.10856234925571,34.329984775740485],[108.10843547397637,34.329980259938729],[108.10843971440487,34.330166322092445],[108.10845792931796,34.330965521176623],[108.1085528526018,34.33096565703304],[108.10910093722687,34.33096643745661],[108.10986477198499,34.330968112853689],[108.10991873204939,34.33003304546228]]]},"properties":{"FID":7,"OBJECTID":8,"Landuse_ty":"城镇道路用地","一类用":12,"二类用":1207,"二类_1":"城镇道路用地","ORIG_FID":21,"一类_1":"交通运输用地","Shape_Leng":61208.543717599998,"Shape_Area":381500.00488899997,"Area":38150000.488899998}},{"type":"Feature","id":8,"geometry":{"type":"Polygon","coordinates":[[[108.1147052529936,34.323556506982278],[108.1162904357811,34.32563043472215],[108.11634222760165,34.325701645935482],[108.11637975417391,34.325747288407669],[108.11716380987487,34.326773035608475],[108.11853764179264,34.328570289872985],[108.11856266993759,34.328634260966112],[108.11865944254095,34.329916682406534],[108.11865975731503,34.329925693315801],[108.11865954686907,34.329944475897562],[108.11865924668849,34.32996281143113],[108.11865885848687,34.329981145246968],[108.11865838117876,34.329999478247608],[108.1186578125883,34.330017808632171],[108.11865715597787,34.330036138200491],[108.11865640917033,34.330054464250225],[108.11865557434017,34.330072787680734],[108.11865464822742,34.330091108495175],[108.11865363300528,34.33010942669145],[108.11865252867119,34.330127740466594],[108.11865133631298,34.330146050721027],[108.11865005266939,34.330164356556431],[108.11864867991366,34.330182657970688],[108.11864721913238,34.330200954962748],[108.11864566815093,34.330219246633249],[108.11864402805588,34.330237532981101],[108.11864229884721,34.330255814006335],[108.11864047943691,34.33027408880848],[108.11863857199823,34.33029235738546],[108.11863657544319,34.330310618836847],[108.11863448868637,34.330328874065138],[108.11863231389846,34.330347121265284],[108.11863004890864,34.330365362242347],[108.11862769588762,34.330383595191257],[108.11862525374742,34.330401819211566],[108.11862272249054,34.330420036106247],[108.11862010211436,34.330438244072305],[108.11861739370421,34.33045644220725],[108.11861459617465,34.330474631413566],[108.11861170952564,34.330492811691272],[108.11860873484123,34.330510981236323],[108.11860566995058,34.330529141853823],[108.11860251810981,34.330547290836115],[108.11859927714808,34.330565429988276],[108.11859594814945,34.330583557506309],[108.11859252894057,34.33060167339228],[108.1185890227826,34.330619778544545],[108.1185854285863,34.330637871161144],[108.11858174526623,34.330655952144603],[108.1185779749855,34.330674014281001],[108.11857411450819,34.330692074701609],[108.11857016707135,34.330710117176594],[108.11856613159466,34.330728146214412],[108.11856200807676,34.33074616091357],[108.11855779651889,34.330764162175527],[108.1185534969197,34.330782149098837],[108.11854911036455,34.330800120780907],[108.11854463576799,34.33081807812431],[108.11854007421535,34.33083602022645],[108.11853542353326,34.330853947089459],[108.11853068589372,34.330871857809733],[108.11852586129667,34.330889752387272],[108.11852094974208,34.33090763082204],[108.11851595014194,34.330925492213638],[108.11851086358413,34.330943337462429],[108.11850569006607,34.33096116476549],[108.11850043067565,34.330978975023228],[108.11849508323822,34.330996767336245],[108.1184896488391,34.331014540801995],[108.11848412748081,34.331032297223445],[108.1184785202461,34.331050033895046],[108.1184728260496,34.331067751719388],[108.11846704597787,34.331085450695362],[108.1184611800296,34.33110312992148],[108.11845522603144,34.33112078939984],[108.11844918724202,34.331138428225799],[108.11844306148926,34.331156047302912],[108.11843685094517,34.33117364572761],[108.11843055452175,34.331191222599408],[108.11842417113357,34.331208778820866],[108.11841770295136,34.331226312586885],[108.11841114888971,34.331243824799998],[108.11840450894854,34.331261315460189],[108.11839778421195,34.331278782763405],[108.11839097468113,34.331296227611148],[108.11838408035607,34.331313650003395],[108.11837710014748,34.331331048138217],[108.11837003514457,34.331348423817509],[108.11836288534346,34.33136577433681],[108.11835565074661,34.331383101499085],[108.11834833243942,34.331400404401769],[108.11834092933391,34.331417682144441],[108.1183334360144,34.331434947353031],[108.11832586981433,34.331452162148551],[108.11831821448686,34.331469364408946],[108.11831047544628,34.331486540606704],[108.11830265160586,34.331503690742885],[108.11829474513765,34.331520813913883],[108.11828675386951,34.331537911023268],[108.11827867997224,34.331554980265949],[108.11827052344827,34.331572023444878],[108.11826228320842,34.331589038758153],[108.11825396033802,34.331606025303174],[108.1182455537529,34.331622984883978],[108.11823706562254,34.331639914794003],[108.11822849377739,34.331656817739763],[108.11821983929897,34.331673690114272],[108.11821110327777,34.331690534620918],[108.11820228570988,34.331707348555206],[108.11819338551118,34.331724133721167],[108.11818440267906,34.3317408883158],[108.11817533938812,34.331757613238466],[108.11816619454909,34.331774306687265],[108.11815696707654,34.331790969564693],[108.11814765914254,34.331807600967153],[108.11813826966159,34.331824201797133],[108.11812879971782,34.331840770250629],[108.11811924822578,34.331857307230152],[108.11810961735755,34.331873811832111],[108.11809990493968,34.331890284058581],[108.11809011314428,34.33190672300595],[108.11808024088586,34.331923129576737],[108.11807028816315,34.331939502869446],[108.11806025606151,34.331955841981525],[108.11805014349551,34.331972147815506],[108.11803995154925,34.331988418567313],[108.11802968022523,34.332004656039935],[108.11801933060757,34.332020858429317],[108.11800890160953,34.332037025736476],[108.11800124939738,34.332048775811124],[108.11758803842497,34.332804555415727],[108.11752621488006,34.332917630808367],[108.11751191795103,34.332943779381381],[108.11689002878668,34.334081208564399],[108.11573426281504,34.336195004354771],[108.11482522821632,34.337857467243801],[108.11449511463101,34.342571550548477],[108.11422739425457,34.345479572995252],[108.11388424819469,34.345654960922147],[108.11395738050533,34.344860653101463],[108.11397337952923,34.344686886075088],[108.11398654652017,34.344543881074706],[108.11403912724833,34.343972775208009],[108.1140524611221,34.343827966167126],[108.1141698054163,34.342553405517542],[108.11420472467549,34.342054777750327],[108.11445579947177,34.338469437219302],[108.11450150931562,34.337816674566049],[108.11450333000447,34.337802974810643],[108.11450676550929,34.33778958841782],[108.11451176716008,34.337776705029469],[108.1145157934946,34.337768657349955],[108.11548351506897,34.335998877759266],[108.11664633361923,34.333872192671564],[108.11716715588692,34.332919619180871],[108.11722932026764,34.332805920718911],[108.11724344816631,34.332780079745298],[108.11770670062376,34.331932779857368],[108.11771174188344,34.331924351566343],[108.11772172330664,34.331909027599814],[108.11773161343574,34.331893696508352],[108.11774131576735,34.33187850893222],[108.11775105474881,34.331863111274785],[108.11776050076772,34.331848030318348],[108.11777014498641,34.331832478597086],[108.1177794431231,34.331817334677609],[108.11778888307227,34.331801805688293],[108.11779824257036,34.331786252435613],[108.11780737308764,34.331770921166964],[108.11781653157526,34.331755389741723],[108.11782556082649,34.331739916134964],[108.11783451396721,34.3317244137533],[108.11784349831302,34.331708693182343],[108.11785219842348,34.331693312742864],[108.11786102837505,34.331677534624284],[108.11786967815698,34.331661914437767],[108.11787829735013,34.331646180693348],[108.11788684910107,34.331630400136149],[108.11789527054704,34.331614690019343],[108.11790361480115,34.331598954734751],[108.11791202057977,34.331582924605776],[108.1179200728055,34.331567397843457],[108.11792828301058,34.331551391340128],[108.11793631848249,34.331535544566776],[108.11794427892973,34.331519668116215],[108.11795225320668,34.331503581606512],[108.11795996282484,34.331487846027606],[108.11796778053892,34.331471704677242],[108.11797542895602,34.331455724854671],[108.11798299801463,34.331439724373958],[108.11799054404591,34.331423577874872],[108.11799795763118,34.331407524355534],[108.11800532435322,34.33139137532379],[108.11801258029953,34.331375274176843],[108.11801981104658,34.331359027915141],[108.11802690826745,34.331342879141708],[108.11803389796899,34.331326775545556],[108.11804095127978,34.331310313999346],[108.11804728296327,34.331295347805202],[108.11804778334532,34.331294164578686],[108.11805456529164,34.331277922353308],[108.11806134801644,34.331261461968133],[108.11806797015744,34.331245176624847],[108.11807451402206,34.331228867016634],[108.11808028443198,34.331214288998936],[108.11808102941875,34.331212405986527],[108.11808748818645,34.331195859369856],[108.11809376581124,34.331179550017211],[108.11810001280115,34.33116309375221],[108.11810623130931,34.33114647614908],[108.11811219616534,34.331130307728188],[108.11811825270181,34.331113651516837],[108.11812413136839,34.331097241581283],[108.11813002484159,34.331080543156915],[108.11813576644028,34.331064030583995],[108.11814140595001,34.3310475604789],[108.11814705375528,34.331030808201675],[108.11815255077292,34.331014241774902],[108.11815803443629,34.330997452694696],[108.11816335217476,34.330980903568467],[108.11816860787044,34.330964282383299],[108.11817382747046,34.330947494458542],[108.1181789190297,34.330930840076405],[108.11818397557624,34.330914016249189],[108.11818890408465,34.330897327767588],[108.11819381163362,34.330880417541437],[108.11819857492816,34.330863702174355],[108.11820330319365,34.330846805642999],[108.11820789263435,34.330830101261064],[108.1182124113634,34.330813341956777],[108.11821690476749,34.330796347389935],[108.11822118263315,34.330779857860826],[108.11822551083026,34.330762840916037],[108.11822975316205,34.330745811433196],[108.11823386318687,34.330728972290586],[108.11823788089362,34.330712168394705],[108.11824186568037,34.330695137356997],[108.11824572681317,34.330678267803783],[108.11824954529797,34.330661208078894],[108.11825324230477,34.330644311639375],[108.11825690204762,34.33062718986519],[108.11826042520693,34.330610308016944],[108.11826386684423,34.330593410922084],[108.11826727552128,34.330576257838047],[108.11827054439676,34.330559374431999],[108.11827378569096,34.330542196267835],[108.1182769033874,34.330525219253403],[108.11827993310285,34.330508270269746],[108.11828292116246,34.330491063502386],[108.11828582122853,34.330473875751004],[108.11828856541509,34.330457115452525],[108.11829129810143,34.330439904424075],[108.11829394710684,34.330422688067458],[108.11829648227076,34.330405655723013],[108.11829896173484,34.33038842420477],[108.11830132630381,34.330371400138269],[108.11830364161315,34.330354120098391],[108.118305840989,34.330337081767567],[108.11830795668041,34.330320035404185],[108.11831001877077,34.330302736677545],[108.11831196603977,34.330285697688566],[108.11831385859834,34.330268390110724],[108.11831564172718,34.330251312516431],[108.11831734441409,34.330234214265715],[108.11831897946099,34.330216925867568],[108.11832051478478,34.330199815157663],[108.11832198353888,34.330182502580044],[108.11832336643822,34.33016518377493],[108.11832464857352,34.330148075112412],[108.1183258481167,34.330130962022231],[108.11832697995305,34.330113611006169],[108.11832801214892,34.330096496274585],[108.1183289606636,34.330079375313453],[108.11832983715794,34.330062039869134],[108.11833062777639,34.330044682872163],[108.11833132633956,34.330027546827175],[108.11833194014653,34.330010412667008],[108.1183324775842,34.329993062224901],[108.11833292513374,34.329975928225267],[108.11833329304022,34.329958568030563],[108.11833357214914,34.329941426981748],[108.11833371839815,34.329928724057261],[108.11826425810195,34.329008202150831],[108.1182399313652,34.328685807833288],[108.11819732897256,34.328630076958227],[108.11800983295095,34.328384795881931],[108.11688851673526,34.326917871217681],[108.11686275214549,34.326884163232471],[108.11680018482248,34.326802309712811],[108.11444617169973,34.323722539289797],[108.11440176468108,34.323695253222773],[108.11433298318218,34.323653074860076],[108.11426415184458,34.323610951495326],[108.11419527284016,34.323568882224947],[108.11412634508351,34.323526867951379],[108.11405736966233,34.323484909574979],[108.11398834766315,34.323443007094667],[108.11391927147386,34.323401156010043],[108.11385015088075,34.323359361720811],[108.1137809815351,34.323317622427965],[108.11371176343684,34.323275938131438],[108.11364249767244,34.323234308830116],[108.11357318315653,34.323192735426403],[108.11350382205971,34.323151216115285],[108.11343441221123,34.323109752701626],[108.1133649536098,34.32306834428389],[108.11329543755565,34.323026985461105],[108.11322589558308,34.322985694233708],[108.11315629398455,34.322944452603132],[108.11308664471936,34.322903265967142],[108.11301694887398,34.322862134324637],[108.11294720536306,34.322821058578036],[108.112877416362,34.32278004052823],[108.11280757534296,34.32273907387075],[108.11273768883366,34.322698164909895],[108.11273484418533,34.322696503390432],[108.11266775574506,34.322657311843621],[108.11259775650109,34.322616501167602],[108.11252774982727,34.322575771591538],[108.11245767047622,34.322535082608589],[108.11243870960782,34.322524094710325],[108.11239391665674,34.322498137950596],[108.11233012275082,34.32246123837006],[108.11226628984491,34.32242438386595],[108.11220241902794,34.322387576240118],[108.11213850812553,34.322350814593051],[108.11212218546011,34.322341443293695],[108.11211346665222,34.322342011096168],[108.11204710276043,34.322346402552348],[108.11198063682782,34.322350870691935],[108.11191423182336,34.322355405449549],[108.11184783342303,34.322360009579342],[108.11178147204885,34.322364682152049],[108.11171505969735,34.322369428656941],[108.11164868328395,34.322374242704313],[108.11158231456176,34.322379127024391],[108.11151588291089,34.322384086188919],[108.11144959910146,34.322389104680767],[108.11138325345075,34.322394198917586],[108.11131691548945,34.322399362525687],[108.11125056783494,34.322404597323825],[108.11118426372204,34.322409898756284],[108.11111794883028,34.322415272281262],[108.11105164380032,34.322420715175625],[108.11098534646011,34.322426228342799],[108.11091913937662,34.322431803594696],[108.11085277701787,34.32243746278931],[108.11078650600322,34.322443184969146],[108.11072024267767,34.322448977421871],[108.11065404461993,34.322454833785088],[108.11058774452243,34.322460770436656],[108.11052150860704,34.32246677190124],[108.110455282552,34.322472842735316],[108.11038906527062,34.32247898293987],[108.11032285785048,34.322485193415432],[108.11025665920364,34.322491473261522],[108.11019047150427,34.322497823377695],[108.11012430126914,34.322504241955109],[108.11005812351092,34.322510731720719],[108.10999196430438,34.322517290848104],[108.10992581604344,34.322523919344157],[108.10985966460514,34.322530619024505],[108.10979354909931,34.322537385346671],[108.10972743150235,34.322544222852187],[108.10966132376382,34.322551129727415],[108.10959519220515,34.322558109608401],[108.10952914112222,34.322565152485538],[108.10946306513229,34.322572268369463],[108.10939700117324,34.322579453621202],[108.10933089275241,34.322586714601599],[108.10926490608868,34.322594033132596],[108.10919887496287,34.322601427392293],[108.10913285477957,34.322608890119362],[108.10906684662753,34.322616423115818],[108.10900085050541,34.322624025480224],[108.10893486532767,34.322631698115003],[108.10886889217838,34.322639439216267],[108.10880293105971,34.322647250586996],[108.108736975451,34.322655131331544],[108.1086710449089,34.322663080531029],[108.10860511987761,34.322671100005834],[108.10853920796053,34.322679187946271],[108.10847340584796,34.322687334350384],[108.10840742021448,34.322695573734364],[108.10834154547059,34.322703870679611],[108.10827568275488,34.322712236993027],[108.10820973103388,34.322720685384603],[108.10818503458736,34.322722268570836],[108.10816571783691,34.32272228563216],[108.10814608155756,34.32272223896728],[108.10812644519498,34.322722127392524],[108.10810680983808,34.322721952709912],[108.10810146499176,34.322721888013376],[108.10808717548574,34.322721714017959],[108.10806754213802,34.322721411316671],[108.10804791196689,34.322721043702629],[108.10802828062738,34.322720612081177],[108.10800865463997,34.322720117348027],[108.10798901879068,34.322719557713647],[108.10796793985295,34.322718885761375],[108.10794685430163,34.32271813988968],[108.10792602944042,34.32271732887785],[108.10792576974143,34.322717319190382],[108.10790469160747,34.322716425461657],[108.10788361772443,34.322715456902451],[108.10786254809464,34.322714415315737],[108.10784148488899,34.322713298896616],[108.10782042702327,34.32271210944905],[108.10779937558291,34.322710846070585],[108.10777833056802,34.322709508761214],[108.10775729306516,34.322708097519993],[108.10773626307441,34.322706612346927],[108.10771524059697,34.322705054143519],[108.10769422671714,34.322703421105821],[108.10767322035073,34.322701715037759],[108.10765222366976,34.322699935035963],[108.10763123558887,34.32269808200288],[108.10761025719351,34.322696155036056],[108.1075892895703,34.32269415413456],[108.1075683316339,34.322692080200817],[108.10754738446974,34.322689932332402],[108.10752644916558,34.322687711429857],[108.10750552463495,34.322685417494135],[108.10748461196215,34.322683048721309],[108.10746371115066,34.322680607815855],[108.10744282437248,34.322678093874373],[108.10742194945345,34.32267550599731],[108.10740108748132,34.322672845085187],[108.10738024062921,34.322670111136119],[108.10735940672295,34.322667303250526],[108.10733858902455,34.322664423228524],[108.10731768211892,34.322661455837277],[108.10729699572875,34.322658444076581],[108.10727622230455,34.322655344944756],[108.10725546508841,34.322652173676552],[108.1072347240781,34.322648928469029],[108.10721400036252,34.32264561112418],[108.10719329285513,34.322642221642965],[108.10717260372797,34.322638759122043],[108.10715193189455,34.322635223562337],[108.10713127844258,34.322631615864417],[108.10711064337214,34.32262793602824],[108.10709002776869,34.322624183151461],[108.10706943054801,34.322620359037941],[108.10704885279556,34.322616462785284],[108.10702829668335,34.322612493490112],[108.10700776003947,34.322608452055817],[108.10698724395166,34.322604339382934],[108.10696674950424,34.322600153667587],[108.10694627561298,34.322595896713672],[108.10692582445108,34.3225915685193],[108.10690539601738,34.322587168183027],[108.10688498922657,34.322582696607263],[108.10686460516408,34.322578152889598],[108.10684424600423,34.322573537929657],[108.10682390848739,34.322568851730267],[108.10680359587325,34.322564094288595],[108.10678330924844,34.322559265603708],[108.10676304535335,34.322554365678471],[108.10674280744766,34.322549394510048],[108.10672259444603,34.322544353000879],[108.1067024074339,34.322539240248553],[108.10668224749901,34.322534057153611],[108.10666211355374,34.32252880281554],[108.10664200668577,34.322523478134876],[108.10662192689523,34.322518083111646],[108.10660187526749,34.322512616843412],[108.10658185180492,34.322507081133175],[108.10656185542101,34.322501475981881],[108.10654188937316,34.322495799583749],[108.10652195148948,34.322490052842184],[108.10650204394537,34.322484237558236],[108.10648216565205,34.322478351929924],[108.10646237313183,34.322472413036323],[108.10644249899336,34.322466371441337],[108.10642271280118,34.322460276579179],[108.10640295694877,34.322454113174743],[108.10638323252161,34.322447880325612],[108.1063635406063,34.322441578030826],[108.106343881204,34.322435207191923],[108.10632425431361,34.322428766907422],[108.10630465993631,34.322422258078802],[108.10628509915757,34.322415679803683],[108.10626557198084,34.322409034786496],[108.1062460794893,34.322402320321899],[108.10622662059754,34.322395537312339],[108.10620719639219,34.322388685756827],[108.10618780687443,34.322381766556923],[108.10616845421848,34.322374780612229],[108.10614913624792,34.322367725220182],[108.10612985513927,34.322360603083375],[108.10611060980376,34.322353412399806],[108.10609140133026,34.322346154971498],[108.1060722308053,34.322338830797541],[108.10605309714015,34.322331438075928],[108.10603400142479,34.322323979510166],[108.10601494365699,34.322316453297333],[108.10599592492444,34.322308860337984],[108.10597694414177,34.322301201534529],[108.10595800347987,34.322293475082176],[108.10593910185447,34.322285682784837],[108.10592024035215,34.322277824641581],[108.10590141897295,34.322269900652437],[108.10588263880231,34.322261909914999],[108.10586389766833,34.32225385333264],[108.1058451999172,34.322245730901635],[108.10582654229044,34.322237543526285],[108.10580792696119,34.322229291204742],[108.10578935392834,34.322220973035542],[108.10577082319307,34.322212589920184],[108.10575233584194,34.322204141857746],[108.10573389187499,34.322195628848249],[108.10571549020683,34.322187051794145],[108.10569713409599,34.322178409791142],[108.10567881593443,34.322169701042874],[108.10566055203051,34.322160933648604],[108.10564232933444,34.322152098604818],[108.10562415111154,34.322143200416107],[108.10560601844834,34.322134239081578],[108.10558793134379,34.322125213699735],[108.10556989088556,34.322116125171178],[108.105551895986,34.322106972595357],[108.10553394882049,34.32209775777342],[108.10551604830137,34.322088479804776],[108.10549819551636,34.322079139590073],[108.10548039046434,34.322069736227782],[108.10546263314647,34.322060270619446],[108.10544492465044,34.322050743665613],[108.10542726497403,34.322041153563333],[108.10540965303295,34.322031502116552],[108.10539209208575,34.322021788420983],[108.10537457996159,34.322012014281476],[108.10535711774483,34.322002177894191],[108.10533970543658,34.321992280160586],[108.10532234521108,34.321982321980322],[108.10530503489525,34.321972303355267],[108.10528777557569,34.321962224284533],[108.10527056833779,34.321952083865703],[108.10525341209731,34.321941883902724],[108.10523630902622,34.321931623492226],[108.10521925803801,34.321921302635218],[108.10520225913379,34.321910922233165],[108.10518531340126,34.321900483186653],[108.10516842192474,34.32188998369179],[108.10515158361994,34.321879425552503],[108.10513479957342,34.321868808767903],[108.10511806869866,34.321858133338914],[108.10510139316762,34.321847398362223],[108.10508477189603,34.321836605641764],[108.10506820705699,34.321825755175666],[108.10505169647629,34.321814846064328],[108.1050352423282,34.321803879207451],[108.10501884352611,34.321792854605917],[108.10500250115774,34.321781773160325],[108.10498621630855,34.321770633968306],[108.1049699324312,34.321759399216013],[108.10495381591136,34.321748185052243],[108.10493770253649,34.321736875326401],[108.10492164668305,34.321725509657142],[108.10490564834991,34.32171408714305],[108.1048897086259,34.321702609586168],[108.10487382750878,34.321691075183551],[108.10485800500078,34.321679485738173],[108.10484224218732,34.321667840347651],[108.10482653798414,34.321656140815911],[108.10481089456205,34.321644385338161],[108.10479531083679,34.32163257571829],[108.10477978789376,34.321620711053917],[108.10476432464756,34.321608792247481],[108.10474892327126,34.321596819297156],[108.10473358159291,34.32158479310629],[108.10472897448368,34.321581150545477],[108.10463846049136,34.322791206030956],[108.10463627666806,34.322806358197369],[108.10463212502091,34.322821093225606],[108.10462607723092,34.322835156705516],[108.10461432344671,34.322858392559468],[108.10460268586159,34.322881583238804],[108.10459129453361,34.32290446359643],[108.10457979720672,34.322927738893064],[108.10456839657145,34.322951009598576],[108.10455715764355,34.322974132321662],[108.10454599697179,34.322997279316844],[108.10453486362331,34.323020559707167],[108.10452386055503,34.323043758851696],[108.10451288372576,34.323067093195235],[108.10450203717241,34.323090342687152],[108.10449121794353,34.32311372647569],[108.10448052899187,34.323137026314129],[108.10446981102116,34.323160587606402],[108.10445921140465,34.323184088397369],[108.10444871280106,34.32320756385964],[108.10443833797127,34.323230967998221],[108.10442804139379,34.323254392803221],[108.10441778082121,34.323277941981253],[108.10440764510031,34.323301412622875],[108.10439758655316,34.323324910242277],[108.10438756401099,34.323348532234768],[108.10437754497626,34.32337235886002],[108.10436772554196,34.323395925687151],[108.10435796595017,34.323419562778085],[108.10434824561985,34.323443321534938],[108.10433871621237,34.323466832220426],[108.1043386674643,34.323466951257728],[108.10432916431645,34.323490613369174],[108.10431962786021,34.323514582913901],[108.10431024982167,34.323538378336636],[108.1043031964653,34.323556449163995],[108.10430103236521,34.323561992423713],[108.10429182493029,34.323585806630739],[108.10428267192994,34.323609710938925],[108.10427361668297,34.323633589020112],[108.10426467760649,34.323657396685967],[108.1042558178744,34.32368122862357],[108.10424703748119,34.323705080325546],[108.1042382714603,34.323729135749751],[108.10422968766004,34.323752934095495],[108.10422104459637,34.323777139059835],[108.10421258699876,34.32380107522372],[108.10420418275851,34.323825108701705],[108.10419588709678,34.323849082588744],[108.10418764479478,34.323873155592892],[108.1041795110692,34.323897167203185],[108.10417145885401,34.323921196773192],[108.10416336257386,34.323945622131113],[108.10415547338283,34.323969690324986],[108.10414766569788,34.323993772872704],[108.10413991355279,34.324017959944619],[108.10413226672041,34.324042082019645],[108.10412470356862,34.324066219348175],[108.10411722084662,34.324090379144842],[108.10410970491756,34.324114928409863],[108.10410238521732,34.324139124126177],[108.10409514810684,34.324163331491043],[108.10408799359401,34.324187556814849],[108.1040808837991,34.324211921830042],[108.10407387391476,34.324236246193067],[108.10406697474671,34.324260481214701],[108.1040600618966,34.324285078643662],[108.10405331601662,34.324309385652732],[108.10404665273356,34.324333709719369],[108.10404007095981,34.32435804994298],[108.10403357178092,34.324382405421218],[108.10402710652575,34.324406958294965],[108.10402080173075,34.324431227966329],[108.10401453194619,34.324455695032327],[108.1040082831166,34.324480416298307],[108.10400219690509,34.324504841739376],[108.1039961781546,34.324529345551767],[108.1039902701003,34.3245537428948],[108.10398434302907,34.324578581980226],[108.1039785871956,34.32460306573563],[108.10397291287553,34.324627568352597],[108.10396730817438,34.32465213671837],[108.10396181309103,34.324676604926132],[108.10395637249358,34.32470120290084],[108.10395096372281,34.324726059573813],[108.10394570453563,34.32475062313754],[108.10394052794108,34.32477519925159],[108.10393542313675,34.324799839309712],[108.10393041281199,34.324824438720604],[108.10392548507893,34.32484904978039],[108.10392058055572,34.324873980846633],[108.10391580938141,34.324898670202003],[108.10391115210319,34.324923203503928],[108.10390653748235,34.324947966647528],[108.10390202705298,34.324972634145261],[108.10389759812807,34.324997312391396],[108.10389319893274,34.325022310638481],[108.10388893844869,34.325047009475306],[108.10388477134507,34.325071656848166],[108.10388066633986,34.325096438489069],[108.10387664824016,34.325121204730813],[108.10387272245896,34.325145939342129],[108.10386883075839,34.325170997556675],[108.10386506477955,34.325195796037292],[108.10386139432372,34.325220517810664],[108.10385780216323,34.325245290901954],[108.10385428828711,34.32527010629633],[108.10385085270649,34.32529497300866],[108.10384747926702,34.325320008245384],[108.10384423795503,34.325344690890091],[108.10384104479861,34.325369655657916],[108.10383796007928,34.325394441840011],[108.10383494719069,34.325419323518219],[108.10383203088018,34.325444102345337],[108.10382915310046,34.325469288609852],[108.10382639985826,34.32549413490959],[108.10382373029076,34.32551898835009],[108.10382114439469,34.325543846226935],[108.10381864003469,34.325568739192327],[108.10381621290333,34.325593698801825],[108.10381385765766,34.325618798080086],[108.10381161077777,34.325643660176368],[108.10380944433656,34.325668548347302],[108.10380736050506,34.325693460788131],[108.10380536358088,34.325718357829963],[108.10380344924434,34.325743261112031],[108.10380161966205,34.325768165223636],[108.10379985347966,34.325793376686988],[108.103798191264,34.325818307700956],[108.10379661486942,34.325843223316873],[108.10379511683306,34.325868239832303],[108.10379369610722,34.325893388800068],[108.10379237290327,34.325918317723286],[108.1037911333697,34.325943249279909],[108.10378997752328,34.3259681969922],[108.10378890640071,34.32599312029253],[108.10378792005089,34.326018058846124],[108.10378700581435,34.326043320970825],[108.10378618995814,34.326068177344773],[108.10378545364394,34.326093213046292],[108.10378480305954,34.326118158526782],[108.10378423832266,34.326143109343313],[108.10378375112684,34.326168379218906],[108.10378335480324,34.326193322680652],[108.10378304324968,34.326218278691194],[108.10378281535743,34.32624322922188],[108.10378267222316,34.326268182385057],[108.10378261167375,34.326293138182621],[108.10378263587356,34.326318089400829],[108.10378269618678,34.326331774758835],[108.1037827473988,34.326343363275747],[108.10378293996745,34.326368270178435],[108.10378321957198,34.32639326445107],[108.10378358062076,34.326418217186394],[108.1037840309276,34.326443296955027],[108.10378454435421,34.326467572547507],[108.10378495043052,34.326484086464887],[108.10378515064625,34.326492257334323],[108.10378582824265,34.32651660761055],[108.10378658397831,34.326540879391437],[108.10378742576142,34.32656531787363],[108.10378834457181,34.326589657127322],[108.10378934381474,34.326614015243884],[108.10379042571569,34.326638434591125],[108.10379158132102,34.326662703328168],[108.10379282177101,34.326687044111829],[108.10379415823925,34.326711706643302],[108.10379555949727,34.326736038275627],[108.10379704116828,34.326760372544115],[108.1037986010647,34.326784697731384],[108.10380024245306,34.326809019243505],[108.10380196868432,34.326833410999264],[108.10380376538733,34.326857673783152],[108.10380567119063,34.326882292560065],[108.10380762317074,34.326906465965301],[108.10380966772352,34.326930809672156],[108.10381179376536,34.326955146999424],[108.10381399912643,34.326979480653392],[108.10381628488231,34.327003801618318],[108.10381864665112,34.327028081050472],[108.10382108882817,34.32705235861134],[108.10382362460835,34.327076760497299],[108.10382624738212,34.327101213693879],[108.10382893185992,34.327125476625156],[108.10383169347534,34.327149728673078],[108.1038345332873,34.327173947299706],[108.10383744253963,34.327198081127911],[108.10384053205745,34.327223004501867],[108.10384368001314,34.327247732204356],[108.10384691053994,34.327272449018864],[108.10385022472785,34.327297157648893],[108.1038536554674,34.327322095156468],[108.10385715342133,34.327346904596318],[108.10386071750973,34.327371591378245],[108.10386436416844,34.327396266370691],[108.1038681120144,34.327421046750544],[108.1038719073848,34.3274455927044],[108.10387585431683,34.327470560423336],[108.10387984110604,34.327495244141225],[108.1038839028074,34.327519873706379],[108.10388804925832,34.327544495987546],[108.10389229361712,34.327569207432198],[108.10389658770615,34.327593710591941],[108.10390104643132,34.327618663451531],[108.10390552317379,34.327643244884769],[108.10391008357846,34.327667818133413],[108.10391472546658,34.327692378691907],[108.10391946632747,34.327717010383239],[108.10392425695666,34.327741464440003],[108.10392920997388,34.327766306897644],[108.1039341712135,34.327790765316443],[108.10393923798591,34.327815327315868],[108.10394438623,34.327839866708764],[108.10394961814127,34.327864401522923],[108.10395492060367,34.327888869567154],[108.10396033404903,34.327913454709581],[108.10396581367691,34.327937955056122],[108.10397137696228,34.327962442710536],[108.10397702173306,34.327986918576151],[108.10398273596196,34.328011322263819],[108.10398854587146,34.328035770042526],[108.10399442306709,34.328060146546591],[108.10400042651348,34.328084684308436],[108.10400643936592,34.328108916459342],[108.10401264071272,34.328133557722794],[108.10401884600806,34.328157873547305],[108.10402514697665,34.328182227152396],[108.10403153161454,34.328206577080074],[108.10403797152712,34.328230807964673],[108.10404450384327,34.328255068519248],[108.10405117876597,34.328279535391694],[108.10405791660556,34.328303912061962],[108.10406469445168,34.328328124627973],[108.1040715526909,34.328352319997009],[108.10407849349878,34.328376499970204],[108.10408551469767,34.328400660943451],[108.10409268176474,34.328425029133165],[108.10409991284678,34.328449316134517],[108.10410716867047,34.328473396674852],[108.10411454852647,34.32849760061228],[108.10412197495477,34.32852167740058],[108.10412950795377,34.328545816299972],[108.10413709734489,34.328569860495229],[108.10414476712866,34.328593886591882],[108.10415261655939,34.32861819469916],[108.10416037513707,34.328641962895169],[108.10416842679145,34.328666352864133],[108.10416970614803,34.328671065627219],[108.10417171033195,34.328678451570426],[108.10417421321696,34.328702491074587],[108.10417377429258,34.328752666153072],[108.10415603289424,34.330780436553297],[108.10415574356344,34.330813623959699],[108.1041553215745,34.330861690439924],[108.10414723557142,34.331785768628592],[108.10414264218949,34.332310746895786],[108.10414202701176,34.332381002602077],[108.10414137951355,34.332455003090473],[108.10414045776548,34.332560333909541],[108.10413514632597,34.333167353866735],[108.10413486441269,34.333199519875087],[108.10413345159459,34.333216209729521],[108.10412964227045,34.333232520350158],[108.10412351637585,34.333248109471732],[108.10411949108413,34.333255871947209],[108.1035651720869,34.334238083435338],[108.10349264792401,34.334366589643068],[108.10346448962488,34.334416482494326],[108.10345094612914,34.334440478754075],[108.10336465144421,34.334593382490837],[108.10263744186841,34.335881887476646],[108.10261129409663,34.335928218485449],[108.10260491543336,34.335938375411402],[108.10259600519244,34.335949830788202],[108.10259091668249,34.335955700088832],[108.10230303221266,34.33628778070765],[108.10157729296398,34.337124918868639],[108.10151847010988,34.337192770750981],[108.10080372519447,34.338017206757364],[108.10075811300179,34.338069817769451],[108.10074534713392,34.3380845422463],[108.0989768596979,34.340124345449603],[108.09887040811508,34.340247124780255],[108.09886252983513,34.340256211756618],[108.09867777992787,34.340469295933083],[108.09867029156231,34.340477284579087],[108.09805990306643,34.34107897507031],[108.09761046658302,34.341671537489646],[108.0966379825454,34.342953680373064],[108.09614652811496,34.343601605973582],[108.09597378688738,34.343829341816289],[108.09580178190116,34.343802183304547],[108.09572684748643,34.343763078005971],[108.09566379701582,34.343730173674125],[108.09778993829565,34.34092705079437],[108.09780306459341,34.340912116298703],[108.09841670814278,34.340307216986233],[108.09849926504744,34.340211999313468],[108.0986057171277,34.340089220303888],[108.09861359541982,34.340080133343783],[108.10049342642428,34.337911917310684],[108.10232246659035,34.335802148213091],[108.10316923366099,34.334301812539337],[108.10380912501986,34.333167985855908],[108.10381540571849,34.332450505621814],[108.1038160316298,34.332379038317029],[108.10381666898124,34.332306272867882],[108.10382975315738,34.330811659700537],[108.10384806560756,34.328719767327293],[108.1038459005559,34.328713203667128],[108.10383780938957,34.328688422467209],[108.10382980296188,34.328663622263683],[108.10382187909948,34.328638803058404],[108.10381403889006,34.328613965751941],[108.10380628233352,34.328589110344318],[108.10379861051759,34.32856423773611],[108.10379102126774,34.328539347027686],[108.10378351675723,34.328514438217226],[108.10377609590157,34.328489513108636],[108.10376875869845,34.328464569898962],[108.10376150623667,34.328439610390255],[108.10375433634289,34.328414634584384],[108.10374725227581,34.328389641577111],[108.1037402507766,34.328364632272688],[108.10373333510614,34.328339607569866],[108.10372650309007,34.328314566569013],[108.10371975581489,34.328289509269219],[108.10371309219504,34.32826443657288],[108.10370651331702,34.32823934847913],[108.10370001918196,34.328214245889441],[108.10369360978859,34.328189127902341],[108.10368728513798,34.328163995419338],[108.10368104414346,34.328138848441348],[108.10367488897816,34.32811368696656],[108.10366881855542,34.328088510995919],[108.10366283178851,34.328063320530326],[108.10365693085286,34.32803811737093],[108.10365111465953,34.328012899715695],[108.10364690730181,34.32799438051623],[108.10363590555009,34.327878853127586],[108.10360709572363,34.327807940748002],[108.10360259544909,34.327785367827367],[108.10359762995921,34.327760025044277],[108.10359275138964,34.327734672271035],[108.10358795647818,34.327709307707451],[108.10358324848468,34.327683931350812],[108.10357862523799,34.327658545005868],[108.10357408673694,34.327633147771188],[108.10356963515581,34.327607740546412],[108.10356526832128,34.327582323333417],[108.10356098731877,34.327556895229769],[108.10355679214935,34.327531457136971],[108.10355268281403,34.327506009956515],[108.1035486582261,34.327480553689362],[108.10354472055762,34.327455087432149],[108.10354086763641,34.327429612088217],[108.10353710055008,34.327404128558157],[108.10353342038411,34.327378635939567],[108.10352982605399,34.327353136036336],[108.1035263164697,34.327327626144921],[108.10352289380883,34.327302109869478],[108.10351955589474,34.327276584507345],[108.10351630598943,34.327251051858774],[108.10351314083522,34.327225513729481],[108.10351012409973,34.327200494728523],[108.10350719102847,34.327175470247781],[108.10350433944814,34.327150440289081],[108.10350157153078,34.32712540394914],[108.10349888510312,34.327100361229782],[108.10349628233828,34.327075312129189],[108.10349376215069,34.327050257549757],[108.10349132345259,34.327025196590938],[108.10348896841928,34.327000131053843],[108.10348669596303,34.32697506003791],[108.10348450608373,34.326949983543173],[108.10348239878243,34.326924902471113],[108.10348037405905,34.326899816821715],[108.10347843300012,34.326874726594063],[108.10347657343345,34.326849632691506],[108.10347479753111,34.326824534210715],[108.10347310311978,34.326799431153525],[108.10347149346144,34.326774325320152],[108.10346996529398,34.326749214910407],[108.10346851970611,34.326724101726306],[108.10346715778442,34.326698985766953],[108.10346587844107,34.326673866131792],[108.10346468167714,34.326648743722295],[108.10346356749251,34.326623618538477],[108.10346253697486,34.326598491480887],[108.10346158903748,34.326573362550469],[108.10346072367921,34.326548230845717],[108.10346033000567,34.32653557345985],[108.10345994198767,34.326523097267206],[108.10345924287621,34.326497961815882],[108.10345862634581,34.326472825393182],[108.10345809239313,34.326447685294703],[108.10345763156626,34.326421923111276],[108.10345725657676,34.326396157249292],[108.10345720159445,34.326391199140822],[108.10345697068657,34.326370389508959],[108.103456770638,34.326344621696002],[108.10345665636351,34.32631879882004],[108.10345663241186,34.326293085848562],[108.10345669314752,34.326267317814974],[108.1034568418977,34.326241549706943],[108.10345707757683,34.326215782426836],[108.10345740018371,34.326190015073202],[108.10345780972048,34.326164249448986],[108.10345830618596,34.326138484652702],[108.10345889066664,34.326112720683454],[108.10345956207698,34.326086958443618],[108.1034603204169,34.326061197933193],[108.10346116459969,34.326035439153102],[108.10346209679962,34.32600968300298],[108.10346311701547,34.325983928581373],[108.10346422198847,34.32595817679249],[108.10346541606495,34.325932427632651],[108.10346669598503,34.32590668110462],[108.10346806392184,34.325880937206563],[108.10346951879089,34.325855197742349],[108.10347105950331,34.325829460909929],[108.1034726882344,34.325803728510429],[108.10347440280982,34.325777999644203],[108.10347620540266,34.325752274309423],[108.10347809492845,34.325726554309945],[108.10348007029833,34.32570083784374],[108.10348213368761,34.325675126711914],[108.10348428292301,34.325649420916292],[108.10348652017656,34.32562371955359],[108.10348884436266,34.325598023526162],[108.10349125439464,34.32557233283493],[108.10349375244675,34.325546648379564],[108.10349633525799,34.325520969261298],[108.10349900717578,34.325495296377944],[108.10350176385367,34.325469629733192],[108.10350460855246,34.325443970225727],[108.10350754018437,34.325418316955002],[108.10351055766272,34.325392669921939],[108.10351366207625,34.325367030928554],[108.10351685233719,34.325341399074283],[108.10352013061863,34.325315774357286],[108.10352349474843,34.325290157680868],[108.10352694581309,34.325264549044135],[108.10353048381253,34.32523894844703],[108.10353410657461,34.325213356792908],[108.10353781735793,34.325187773177504],[108.10354161399032,34.325162198504131],[108.10354549755718,34.325136631870379],[108.10354946697406,34.325111075080109],[108.10355352224089,34.325085528133343],[108.10355766552856,34.325059989225274],[108.10356189358055,34.325034461063062],[108.10356620856881,34.325008942743395],[108.10357060940675,34.324983434267182],[108.10357509718193,34.324957936534993],[108.10357967080772,34.32493244954771],[108.10358433028291,34.324906972403866],[108.10358907560966,34.324881506906394],[108.10359390787447,34.324856053054376],[108.10359882490299,34.324830609948165],[108.10360382886829,34.324805177585901],[108.10360891759939,34.32477975777239],[108.10361409435481,34.32475434960336],[108.10361935478929,34.324728953983978],[108.1036246935186,34.324703610584038],[108.1036301353866,34.324678199485277],[108.10363565337722,34.324652841509234],[108.10364125830635,34.324627496080033],[108.10364694800184,34.324602164100995],[108.10365272355018,34.324576845571166],[108.10365858495132,34.324551540490539],[108.10366453111858,34.324526248860039],[108.10367056313851,34.32450097067872],[108.10367668101209,34.324475706848034],[108.1036828836538,34.324450458270405],[108.1036891710625,34.324425224044333],[108.1036955454112,34.324400004167941],[108.10370200344013,34.324374798644001],[108.10370854732459,34.324349609273597],[108.10371517597571,34.324324434254713],[108.10372188939564,34.324299275390246],[108.10372868866976,34.32427413177782],[108.10373557271255,34.324249004319832],[108.10374254152504,34.324223893917697],[108.10374959510493,34.324198798768492],[108.10375673345436,34.324173720675127],[108.10376395657218,34.324148658736128],[108.10377126337285,34.324123613853885],[108.10377865711598,34.324098586025613],[108.10378613345526,34.324073575254978],[108.10379369456484,34.324048582441613],[108.10380134044466,34.324023607585502],[108.10380907109463,34.323998650686605],[108.10381688542704,34.323973710844399],[108.10382478344401,34.323948789861767],[108.10383276731753,34.323923886835431],[108.10384083378999,34.323899003571043],[108.10384898503227,34.323874138263825],[108.10385722104652,34.323849292716709],[108.10386553965844,34.323824466030061],[108.10387394304219,34.323799659103457],[108.10388242902347,34.323774871037266],[108.10389099977643,34.323750102731111],[108.10389965421555,34.323725355087383],[108.1039083923408,34.32370062810606],[108.10391721306441,34.323675920886551],[108.10392611747397,34.323651234329418],[108.10393510665712,34.323626569335211],[108.10394417735185,34.323601924103677],[108.10395333282115,34.32357730133652],[108.10396256980303,34.323552699233495],[108.10397189155822,34.323528118693318],[108.10398129482697,34.323503559718702],[108.10399078287,34.323479023208399],[108.10400035242647,34.323454508263637],[108.10401000458508,34.323430016686437],[108.10401974043012,34.323405546672916],[108.10402955779062,34.323381100027845],[108.10403945992508,34.323356675846966],[108.1040494424883,34.323332275035419],[108.10405950765337,34.323307897591349],[108.1040696554213,34.323283544416221],[108.10407988578983,34.323259213707026],[108.10409019876113,34.323234907266752],[108.10410059324853,34.323210625096273],[108.10411106925201,34.323186367195561],[108.10412162352296,34.32316214258222],[108.10413226798005,34.323137924201561],[108.10414298961904,34.323113740010633],[108.10415379386153,34.323089580989951],[108.104164679622,34.323065448041916],[108.10417564581161,34.323041339364458],[108.10418669460567,34.323017256758682],[108.10419782382984,34.322993199324905],[108.10420903565944,34.322969168864255],[108.10422032683252,34.322945163576485],[108.10423170061088,34.322921185261791],[108.10424315482139,34.322897233921992],[108.10425468946285,34.322873308655588],[108.10426630562289,34.322849410363091],[108.10427800221487,34.322825539045432],[108.10428977923986,34.32280169560407],[108.10430163669673,34.322777879137469],[108.10431357458648,34.322754090547129],[108.10431482974545,34.322751607694734],[108.10435925084552,34.322157792563736],[108.10437259447741,34.321979414601408],[108.10442218047503,34.32131653412825],[108.10441850042984,34.321313069258906],[108.10440620377582,34.321301406432596],[108.10439396031744,34.321289704795895],[108.10438133273854,34.321277537418354],[108.1043686453731,34.321263557658256],[108.10435817928149,34.321247845756368],[108.10435016746371,34.321230751496799],[108.10434478828175,34.321212655438231],[108.10433145792445,34.321145325979039],[108.10431837301765,34.321078771584389],[108.10430537069469,34.321012206299471],[108.10429245095534,34.320945630124278],[108.10428992157823,34.320932510284152],[108.10431405302573,34.320811854111426],[108.10417128520174,34.319598329866743],[108.10427401537167,34.318956265221097],[108.10427702495068,34.31897555801806],[108.10428749646856,34.319042132695259],[108.10429804946661,34.319108687468805],[108.10430869490939,34.319175302561383],[108.10431941744768,34.319241866202042],[108.10433022147899,34.31930841985529],[108.10434110917879,34.319374965322204],[108.104352078372,34.319441500801673],[108.10436312904875,34.319508018180301],[108.10437426667418,34.319574543596453],[108.10438548361053,34.319641050913582],[108.10439678421409,34.319707548241318],[108.10440816631201,34.319774035581467],[108.10441963207863,34.319840513833661],[108.10443118371398,34.319907004631595],[108.10444280918281,34.319973440374234],[108.10445452269381,34.320039888660716],[108.10446631770012,34.320106326959518],[108.10447819637497,34.320172755268743],[108.10449015654551,34.320239173590224],[108.10450220805211,34.32030563149717],[108.10451432463179,34.320371978464166],[108.10452653146137,34.320438365017466],[108.10453882196046,34.320504741581097],[108.10455119395618,34.320571108156855],[108.10456364853304,34.320637462940844],[108.10457618569346,34.320703807735995],[108.10458880543648,34.320770141640807],[108.10460149573332,34.320836402463158],[108.10461429158462,34.320902776780223],[108.10462715907666,34.320969078013825],[108.10464010806554,34.321035368357933],[108.10465313963797,34.321101647811552],[108.1046587935752,34.32113022180949],[108.10466347770777,34.32113466482474],[108.10467489096619,34.321145408867388],[108.10468647708821,34.32115623479617],[108.10469825782587,34.32116715972068],[108.10470989379,34.321177869313239],[108.10472303294716,34.321189865839273],[108.10473651136316,34.321202068513479],[108.10474992547482,34.321214108072652],[108.10476340799268,34.32122610790654],[108.10477694477616,34.321238055406461],[108.10479054234889,34.321249954172742],[108.10480395597722,34.321261592566152],[108.10481780239428,34.321273507343129],[108.10483158016402,34.321285261713193],[108.1048454252501,34.321296973654356],[108.10485906791254,34.321308418928112],[108.10487315531044,34.321320136067534],[108.10488717298105,34.321331698209868],[108.10490111983663,34.321343104454577],[108.10491525364975,34.321354566429505],[108.10492945042859,34.321365982373173],[108.10494369821114,34.321377344182466],[108.10495788170674,34.321388557300388],[108.10497224889589,34.32139982254526],[108.10498667143492,34.321411033651955],[108.10500101337981,34.321422088869404],[108.10501568909635,34.321433305164497],[108.10503015371188,34.321444267420503],[108.10504480744932,34.321455278192694],[108.10505951110392,34.321466234831263],[108.10507427010835,34.321477137331584],[108.1050890888155,34.321487991098742],[108.10510395961398,34.321498791631875],[108.10511875852492,34.321509447987523],[108.10513374437815,34.321520147452105],[108.10514865182228,34.321530700941835],[108.10516374076927,34.321541292136182],[108.10517888180421,34.321551827391943],[108.10519407927995,34.32156231211426],[108.10520920161279,34.321572656267819],[108.10522462615121,34.321583115549721],[108.1052400114329,34.321593458572032],[108.10525526285231,34.321603624115212],[108.10527059681073,34.321613756230626],[108.10528626232953,34.321624017872686],[108.10530166349646,34.32163401830983],[108.10531743862933,34.321644172577109],[108.10533297333993,34.321654086353021],[108.10534868627717,34.321664024313719],[108.1053644534809,34.321673910841135],[108.10538014337611,34.32168366311199],[108.10539617025459,34.321693536791088],[108.10541195998019,34.321703178089464],[108.10542792358184,34.321712839970239],[108.10544381314003,34.321722372099032],[108.10545986896061,34.32173191850633],[108.1054760268881,34.321741439582041],[108.10549200856494,34.321750773298881],[108.10550838157845,34.321760249110859],[108.10552451419129,34.321769502461358],[108.10554080762708,34.321778764685973],[108.10555703137204,34.32178790256377],[108.10557359208167,34.321797146523949],[108.10558991457016,34.321806173429778],[108.10560627719079,34.321815141702395],[108.10562280497722,34.321824116140746],[108.10563943704358,34.321833065245379],[108.10565605487433,34.321841923310188],[108.10567260084646,34.321850661537461],[108.10568930002341,34.321859398728769],[108.10570611869753,34.321868115080541],[108.10572279593237,34.321876678299915],[108.10573963289241,34.321885241379107],[108.10575639799814,34.321893688226652],[108.1057735033072,34.321902224024939],[108.10579034975888,34.32191054999879],[108.10580754728277,34.32191896761833],[108.10582428916931,34.321927083632183],[108.10584146040449,34.321935327283356],[108.10585847824908,34.321943418713992],[108.10587583954778,34.321951591880335],[108.10589293656379,34.321959561537469],[108.10591037703057,34.321967610225748],[108.10592756082823,34.321975461708668],[108.10594478258223,34.321983252756915],[108.10596214883282,34.321991030155509],[108.10597954325401,34.321998741718936],[108.10599698758917,34.32200639734473],[108.10601446987833,34.32201399073282],[108.10603208361648,34.322021563270496],[108.10604953636319,34.322028988101742],[108.1060672325319,34.322036438862717],[108.10608475792901,34.322043741024274],[108.10610232345418,34.322050981847688],[108.10612013565874,34.322058246794896],[108.10613777709604,34.32206536674866],[108.10615575435148,34.32207254410374],[108.10617346843553,34.322079538683191],[108.10619121177973,34.322086470130877],[108.10620920505734,34.322093421191873],[108.10622702322458,34.322100229967724],[108.10624507936639,34.32210705295828],[108.10626306040537,34.322113769636289],[108.10628109570635,34.322120432175566],[108.106299146132,34.322127023481855],[108.10631703884646,34.322133484207299],[108.10633536410907,34.322140023885133],[108.10635341426,34.322146390714295],[108.10637171324868,34.32215276994544],[108.10639004258037,34.322159083339216],[108.10640818594013,34.322165258063364],[108.10642636290582,34.322171369651798],[108.1064447952274,34.322177492734866],[108.10646302962371,34.322183476257287],[108.10648152154559,34.322189468567935],[108.10650004381253,34.322195396844073],[108.10651836489548,34.322201186463943],[108.10653695002215,34.322206983964755],[108.10655524809896,34.322212620346924],[108.10657397326192,34.322218312246719],[108.10659233420269,34.322223821459509],[108.10661110701,34.322229379892612],[108.10662952429186,34.322234759237183],[108.10664813278792,34.322240122185768],[108.10666683141046,34.322245438175891],[108.10668563754882,34.322250710798301],[108.10670424034082,34.322255853781392],[108.10672302890734,34.322260974964166],[108.10674168043302,34.322265987184018],[108.10676036230204,34.322270934467774],[108.10677952775674,34.322275936317546],[108.10679825944466,34.322280751935502],[108.10681693996075,34.322285483757291],[108.10683595189094,34.322290227006405],[108.10685474961217,34.322294843330312],[108.10687380918559,34.322299453112443],[108.10689288823207,34.322303994361882],[108.10691175307397,34.322308412292131],[108.10693087650263,34.322312819175885],[108.10694996071349,34.322317144055916],[108.10696883072525,34.322321350124277],[108.10698802453149,34.322325556808352],[108.10700699544387,34.322329642885386],[108.10702616842063,34.322333700836928],[108.10704542390829,34.32233770462436],[108.10706439673019,34.322341578842263],[108.10708345097633,34.322345398897028],[108.10710276705954,34.322349200690176],[108.10712209392179,34.322352933056649],[108.10714119789655,34.322356550225201],[108.10716075715645,34.322360182317624],[108.10717960229746,34.322363612198124],[108.10719900814058,34.322367074038347],[108.10721842476137,34.322370465550371],[108.10723756416229,34.322373738306233],[108.10725726208196,34.322377034910055],[108.10727648716383,34.322380182278629],[108.10729563065037,34.322383246779196],[108.10731513377006,34.322386298340909],[108.10733464658057,34.322389279575312],[108.10735388652736,34.322392150163338],[108.10737338394749,34.3223949889707],[108.10739293887453,34.322397763719238],[108.10741251544881,34.322400471735875],[108.10743180938364,34.322403071819338],[108.10745136730637,34.32240563651029],[108.10747069040804,34.322408101339533],[108.10749030901091,34.322410533452988],[108.10750991122359,34.322412892557551],[108.1075293025271,34.322415158089882],[108.10754892955775,34.322417380140934],[108.10756834024757,34.322419509526071],[108.10758823225574,34.322421619554177],[108.10760763624869,34.322423608307588],[108.10762729987388,34.322425554460061],[108.10764700470368,34.322427433863396],[108.10766647037597,34.322429221522491],[108.10768591205515,34.322430938883912],[108.10770561553375,34.322432609134893],[108.10772532327063,34.322434209964733],[108.10774504504469,34.322435741364849],[108.10776477216464,34.322437204244359],[108.10778427643186,34.322438580774417],[108.10780376539925,34.322439887900622],[108.10782377695286,34.322441159405805],[108.10784302016739,34.322442315292939],[108.10786305653403,34.322443447039952],[108.10788256688521,34.322444480985361],[108.10788477815647,34.322444589919996],[108.10790234119699,34.322445458803152],[108.10792186767196,34.322446355702645],[108.10794164832733,34.322447195581546],[108.1079614473644,34.322447965125377],[108.10798097575038,34.322448656475579],[108.10800087023362,34.322449292509354],[108.1080191227886,34.322449811893726],[108.10803765234826,34.322450279646475],[108.10805590801078,34.322450680026826],[108.1080614017458,34.322450782456308],[108.10807444719376,34.322451026065295],[108.10809271900231,34.322451307430129],[108.10811098312999,34.322451530202606],[108.10812925043994,34.322451692570169],[108.10814751876134,34.32245179633771],[108.10816605864396,34.322451840364792],[108.1081722650184,34.32245183488341],[108.108226146934,34.322444933305363],[108.10829241792273,34.322436515272905],[108.10835870202594,34.322428166607196],[108.10842499924495,34.322419888209708],[108.10849130849223,34.322411679179872],[108.10855762976907,34.322403540419181],[108.10862396416219,34.322395471926647],[108.10869031058405,34.322387472801701],[108.10875666903482,34.322379543044356],[108.10882304060236,34.322371683555104],[108.10888942311374,34.322363894335837],[108.10895581765449,34.322356174484113],[108.10902222313939,34.322348524902353],[108.10908864174056,34.322340944687113],[108.10915507128738,34.322333435643266],[108.10922151177766,34.322325995967866],[108.10928796429813,34.322318625659889],[108.10935442776359,34.32231132562179],[108.10942090217418,34.322304095853525],[108.10948738752889,34.322296935453622],[108.10955388382905,34.322289845323532],[108.10962039107484,34.322282825463226],[108.10968690926642,34.322275875872712],[108.10975343731739,34.322268996552936],[108.10981997631332,34.322262186601428],[108.10988652516896,34.322255446920607],[108.10995308496987,34.322248776608021],[108.11001965463201,34.322242177467572],[108.11008623415319,34.322235647696317],[108.11015282353475,34.322229188195671],[108.11021942277685,34.322222798965662],[108.11028603187967,34.322216480006261],[108.11035265084337,34.322210231317435],[108.11041927966811,34.322204052899181],[108.1104859172663,34.322197943850988],[108.11055256363933,34.322191905074305],[108.11061921987388,34.322185936568154],[108.11068588488358,34.322180038333492],[108.11075255866979,34.322174211271779],[108.11081924231682,34.322168453579081],[108.11088593365297,34.322162766158797],[108.11095263376491,34.322157149009961],[108.11101934373819,34.322151601230047],[108.1110860603157,34.322146124625007],[108.11115278566953,34.322140718291379],[108.11121951979979,34.322135382229099],[108.11128626162017,34.322130116439176],[108.11135301221614,34.322124920019121],[108.11141976941717,34.322119794773847],[108.11148653539534,34.322114739799908],[108.11155330906425,34.322109755098261],[108.11162008933753,34.322104840669887],[108.11168687838844,34.322099996512804],[108.11175367404405,34.32209522262896],[108.11182047630454,34.322090519018367],[108.11188728625659,34.322085885679996],[108.11195410390157,34.322081323515341],[108.11202092815073,34.322076830722388],[108.11208775900542,34.322072408202644],[108.11215449325361,34.322068063262471],[108.11216706404377,34.322067648787467],[108.11219536801667,34.322069677343087],[108.11222281791916,34.322075752531575],[108.11224857904217,34.322085690314417],[108.11225998706,34.322091676525119],[108.11232411085345,34.322128492004268],[108.11235997375687,34.322149120203299],[108.11236135364352,34.32214991404561],[108.11255888405074,34.322417989735115],[108.11371053976222,34.322941470112859],[108.11376403073798,34.32297348889665],[108.1138335974541,34.323015214310153],[108.11390311759257,34.323056995619041],[108.11397258789376,34.323098832826446],[108.11404201052842,34.32314072412747],[108.1141113844125,34.323182671326137],[108.11418071063142,34.323224673520052],[108.11424998701331,34.32326673161279],[108.11431921572895,34.323308843799474],[108.11438839569306,34.323351010982641],[108.11445752690688,34.323393234063886],[108.11452660828151,34.323435511241335],[108.11459564199257,34.323477844315981],[108.11465520072886,34.323514440169077],[108.1146650130049,34.323520469116062],[108.11466388361727,34.323521738560032],[108.11469590871158,34.323548653900154],[108.11469831484371,34.323547406698779],[108.1147052529936,34.323556506982278]]]},"properties":{"FID":8,"OBJECTID":9,"Landuse_ty":"公路用地","一类用":12,"二类用":1202,"二类_1":"公路用地","ORIG_FID":21,"一类_1":"交通运输用地","Shape_Leng":13233.437030700001,"Shape_Area":194388.87548300001,"Area":19438887.548300002}},{"type":"Feature","id":9,"geometry":{"type":"Polygon","coordinates":[[[108.11348979641664,34.332776606078987],[108.11348567219636,34.33315650147253],[108.11331862134054,34.333155225518134],[108.11288478096365,34.333149305021095],[108.11228951968845,34.333140269549524],[108.1122902117915,34.33313120992608],[108.11229193411401,34.333107499380084],[108.11229357058249,34.333083785306762],[108.11229512010911,34.333060066805643],[108.11229658160727,34.333036343877751],[108.11229795616252,34.333012615620561],[108.11229924486764,34.332988886540534],[108.11230044554574,34.332965153935184],[108.11230155819926,34.332941419607494],[108.11230258075703,34.332917760185303],[108.11230351637226,34.332894095433858],[108.11230436505586,34.332870433466496],[108.11230512788856,34.332846769774797],[108.11230580595111,34.332823099850359],[108.11230639490405,34.332799429106089],[108.11230689692326,34.332775759342915],[108.11230691218675,34.332774981350227],[108.11231420158592,34.332774921477501],[108.11238205242992,34.332774439138326],[108.11244990336688,34.332774027077029],[108.11251775439814,34.332773686195111],[108.1125856055251,34.332773417394037],[108.1126534556588,34.332773218871864],[108.1127213547869,34.33277309058257],[108.11278915946855,34.332773033559654],[108.11285701206063,34.332773048573586],[108.11292486583355,34.332773133864407],[108.1129927164407,34.332773289436112],[108.11306056714476,34.332773517088661],[108.11312841902894,34.332773814116642],[108.11319626883818,34.332774184128937],[108.11326415677634,34.332774624383937],[108.11330572396167,34.332774937508617],[108.11333196874183,34.33277513498718],[108.11339981775112,34.332775716735647],[108.11346766468374,34.332776369665467],[108.11348979641664,34.332776606078987]]]},"properties":{"FID":9,"OBJECTID":10,"Landuse_ty":"其他交通设施用地","一类用":12,"二类用":1209,"二类_1":"其他交通设施用地","ORIG_FID":21,"一类_1":"交通运输用地","Shape_Leng":301.64258247200002,"Shape_Area":4548.5545242400003,"Area":454855.45242400002}},{"type":"Feature","id":10,"geometry":{"type":"Polygon","coordinates":[[[108.11160741787644,34.337009709369539],[108.11151076156915,34.337158670712213],[108.11114949370914,34.337052920090279],[108.11075815382959,34.336938365596474],[108.11077386262758,34.336918525113468],[108.11078949963787,34.336898642323739],[108.11080506052187,34.336878723541581],[108.11082055179406,34.336858764253769],[108.11083596693406,34.336838764466187],[108.11085130920688,34.336818727781839],[108.11086657752344,34.336798652398791],[108.11088177297047,34.336778538316061],[108.11089689663241,34.336758383729773],[108.11091194199595,34.336738194054682],[108.11092691557566,34.33671796477757],[108.11094181302695,34.336697697705326],[108.11095663869922,34.336677394637007],[108.11097138823961,34.336657051069174],[108.11098606165643,34.336636673312228],[108.11100066111968,34.336616258659753],[108.11101518662699,34.336595805308846],[108.11102963492174,34.336575315966911],[108.11104400926419,34.336554790631041],[108.11105829012649,34.336534254560434],[108.11107253174423,34.336513631080017],[108.11108667879634,34.33649299776738],[108.11110074972521,34.336472330265821],[108.11111474669839,34.336451624066015],[108.1111286664605,34.336430882776853],[108.11114250901393,34.336410108201299],[108.11115627652981,34.336389298534471],[108.11116996683592,34.336368454679864],[108.11118357993111,34.336347575735992],[108.1111895263541,34.336338390554026],[108.1118268966778,34.336463454987907],[108.11190362147401,34.336478509947398],[108.11173787401491,34.336808657478592],[108.11169944076826,34.336867889199631],[108.11160741787644,34.337009709369539]]]},"properties":{"FID":10,"OBJECTID":11,"Landuse_ty":"其他交通设施用地","一类用":12,"二类用":1209,"二类_1":"其他交通设施用地","ORIG_FID":21,"一类_1":"交通运输用地","Shape_Leng":302.247029892,"Shape_Area":5591.1699677300003,"Area":559116.99677299999}},{"type":"Feature","id":11,"geometry":{"type":"Polygon","coordinates":[[[108.10380723955664,34.343264338059754],[108.10377275895998,34.343408024469575],[108.1036619005081,34.343381146989103],[108.1037048675353,34.343246586318337],[108.10380723955664,34.343264338059754]]]},"properties":{"FID":11,"OBJECTID":12,"Landuse_ty":"其他交通设施用地","一类用":12,"二类用":1209,"二类_1":"其他交通设施用地","ORIG_FID":21,"一类_1":"交通运输用地","Shape_Leng":51.943067633699997,"Shape_Area":160.21287338400001,"Area":16021.287338399999}},{"type":"Feature","id":12,"geometry":{"type":"Polygon","coordinates":[[[108.11489203272866,34.332806466343705],[108.11489266690062,34.332893814811527],[108.1146528622064,34.332884021399749],[108.11465947043098,34.332799422880242],[108.11468863600281,34.332800251976316],[108.11475644567889,34.332802252843507],[108.11482425110836,34.332804324894163],[108.11489203272866,34.332806466343705]]]},"properties":{"FID":12,"OBJECTID":13,"Landuse_ty":"其他交通设施用地","一类用":12,"二类用":1209,"二类_1":"其他交通设施用地","ORIG_FID":21,"一类_1":"交通运输用地","Shape_Leng":62.603327820700002,"Shape_Area":207.69741330299999,"Area":20769.741330299999}},{"type":"Feature","id":13,"geometry":{"type":"Polygon","coordinates":[[[108.10678966330281,34.33677633108293],[108.10758420893174,34.33690082337133],[108.10749071871851,34.337267716327545],[108.10733673672604,34.337241829247063],[108.10665679247641,34.337127515186268],[108.10678966330281,34.33677633108293]]]},"properties":{"FID":13,"OBJECTID":14,"Landuse_ty":"其他交通设施用地","一类用":12,"二类用":1209,"二类_1":"其他交通设施用地","ORIG_FID":21,"一类_1":"交通运输用地","Shape_Leng":235.13057898100001,"Shape_Area":3136.9755742399998,"Area":313697.557424}},{"type":"Feature","id":14,"geometry":{"type":"Polygon","coordinates":[[[108.110489047671,34.324289718971002],[108.11045502992522,34.324630298350634],[108.10954451277371,34.324590588172782],[108.10955525433904,34.324248348597656],[108.110489047671,34.324289718971002]]]},"properties":{"FID":14,"OBJECTID":15,"Landuse_ty":"其他交通设施用地","一类用":12,"二类用":1209,"二类_1":"其他交通设施用地","ORIG_FID":21,"一类_1":"交通运输用地","Shape_Leng":245.86045849999999,"Shape_Area":3223.38226553,"Area":322338.22655299999}},{"type":"Feature","id":15,"geometry":{"type":"Polygon","coordinates":[[[108.10759880137842,34.320152888416914],[108.10763444054946,34.320455168714211],[108.10685108131162,34.320467780348068],[108.10680784432633,34.320180626129272],[108.10759880137842,34.320152888416914]]]},"properties":{"FID":15,"OBJECTID":16,"Landuse_ty":"其他交通设施用地","一类用":12,"二类用":1209,"二类_1":"其他交通设施用地","ORIG_FID":21,"一类_1":"交通运输用地","Shape_Leng":210.766062697,"Shape_Area":2376.6098937299998,"Area":237660.98937299999}},{"type":"Feature","id":16,"geometry":{"type":"Polygon","coordinates":[[[108.10512710859044,34.329498405045193],[108.10471456455637,34.329505158112809],[108.10466238852459,34.328782487066121],[108.10488557816539,34.328796108631344],[108.10508262584558,34.328808142176385],[108.10512710859044,34.329498405045193]]]},"properties":{"FID":16,"OBJECTID":17,"Landuse_ty":"其他交通设施用地","一类用":12,"二类用":1209,"二类_1":"其他交通设施用地","ORIG_FID":21,"一类_1":"交通运输用地","Shape_Leng":233.73798590999999,"Shape_Area":2998.3185209500002,"Area":299831.85209499998}},{"type":"Feature","id":17,"geometry":{"type":"Polygon","coordinates":[[[108.113491933118,34.329318157078632],[108.11341092051978,34.329886435412917],[108.11264890627612,34.329853346669871],[108.11251326534227,34.329847456676099],[108.11257156890163,34.329264573253724],[108.113491933118,34.329318157078632]]]},"properties":{"FID":17,"OBJECTID":18,"Landuse_ty":"其他交通设施用地","一类用":12,"二类用":1209,"二类_1":"其他交通设施用地","ORIG_FID":21,"一类_1":"交通运输用地","Shape_Leng":295.98572891700002,"Shape_Area":5374.0161988299997,"Area":537401.61988300004}},{"type":"Feature","id":18,"geometry":{"type":"Polygon","coordinates":[[[108.10729699481988,34.331018378163449],[108.1072859867209,34.33137076358458],[108.10703869556295,34.331359971084431],[108.10675042293737,34.33134739011755],[108.10662076999603,34.331341730879387],[108.1066226640916,34.331313414583718],[108.10662698287268,34.331247571990247],[108.10663121797187,34.331181727665815],[108.10663536721029,34.331115877104907],[108.10663943167937,34.331050023912532],[108.10664319956892,34.330987673235178],[108.10729699481988,34.331018378163449]]]},"properties":{"FID":18,"OBJECTID":19,"Landuse_ty":"其他交通设施用地","一类用":12,"二类用":1209,"二类_1":"其他交通设施用地","ORIG_FID":21,"一类_1":"交通运输用地","Shape_Leng":199.994895028,"Shape_Area":2382.3725586199998,"Area":238237.25586199999}},{"type":"Feature","id":19,"geometry":{"type":"Polygon","coordinates":[[[108.10447480239176,34.34060023552356],[108.10447409404367,34.340603055057791],[108.10437806978878,34.340985325050255],[108.10379862608301,34.340848868301947],[108.10390979287222,34.340474589248714],[108.10391061216444,34.340471830022729],[108.10447480239176,34.34060023552356]]]},"properties":{"FID":19,"OBJECTID":20,"Landuse_ty":"其他交通设施用地","一类用":12,"二类用":1209,"二类_1":"其他交通设施用地","ORIG_FID":21,"一类_1":"交通运输用地","Shape_Leng":195.96643191800001,"Shape_Area":2365.1657870700001,"Area":236516.57870700001}},{"type":"Feature","id":20,"geometry":{"type":"MultiPolygon","coordinates":[[[[108.11011070169999,34.33835985300842],[108.11021200646098,34.338869592553849],[108.11029644307426,34.339228655647638],[108.11032766697606,34.339361430054325],[108.11060518090673,34.339936602926159],[108.11073122355043,34.340121339412754],[108.11093285397786,34.340386507718691],[108.11108429793963,34.34075308999963],[108.11118564013751,34.341283698670424],[108.11122167023103,34.34134925856543],[108.11126145584659,34.341537054877691],[108.11125828202609,34.341856074536366],[108.11125920733636,34.34255671770282],[108.11125947902863,34.342762437948394],[108.11126689668681,34.342935356745848],[108.11125623537939,34.343027791590607],[108.11115570208119,34.343111363567878],[108.11100842122119,34.343180070977169],[108.11086903839592,34.343220147259842],[108.11085129080348,34.343213664558306],[108.11083332347023,34.343207025195568],[108.11081559090783,34.343200397336943],[108.11079782671432,34.34319368115932],[108.11078011570298,34.34318690813771],[108.11076258835952,34.343180129538517],[108.11074478689797,34.343173166381298],[108.11072719846501,34.343166210240689],[108.11070956752587,34.343159160382029],[108.11069207349783,34.343152086958568],[108.11067460547105,34.343144948602507],[108.11065708079774,34.343137707526409],[108.11063989312468,34.343130530148365],[108.11062235085286,34.34312312501379],[108.1106049270104,34.343115691823819],[108.11058767161929,34.343108252168854],[108.11057042917716,34.343100739479851],[108.11055332039165,34.343093207736658],[108.11053608427311,34.343085539982489],[108.11051886001688,34.343077799195299],[108.11050161173324,34.343069966476364],[108.11048474396368,34.343062228968527],[108.11046774233446,34.343054350948236],[108.11045070036504,34.343046372897639],[108.11043370070783,34.343038336210292],[108.11041685972066,34.343030293067116],[108.11040015022006,34.34302223357642],[108.11038308717698,34.343013921987705],[108.11036648187539,34.343005754220826],[108.11034967310526,34.342997405437529],[108.1103329849454,34.342989034006237],[108.11031624339208,34.342980553541643],[108.11029964637667,34.34297206392975],[108.11028319716786,34.342963571478009],[108.110266758729,34.342955001487077],[108.110250214692,34.3429462936625],[108.11024555009632,34.342943815186075],[108.11037879756623,34.342724476787005],[108.11050080507002,34.342569330168224],[108.11067658154343,34.342303820692564],[108.11088458895119,34.34194883869479],[108.11100993308902,34.341599893687814],[108.11103133052534,34.341471671153649],[108.11101325604545,34.341394169241461],[108.11084379976693,34.340997788555221],[108.1106923642416,34.340637168375473],[108.1104186211103,34.34019914002392],[108.11023127608297,34.339862402975236],[108.11009789787501,34.339564376270573],[108.11002928421024,34.339316976980768],[108.10992796336144,34.338795310744203],[108.10981352806286,34.338154663365472],[108.10999808544952,34.337905317569565],[108.11011070169999,34.33835985300842]]],[[[108.11015672390563,34.343067910860093],[108.11017382370308,34.343076911178088],[108.11019096906909,34.343085849250528],[108.11020816109047,34.34309472507644],[108.11022539759708,34.343103541362169],[108.11024267967217,34.343112295402285],[108.11026000949057,34.343120988096317],[108.11027738161695,34.34312961854765],[108.11009155627184,34.343398974955569],[108.11008348525831,34.344192184612616],[108.1100788150343,34.344651200782351],[108.11036766754427,34.34563780518836],[108.11033984901316,34.346353380711406],[108.11015334290863,34.346643497866701],[108.11005269682904,34.34664654793238],[108.11023918489305,34.346341545713678],[108.1102742601348,34.345676648475809],[108.10996385026364,34.344696025605806],[108.10996572804969,34.343381199055884],[108.11013967185394,34.343058850999064],[108.11015672390563,34.343067910860093]]]]},"properties":{"FID":20,"OBJECTID":21,"Landuse_ty":"河流","一类用":17,"二类用":1701,"二类_1":"河流水面","ORIG_FID":21,"一类_1":"陆地水域","Shape_Leng":2131.0808231300002,"Shape_Area":24863.7388311,"Area":2486373.8831099998}},{"type":"Feature","id":21,"geometry":{"type":"Polygon","coordinates":[[[108.10987976616617,34.337651673134999],[108.10974690493475,34.337831175277998],[108.10962933420173,34.337453918851267],[108.10943309809012,34.336905504395865],[108.10927127850186,34.33628788911755],[108.10923621179552,34.33589212777963],[108.10944663753484,34.335940646016404],[108.10944073839337,34.33614701296159],[108.10947248113878,34.336235235991602],[108.10959922119784,34.33640924010529],[108.10973445780256,34.336483059375944],[108.10986096554349,34.33647817530413],[108.10993281001863,34.336449488799687],[108.11011404223332,34.336516111292894],[108.11019175412891,34.336575670758421],[108.1102263296372,34.336630498372841],[108.11022948283026,34.336842775405344],[108.1101261364813,34.33696928308548],[108.1100113594016,34.337150659674371],[108.10991096564601,34.337336792977467],[108.10987676950832,34.337572955799708],[108.10987976616617,34.337651673134999]]]},"properties":{"FID":21,"OBJECTID":22,"Landuse_ty":"河流","一类用":17,"二类用":1701,"二类_1":"河流水面","ORIG_FID":21,"一类_1":"陆地水域","Shape_Leng":509.63415312799998,"Shape_Area":8208.5130811100007,"Area":820851.30811099999}},{"type":"Feature","id":22,"geometry":{"type":"Polygon","coordinates":[[[108.11200849123821,34.333348108384435],[108.11172861978059,34.333328055476784],[108.11148709025534,34.333318735226136],[108.11123982890788,34.333323729824947],[108.11105298078924,34.333354906774836],[108.11084317868811,34.333421882220236],[108.11065639705969,34.333503146624729],[108.11044955923259,34.333639288495753],[108.1102025308108,34.333823169889193],[108.10991540024277,34.334123959351871],[108.1097949047914,34.334326807929671],[108.10961414602231,34.334620346186412],[108.1095424228301,34.334742054467384],[108.10945377939842,34.335118990813207],[108.10943979357543,34.335419535555772],[108.10944552804314,34.335856181821299],[108.10922492013216,34.335805315290841],[108.10922996340501,34.335469811009595],[108.1092610964216,34.335088155534017],[108.10932682188096,34.334775638915858],[108.10954192984907,34.334362811581919],[108.1097399738466,34.334095494648594],[108.10996100002548,34.333813845730283],[108.11023388971159,34.33361801674797],[108.11052404295407,34.333431711050899],[108.11083721146231,34.33325731043481],[108.11132012308185,34.333163850312665],[108.11184628234581,34.333160985559573],[108.11202629532738,34.333163973495161],[108.11202436879557,34.333186990083263],[108.11202233817669,34.333210184358329],[108.1120202592427,34.333233002759648],[108.11201807411641,34.333256050234318],[108.1120158127637,34.333278979684486],[108.11201344629562,34.333302130995165],[108.11201101330809,34.3333251092821],[108.11200849123821,34.333348108384435]]]},"properties":{"FID":22,"OBJECTID":23,"Landuse_ty":"河流","一类用":17,"二类用":1701,"二类_1":"河流水面","ORIG_FID":21,"一类_1":"陆地水域","Shape_Leng":917.65586682699995,"Shape_Area":7533.9309375900002,"Area":753393.09375899995}},{"type":"Feature","id":23,"geometry":{"type":"Polygon","coordinates":[[[108.11751191795103,34.332943779381381],[108.11755802532019,34.332947144531225],[108.11762055102562,34.332951769491572],[108.11764701787293,34.332953752568486],[108.11751191795103,34.332943779381381]]]},"properties":{"FID":23,"OBJECTID":24,"Landuse_ty":"耕地","一类用":1,"二类用":103,"二类_1":"旱地","ORIG_FID":21,"一类_1":"耕地","Shape_Leng":24.9628350891,"Shape_Area":0.034676547504200003,"Area":3.4676547504199999}},{"type":"Feature","id":24,"geometry":{"type":"Polygon","coordinates":[[[108.11664633361923,34.333872192671564],[108.11548351506897,34.335998877759266],[108.11532582132656,34.335657420896787],[108.11520473998353,34.335423787998089],[108.11515274279789,34.335247334086276],[108.11511801151298,34.335080404293514],[108.11519828476958,34.334908596613531],[108.115324613547,34.334774907921464],[108.11542795919895,34.334655551779434],[108.11550813225374,34.334412188894667],[108.11553659104278,34.334197495884894],[108.11548458847595,34.334016271443751],[108.11534061143676,34.333858985937319],[108.11519094935068,34.333749408399875],[108.11504139293534,34.333716157214269],[108.11474236921438,34.333716437764025],[108.11428234068553,34.333721637684484],[108.11396027079071,34.333688546053068],[108.11391771717194,34.333683956538941],[108.1138023519254,34.33367151428039],[108.11360944295392,34.333650708715844],[108.11339936327884,34.333607347454311],[108.11326432024693,34.333579473318487],[108.11325167824452,34.333575071357117],[108.112936392915,34.333465288030474],[108.11227328914138,34.333320715974779],[108.1122757080982,34.33329704806215],[108.11227804119557,34.333273373016254],[108.11228028626142,34.333249691740569],[108.11228244547402,34.333226007839023],[108.11228451773711,34.333202314100767],[108.11282119236725,34.333322283117944],[108.11320663093998,34.333441186205356],[108.11366103592198,34.333531402044237],[108.11416138134975,34.33357386967694],[108.11451793396307,34.333592618420525],[108.11491474004225,34.333611328358323],[108.11526548999183,34.333591917051422],[108.11553573428201,34.333572580721551],[108.11588078562022,34.333591336347283],[108.11621445612909,34.333695967914458],[108.11639854848596,34.33375303714331],[108.11664633361923,34.333872192671564]]]},"properties":{"FID":24,"OBJECTID":25,"Landuse_ty":"河流","一类用":17,"二类用":1701,"二类_1":"河流水面","ORIG_FID":21,"一类_1":"陆地水域","Shape_Leng":1237.5862688699999,"Shape_Area":22360.980769599999,"Area":2236098.0769600002}},{"type":"Feature","id":25,"geometry":{"type":"Polygon","coordinates":[[[108.11619180279172,34.335961816747883],[108.11615433055024,34.335966710380156],[108.11599341240139,34.336038418882673],[108.11582683590967,34.336176916050988],[108.11573426281504,34.336195004354771],[108.11689002878668,34.334081208564399],[108.11691655821076,34.334091238361935],[108.11710055355958,34.334076751535136],[108.11723278814476,34.334057543355733],[108.11736495514637,34.333990632306879],[108.11743380760937,34.333880847893134],[108.11747955914117,34.333699531412634],[108.11748873736654,34.333485171042227],[108.11751191795103,34.332943779381381],[108.11764701787293,34.332953752568486],[108.11759874789627,34.333815498074983],[108.11759144387027,34.333839403362418],[108.11716314099986,34.334196321859167],[108.11666345413195,34.335160004696476],[108.11619180279172,34.335961816747883]]]},"properties":{"FID":25,"OBJECTID":26,"Landuse_ty":"河流","一类用":17,"二类用":1701,"二类_1":"河流水面","ORIG_FID":21,"一类_1":"陆地水域","Shape_Leng":854.79885611600002,"Shape_Area":8511.84303946,"Area":851184.30394600006}},{"type":"Feature","id":26,"geometry":{"type":"Polygon","coordinates":[[[108.10837173528235,34.319360583522908],[108.10836929860098,34.319380310142066],[108.10836563090335,34.31940933845749],[108.10836188170677,34.31943836053437],[108.10835805318187,34.319467374567843],[108.10835414532973,34.319496381459359],[108.10835015920777,34.319525358670916],[108.10834608838378,34.319554373819436],[108.10834194036477,34.319583350272168],[108.10833771194903,34.319612333106114],[108.10833340419521,34.319641300684758],[108.10832902355281,34.319670198913322],[108.10832454635703,34.319699213518398],[108.10831999844207,34.319728156067001],[108.10831537010914,34.319757088770118],[108.10831066244931,34.319786015232687],[108.10830587545784,34.319814931848775],[108.10830100587282,34.319843836818286],[108.10829605588687,34.319872745464494],[108.10829102980891,34.319901628936087],[108.1082859114488,34.319930571085393],[108.10828074396498,34.319959336586969],[108.10827547124859,34.319988229290423],[108.10827012027728,34.320017104934514],[108.108264685645,34.320045984258108],[108.10826423559463,34.320048342936992],[108.10500442117936,34.320162643154958],[108.10536663966069,34.318548321926492],[108.10623289410991,34.318238848793499],[108.10837173528235,34.319360583522908]]]},"properties":{"FID":26,"OBJECTID":27,"Landuse_ty":"耕地","一类用":1,"二类用":103,"二类_1":"旱地","ORIG_FID":21,"一类_1":"耕地","Shape_Leng":879.07268226600002,"Shape_Area":46014.539400000001,"Area":4601453.9400000004}},{"type":"Feature","id":27,"geometry":{"type":"Polygon","coordinates":[[[108.10759880137842,34.320152888416914],[108.10824838718671,34.320130105279695],[108.10824777944444,34.320133197004012],[108.10824192922449,34.320162516617359],[108.10823602231855,34.32019169384597],[108.10823002526777,34.320220902705742],[108.10822394562103,34.320250099017308],[108.10821779310137,34.320279239500827],[108.10821154719324,34.320308424239109],[108.10820521438097,34.320337626181917],[108.10819882165632,34.320366711885804],[108.10819232150025,34.320395905862149],[108.10818575062659,34.320425030486241],[108.1081791004171,34.32045414346063],[108.10817236652213,34.320483242084691],[108.10816555328769,34.320512326354603],[108.10815865636994,34.320541398077118],[108.10815167685527,34.320570457251279],[108.10814460934918,34.320599533630791],[108.10813747547571,34.32062854426006],[108.10813025575479,34.320657549555676],[108.108122953454,34.320686555825105],[108.10811556855013,34.320715545038702],[108.10810810430617,34.320744519898007],[108.10810056718455,34.320773436224641],[108.10809292910653,34.320802427462887],[108.10808521923377,34.320831357463021],[108.1080774289364,34.320860274912739],[108.10806955929273,34.320889173500682],[108.10806160705467,34.320918062244552],[108.10805357329828,34.320946933030001],[108.10804546019884,34.320975787658085],[108.10803726558322,34.321004626130723],[108.10802898836597,34.32103344935031],[108.10802063180658,34.321062257313969],[108.1080121959027,34.321091048218712],[108.10800367848347,34.32111982386941],[108.10800090557512,34.321129097170257],[108.10543961052697,34.321249846058024],[108.10501313588618,34.320243543837044],[108.10680784432633,34.320180626129272],[108.10685108131162,34.320467780348068],[108.10763444054946,34.320455168714211],[108.10759880137842,34.320152888416914]]]},"properties":{"FID":27,"OBJECTID":28,"Landuse_ty":"耕地","一类用":1,"二类用":103,"二类_1":"旱地","ORIG_FID":21,"一类_1":"耕地","Shape_Leng":830.67119109800001,"Shape_Area":27483.736326300001,"Area":2748373.6326299999}},{"type":"Feature","id":28,"geometry":{"type":"Polygon","coordinates":[[[108.10455831131758,34.318064850169549],[108.10459958649147,34.317956500731746],[108.10506358208684,34.316992819262929],[108.10534911709843,34.317135587243094],[108.10806170325749,34.318634647379092],[108.10842568236954,34.318800095059515],[108.10842485247599,34.318812076513545],[108.10842268230499,34.318842167258502],[108.10842043914892,34.318872112027513],[108.10841810477591,34.318902096542374],[108.10841569315279,34.318931998188908],[108.10841318177236,34.318962057683216],[108.10841059314049,34.318992033407696],[108.10840792083772,34.319022002895672],[108.10840515301325,34.319052044586677],[108.10840231757771,34.319081895222766],[108.1083993866968,34.319111877559742],[108.10839637638983,34.319141775227308],[108.10839327058743,34.319171765832003],[108.1083900864801,34.319201698810815],[108.10838681653054,34.319231627357922],[108.10838345430771,34.319261619991821],[108.10838246469569,34.319270227332495],[108.10626335427273,34.318158840917221],[108.10626163217647,34.318157978789671],[108.10625390560512,34.318154997073592],[108.10624567092786,34.318153174204575],[108.10623717919397,34.318152564955284],[108.10622869010032,34.318153188933088],[108.10622046003435,34.318155026082977],[108.10621789479643,34.318155872096511],[108.10530401176165,34.318482361025616],[108.10455831131758,34.318064850169549]]]},"properties":{"FID":28,"OBJECTID":29,"Landuse_ty":"城镇住宅用地","一类用":7,"二类用":701,"二类_1":"城镇住宅用地","ORIG_FID":21,"一类_1":"居住用地","Shape_Leng":958.35454269700006,"Shape_Area":26784.672644800001,"Area":2678467.2644799999}},{"type":"Feature","id":29,"geometry":{"type":"Polygon","coordinates":[[[108.1081980558191,34.32106703813001],[108.10820642491703,34.32103788757955],[108.10821471141313,34.321008721776138],[108.10822291747938,34.320979539816413],[108.10823104094513,34.320950343505253],[108.10823908398004,34.320921130136306],[108.10824704332691,34.320891901515452],[108.10825492116004,34.320862658542254],[108.10826271856257,34.320833398511326],[108.10827043336617,34.320804125030527],[108.1082780644832,34.320774837199366],[108.10828561408452,34.32074553321295],[108.10829308217481,34.320716216677226],[108.10830046766418,34.320686884888751],[108.1083077716392,34.320657537846543],[108.1083149930158,34.320628177354571],[108.10832213179518,34.320598804314308],[108.10832918797509,34.320569416922815],[108.10833616264217,34.320540015179162],[108.10834305470999,34.320510599084272],[108.10834986418207,34.320481171342664],[108.10835658997199,34.320451731955274],[108.10836323424941,34.320422278215766],[108.10836979592904,34.320392811026593],[108.10837627501212,34.320363331289244],[108.10838267149991,34.320333839905224],[108.10838898970493,34.320304310727686],[108.10839521668872,34.320274821295698],[108.10840136538877,34.320245293168732],[108.10840743040617,34.32021575249464],[108.10841341391638,34.320186201074442],[108.1084193126599,34.320156638911051],[108.10842512989522,34.320127065100124],[108.1084308656236,34.320097480543104],[108.10843643348935,34.320068325240491],[108.10844191876421,34.320039160995783],[108.10844732579092,34.32000998510069],[108.10845265131226,34.319980799361069],[108.10845789641718,34.319951605578943],[108.10846306327301,34.31992239924498],[108.10846814536535,34.319893183970905],[108.10847314921338,34.319863959750926],[108.10847807264183,34.319834724784037],[108.10848291348125,34.319805481776605],[108.1084876749901,34.319776229824271],[108.10849235607964,34.319746967125063],[108.10849695675338,34.319717696383414],[108.1085014737519,34.319688417602222],[108.10850591250788,34.319659130776692],[108.10851027084716,34.319629835007262],[108.1085145455103,34.319600530296853],[108.10851874084463,34.319571217543086],[108.10852285467948,34.319541898550867],[108.10852688809798,34.319512570614791],[108.10853084110258,34.319483235537824],[108.10853471260677,34.319453893320947],[108.10853850369605,34.319424543061714],[108.10854221328397,34.319395184761106],[108.10854584137175,34.319365819320595],[108.108549492238,34.319335582124914],[108.10855305725232,34.31930533328579],[108.10855653533757,34.319275080016027],[108.10855992866338,34.319244819609295],[108.10856323614334,34.319214552066526],[108.10856645669335,34.319184279191681],[108.10856959139768,34.319153999180827],[108.10857264134411,34.319123712934491],[108.10857560436087,34.319093421356087],[108.10857848044918,34.319063125347107],[108.10858127069105,34.319032821300674],[108.10858397509003,34.319002511921212],[108.10858659365084,34.318972200814692],[108.10858912745314,34.318941882571231],[108.10859157215098,34.318911557194689],[108.1085939299233,34.31888122919058],[108.10859426745814,34.318876725078418],[108.10963214680891,34.319348485356677],[108.11123828353162,34.320633393838555],[108.11205919715634,34.321739843802156],[108.11235962181416,34.322147563664622],[108.11235993440933,34.322148946253122],[108.11235997375687,34.322149120203299],[108.11232411085345,34.322128492004268],[108.11225998706,34.322091676525119],[108.11224857904217,34.322085690314417],[108.11222281791916,34.322075752531575],[108.11219536801667,34.322069677343087],[108.11216706404377,34.322067648787467],[108.11215449325361,34.322068063262471],[108.11208775900542,34.322072408202644],[108.11202092815073,34.322076830722388],[108.11195410390157,34.322081323515341],[108.11188728625659,34.322085885679996],[108.11182047630454,34.322090519018367],[108.11175367404405,34.32209522262896],[108.11168687838844,34.322099996512804],[108.11162008933753,34.322104840669887],[108.11155330906425,34.322109755098261],[108.11148653539534,34.322114739799908],[108.11141976941717,34.322119794773847],[108.11135301221614,34.322124920019121],[108.11128626162017,34.322130116439176],[108.11121951979979,34.322135382229099],[108.11115278566953,34.322140718291379],[108.1110860603157,34.322146124625007],[108.11101934373819,34.322151601230047],[108.11095263376491,34.322157149009961],[108.11088593365297,34.322162766158797],[108.11081924231682,34.322168453579081],[108.11075255866979,34.322174211271779],[108.11068588488358,34.322180038333492],[108.11061921987388,34.322185936568154],[108.11055256363933,34.322191905074305],[108.1104859172663,34.322197943850988],[108.11041927966811,34.322204052899181],[108.11035265084337,34.322210231317435],[108.11028603187967,34.322216480006261],[108.11021942277685,34.322222798965662],[108.11015282353475,34.322229188195671],[108.11008623415319,34.322235647696317],[108.11001965463201,34.322242177467572],[108.10995308496987,34.322248776608021],[108.10988652516896,34.322255446920607],[108.10981997631332,34.322262186601428],[108.10975343731739,34.322268996552936],[108.10968690926642,34.322275875872712],[108.10962039107484,34.322282825463226],[108.10955388382905,34.322289845323532],[108.10948738752889,34.322296935453622],[108.10942090217418,34.322304095853525],[108.10935442776359,34.32231132562179],[108.10928796429813,34.322318625659889],[108.10922151177766,34.322325995967866],[108.10915507128738,34.322333435643266],[108.10908864174056,34.322340944687113],[108.10902222313939,34.322348524902353],[108.10895581765449,34.322356174484113],[108.10888942311374,34.322363894335837],[108.10882304060236,34.322371683555104],[108.10875898485375,34.32107429497696],[108.1081980558191,34.32106703813001]]]},"properties":{"FID":29,"OBJECTID":30,"Landuse_ty":"乔木林地","一类用":3,"二类用":301,"二类_1":"乔木林地","ORIG_FID":21,"一类_1":"林地","Shape_Leng":1283.18402468,"Shape_Area":79541.2637139,"Area":7954126.37139}},{"type":"Feature","id":30,"geometry":{"type":"Polygon","coordinates":[[[108.11371053976222,34.322941470112859],[108.11373671686238,34.322953368821828],[108.11480747520528,34.323595823137055],[108.11548562058277,34.324523813039079],[108.1162904357811,34.32563043472215],[108.1147052529936,34.323556506982278],[108.11469831484371,34.323547406698779],[108.11469590871158,34.323548653900154],[108.11466388361727,34.323521738560032],[108.1146650130049,34.323520469116062],[108.11465520072886,34.323514440169077],[108.11459564199257,34.323477844315981],[108.11452660828151,34.323435511241335],[108.11445752690688,34.323393234063886],[108.11438839569306,34.323351010982641],[108.11431921572895,34.323308843799474],[108.11424998701331,34.32326673161279],[108.11418071063142,34.323224673520052],[108.1141113844125,34.323182671326137],[108.11404201052842,34.32314072412747],[108.11397258789376,34.323098832826446],[108.11390311759257,34.323056995619041],[108.1138335974541,34.323015214310153],[108.11376403073798,34.32297348889665],[108.11371053976222,34.322941470112859]]]},"properties":{"FID":30,"OBJECTID":31,"Landuse_ty":"防护绿地","一类用":14,"二类用":1402,"二类_1":"防护绿地","ORIG_FID":21,"一类_1":"绿地与开敞空间用地","Shape_Leng":775.17534218799995,"Shape_Area":855.23626573399997,"Area":85523.626573400004}},{"type":"Feature","id":31,"geometry":{"type":"Polygon","coordinates":[[[108.10945756784372,34.324244020478147],[108.1094095492342,34.325773886092144],[108.10886763713738,34.325799648391417],[108.10887624874972,34.324218262213591],[108.10945756784372,34.324244020478147]]]},"properties":{"FID":31,"OBJECTID":32,"Landuse_ty":"城镇住宅用地","一类用":7,"二类用":701,"二类_1":"城镇住宅用地","ORIG_FID":21,"一类_1":"居住用地","Shape_Leng":448.71634521200002,"Shape_Area":8919.1612494199999,"Area":891916.12494200002}},{"type":"Feature","id":32,"geometry":{"type":"Polygon","coordinates":[[[108.10828788039284,34.325501143252012],[108.10809218610817,34.325504228817842],[108.10809157636439,34.325470202887907],[108.10809105475273,34.325436268831247],[108.10809061566326,34.32540228872594],[108.10809026236493,34.325368269780974],[108.10808999608867,34.325334324680597],[108.10808981234472,34.325300341644912],[108.1080897144147,34.325266337799199],[108.10808970129399,34.325232377149618],[108.10808977507244,34.325198394787563],[108.10808993250521,34.325164402435178],[108.10809017471689,34.325130429840399],[108.1080905027582,34.32509644905636],[108.1080909155713,34.325062482621014],[108.10809141418721,34.325028487262308],[108.10809199866245,34.324994507152851],[108.10809266684802,34.324960561225666],[108.10809341970675,34.324926553021221],[108.10809426061962,34.324892577192259],[108.10809518200476,34.32485865267661],[108.10809619236397,34.324824630722063],[108.10809728645498,34.324790660077973],[108.10809846428459,34.324756746153177],[108.10809973107411,34.324722723971711],[108.10810107943006,34.324688759412957],[108.10810251471587,34.324654798383207],[108.10810403475593,34.324620839081412],[108.10810563954095,34.324586874295704],[108.10810732484703,34.324552999586992],[108.10810910449439,34.324518976951609],[108.10811096249176,34.32448504619812],[108.10836176806338,34.324495693726263],[108.10877684827557,34.324513314858862],[108.10877151669983,34.325492058632157],[108.10828788039284,34.325501143252012]]]},"properties":{"FID":32,"OBJECTID":33,"Landuse_ty":"城镇住宅用地","一类用":7,"二类用":701,"二类_1":"城镇住宅用地","ORIG_FID":21,"一类_1":"居住用地","Shape_Leng":345.556615851,"Shape_Area":6928.2980860199996,"Area":692829.808602}},{"type":"Feature","id":33,"geometry":{"type":"Polygon","coordinates":[[[108.10345720159445,34.326391199140822],[108.10345297283621,34.326391441605956],[108.10344341784591,34.326391922053837],[108.10343382148389,34.326392336727686],[108.10342440866779,34.326392678225695],[108.10341489363256,34.32639295580401],[108.10340543501761,34.326393165722756],[108.1033958915681,34.326393310805628],[108.1033863230449,34.326393389199211],[108.10337677182549,34.326393400867708],[108.10336733244421,34.326393345731354],[108.10335775606826,34.326393223098684],[108.10334834912477,34.326393037218494],[108.10333867804773,34.32639277854036],[108.1033292122632,34.326392458387431],[108.10331978008384,34.326392073298656],[108.10331017069798,34.326391614437057],[108.1033008133374,34.32639110127316],[108.10329112663185,34.326390502745475],[108.10328177019574,34.326389857061393],[108.10327223111358,34.326389132200113],[108.10326285386999,34.326388354014185],[108.10325335265911,34.326387498404529],[108.1032438633204,34.326386576975885],[108.10323438693943,34.326385588825865],[108.10322502023693,34.326384544690733],[108.10321550674199,34.326383417742207],[108.10320618660818,34.326382246457307],[108.10319674576149,34.32638099323853],[108.10318727005337,34.326379666126783],[108.10317804096533,34.326378307254643],[108.10316858900083,34.326376847603498],[108.10315810883199,34.326375159841078],[108.10314219950033,34.326373951731654],[108.10313950042676,34.326373989162576],[108.10313048409725,34.326374229338022],[108.1030291427976,34.325487495370517],[108.1036002131043,34.32302475337584],[108.10376109711041,34.322657020264792],[108.10430163669673,34.322777879137469],[108.10428977923986,34.32280169560407],[108.10427800221487,34.322825539045432],[108.10426630562289,34.322849410363091],[108.10425468946285,34.322873308655588],[108.10424315482139,34.322897233921992],[108.10423170061088,34.322921185261791],[108.10422032683252,34.322945163576485],[108.10420903565944,34.322969168864255],[108.10419782382984,34.322993199324905],[108.10418669460567,34.323017256758682],[108.10417564581161,34.323041339364458],[108.104164679622,34.323065448041916],[108.10415379386153,34.323089580989951],[108.10414298961904,34.323113740010633],[108.10413226798005,34.323137924201561],[108.10412162352296,34.32316214258222],[108.10411106925201,34.323186367195561],[108.10410059324853,34.323210625096273],[108.10409019876113,34.323234907266752],[108.10407988578983,34.323259213707026],[108.1040696554213,34.323283544416221],[108.10405950765337,34.323307897591349],[108.1040494424883,34.323332275035419],[108.10403945992508,34.323356675846966],[108.10402955779062,34.323381100027845],[108.10401974043012,34.323405546672916],[108.10401000458508,34.323430016686437],[108.10400035242647,34.323454508263637],[108.10399078287,34.323479023208399],[108.10398129482697,34.323503559718702],[108.10397189155822,34.323528118693318],[108.10396256980303,34.323552699233495],[108.10395333282115,34.32357730133652],[108.10394417735185,34.323601924103677],[108.10393510665712,34.323626569335211],[108.10392611747397,34.323651234329418],[108.10391721306441,34.323675920886551],[108.1039083923408,34.32370062810606],[108.10389965421555,34.323725355087383],[108.10389099977643,34.323750102731111],[108.10388242902347,34.323774871037266],[108.10387394304219,34.323799659103457],[108.10386553965844,34.323824466030061],[108.10385722104652,34.323849292716709],[108.10384898503227,34.323874138263825],[108.10384083378999,34.323899003571043],[108.10383276731753,34.323923886835431],[108.10382478344401,34.323948789861767],[108.10381688542704,34.323973710844399],[108.10380907109463,34.323998650686605],[108.10380134044466,34.324023607585502],[108.10379369456484,34.324048582441613],[108.10378613345526,34.324073575254978],[108.10377865711598,34.324098586025613],[108.10377126337285,34.324123613853885],[108.10376395657218,34.324148658736128],[108.10375673345436,34.324173720675127],[108.10374959510493,34.324198798768492],[108.10374254152504,34.324223893917697],[108.10373557271255,34.324249004319832],[108.10372868866976,34.32427413177782],[108.10372188939564,34.324299275390246],[108.10371517597571,34.324324434254713],[108.10370854732459,34.324349609273597],[108.10370200344013,34.324374798644001],[108.1036955454112,34.324400004167941],[108.1036891710625,34.324425224044333],[108.1036828836538,34.324450458270405],[108.10367668101209,34.324475706848034],[108.10367056313851,34.32450097067872],[108.10366453111858,34.324526248860039],[108.10365858495132,34.324551540490539],[108.10365272355018,34.324576845571166],[108.10364694800184,34.324602164100995],[108.10364125830635,34.324627496080033],[108.10363565337722,34.324652841509234],[108.1036301353866,34.324678199485277],[108.1036246935186,34.324703610584038],[108.10361935478929,34.324728953983978],[108.10361409435481,34.32475434960336],[108.10360891759939,34.32477975777239],[108.10360382886829,34.324805177585901],[108.10359882490299,34.324830609948165],[108.10359390787447,34.324856053054376],[108.10358907560966,34.324881506906394],[108.10358433028291,34.324906972403866],[108.10357967080772,34.32493244954771],[108.10357509718193,34.324957936534993],[108.10357060940675,34.324983434267182],[108.10356620856881,34.325008942743395],[108.10356189358055,34.325034461063062],[108.10355766552856,34.325059989225274],[108.10355352224089,34.325085528133343],[108.10354946697406,34.325111075080109],[108.10354549755718,34.325136631870379],[108.10354161399032,34.325162198504131],[108.10353781735793,34.325187773177504],[108.10353410657461,34.325213356792908],[108.10353048381253,34.32523894844703],[108.10352694581309,34.325264549044135],[108.10352349474843,34.325290157680868],[108.10352013061863,34.325315774357286],[108.10351685233719,34.325341399074283],[108.10351366207625,34.325367030928554],[108.10351055766272,34.325392669921939],[108.10350754018437,34.325418316955002],[108.10350460855246,34.325443970225727],[108.10350176385367,34.325469629733192],[108.10349900717578,34.325495296377944],[108.10349633525799,34.325520969261298],[108.10349375244675,34.325546648379564],[108.10349125439464,34.32557233283493],[108.10348884436266,34.325598023526162],[108.10348652017656,34.32562371955359],[108.10348428292301,34.325649420916292],[108.10348213368761,34.325675126711914],[108.10348007029833,34.32570083784374],[108.10347809492845,34.325726554309945],[108.10347620540266,34.325752274309423],[108.10347440280982,34.325777999644203],[108.1034726882344,34.325803728510429],[108.10347105950331,34.325829460909929],[108.10346951879089,34.325855197742349],[108.10346806392184,34.325880937206563],[108.10346669598503,34.32590668110462],[108.10346541606495,34.325932427632651],[108.10346422198847,34.32595817679249],[108.10346311701547,34.325983928581373],[108.10346209679962,34.32600968300298],[108.10346116459969,34.326035439153102],[108.1034603204169,34.326061197933193],[108.10345956207698,34.326086958443618],[108.10345889066664,34.326112720683454],[108.10345830618596,34.326138484652702],[108.10345780972048,34.326164249448986],[108.10345740018371,34.326190015073202],[108.10345707757683,34.326215782426836],[108.1034568418977,34.326241549706943],[108.10345669314752,34.326267317814974],[108.10345663241186,34.326293085848562],[108.10345665636351,34.32631879882004],[108.103456770638,34.326344621696002],[108.10345697068657,34.326370389508959],[108.10345720159445,34.326391199140822]]]},"properties":{"FID":33,"OBJECTID":34,"Landuse_ty":"公园绿地","一类用":14,"二类用":1401,"二类_1":"公园绿地","ORIG_FID":21,"一类_1":"绿地与开敞空间用地","Shape_Leng":913.19890638499999,"Shape_Area":16856.6175726,"Area":1685661.7572600001}},{"type":"Feature","id":34,"geometry":{"type":"Polygon","coordinates":[[[108.11482921366132,34.324699508124517],[108.11469892744178,34.326778357326972],[108.11282238921352,34.326756935936707],[108.11292865722662,34.325694436204046],[108.11292900618494,34.32568969047729],[108.11293057169894,34.325656236813195],[108.11293205990798,34.325622666928929],[108.11293346227282,34.325589095320659],[108.11293477987775,34.325555520184423],[108.11293601381185,34.325521943322173],[108.11293716190083,34.325488363834438],[108.1129382252314,34.325454781720225],[108.11293920380729,34.325421199683966],[108.11294009653956,34.325387615923731],[108.11294090668812,34.325354030436493],[108.11294162990428,34.325320441423301],[108.11294226945397,34.325286853388555],[108.11294282316166,34.325253264531305],[108.11294329319945,34.325219673948062],[108.11294367848323,34.325186083442809],[108.11294397792295,34.325152490312064],[108.1129441915235,34.325118898161804],[108.11294432254476,34.325085306988981],[108.11294436772222,34.325051713190689],[108.11294432602016,34.325018154630172],[108.11294420273508,34.324984529434971],[108.11294399365244,34.324950935870618],[108.11294369873366,34.324917345089659],[108.11294332014839,34.324883754385702],[108.11294285572235,34.324850162859235],[108.11294230654588,34.324816573213674],[108.11294167261906,34.324782985449076],[108.11294095393957,34.324749397762432],[108.11294015050991,34.324715811956736],[108.11293926232783,34.324682226228994],[108.11293828722384,34.324648643285656],[108.11293722954436,34.324615063122735],[108.11293608928831,34.324581484838724],[108.11293485993268,34.324547905735194],[108.1129335469177,34.324514331216022],[108.11293215023987,34.324480758576762],[108.11293066772613,34.324447187819423],[108.11292910155214,34.324413620744949],[108.11292905353001,34.324412650793626],[108.11482921366132,34.324699508124517]]]},"properties":{"FID":34,"OBJECTID":35,"Landuse_ty":"乔木林地","一类用":3,"二类用":301,"二类_1":"乔木林地","ORIG_FID":21,"一类_1":"林地","Shape_Leng":841.867059606,"Shape_Area":41992.071337900001,"Area":4199207.1337900003}},{"type":"Feature","id":35,"geometry":{"type":"Polygon","coordinates":[[[108.11273484418533,34.322696503390432],[108.11273768883366,34.322698164909895],[108.11280757534296,34.32273907387075],[108.112877416362,34.32278004052823],[108.11294720536306,34.322821058578036],[108.11301694887398,34.322862134324637],[108.11308664471936,34.322903265967142],[108.11315629398455,34.322944452603132],[108.11322589558308,34.322985694233708],[108.11329543755565,34.323026985461105],[108.1133649536098,34.32306834428389],[108.11343441221123,34.323109752701626],[108.11350382205971,34.323151216115285],[108.11357318315653,34.323192735426403],[108.11364249767244,34.323234308830116],[108.11371176343684,34.323275938131438],[108.1137809815351,34.323317622427965],[108.11385015088075,34.323359361720811],[108.11391927147386,34.323401156010043],[108.11398834766315,34.323443007094667],[108.11405736966233,34.323484909574979],[108.11412634508351,34.323526867951379],[108.11419527284016,34.323568882224947],[108.11426415184458,34.323610951495326],[108.11433298318218,34.323653074860076],[108.11440176468108,34.323695253222773],[108.11444617169973,34.323722539289797],[108.11680018482248,34.326802309712811],[108.11479678553354,34.326779473624931],[108.11492910796017,34.324668089697994],[108.11492917348095,34.324665937796972],[108.11492842174442,34.324658894315512],[108.1149262055918,34.324652065859652],[108.11492259593491,34.324645660605313],[108.11491769843749,34.324639873173538],[108.11491166437249,34.324634878309922],[108.11490467758048,34.32463082909387],[108.11489695011115,34.324627847927971],[108.11488903087411,34.324626072224035],[108.11292479256618,34.324329541604541],[108.11292388794145,34.32431287492107],[108.11292197834554,34.324279255876391],[108.11291998400333,34.324245640515571],[108.11291790383073,34.32421203064257],[108.11291573891083,34.324178423551928],[108.11291348924493,34.324144820145115],[108.11291115374534,34.324111219521654],[108.11290873350357,34.324077625286463],[108.11290622851732,34.324044035636589],[108.11290363878544,34.324010449670531],[108.11290096539344,34.323976866485793],[108.11289820508532,34.323943288789835],[108.11289535894774,34.323909716581639],[108.11289242806738,34.323876149860212],[108.11288941461507,34.323842586820575],[108.11288631316168,34.323809030172157],[108.11288312913894,34.323775479008468],[108.11287985820309,34.323741935136482],[108.11287650469569,34.323708394946266],[108.11287306535836,34.32367485934229],[108.11286954019718,34.323641332831947],[108.11286593246598,34.323607810904818],[108.11286223673439,34.323574295368871],[108.11285845843537,34.323540786219105],[108.11285459431052,34.323507284359962],[108.11285064653185,34.323473788887981],[108.1128466151019,34.323440301606126],[108.11284249675747,34.323406819812909],[108.11283829367416,34.323373345309307],[108.11283400693864,34.323339878094309],[108.11282963329374,34.323306419973875],[108.11282517817119,34.323272970041486],[108.11282063722119,34.32323952559674],[108.11281601044746,34.323206089344005],[108.11281129893668,34.323172661282335],[108.11280650377552,34.323139241410686],[108.11280162279333,34.323105831534015],[108.1127966592487,34.323072430747828],[108.112791610965,34.323039036349684],[108.1127864768594,34.323005651045001],[108.11278126019285,34.322972275732262],[108.11277595770579,34.32293891041445],[108.11277057157022,34.322905554188083],[108.11276510178384,34.322872205250164],[108.11275954400412,34.322838866309134],[108.11275390475173,34.322805538260489],[108.11274818185362,34.322772221106185],[108.11274237313438,34.322738913045271],[108.11273647967948,34.322705613175245],[108.11273484418533,34.322696503390432]]]},"properties":{"FID":35,"OBJECTID":36,"Landuse_ty":"乔木林地","一类用":3,"二类用":301,"二类_1":"乔木林地","ORIG_FID":21,"一类_1":"林地","Shape_Leng":1390.07468204,"Shape_Area":46912.576088499998,"Area":4691257.6088500004}},{"type":"Feature","id":36,"geometry":{"type":"Polygon","coordinates":[[[108.11206700625495,34.325396909922716],[108.11267849166477,34.325416185084364],[108.1126775265251,34.325449328985691],[108.11267647975559,34.325482371995847],[108.11267534410668,34.325515580960435],[108.11267413213534,34.325548595274775],[108.1126728280933,34.325581826930971],[108.11267144457851,34.325614945974735],[108.11266997630497,34.325648062391835],[108.11266853215879,34.325678907050104],[108.11265712968545,34.325792909126271],[108.11265516744034,34.325812530800668],[108.11249251123336,34.325810455453549],[108.10950742434848,34.32577232379019],[108.10951220730539,34.32561992024889],[108.1095230941215,34.325273035263109],[108.10954451277371,34.324590588172782],[108.11045502992522,34.324630298350634],[108.110489047671,34.324289718971002],[108.11205929753616,34.324359271463358],[108.11206700625495,34.325396909922716]]]},"properties":{"FID":36,"OBJECTID":37,"Landuse_ty":"教育用地","一类用":8,"二类用":804,"二类_1":"教育用地","ORIG_FID":21,"一类_1":"公共管理与公共服务用地","Shape_Leng":902.85102083599998,"Shape_Area":37663.699552500002,"Area":3766369.9552500001}},{"type":"Feature","id":37,"geometry":{"type":"Polygon","coordinates":[[[108.11469384595756,34.326859439621209],[108.11464164366568,34.327692339293222],[108.11462507276882,34.327690770899537],[108.11458984321601,34.327687364712723],[108.11455480483838,34.327683905149463],[108.11451959683374,34.327680359192499],[108.11448447567324,34.327676748237501],[108.11444946852976,34.327673077668017],[108.1144142406775,34.327669312639081],[108.11437918552835,34.327665494251228],[108.11434410963754,34.327661602852636],[108.11430904560738,34.327657641117298],[108.11427409016152,34.327653619772754],[108.11423895312809,34.327649505734932],[108.11420387033976,34.3276453258282],[108.11416890809363,34.327641089907154],[108.11413390445335,34.327636775585709],[108.11409891484871,34.327632391827038],[108.11406393601865,34.327627937732693],[108.11402897122441,34.327623414201142],[108.1139940215502,34.327618819428416],[108.11395909460609,34.327614156111892],[108.11392415779,34.327609421577478],[108.11388924696161,34.327604616693279],[108.11385433277991,34.327599739683663],[108.11381946958555,34.327594797709942],[108.11378456499915,34.327589778237268],[108.11374974943914,34.32758469917411],[108.1137148598815,34.327579537233383],[108.11368008869509,34.327574320182393],[108.11364521525438,34.32756901667409],[108.11361048952975,34.327563662535809],[108.11357571263166,34.32755822910466],[108.11354095085593,34.327552725333994],[108.11350611508198,34.327547137784151],[108.11347148028307,34.327541510372967],[108.11343676822382,34.327535797382708],[108.11340217454119,34.327530032888482],[108.11336739817246,34.327524164883101],[108.11333280865061,34.327518255226735],[108.11329809296141,34.327512252824626],[108.11326346738988,34.32750619353591],[108.11322886998326,34.3275000656987],[108.11319429965623,34.327493870215491],[108.11315978684253,34.327487613368568],[108.11312515763791,34.327481261062275],[108.11309061311823,34.327474851874591],[108.11305608480988,34.327468373248024],[108.11302159879898,34.327461830567422],[108.11298712139086,34.327455216652034],[108.11295266345415,34.327448533294842],[108.11291822390115,34.327441779595368],[108.11288384729755,34.327434966330301],[108.11284946081861,34.327428077340159],[108.11281495686303,34.327421092891427],[108.11278066910953,34.327414078484928],[108.11275714825148,34.327409216812555],[108.11281428293647,34.326837983980909],[108.11469384595756,34.326859439621209]]]},"properties":{"FID":37,"OBJECTID":38,"Landuse_ty":"公园绿地","一类用":14,"二类用":1401,"二类_1":"公园绿地","ORIG_FID":21,"一类_1":"绿地与开敞空间用地","Shape_Leng":505.46726638600001,"Shape_Area":13912.964561299999,"Area":1391296.4561300001}},{"type":"Feature","id":38,"geometry":{"type":"Polygon","coordinates":[[[108.10346033000567,34.32653557345985],[108.10346072367921,34.326548230845717],[108.10346158903748,34.326573362550469],[108.10346253697486,34.326598491480887],[108.10346356749251,34.326623618538477],[108.10346468167714,34.326648743722295],[108.10346587844107,34.326673866131792],[108.10346715778442,34.326698985766953],[108.10346851970611,34.326724101726306],[108.10346996529398,34.326749214910407],[108.10347149346144,34.326774325320152],[108.10347310311978,34.326799431153525],[108.10347479753111,34.326824534210715],[108.10347657343345,34.326849632691506],[108.10347843300012,34.326874726594063],[108.10348037405905,34.326899816821715],[108.10348239878243,34.326924902471113],[108.10348450608373,34.326949983543173],[108.10348669596303,34.32697506003791],[108.10348896841928,34.327000131053843],[108.10349132345259,34.327025196590938],[108.10349376215069,34.327050257549757],[108.10349628233828,34.327075312129189],[108.10349888510312,34.327100361229782],[108.10350157153078,34.32712540394914],[108.10350433944814,34.327150440289081],[108.10350719102847,34.327175470247781],[108.10351012409973,34.327200494728523],[108.10351314083522,34.327225513729481],[108.10351630598943,34.327251051858774],[108.10351955589474,34.327276584507345],[108.10352289380883,34.327302109869478],[108.1035263164697,34.327327626144921],[108.10352982605399,34.327353136036336],[108.10353342038411,34.327378635939567],[108.10353710055008,34.327404128558157],[108.10354086763641,34.327429612088217],[108.10354472055762,34.327455087432149],[108.1035486582261,34.327480553689362],[108.10355268281403,34.327506009956515],[108.10355679214935,34.327531457136971],[108.10356098731877,34.327556895229769],[108.10356526832128,34.327582323333417],[108.10356963515581,34.327607740546412],[108.10357408673694,34.327633147771188],[108.10357862523799,34.327658545005868],[108.10358324848468,34.327683931350812],[108.10358795647818,34.327709307707451],[108.10359275138964,34.327734672271035],[108.10359762995921,34.327760025044277],[108.10360259544909,34.327785367827367],[108.10360709572363,34.327807940748002],[108.10317191003674,34.326736712187959],[108.10314717260799,34.326520251876033],[108.10315764066331,34.326521793609338],[108.10316853682177,34.326523319655884],[108.10317938397864,34.326524760101904],[108.10319024842994,34.326526125709321],[108.10320112256611,34.326527413780113],[108.10321200965021,34.326528627015946],[108.10322291402645,34.326529763610203],[108.10323382591535,34.326530823571161],[108.10324474749009,34.326531806896917],[108.10325567983837,34.326532714488089],[108.10326661752602,34.326533545447738],[108.10327756816032,34.32653430067095],[108.10328852630607,34.326534978359348],[108.10329948870448,34.326535579417133],[108.10331045752767,34.32653610294102],[108.10332142843136,34.326536550737629],[108.10333240467425,34.326536921902701],[108.10334338951613,34.326537216433522],[108.10335437317531,34.326537432535353],[108.10336535348188,34.326537572914482],[108.10337645104873,34.326537637469094],[108.10338732902672,34.326537624680583],[108.10339831448329,34.326537534272838],[108.10340929875923,34.326537367239077],[108.10342028294001,34.326537122676896],[108.10343126159479,34.326536802393854],[108.10344224124206,34.326536405482969],[108.10345321427445,34.326535931049172],[108.10346033000567,34.32653557345985]]]},"properties":{"FID":38,"OBJECTID":39,"Landuse_ty":"防护绿地","一类用":14,"二类用":1402,"二类_1":"防护绿地","ORIG_FID":21,"一类_1":"绿地与开敞空间用地","Shape_Leng":320.35782560199999,"Shape_Area":2117.7700531800001,"Area":211777.00531800001}},{"type":"Feature","id":39,"geometry":{"type":"Polygon","coordinates":[[[108.11072699150601,34.327932957186199],[108.11001191558914,34.327943470153343],[108.10999399660646,34.326744756121045],[108.11001584417913,34.326753279847452],[108.11004820558243,34.326765825552989],[108.11008060168314,34.326778307213495],[108.11011303465207,34.326790723024011],[108.11014550340489,34.326803074788472],[108.11017800902583,34.326815360702867],[108.11021054716835,34.32682758077113],[108.11024312326902,34.326839737692744],[108.11027573732301,34.326851827861802],[108.11030838063978,34.326863853089009],[108.11034106191212,34.326875813366563],[108.11037377679121,34.326887706895356],[108.11040652636711,34.326899536378832],[108.11043931281179,34.326911300913522],[108.11047212960203,34.326922997800857],[108.1105049810877,34.326934629741302],[108.11053786835537,34.326946196733864],[108.11057078705736,34.326957697880971],[108.11060373936563,34.326969132279125],[108.11063672636793,34.32698050082881],[108.11066974589095,34.326991803531968],[108.11070279793346,34.327003039487103],[108.11073588249775,34.327014210497126],[108.11076899849481,34.327025314760064],[108.11080214592452,34.32703635227584],[108.11083532696126,34.327047323943994],[108.11086854160496,34.327058229764489],[108.11090178550673,34.327069067938247],[108.11093506084092,34.327079839364785],[108.11096836760981,34.327090545847021],[108.11100170580862,34.327101183779007],[108.11103507435423,34.32711175586617],[108.11106847324535,34.327122261206974],[108.1111019057418,34.327132699798447],[108.11107596151334,34.32771629440694],[108.11072649820932,34.327719565023962],[108.11072699150601,34.327932957186199]]]},"properties":{"FID":39,"OBJECTID":40,"Landuse_ty":"城镇住宅用地","一类用":7,"二类用":701,"二类_1":"城镇住宅用地","ORIG_FID":21,"一类_1":"居住用地","Shape_Leng":430.11487770600002,"Shape_Area":10191.4777039,"Area":1019147.77039}},{"type":"Feature","id":40,"geometry":{"type":"Polygon","coordinates":[[[108.10991242979887,34.327830895813861],[108.10842924252213,34.327860455105061],[108.10837177942848,34.327336142456566],[108.10832474492209,34.326651779402717],[108.1083465734437,34.326649857964973],[108.1083685193952,34.326647996818764],[108.10839056539213,34.326646196880901],[108.10841245176395,34.326644480016789],[108.10843430019882,34.326642837103897],[108.10845640730957,34.32664124444107],[108.10847846235762,34.326639725741956],[108.10850039254748,34.326638286479948],[108.1085224466907,34.326636910207959],[108.10854430860873,34.326635615235809],[108.10856642051584,34.326634375028569],[108.10858833693692,34.326633215222643],[108.10861051639105,34.326632113775872],[108.10863249601171,34.326631091832844],[108.108649675243,34.32684016376416],[108.10866057954067,34.326935560695873],[108.10941886574042,34.32694084886451],[108.10942610315497,34.32664081096322],[108.10944813611303,34.326642377884191],[108.10946998550953,34.32664400175868],[108.10949198605142,34.326645707529075],[108.10951401928716,34.326647486286355],[108.10953496262937,34.326649242575911],[108.10955584954401,34.326651056607268],[108.10957660613734,34.326652924840616],[108.10959753777682,34.326654871342775],[108.10961830540333,34.326656866668209],[108.10963912636353,34.326658930455068],[108.10965992675901,34.326661055557615],[108.10968072289239,34.326663244665703],[108.10970168647067,34.326665515655193],[108.10972224803109,34.326667805932388],[108.10974322155889,34.326670205817862],[108.10976392782659,34.326672639294131],[108.10978454397777,34.326675126936635],[108.10980542647155,34.326677708992534],[108.10982611451725,34.326680331785965],[108.10983422631642,34.32668138555632],[108.10985459673314,34.326689582496705],[108.10988677161275,34.326702451143156],[108.10989561464976,34.326705966202319],[108.10991242979887,34.327830895813861]]]},"properties":{"FID":40,"OBJECTID":41,"Landuse_ty":"城镇住宅用地","一类用":7,"二类用":701,"二类_1":"城镇住宅用地","ORIG_FID":21,"一类_1":"居住用地","Shape_Leng":605.25078382699996,"Shape_Area":16401.862152999998,"Area":1640186.2153}},{"type":"Feature","id":41,"geometry":{"type":"Polygon","coordinates":[[[108.11686275214549,34.326884163232471],[108.11688851673526,34.326917871217681],[108.11800983295095,34.328384795881931],[108.11800528056993,34.328382888224716],[108.1179817957462,34.32837312526194],[108.11795827189643,34.328363424534508],[108.11793470902559,34.328353789648318],[108.11791110930314,34.328344217896806],[108.11788747055702,34.328334710183533],[108.11786379496297,34.328325268309364],[108.11784008143184,34.328315890472325],[108.11781633431256,34.328306578471185],[108.11779254816945,34.3282973305082],[108.11776872191462,34.328288145682919],[108.11774486316064,34.328279028495388],[108.11772096864385,34.328269976244293],[108.11769703836295,34.328260988028127],[108.11767307014588,34.328252064750451],[108.11764906942828,34.328243208208974],[108.11762503186104,34.328234416604886],[108.11760095961866,34.328225690837577],[108.1175768537877,34.328217030905968],[108.1175527143681,34.328208436810037],[108.11752854027196,34.328199907649342],[108.11750433367499,34.328191445224718],[108.11748009022811,34.328183047737369],[108.11745581862932,34.328174718784872],[108.11743151017929,34.328166453868128],[108.11740717031486,34.328158255686333],[108.11738279903723,34.328150125140965],[108.11735839525723,34.328142060430103],[108.11733395897478,34.328134061553691],[108.11730949127777,34.32812612941219],[108.11728499108071,34.328118264908078],[108.11726046164222,34.32811046713671],[108.1172359018756,34.328102736099176],[108.11721130960881,34.328095072698957],[108.11718668918705,34.328087476030426],[108.117162038437,34.328079946095635],[108.11713735844653,34.328072483795019],[108.1171126437799,34.328065087330764],[108.117087904223,34.328057761200938],[108.11706313759622,34.32805050090019],[108.11703834064215,34.32804330823457],[108.11701351662063,34.328036183200929],[108.11698866009847,34.328029125804498],[108.11696377868324,34.328022136939438],[108.116938871287,34.328015215705278],[108.11691393356321,34.328008362106161],[108.11688896985832,34.328001576137936],[108.11686398017477,34.327994859603542],[108.11683896559663,34.327988210698955],[108.11681391960283,34.327981628528924],[108.11678885197921,34.327975117591471],[108.11676375945956,34.327968673382316],[108.11673863769985,34.327962297708524],[108.11671349430766,34.327955991464336],[108.11668832384602,34.327949751950456],[108.11666312849314,34.327943582770736],[108.11663791150511,34.327937481217582],[108.11661266745121,34.327931449099147],[108.1165874006779,34.32792548641126],[108.11656211118387,34.327919592252456],[108.11653679679583,34.327913766624746],[108.11651146186142,34.327908010425489],[108.11648610529275,34.327902322754213],[108.11646072057127,34.327896704518615],[108.1164353174765,34.327891155709324],[108.11640989383517,34.327885676328435],[108.1163844485618,34.327880267278438],[108.11635897947939,34.327874925856946],[108.11633348659036,34.327869653866919],[108.11630797859132,34.327864454004498],[108.11628244895633,34.327859321768472],[108.11625689768776,34.327854258961807],[108.11623132804669,34.327849266482858],[108.11620573785855,34.327844343432211],[108.11618012712455,34.327839490711305],[108.11615450018984,34.32783470741456],[108.11612885162252,34.327829994448578],[108.11610318685561,34.327825351808201],[108.11607750262675,34.327820777693532],[108.11605180002616,34.327816274808001],[108.11602608231243,34.327811842247016],[108.11600034296454,34.327807479115243],[108.11597458959125,34.327803187208445],[108.11594881893015,34.327798964726739],[108.11592303098118,34.32779481167011],[108.11589722574799,34.32779073074299],[108.11587140648666,34.327786719237849],[108.11584556993853,34.32778277805923],[108.11581971827798,34.327778908106552],[108.11579384606816,34.327775106680512],[108.11576796961573,34.327771379174543],[108.1157420737005,34.327767720194196],[108.11571616484461,34.327764131536185],[108.11569037890251,34.327760632904827],[108.11568014717511,34.327759756412767],[108.11564529211506,34.327758492999543],[108.11561061300165,34.327757166306533],[108.11557580230959,34.327755767609311],[108.1155411371378,34.327754304759608],[108.11550632951763,34.327752767211443],[108.11547160004756,34.327751165574433],[108.1154368770034,34.327749494507387],[108.11540214517262,34.327747754024614],[108.11536743933077,34.327745946797812],[108.11533268232066,34.327744067490784],[108.11529812082439,34.327742130294922],[108.11526332450924,34.327740112176926],[108.11522980389886,34.327738102765018],[108.11519640817227,34.327736035531601],[108.11516295585199,34.327733901632598],[108.11512954582777,34.327731706383894],[108.11509615201835,34.327729448007055],[108.11506263641105,34.327727117616952],[108.11502929350769,34.327724735670969],[108.11499579077007,34.327722278141465],[108.11496239009774,34.327719762812123],[108.11492897304086,34.327717183483784],[108.11489557219802,34.327714540125847],[108.11486218105203,34.327711834547436],[108.11482881155578,34.327709066737327],[108.11479534416544,34.32770622508832],[108.11476205274434,34.327703335486717],[108.11473901037895,34.327701290879503],[108.1147917030568,34.326860555924036],[108.11686275214549,34.326884163232471]]]},"properties":{"FID":41,"OBJECTID":42,"Landuse_ty":"乔木林地","一类用":3,"二类用":301,"二类_1":"乔木林地","ORIG_FID":21,"一类_1":"林地","Shape_Leng":794.21593988999996,"Shape_Area":26366.844867299998,"Area":2636684.48673}},{"type":"Feature","id":42,"geometry":{"type":"Polygon","coordinates":[[[108.10534393663487,34.326642694653415],[108.10545772054969,34.32756596640759],[108.10513546590509,34.327586162637033],[108.10513060827266,34.32758667163732],[108.10512237726216,34.327588508712346],[108.10511465731901,34.327591503753204],[108.10510768086536,34.327595565510769],[108.10510165855179,34.32760057120278],[108.10509677708528,34.327606367417111],[108.10509318402777,34.32761277913967],[108.10509098562513,34.327619611559165],[108.10509025291555,34.327626320119286],[108.10508063896437,34.328726668808528],[108.10489275465311,34.328715194444186],[108.10416970614803,34.328671065627219],[108.10416842679145,34.328666352864133],[108.10416037513707,34.328641962895169],[108.10415261655939,34.32861819469916],[108.10414476712866,34.328593886591882],[108.10413709734489,34.328569860495229],[108.10412950795377,34.328545816299972],[108.10412197495477,34.32852167740058],[108.10411454852647,34.32849760061228],[108.10410716867047,34.328473396674852],[108.10409991284678,34.328449316134517],[108.10409268176474,34.328425029133165],[108.10408551469767,34.328400660943451],[108.10407849349878,34.328376499970204],[108.1040715526909,34.328352319997009],[108.10406469445168,34.328328124627973],[108.10405791660556,34.328303912061962],[108.10405117876597,34.328279535391694],[108.10404450384327,34.328255068519248],[108.10403797152712,34.328230807964673],[108.10403153161454,34.328206577080074],[108.10402514697665,34.328182227152396],[108.10401884600806,34.328157873547305],[108.10401264071272,34.328133557722794],[108.10400643936592,34.328108916459342],[108.10400042651348,34.328084684308436],[108.10399442306709,34.328060146546591],[108.10398854587146,34.328035770042526],[108.10398273596196,34.328011322263819],[108.10397702173306,34.327986918576151],[108.10397137696228,34.327962442710536],[108.10396581367691,34.327937955056122],[108.10396033404903,34.327913454709581],[108.10395492060367,34.327888869567154],[108.10394961814127,34.327864401522923],[108.10394438623,34.327839866708764],[108.10393923798591,34.327815327315868],[108.1039341712135,34.327790765316443],[108.10392920997388,34.327766306897644],[108.10392425695666,34.327741464440003],[108.10391946632747,34.327717010383239],[108.10391472546658,34.327692378691907],[108.10391008357846,34.327667818133413],[108.10390552317379,34.327643244884769],[108.10390104643132,34.327618663451531],[108.10389658770615,34.327593710591941],[108.10389229361712,34.327569207432198],[108.10388804925832,34.327544495987546],[108.1038839028074,34.327519873706379],[108.10387984110604,34.327495244141225],[108.10387585431683,34.327470560423336],[108.1038719073848,34.3274455927044],[108.1038681120144,34.327421046750544],[108.10386436416844,34.327396266370691],[108.10386071750973,34.327371591378245],[108.10385715342133,34.327346904596318],[108.1038536554674,34.327322095156468],[108.10385022472785,34.327297157648893],[108.10384691053994,34.327272449018864],[108.10384368001314,34.327247732204356],[108.10384053205745,34.327223004501867],[108.10383744253963,34.327198081127911],[108.1038345332873,34.327173947299706],[108.10383169347534,34.327149728673078],[108.10382893185992,34.327125476625156],[108.10382624738212,34.327101213693879],[108.10382362460835,34.327076760497299],[108.10382108882817,34.32705235861134],[108.10381864665112,34.327028081050472],[108.10381628488231,34.327003801618318],[108.10381399912643,34.326979480653392],[108.10381179376536,34.326955146999424],[108.10380966772352,34.326930809672156],[108.10380762317074,34.326906465965301],[108.10380567119063,34.326882292560065],[108.10380376538733,34.326857673783152],[108.10380196868432,34.326833410999264],[108.10380024245306,34.326809019243505],[108.1037986010647,34.326784697731384],[108.10379704116828,34.326760372544115],[108.10379555949727,34.326736038275627],[108.10379415823925,34.326711706643302],[108.10379282177101,34.326687044111829],[108.10379158132102,34.326662703328168],[108.10489979379054,34.326648421677262],[108.10503882055895,34.326646629364483],[108.10515363705392,34.326645148862418],[108.10534393663487,34.326642694653415]]]},"properties":{"FID":42,"OBJECTID":43,"Landuse_ty":"城镇住宅用地","一类用":7,"二类用":701,"二类_1":"城镇住宅用地","ORIG_FID":21,"一类_1":"居住用地","Shape_Leng":714.35593378399994,"Shape_Area":27007.135250899999,"Area":2700713.5250900001}},{"type":"Feature","id":43,"geometry":{"type":"Polygon","coordinates":[[[108.10637857993967,34.327908726763809],[108.10638218239174,34.328806082644043],[108.10618233516472,34.328793888646238],[108.10517838572554,34.328732635648279],[108.10518771991264,34.327664252862213],[108.10547990069354,34.327645942159634],[108.10552014838999,34.327776493537812],[108.10552271271605,34.327783359723369],[108.10552913042517,34.327794747129047],[108.10553783301154,34.327805037264177],[108.1055485592953,34.327813917538926],[108.10555890513641,34.327820092791704],[108.10556680881757,34.327824113802698],[108.10557511686876,34.327828251657287],[108.10558355962996,34.327832364153679],[108.10559186745579,34.327836320809361],[108.10560031434373,34.327840256610465],[108.10560880787014,34.327844122956606],[108.10561734042867,34.327847919854335],[108.10562592615101,34.327851651798895],[108.1056345519909,34.327855313392611],[108.10564321686063,34.327858903734921],[108.105651921849,34.327862424627867],[108.10566066912928,34.327865876069552],[108.1056694608758,34.327869258959574],[108.10567828839108,34.327872569699494],[108.10568714624084,34.327875807392523],[108.10569604855569,34.327878975632373],[108.10570499098908,34.327882074422796],[108.10571396592906,34.327885099262957],[108.10572297446556,34.327888052856338],[108.10573201659633,34.327890933399964],[108.10574120211298,34.327893775055365],[108.10575020055624,34.327896477141834],[108.10575933803658,34.327899138540879],[108.10576851454647,34.327901728688396],[108.10577771377982,34.327904242189589],[108.10578693900206,34.327906683549053],[108.10579620216492,34.327909051854974],[108.10580548153142,34.327911343520164],[108.10581479340537,34.327913562136501],[108.10582413126365,34.327915705005132],[108.10583349184861,34.327917773931851],[108.10584287733123,34.327919767111823],[108.10585228010399,34.327921683650104],[108.10586170777661,34.327923526244589],[108.10587116143455,34.327925293992834],[108.10588063238146,34.327926984197902],[108.10589011518528,34.32792859776599],[108.10589962506326,34.327930138289844],[108.10590928590827,34.327931620086048],[108.10591869559917,34.327932986708944],[108.10592825843143,34.327934295503781],[108.10593782225317,34.327935526769529],[108.10594740880018,34.327936683191822],[108.10595711438508,34.327937449168481],[108.10596202909014,34.327938244531154],[108.10596675547893,34.327938776823729],[108.10597609829944,34.327939675630674],[108.10598589293684,34.327940400961282],[108.10599552046038,34.327941305830734],[108.10600516619137,34.32794199973678],[108.10601483029644,34.327942615197188],[108.10602449539076,34.327943153128494],[108.10603416582074,34.327943613526912],[108.10604384049869,34.327943995491907],[108.1060535194279,34.327944301727953],[108.10606320043061,34.327944528630972],[108.10607288894329,34.327944678900707],[108.10608257953054,34.327944750738908],[108.10609213093385,34.327944746070926],[108.10610194846174,34.327944663644125],[108.10611163875508,34.327944501996335],[108.10612131373919,34.327944263735013],[108.10613099514538,34.327943947939886],[108.106140669933,34.327943553720758],[108.10615033919206,34.327943083781143],[108.10616000943659,34.32794253360796],[108.10616966219966,34.327941907724629],[108.10617931269169,34.327941204315032],[108.10618895656502,34.32794042248144],[108.10619858404345,34.327939564936777],[108.10620820381766,34.327938629870538],[108.10621781914747,34.327937617279908],[108.10622741590679,34.327936527177165],[108.10623699627109,34.327935361363352],[108.10624656893107,34.327934118027969],[108.10625612302159,34.327932798081946],[108.10626555098881,34.327931418746793],[108.10627518527387,34.327929928349519],[108.10628468909019,34.327928379468347],[108.10629417542475,34.32792675487709],[108.10630364427637,34.327925053674271],[108.10631309347177,34.327923275861778],[108.10632251758014,34.327921423247275],[108.10633192203338,34.327919494924608],[108.10634130791695,34.327917489991314],[108.10635065893609,34.327915412067519],[108.10635999138782,34.327913259336071],[108.10636930309542,34.327911029094452],[108.10637857993967,34.327908726763809]]]},"properties":{"FID":43,"OBJECTID":44,"Landuse_ty":"城镇住宅用地","一类用":7,"二类用":701,"二类_1":"城镇住宅用地","ORIG_FID":21,"一类_1":"居住用地","Shape_Leng":455.62179036200001,"Shape_Area":11362.089593999999,"Area":1136208.9594000001}},{"type":"Feature","id":44,"geometry":{"type":"Polygon","coordinates":[[[108.10683898676317,34.328737524802747],[108.10678327485223,34.327619695537024],[108.10679793965562,34.327597244850125],[108.10680322888938,34.327587478985052],[108.1068055854313,34.327581214330969],[108.10680933663578,34.327569367382345],[108.10681312390088,34.327557680866029],[108.10681697319799,34.327546070019984],[108.10682090291159,34.327534465414033],[108.10682490331128,34.327522905820409],[108.10682901878255,34.327511260485416],[108.10683315513489,34.327499801738924],[108.10683741738492,34.327488225689713],[108.10684178172646,34.327476610787542],[108.10684616584298,34.327465167149604],[108.10685062606018,34.327453754095487],[108.10685517103899,34.327442346376152],[108.10685988417892,34.327430731168896],[108.10686454234485,34.327419466686131],[108.10686940226998,34.327407926173436],[108.10687420069571,34.327396731883496],[108.10687918464423,34.327385311159325],[108.10688419810373,34.327374027434516],[108.10688928656334,34.327362763476636],[108.10689449880525,34.327351428193367],[108.10689974054205,34.3273402172887],[108.10690512664264,34.32732888455763],[108.10691046204032,34.327317843049443],[108.10691598733197,34.327306594935699],[108.10692152043657,34.327295510884703],[108.10692723476957,34.327284241871276],[108.1069328463509,34.32727334976699],[108.1069387291401,34.327262107650377],[108.10694451891828,34.327251211783995],[108.10695045308282,34.327240212120728],[108.10695657717295,34.327229031093289],[108.10696258438557,34.32721822698732],[108.10696872515032,34.327207344335392],[108.10697501573316,34.327196356980309],[108.10698130218073,34.327185537304246],[108.10698765929644,34.327174749118008],[108.10699420853128,34.327163795792274],[108.10700067554818,34.327153131012402],[108.10700729564508,34.327142363329429],[108.10701397774118,34.327131646074911],[108.10702072617374,34.327120972033214],[108.10702757130379,34.327110290694762],[108.10703446324904,34.327099682335081],[108.10704144321825,34.327089082011405],[108.10704840926243,34.327078641261899],[108.1070556097504,34.32706799386753],[108.10706272689737,34.327057606172573],[108.10707004812707,34.327047062342267],[108.10707739555836,34.327036616750206],[108.10708469760108,34.327026368622057],[108.10709225580115,34.32701589940622],[108.1070997566725,34.327005637581046],[108.10710735099727,34.326995381082547],[108.10711506372043,34.326985092928126],[108.10712273430111,34.32697499141694],[108.10713060355859,34.326964755410593],[108.1071385424075,34.326954559008058],[108.10714643584497,34.326944542039747],[108.10715112253416,34.326938671090645],[108.10715284386728,34.326937074861881],[108.10715860383526,34.326931830405293],[108.10716448330761,34.326926568715685],[108.10717033250434,34.32692142514653],[108.10717633593907,34.326916234564983],[108.10718228087391,34.32691118376416],[108.10718823460178,34.326906212285813],[108.10719436102733,34.326901183862603],[108.10720055594967,34.326896187832503],[108.10720681719332,34.326891222394444],[108.1072128777223,34.326886499630589],[108.1072193204692,34.326881566486371],[108.10722567430392,34.32687678306575],[108.10723199676276,34.326872106948713],[108.10723846479186,34.326867403659378],[108.10724495137971,34.326862768866157],[108.10725155097744,34.326858136678048],[108.10725808445083,34.326853629853588],[108.10726472224698,34.326849130149249],[108.10727139597158,34.326844686305009],[108.10727821310688,34.326840226108104],[108.10728508463035,34.32683581183877],[108.10729229608998,34.326831262950328],[108.10729934045013,34.326826901716238],[108.10730652606263,34.326822535850567],[108.10731377801017,34.326818211394574],[108.10732095079769,34.326814015018016],[108.1073283517064,34.326809767056631],[108.10733563870436,34.32680566343182],[108.10734306587727,34.326801562388184],[108.10735053006755,34.326797519006512],[108.10735799544474,34.326793554953831],[108.10736547829191,34.326789657595086],[108.10737307417297,34.326785781772372],[108.10738070055523,34.326781966321768],[108.10738829880103,34.326778241945107],[108.10739608501176,34.326774503880891],[108.10740368561896,34.326770928245828],[108.10741155998585,34.326767301887173],[108.10741934648517,34.326763791896319],[108.10742711027314,34.326760366664274],[108.10743502402009,34.326756947610541],[108.10744299868065,34.326753578985901],[108.10745094519916,34.32675029692777],[108.10745885596938,34.326747101442798],[108.1074669177944,34.326743919347017],[108.10747505356545,34.326740782259947],[108.10748302651523,34.326737778734646],[108.10749125044381,34.326734754254446],[108.10749929742875,34.326731866052896],[108.10750754760832,34.326728977672417],[108.10751571750501,34.326726188524979],[108.10752403412161,34.326723421785232],[108.10753219768043,34.326720775977989],[108.10754062309449,34.326718117319487],[108.10754893889317,34.326715562427196],[108.10755718417933,34.326713099547469],[108.107565739121,34.326710615661128],[108.10757404975435,34.32670827171858],[108.1075824093558,34.326705983624386],[108.1075910438621,34.326703690780683],[108.10759942101747,34.326701535187851],[108.1076078938477,34.326699421880051],[108.10761648517041,34.326697349935756],[108.10762505376837,34.326695351932401],[108.10763365504349,34.326693416102025],[108.10764218796687,34.326691562366037],[108.10765084916218,34.326689749984894],[108.10765946264438,34.326688014271134],[108.10766803710634,34.326686355217085],[108.10767680284953,34.32668472664465],[108.10768541007248,34.326683195571093],[108.10769423573952,34.326681693152302],[108.10770289636326,34.326680285533698],[108.10771157662853,34.32667894280393],[108.10772038843145,34.326677645933493],[108.10772909711264,34.326676432089521],[108.10773786780378,34.326675275885272],[108.10774675156838,34.326674171866898],[108.1077554452922,34.326673158163352],[108.10776422927545,34.326672200271688],[108.10777309917285,34.326671299097214],[108.10778201913571,34.326670461883282],[108.10779076643088,34.326669705052623],[108.10785417745674,34.327504482476314],[108.10799042222131,34.328260524083149],[108.10787258315317,34.328262312807034],[108.10794496428386,34.328656757542383],[108.10806174833499,34.328656314690974],[108.10808287609218,34.328773555457524],[108.1080888778925,34.328806857227264],[108.10683898676317,34.328737524802747]]]},"properties":{"FID":44,"OBJECTID":45,"Landuse_ty":"城镇住宅用地","一类用":7,"二类用":701,"二类_1":"城镇住宅用地","ORIG_FID":21,"一类_1":"居住用地","Shape_Leng":650.38471469299998,"Shape_Area":20650.063454800002,"Area":2065006.3454799999}},{"type":"Feature","id":45,"geometry":{"type":"Polygon","coordinates":[[[108.10855780188957,34.328804667435598],[108.10855149003051,34.328715536262919],[108.10847120824886,34.328180802990524],[108.10991618403845,34.328168348860189],[108.10991882017932,34.328501642550336],[108.10992293590465,34.329022075401014],[108.10922069727754,34.328979246852491],[108.10889085785111,34.328959128312604],[108.10888790178329,34.328815810582924],[108.10855780188957,34.328804667435598]]]},"properties":{"FID":45,"OBJECTID":46,"Landuse_ty":"城镇住宅用地","一类用":7,"二类用":701,"二类_1":"城镇住宅用地","ORIG_FID":21,"一类_1":"居住用地","Shape_Leng":438.90922883500002,"Shape_Area":10994.151928499999,"Area":1099415.19285}},{"type":"Feature","id":46,"geometry":{"type":"Polygon","coordinates":[[[108.11107367849577,34.328009005112122],[108.11102765211602,34.329089442747012],[108.11053690611857,34.32905951754362],[108.11053693457986,34.32830400323472],[108.11001505887833,34.328304552492966],[108.1100128451406,34.328024602734807],[108.11107367849577,34.328009005112122]]]},"properties":{"FID":46,"OBJECTID":47,"Landuse_ty":"城镇住宅用地","一类用":7,"二类用":701,"二类_1":"城镇住宅用地","ORIG_FID":21,"一类_1":"居住用地","Shape_Leng":425.74223257699998,"Shape_Area":7083.5695603599997,"Area":708356.95603600005}},{"type":"Feature","id":47,"geometry":{"type":"Polygon","coordinates":[[[108.11137720170471,34.328901304223727],[108.11143783446407,34.327233391278185],[108.1114715887974,34.327243091161449],[108.11150536803991,34.327252722500027],[108.11153917545258,34.327262286192429],[108.11157301212192,34.327271782237638],[108.11160687587466,34.327281210637601],[108.11164076562407,34.327290571393284],[108.1116746846288,34.327299863600231],[108.1117086263702,34.327309088165833],[108.11174259736796,34.327318245084129],[108.11177659653532,34.327327334356092],[108.11181062169784,34.327336355082167],[108.1118446706822,34.327345307264359],[108.11187874674935,34.327354191801149],[108.11191285098585,34.327363008691492],[108.11194697687071,34.327371757039863],[108.11198112983577,34.327380435939808],[108.1120153066235,34.327389047197222],[108.11204951158027,34.327397590808118],[108.11208374035715,34.327406064973502],[108.11211288410584,34.327413149191095],[108.11211802447785,34.327414478679302],[108.11215223350546,34.327422799591552],[108.11216155066387,34.327424822098834],[108.11218656744285,34.327431077108663],[108.11222089259202,34.327439277998167],[108.11225524155971,34.32744740854055],[108.11228961326165,34.327455470539789],[108.11232400770012,34.327463465798807],[108.11235842704353,34.327471390709661],[108.11222594375646,34.328850799118683],[108.11221713374732,34.328942524896966],[108.11199728288214,34.328932184219482],[108.111624648442,34.328911535223838],[108.11137720170471,34.328901304223727]]]},"properties":{"FID":47,"OBJECTID":48,"Landuse_ty":"城镇住宅用地","一类用":7,"二类用":701,"二类_1":"城镇住宅用地","ORIG_FID":21,"一类_1":"居住用地","Shape_Leng":515.00051669200002,"Shape_Area":14200.6183029,"Area":1420061.83029}},{"type":"Feature","id":48,"geometry":{"type":"Polygon","coordinates":[[[108.11458240198958,34.329035808896407],[108.114566932339,34.329299402334868],[108.11257965632734,34.32918371097994],[108.11274258136574,34.327554844880524],[108.11277360951635,34.32756119249764],[108.11280839720988,34.327568234391315],[108.11284320328873,34.327575206844017],[108.11287803101149,34.327582108951241],[108.11291287712061,34.327588942518908],[108.1129477470467,34.327595705739078],[108.11298263318334,34.327602398618694],[108.11301753987814,34.327609022055249],[108.11305246495537,34.327615574247766],[108.11308740950398,34.327622056998173],[108.11312237352386,34.327628470306493],[108.11315735592714,34.327634813272191],[108.11319235671371,34.327641085895245],[108.1132273758835,34.327647288175676],[108.11326241343643,34.32765342011345],[108.11329746828578,34.327659481709546],[108.11333253717162,34.327665472967006],[108.11336762878801,34.327671394779195],[108.11340273552494,34.327677244448736],[108.11343785738593,34.327683024680056],[108.11347299871618,34.327688734567616],[108.1135081562545,34.32769437321295],[108.11354332891544,34.327699941518524],[108.11357851887213,34.327705439482337],[108.11361372286586,34.32771086800885],[108.11364894415273,34.327716224390606],[108.11368418056308,34.327721511334026],[108.11371943317981,34.327726726133662],[108.11375468353029,34.327731868806644],[108.11378998160619,34.32773694471544],[108.11382527741567,34.327741948497568],[108.11386058725796,34.327746880137873],[108.1138959122232,34.327751742339785],[108.11393125230887,34.327756533300317],[108.11396660534045,34.327761252120013],[108.11400197349475,34.327765901501266],[108.11403735242152,34.327770478743673],[108.114072745383,34.327774985647153],[108.11410815237785,34.327779421310211],[108.11414357232063,34.327783786635337],[108.11417900412212,34.327788079820571],[108.11421444778476,34.327792302668847],[108.1142499043938,34.327796454277689],[108.11428537394917,34.327800534647054],[108.11432085319092,34.327804543779997],[108.11435634537884,34.327808481673458],[108.1143918483408,34.327812349230925],[108.11442736207549,34.327816145550933],[108.11446288766703,34.327819868829479],[108.11449842403356,34.327823522673498],[108.11453397225795,34.327827104377505],[108.11456952908149,34.327830614846057],[108.11460509667612,34.3278340531756],[108.11464067287092,34.327837421171132],[108.11465266415516,34.327838532291146],[108.11458240198958,34.329035808896407]]]},"properties":{"FID":48,"OBJECTID":49,"Landuse_ty":"教育用地","一类用":8,"二类用":804,"二类_1":"教育用地","ORIG_FID":21,"一类_1":"公共管理与公共服务用地","Shape_Leng":705.59033737300001,"Shape_Area":30637.0717731,"Area":3063707.1773100002}},{"type":"Feature","id":49,"geometry":{"type":"Polygon","coordinates":[[[108.1063748408382,34.329094313647445],[108.10637473234142,34.329097889921897],[108.10635276729188,34.329824902129573],[108.10524350838554,34.329785396503183],[108.10518094866036,34.328814143677441],[108.10585471300956,34.328855252203958],[108.1058623489734,34.329058716470556],[108.10625361695024,34.329085893566209],[108.1063748408382,34.329094313647445]]]},"properties":{"FID":49,"OBJECTID":50,"Landuse_ty":"城镇住宅用地","一类用":7,"二类用":701,"二类_1":"城镇住宅用地","ORIG_FID":21,"一类_1":"居住用地","Shape_Leng":423.21818379500002,"Shape_Area":10152.331319999999,"Area":1015233.132}},{"type":"Feature","id":50,"geometry":{"type":"Polygon","coordinates":[[[108.10688158069114,34.32921405985676],[108.10763106716803,34.329265392829541],[108.10764752269797,34.328964634867823],[108.108059298417,34.328989755324052],[108.10811457337856,34.32899312766402],[108.10813779164495,34.329888454789099],[108.10685303191111,34.329842716262014],[108.10688158069114,34.32921405985676]]]},"properties":{"FID":50,"OBJECTID":51,"Landuse_ty":"城镇住宅用地","一类用":7,"二类用":701,"二类_1":"城镇住宅用地","ORIG_FID":21,"一类_1":"居住用地","Shape_Leng":433.16810205100001,"Shape_Area":9341.1825282000009,"Area":934118.25282000005}},{"type":"Feature","id":51,"geometry":{"type":"Polygon","coordinates":[[[108.10856234266997,34.329020441308529],[108.10921352601014,34.32906016128095],[108.10992427217977,34.329103508698928],[108.10993943950142,34.329674198222591],[108.10992340978285,34.329952003430812],[108.10887707283774,34.329914769399679],[108.10887498667431,34.329730698516293],[108.10856206981431,34.329721426910424],[108.10856234266997,34.329020441308529]]]},"properties":{"FID":51,"OBJECTID":52,"Landuse_ty":"城镇住宅用地","一类用":7,"二类用":701,"二类_1":"城镇住宅用地","ORIG_FID":21,"一类_1":"居住用地","Shape_Leng":443.21846995200002,"Shape_Area":11516.8706164,"Area":1151687.06164}},{"type":"Feature","id":52,"geometry":{"type":"Polygon","coordinates":[[[108.10519960005954,34.330623599860758],[108.10463427835796,34.330612712891998],[108.10463482809256,34.330805183349923],[108.10415603289424,34.330780436553297],[108.10417377429258,34.328752666153072],[108.10466238852459,34.328782487066121],[108.10471456455637,34.329505158112809],[108.10474246096723,34.32978944371817],[108.10497237889226,34.329795495028414],[108.10514655007054,34.329800078391798],[108.10514811691799,34.329824390021138],[108.10514829885398,34.329826505643616],[108.10514872119543,34.329831439994479],[108.10519960005954,34.330623599860758]]]},"properties":{"FID":52,"OBJECTID":53,"Landuse_ty":"城镇住宅用地","一类用":7,"二类用":701,"二类_1":"城镇住宅用地","ORIG_FID":21,"一类_1":"居住用地","Shape_Leng":628.20221870600005,"Shape_Area":14916.9230745,"Area":1491692.30745}},{"type":"Feature","id":53,"geometry":{"type":"Polygon","coordinates":[[[108.10632609055266,34.330653881367972],[108.10586102844961,34.330636565637704],[108.10585625025536,34.330868303840418],[108.1053114485612,34.330840151500418],[108.10524875094937,34.329866792233126],[108.10593365717615,34.329891186269116],[108.10592932960709,34.330078375570082],[108.10617023493518,34.330088277075269],[108.1063526983389,34.330095775941132],[108.10632609055266,34.330653881367972]]]},"properties":{"FID":53,"OBJECTID":54,"Landuse_ty":"城镇住宅用地","一类用":7,"二类用":701,"二类_1":"城镇住宅用地","ORIG_FID":21,"一类_1":"居住用地","Shape_Leng":411.733487766,"Shape_Area":8647.77891576,"Area":864777.89157600002}},{"type":"Feature","id":54,"geometry":{"type":"Polygon","coordinates":[[[108.10683141723671,34.329923156343014],[108.1081378893237,34.329969668327287],[108.1081596169191,34.330697935777287],[108.10779570665287,34.330698344989742],[108.10777230139222,34.330959435681365],[108.10761105078358,34.33095186350188],[108.1067892873383,34.330913271025629],[108.10683141723671,34.329923156343014]]]},"properties":{"FID":54,"OBJECTID":55,"Landuse_ty":"城镇住宅用地","一类用":7,"二类用":701,"二类_1":"城镇住宅用地","ORIG_FID":21,"一类_1":"居住用地","Shape_Leng":464.18915546800002,"Shape_Area":12648.5259639,"Area":1264852.5963900001}},{"type":"Feature","id":55,"geometry":{"type":"Polygon","coordinates":[[[108.111005604062,34.330233669850536],[108.11098422089833,34.330970557019157],[108.10996267065269,34.330968326982834],[108.11001876868309,34.329996202206786],[108.11003720811647,34.329676659805507],[108.11003725821841,34.329674251901643],[108.11002225335338,34.32910948408167],[108.11103643135431,34.32917132994011],[108.11102806171168,34.32945977757538],[108.11066187331976,34.3294490739762],[108.11064132918632,34.330225466974504],[108.111005604062,34.330233669850536]]]},"properties":{"FID":55,"OBJECTID":56,"Landuse_ty":"城镇住宅用地","一类用":7,"二类用":701,"二类_1":"城镇住宅用地","ORIG_FID":21,"一类_1":"居住用地","Shape_Leng":661.14193625400003,"Shape_Area":15816.3619371,"Area":1581636.19371}},{"type":"Feature","id":56,"geometry":{"type":"Polygon","coordinates":[[[108.11138115698904,34.32919234957447],[108.11219480209566,34.329241958252673],[108.11202124419158,34.330972815765421],[108.11129688789805,34.330971238744894],[108.11138115698904,34.32919234957447]]]},"properties":{"FID":56,"OBJECTID":57,"Landuse_ty":"城镇住宅用地","一类用":7,"二类用":701,"二类_1":"城镇住宅用地","ORIG_FID":21,"一类_1":"居住用地","Shape_Leng":531.88486324999997,"Shape_Area":13809.787783,"Area":1380978.7782999999}},{"type":"Feature","id":57,"geometry":{"type":"Polygon","coordinates":[[[108.11327246380954,34.330751222744524],[108.11255706199807,34.330694025258204],[108.11264890627612,34.329853346669871],[108.11341092051978,34.329886435412917],[108.113491933118,34.329318157078632],[108.11512843954895,34.329413417172084],[108.11509519951665,34.330554749936844],[108.11507653435747,34.331195654414351],[108.11352215331368,34.331072624065243],[108.11356025076982,34.330774342460536],[108.11327246380954,34.330751222744524]]]},"properties":{"FID":57,"OBJECTID":58,"Landuse_ty":"城镇住宅用地","一类用":7,"二类用":701,"二类_1":"城镇住宅用地","ORIG_FID":21,"一类_1":"居住用地","Shape_Leng":845.77993545499999,"Shape_Area":36996.017539699998,"Area":3699601.75397}},{"type":"Feature","id":58,"geometry":{"type":"Polygon","coordinates":[[[108.11826425810195,34.329008202150831],[108.11833371839815,34.329928724057261],[108.11833357214914,34.329941426981748],[108.11833329304022,34.329958568030563],[108.11833292513374,34.329975928225267],[108.1183324775842,34.329993062224901],[108.11833194014653,34.330010412667008],[108.11833132633956,34.330027546827175],[108.11833062777639,34.330044682872163],[108.11832983715794,34.330062039869134],[108.1183289606636,34.330079375313453],[108.11832801214892,34.330096496274585],[108.11832697995305,34.330113611006169],[108.1183258481167,34.330130962022231],[108.11832464857352,34.330148075112412],[108.11832336643822,34.33016518377493],[108.11832198353888,34.330182502580044],[108.11832051478478,34.330199815157663],[108.11831897946099,34.330216925867568],[108.11831734441409,34.330234214265715],[108.11831564172718,34.330251312516431],[108.11831385859834,34.330268390110724],[108.11831196603977,34.330285697688566],[108.11831001877077,34.330302736677545],[108.11830795668041,34.330320035404185],[108.118305840989,34.330337081767567],[108.11830364161315,34.330354120098391],[108.11830132630381,34.330371400138269],[108.11829896173484,34.33038842420477],[108.11829648227076,34.330405655723013],[108.11829394710684,34.330422688067458],[108.11829129810143,34.330439904424075],[108.11828856541509,34.330457115452525],[108.11828582122853,34.330473875751004],[108.11828292116246,34.330491063502386],[108.11827993310285,34.330508270269746],[108.1182769033874,34.330525219253403],[108.11827378569096,34.330542196267835],[108.11827054439676,34.330559374431999],[108.11826727552128,34.330576257838047],[108.11826386684423,34.330593410922084],[108.11826042520693,34.330610308016944],[108.11825690204762,34.33062718986519],[108.11825324230477,34.330644311639375],[108.11824954529797,34.330661208078894],[108.11824572681317,34.330678267803783],[108.11824186568037,34.330695137356997],[108.11823788089362,34.330712168394705],[108.11823386318687,34.330728972290586],[108.11822975316205,34.330745811433196],[108.11822551083026,34.330762840916037],[108.11822118263315,34.330779857860826],[108.11821690476749,34.330796347389935],[108.1182124113634,34.330813341956777],[108.11820789263435,34.330830101261064],[108.11820330319365,34.330846805642999],[108.11819857492816,34.330863702174355],[108.11819381163362,34.330880417541437],[108.11818890408465,34.330897327767588],[108.11818397557624,34.330914016249189],[108.1181789190297,34.330930840076405],[108.11817382747046,34.330947494458542],[108.11816860787044,34.330964282383299],[108.11816335217476,34.330980903568467],[108.11815803443629,34.330997452694696],[108.11815255077292,34.331014241774902],[108.11814705375528,34.331030808201675],[108.11814140595001,34.3310475604789],[108.11813576644028,34.331064030583995],[108.11813002484159,34.331080543156915],[108.11812413136839,34.331097241581283],[108.11811825270181,34.331113651516837],[108.11811219616534,34.331130307728188],[108.11810623130931,34.33114647614908],[108.11810001280115,34.33116309375221],[108.11809376581124,34.331179550017211],[108.11808748818645,34.331195859369856],[108.11808102941875,34.331212405986527],[108.11808028443198,34.331214288998936],[108.1152295945035,34.331207767937869],[108.11517413929452,34.331203379405913],[108.11522694172425,34.329382666926406],[108.11522726865228,34.329376992690214],[108.11522737543552,34.329375616927997],[108.11525225747607,34.328881432536221],[108.11826425810195,34.329008202150831]]]},"properties":{"FID":58,"OBJECTID":59,"Landuse_ty":"乔木林地","一类用":3,"二类用":301,"二类_1":"乔木林地","ORIG_FID":21,"一类_1":"林地","Shape_Leng":1050.0637160799999,"Shape_Area":70826.170413,"Area":7082617.0412999997}},{"type":"Feature","id":59,"geometry":{"type":"Polygon","coordinates":[[[108.10856882810802,34.331661133475897],[108.10857376346074,34.331046820553276],[108.10910072277562,34.331047571024946],[108.10986114396638,34.331049238667177],[108.10983497718603,34.331851413350854],[108.10901994147164,34.331847365594243],[108.10895066565602,34.331847021580309],[108.10895769739687,34.331657811409535],[108.10856882810802,34.331661133475897]]]},"properties":{"FID":59,"OBJECTID":60,"Landuse_ty":"城镇住宅用地","一类用":7,"二类用":701,"二类_1":"城镇住宅用地","ORIG_FID":21,"一类_1":"居住用地","Shape_Leng":413.79997359399999,"Shape_Area":9702.7318234699997,"Area":970273.18234699999}},{"type":"Feature","id":60,"geometry":{"type":"Polygon","coordinates":[[[108.11095987860816,34.331626735303708],[108.11095301076267,34.331856955648533],[108.10993279790675,34.331851898918714],[108.10995491381982,34.331173870931018],[108.11026632854998,34.331176140315314],[108.11042713133669,34.331177312485543],[108.1104232118302,34.331625248852227],[108.11095987860816,34.331626735303708]]]},"properties":{"FID":60,"OBJECTID":61,"Landuse_ty":"城镇住宅用地","一类用":7,"二类用":701,"二类_1":"城镇住宅用地","ORIG_FID":21,"一类_1":"居住用地","Shape_Leng":337.20617419299998,"Shape_Area":4574.8401351499997,"Area":457484.013515}},{"type":"Feature","id":61,"geometry":{"type":"Polygon","coordinates":[[[108.11130419311183,34.331052388919041],[108.11201272608223,34.331053931689787],[108.11194477878701,34.331861863110269],[108.11128368956389,34.331858592881261],[108.11130419311183,34.331052388919041]]]},"properties":{"FID":61,"OBJECTID":62,"Landuse_ty":"城镇住宅用地","一类用":7,"二类用":701,"二类_1":"城镇住宅用地","ORIG_FID":21,"一类_1":"居住用地","Shape_Leng":305.331597617,"Shape_Area":5643.0161248000004,"Area":564301.61248000001}},{"type":"Feature","id":62,"geometry":{"type":"Polygon","coordinates":[[[108.10364690730181,34.32799438051623],[108.10365111465953,34.328012899715695],[108.10365693085286,34.32803811737093],[108.10366283178851,34.328063320530326],[108.10366881855542,34.328088510995919],[108.10367488897816,34.32811368696656],[108.10368104414346,34.328138848441348],[108.10368728513798,34.328163995419338],[108.10369360978859,34.328189127902341],[108.10370001918196,34.328214245889441],[108.10370651331702,34.32823934847913],[108.10371309219504,34.32826443657288],[108.10371975581489,34.328289509269219],[108.10372650309007,34.328314566569013],[108.10373333510614,34.328339607569866],[108.1037402507766,34.328364632272688],[108.10374725227581,34.328389641577111],[108.10375433634289,34.328414634584384],[108.10376150623667,34.328439610390255],[108.10376875869845,34.328464569898962],[108.10377609590157,34.328489513108636],[108.10378351675723,34.328514438217226],[108.10379102126774,34.328539347027686],[108.10379861051759,34.32856423773611],[108.10380628233352,34.328589110344318],[108.10381403889006,34.328613965751941],[108.10382187909948,34.328638803058404],[108.10382980296188,34.328663622263683],[108.10383780938957,34.328688422467209],[108.1038459005559,34.328713203667128],[108.10384806560756,34.328719767327293],[108.10382975315738,34.330811659700537],[108.10381666898124,34.332306272867882],[108.10379351820745,34.332306130225291],[108.10375612430958,34.332305963587608],[108.10371873049057,34.332305860943663],[108.10368133783483,34.332305820489537],[108.10364355514065,34.332305844359347],[108.10361485930436,34.332305911012277],[108.10367159731467,34.331840655977345],[108.10374298137135,34.330555746586363],[108.10370728862623,34.328628382555323],[108.10364690730181,34.32799438051623]]]},"properties":{"FID":62,"OBJECTID":63,"Landuse_ty":"防护绿地","一类用":14,"二类用":1402,"二类_1":"防护绿地","ORIG_FID":21,"一类_1":"绿地与开敞空间用地","Shape_Leng":977.94892646799997,"Shape_Area":4979.1638653700002,"Area":497916.38653700001}},{"type":"Feature","id":63,"geometry":{"type":"Polygon","coordinates":[[[108.1041553215745,34.330861690439924],[108.10483153695534,34.33089664085189],[108.10521564507147,34.33091649111568],[108.10520655900173,34.331813586156336],[108.10414723557142,34.331785768628592],[108.1041553215745,34.330861690439924]]]},"properties":{"FID":63,"OBJECTID":64,"Landuse_ty":"城镇住宅用地","一类用":7,"二类用":701,"二类_1":"城镇住宅用地","ORIG_FID":21,"一类_1":"居住用地","Shape_Leng":397.32399732800002,"Shape_Area":9855.1120528800002,"Area":985511.20528800006}},{"type":"Feature","id":64,"geometry":{"type":"Polygon","coordinates":[[[108.10573248780499,34.330943199509541],[108.10609359022644,34.330961858893858],[108.10630735347627,34.330971899026281],[108.10624023106104,34.332333566363879],[108.10570837256567,34.332286894450327],[108.10572280163481,34.332066993446738],[108.10572910352427,34.331360380348137],[108.1057268288077,34.331223257890436],[108.10573248780499,34.330943199509541]]]},"properties":{"FID":64,"OBJECTID":65,"Landuse_ty":"城镇住宅用地","一类用":7,"二类用":701,"二类_1":"城镇住宅用地","ORIG_FID":21,"一类_1":"居住用地","Shape_Leng":402.48668690900001,"Shape_Area":7590.815681,"Area":759081.56810000003}},{"type":"Feature","id":65,"geometry":{"type":"Polygon","coordinates":[[[108.10815833283691,34.331046226285054],[108.10812070867242,34.332528876250095],[108.10779485299948,34.332502412046701],[108.10777119914201,34.331384891062413],[108.1072859867209,34.33137076358458],[108.10729699481988,34.331018378163449],[108.1076055231275,34.33103286651572],[108.10788023801325,34.331045766623795],[108.10788291780567,34.331045831874206],[108.10815833283691,34.331046226285054]]]},"properties":{"FID":65,"OBJECTID":66,"Landuse_ty":"城镇住宅用地","一类用":7,"二类用":701,"二类_1":"城镇住宅用地","ORIG_FID":21,"一类_1":"居住用地","Shape_Leng":481.750751423,"Shape_Area":7099.8752864600001,"Area":709987.52864599996}},{"type":"Feature","id":66,"geometry":{"type":"Polygon","coordinates":[[[108.11489150685391,34.331262512560983],[108.11490972675698,34.331263954965138],[108.11507291472995,34.331276870514209],[108.11504819511897,34.331675574080755],[108.11498683475028,34.332665234184184],[108.11496679974216,34.332664558854162],[108.11489878122828,34.33266233743624],[108.11483075955731,34.332660189003505],[108.11476273363873,34.33265811085252],[108.11469470564573,34.332656102981282],[108.11462667340844,34.332654168096212],[108.11455864018184,34.332652302588357],[108.11449060379609,34.332650509164203],[108.11442256533644,34.332648786921226],[108.11435452154147,34.332647134960986],[108.11428647676017,34.332645555082401],[108.11421843098995,34.332644045482496],[108.11415038097178,34.332642607065786],[108.11408232888131,34.332641241633198],[108.11401427797352,34.332639945575792],[108.11394622173061,34.332638720702583],[108.113878165587,34.332637567909984],[108.11381010519339,34.332636485399078],[108.11374204707211,34.332635474966771],[108.1136739825271,34.332634534818169],[108.11360591916741,34.332633666749167],[108.11353785590497,34.332632869859303],[108.11346979056501,34.3326321432491],[108.11340172423525,34.33263148781905],[108.11333365583006,34.332630904471593],[108.11326558752144,34.332630392303273],[108.11319751930796,34.332629950412603],[108.11312944793066,34.332629579704069],[108.11306137882518,34.332629281975628],[108.11299330872643,34.332629053624331],[108.1129252387246,34.332628897353665],[108.11285716664371,34.332628811362632],[108.11281772983709,34.332628802626751],[108.11279735839091,34.332440882290086],[108.11328299513772,34.332454192421466],[108.11337304253264,34.331542731747469],[108.1141042163886,34.331600718385168],[108.11447019493197,34.331629740801361],[108.11487011626933,34.331661453665788],[108.11489150685391,34.331262512560983]]]},"properties":{"FID":66,"OBJECTID":67,"Landuse_ty":"商业用地","一类用":9,"二类用":901,"二类_1":"商业用地","ORIG_FID":21,"一类_1":"商业服务业用地","Shape_Leng":720.42824823199999,"Shape_Area":19612.3395088,"Area":1961233.9508799999}},{"type":"Feature","id":67,"geometry":{"type":"Polygon","coordinates":[[[108.11193460482068,34.332545448000523],[108.11129424816978,34.332570755685083],[108.11128614175612,34.331939740242774],[108.11192184457985,34.331942885819174],[108.11193460482068,34.332545448000523]]]},"properties":{"FID":67,"OBJECTID":68,"Landuse_ty":"城镇住宅用地","一类用":7,"二类用":701,"二类_1":"城镇住宅用地","ORIG_FID":21,"一类_1":"居住用地","Shape_Leng":254.348804237,"Shape_Area":4018.3506219000001,"Area":401835.06219000003}},{"type":"Feature","id":68,"geometry":{"type":"Polygon","coordinates":[[[108.10966982406869,34.332240908654938],[108.10965899238727,34.332575212130401],[108.1085771589949,34.332540398096633],[108.10857996147563,34.331926314326573],[108.10885832446145,34.331927697979282],[108.10885426488707,34.332158405209277],[108.10885786790358,34.332234651139885],[108.10966982406869,34.332240908654938]]]},"properties":{"FID":68,"OBJECTID":69,"Landuse_ty":"城镇住宅用地","一类用":7,"二类用":701,"二类_1":"城镇住宅用地","ORIG_FID":21,"一类_1":"居住用地","Shape_Leng":339.24391582800001,"Shape_Area":4429.6493111299997,"Area":442964.93111300003}},{"type":"Feature","id":69,"geometry":{"type":"Polygon","coordinates":[[[108.1109484002984,34.331938067947789],[108.11094567162542,34.332600885787819],[108.11005837632185,34.332598586249603],[108.11005703744081,34.331933649989253],[108.1109484002984,34.331938067947789]]]},"properties":{"FID":69,"OBJECTID":70,"Landuse_ty":"城镇住宅用地","一类用":7,"二类用":701,"二类_1":"城镇住宅用地","ORIG_FID":21,"一类_1":"居住用地","Shape_Leng":310.96682937399999,"Shape_Area":6026.9085562600003,"Area":602690.85562599998}},{"type":"Feature","id":70,"geometry":{"type":"Polygon","coordinates":[[[108.11804728296327,34.331295347805202],[108.11804095127978,34.331310313999346],[108.11803389796899,34.331326775545556],[108.11802690826745,34.331342879141708],[108.11801981104658,34.331359027915141],[108.11801258029953,34.331375274176843],[108.11800532435322,34.33139137532379],[108.11799795763118,34.331407524355534],[108.11799054404591,34.331423577874872],[108.11798299801463,34.331439724373958],[108.11797542895602,34.331455724854671],[108.11796778053892,34.331471704677242],[108.11795996282484,34.331487846027606],[108.11795225320668,34.331503581606512],[108.11794427892973,34.331519668116215],[108.11793631848249,34.331535544566776],[108.11792828301058,34.331551391340128],[108.1179200728055,34.331567397843457],[108.11791202057977,34.331582924605776],[108.11790361480115,34.331598954734751],[108.11789527054704,34.331614690019343],[108.11788684910107,34.331630400136149],[108.11787829735013,34.331646180693348],[108.11786967815698,34.331661914437767],[108.11786102837505,34.331677534624284],[108.11785219842348,34.331693312742864],[108.11784349831302,34.331708693182343],[108.11783451396721,34.3317244137533],[108.11782556082649,34.331739916134964],[108.11781653157526,34.331755389741723],[108.11780737308764,34.331770921166964],[108.11779824257036,34.331786252435613],[108.11778888307227,34.331801805688293],[108.1177794431231,34.331817334677609],[108.11777014498641,34.331832478597086],[108.11776050076772,34.331848030318348],[108.11775105474881,34.331863111274785],[108.11774131576735,34.33187850893222],[108.11773161343574,34.331893696508352],[108.11772172330664,34.331909027599814],[108.11771174188344,34.331924351566343],[108.11770670062376,34.331932779857368],[108.11724344816631,34.332780079745298],[108.11718395744182,34.332776037650973],[108.11711688321986,34.332771549335376],[108.11704980366794,34.332767130402218],[108.11698271770047,34.332762781753999],[108.11691562422806,34.332758501588792],[108.11684852433851,34.33275429080701],[108.11678142020627,34.332750150308073],[108.11671430748193,34.332746078293141],[108.11664718942788,34.33274207656207],[108.11658006604146,34.332738143311886],[108.11651293623707,34.33273427944507],[108.11644580110249,34.332730485862101],[108.11637865954833,34.33272676076102],[108.11631151266366,34.332723105943735],[108.11624436261914,34.332719519605241],[108.11617720398372,34.332716003553635],[108.11611004110145,34.332712555981828],[108.11604287397466,34.332709178692753],[108.11597570151402,34.332705869884499],[108.11590852372184,34.332702631359979],[108.11584134168464,34.332699463118217],[108.11577415539854,34.332696362454698],[108.11570696160828,34.332693332978486],[108.11563976682885,34.332690371077419],[108.11557256563158,34.332687480362623],[108.11550536018724,34.332684659029013],[108.11543815266778,34.332681906173072],[108.11537093981542,34.332679223600834],[108.1153037216276,34.332676609509335],[108.11523650027868,34.332674064797992],[108.11516927468433,34.332671591270795],[108.1151020470128,34.332669185319759],[108.11508455710718,34.332668577932345],[108.1151703643506,34.331284583033785],[108.11522255709068,34.33128871320725],[108.11522706374181,34.331288896475137],[108.11804728296327,34.331295347805202]]]},"properties":{"FID":70,"OBJECTID":71,"Landuse_ty":"城镇住宅用地","一类用":7,"二类用":701,"二类_1":"城镇住宅用地","ORIG_FID":21,"一类_1":"居住用地","Shape_Leng":798.19843445900005,"Shape_Area":37066.855939900001,"Area":3706685.59399}},{"type":"Feature","id":71,"geometry":{"type":"Polygon","coordinates":[[[108.11637975417391,34.325747288407669],[108.11766282753776,34.327307782650323],[108.1186978928786,34.328628383029162],[108.11894773700421,34.329484988577455],[108.11894773690905,34.330984050325583],[108.11851943371181,34.331733579844972],[108.11798405550101,34.332554493849834],[108.11787877075729,34.332899064889347],[108.11788689327888,34.332827269386435],[108.1178242401555,34.332822391368168],[108.11776153169779,34.33281757016438],[108.11769881463805,34.332812809336026],[108.11763609115076,34.332808109782434],[108.11758803842497,34.332804555415727],[108.11800124939738,34.332048775811124],[108.11800890160953,34.332037025736476],[108.11801933060757,34.332020858429317],[108.11802968022523,34.332004656039935],[108.11803995154925,34.331988418567313],[108.11805014349551,34.331972147815506],[108.11806025606151,34.331955841981525],[108.11807028816315,34.331939502869446],[108.11808024088586,34.331923129576737],[108.11809011314428,34.33190672300595],[108.11809990493968,34.331890284058581],[108.11810961735755,34.331873811832111],[108.11811924822578,34.331857307230152],[108.11812879971782,34.331840770250629],[108.11813826966159,34.331824201797133],[108.11814765914254,34.331807600967153],[108.11815696707654,34.331790969564693],[108.11816619454909,34.331774306687265],[108.11817533938812,34.331757613238466],[108.11818440267906,34.3317408883158],[108.11819338551118,34.331724133721167],[108.11820228570988,34.331707348555206],[108.11821110327777,34.331690534620918],[108.11821983929897,34.331673690114272],[108.11822849377739,34.331656817739763],[108.11823706562254,34.331639914794003],[108.1182455537529,34.331622984883978],[108.11825396033802,34.331606025303174],[108.11826228320842,34.331589038758153],[108.11827052344827,34.331572023444878],[108.11827867997224,34.331554980265949],[108.11828675386951,34.331537911023268],[108.11829474513765,34.331520813913883],[108.11830265160586,34.331503690742885],[108.11831047544628,34.331486540606704],[108.11831821448686,34.331469364408946],[108.11832586981433,34.331452162148551],[108.1183334360144,34.331434947353031],[108.11834092933391,34.331417682144441],[108.11834833243942,34.331400404401769],[108.11835565074661,34.331383101499085],[108.11836288534346,34.33136577433681],[108.11837003514457,34.331348423817509],[108.11837710014748,34.331331048138217],[108.11838408035607,34.331313650003395],[108.11839097468113,34.331296227611148],[108.11839778421195,34.331278782763405],[108.11840450894854,34.331261315460189],[108.11841114888971,34.331243824799998],[108.11841770295136,34.331226312586885],[108.11842417113357,34.331208778820866],[108.11843055452175,34.331191222599408],[108.11843685094517,34.33117364572761],[108.11844306148926,34.331156047302912],[108.11844918724202,34.331138428225799],[108.11845522603144,34.33112078939984],[108.1184611800296,34.33110312992148],[108.11846704597787,34.331085450695362],[108.1184728260496,34.331067751719388],[108.1184785202461,34.331050033895046],[108.11848412748081,34.331032297223445],[108.1184896488391,34.331014540801995],[108.11849508323822,34.330996767336245],[108.11850043067565,34.330978975023228],[108.11850569006607,34.33096116476549],[108.11851086358413,34.330943337462429],[108.11851595014194,34.330925492213638],[108.11852094974208,34.33090763082204],[108.11852586129667,34.330889752387272],[108.11853068589372,34.330871857809733],[108.11853542353326,34.330853947089459],[108.11854007421535,34.33083602022645],[108.11854463576799,34.33081807812431],[108.11854911036455,34.330800120780907],[108.1185534969197,34.330782149098837],[108.11855779651889,34.330764162175527],[108.11856200807676,34.33074616091357],[108.11856613159466,34.330728146214412],[108.11857016707135,34.330710117176594],[108.11857411450819,34.330692074701609],[108.1185779749855,34.330674014281001],[108.11858174526623,34.330655952144603],[108.1185854285863,34.330637871161144],[108.1185890227826,34.330619778544545],[108.11859252894057,34.33060167339228],[108.11859594814945,34.330583557506309],[108.11859927714808,34.330565429988276],[108.11860251810981,34.330547290836115],[108.11860566995058,34.330529141853823],[108.11860873484123,34.330510981236323],[108.11861170952564,34.330492811691272],[108.11861459617465,34.330474631413566],[108.11861739370421,34.33045644220725],[108.11862010211436,34.330438244072305],[108.11862272249054,34.330420036106247],[108.11862525374742,34.330401819211566],[108.11862769588762,34.330383595191257],[108.11863004890864,34.330365362242347],[108.11863231389846,34.330347121265284],[108.11863448868637,34.330328874065138],[108.11863657544319,34.330310618836847],[108.11863857199823,34.33029235738546],[108.11864047943691,34.33027408880848],[108.11864229884721,34.330255814006335],[108.11864402805588,34.330237532981101],[108.11864566815093,34.330219246633249],[108.11864721913238,34.330200954962748],[108.11864867991366,34.330182657970688],[108.11865005266939,34.330164356556431],[108.11865133631298,34.330146050721027],[108.11865252867119,34.330127740466594],[108.11865363300528,34.33010942669145],[108.11865464822742,34.330091108495175],[108.11865557434017,34.330072787680734],[108.11865640917033,34.330054464250225],[108.11865715597787,34.330036138200491],[108.1186578125883,34.330017808632171],[108.11865838117876,34.329999478247608],[108.11865885848687,34.329981145246968],[108.11865924668849,34.32996281143113],[108.11865954686907,34.329944475897562],[108.11865975731503,34.329925693315801],[108.11865944254095,34.329916682406534],[108.11856266993759,34.328634260966112],[108.11853764179264,34.328570289872985],[108.11716380987487,34.326773035608475],[108.11637975417391,34.325747288407669]]]},"properties":{"FID":71,"OBJECTID":72,"Landuse_ty":"防护绿地","一类用":14,"二类用":1402,"二类_1":"防护绿地","ORIG_FID":21,"一类_1":"绿地与开敞空间用地","Shape_Leng":1778.4175302199999,"Shape_Area":15338.9098075,"Area":1533890.9807500001}},{"type":"Feature","id":72,"geometry":{"type":"Polygon","coordinates":[[[108.10516676272948,34.332624186828291],[108.10504774213702,34.333311548901932],[108.10413514632597,34.333167353866735],[108.10414045776548,34.332560333909541],[108.10485410213076,34.332604735024994],[108.10516676272948,34.332624186828291]]]},"properties":{"FID":72,"OBJECTID":73,"Landuse_ty":"城镇住宅用地","一类用":7,"二类用":701,"二类_1":"城镇住宅用地","ORIG_FID":21,"一类_1":"居住用地","Shape_Leng":324.56663128899999,"Shape_Area":6470.6921023499999,"Area":647069.21023500001}},{"type":"Feature","id":73,"geometry":{"type":"Polygon","coordinates":[[[108.10625224320682,34.332740390159849],[108.10622303899459,34.332945915467846],[108.10607840007077,34.333474392044494],[108.1051439191605,34.333326745573892],[108.10526581928386,34.332621582077905],[108.10625224320682,34.332740390159849]]]},"properties":{"FID":73,"OBJECTID":74,"Landuse_ty":"城镇住宅用地","一类用":7,"二类用":701,"二类_1":"城镇住宅用地","ORIG_FID":21,"一类_1":"居住用地","Shape_Leng":341.35919062599999,"Shape_Area":7329.0250423799998,"Area":732902.50423800002}},{"type":"Feature","id":74,"geometry":{"type":"Polygon","coordinates":[[[108.11785715012206,34.332969824057997],[108.11759874789627,34.333815498074983],[108.11764701787293,34.332953752568486],[108.11768307247416,34.332956453921845],[108.11774558749511,34.332961199627128],[108.11780809608605,34.332966004804462],[108.11785715012206,34.332969824057997]]]},"properties":{"FID":74,"OBJECTID":75,"Landuse_ty":"防护绿地","一类用":14,"二类用":1402,"二类_1":"防护绿地","ORIG_FID":21,"一类_1":"绿地与开敞空间用地","Shape_Leng":211.890585802,"Shape_Area":928.31706141500001,"Area":92831.706141500006}},{"type":"Feature","id":75,"geometry":{"type":"Polygon","coordinates":[[[108.10808663176711,34.333456906907152],[108.1075312767468,34.333409727282749],[108.10749966299056,34.333706426326827],[108.10657981046744,34.33355534784431],[108.10671624080285,34.333029444357464],[108.10673923614341,34.332806323818573],[108.1081007950748,34.332938781344623],[108.10808663176711,34.333456906907152]]]},"properties":{"FID":75,"OBJECTID":76,"Landuse_ty":"城镇住宅用地","一类用":7,"二类用":701,"二类_1":"城镇住宅用地","ORIG_FID":21,"一类_1":"居住用地","Shape_Leng":438.860043647,"Shape_Area":9972.4923166499993,"Area":997249.23166499997}},{"type":"Feature","id":76,"geometry":{"type":"Polygon","coordinates":[[[108.11716715588692,34.332919619180871],[108.11664633361923,34.333872192671564],[108.11639854848596,34.33375303714331],[108.11621445612909,34.333695967914458],[108.11588078562022,34.333591336347283],[108.11553573428201,34.333572580721551],[108.11526548999183,34.333591917051422],[108.11491474004225,34.333611328358323],[108.11451793396307,34.333592618420525],[108.11416138134975,34.33357386967694],[108.11366103592198,34.333531402044237],[108.11320663093998,34.333441186205356],[108.11282119236725,34.333322283117944],[108.11228451773711,34.333202314100767],[108.11228650306039,34.333178617737666],[108.11228839926935,34.333154917850244],[108.11228951968845,34.333140269549524],[108.11288478096365,34.333149305021095],[108.11331862134054,34.333155225518134],[108.11348567219636,34.33315650147253],[108.11348979641664,34.332776606078987],[108.11353551171324,34.332777093774673],[108.11360335557853,34.332777888164777],[108.11367120062651,34.332778752831771],[108.1137390425143,34.332779690484138],[108.11380691492677,34.332780699287596],[108.11387472549241,34.332781776623527],[108.11394256223633,34.332782925114628],[108.11401039799411,34.33278414658907],[108.11407823167555,34.332785438343436],[108.11414606436632,34.332786799475237],[108.11421389498474,34.332788233591415],[108.114281721354,34.332789737989529],[108.11434951739261,34.332791311792505],[108.11441737004155,34.332792959426534],[108.1144851912735,34.332794676466428],[108.11455300825695,34.332796463788284],[108.1146208231679,34.332798323193074],[108.11465947043098,34.332799422880242],[108.1146528622064,34.332884021399749],[108.1146411758035,34.333053239538913],[108.11521968009421,34.333063161897797],[108.11522868626631,34.332818155962073],[108.11529568820875,34.33282069277076],[108.11536269024892,34.332823298055288],[108.11542965326386,34.332825970049583],[108.11549666963055,34.332828714976948],[108.11556366870848,34.332831528396547],[108.11563065266998,34.33283440940486],[108.11569763238698,34.332837361597619],[108.1157646078547,34.332840381368847],[108.1158315779916,34.332843472325557],[108.11589854496621,34.33284663085972],[108.11596546313801,34.332849857014615],[108.11603247052469,34.332853156969897],[108.11609941389402,34.332856523658826],[108.11616635953767,34.332859959723081],[108.11623330202112,34.332863464266332],[108.11630023591357,34.332867039096705],[108.11636716555948,34.332870682407126],[108.11643409204815,34.332874395999511],[108.11650095995014,34.332878173616244],[108.11656792359348,34.33288202863276],[108.11663483082631,34.332885949474516],[108.11670173381216,34.332889937894876],[108.11676862929488,34.332893996601399],[108.11683551944549,34.332898123789057],[108.11690240209202,34.332902320361413],[108.11696927832261,34.332906587218922],[108.11703615356832,34.332910922553445],[108.11710305065472,34.332915329949067],[108.11716715588692,34.332919619180871]]]},"properties":{"FID":76,"OBJECTID":77,"Landuse_ty":"公园绿地","一类用":14,"二类用":1401,"二类_1":"公园绿地","ORIG_FID":21,"一类_1":"绿地与开敞空间用地","Shape_Leng":1084.3346192700001,"Shape_Area":29165.1274123,"Area":2916512.7412299998}},{"type":"Feature","id":77,"geometry":{"type":"Polygon","coordinates":[[[108.10498870078118,34.333514527563871],[108.1046565904952,34.334553825249834],[108.1035651720869,34.334238083435338],[108.10411949108413,34.333255871947209],[108.10412351637585,34.333248109471732],[108.10482051870278,34.333358240230993],[108.10478034357749,34.333476133424035],[108.10498870078118,34.333514527563871]]]},"properties":{"FID":77,"OBJECTID":78,"Landuse_ty":"城镇住宅用地","一类用":7,"二类用":701,"二类_1":"城镇住宅用地","ORIG_FID":21,"一类_1":"居住用地","Shape_Leng":445.40182773100003,"Shape_Area":11781.8401588,"Area":1178184.0158800001}},{"type":"Feature","id":78,"geometry":{"type":"Polygon","coordinates":[[[108.10592523928696,34.333913562393157],[108.10567175223487,34.334823230201685],[108.10474855636433,34.33458266884773],[108.10501768301927,34.333740468998855],[108.10531248766759,34.333803132929354],[108.10538955176318,34.333819513260735],[108.10592523928696,34.333913562393157]]]},"properties":{"FID":78,"OBJECTID":79,"Landuse_ty":"城镇住宅用地","一类用":7,"二类用":701,"二类_1":"城镇住宅用地","ORIG_FID":21,"一类_1":"居住用地","Shape_Leng":374.97830276600001,"Shape_Area":8698.78906886,"Area":869878.90688599995}},{"type":"Feature","id":79,"geometry":{"type":"Polygon","coordinates":[[[108.10620596954293,34.334994824784275],[108.10657151644187,34.333636687635483],[108.10805580312595,34.333880472701445],[108.10800028920548,34.334185793972537],[108.10795322319535,34.334444656219219],[108.10718630552824,34.334319138723728],[108.10714296537348,34.334491624651932],[108.10698156060465,34.335154558352649],[108.10620596954293,34.334994824784275]]]},"properties":{"FID":79,"OBJECTID":80,"Landuse_ty":"城镇住宅用地","一类用":7,"二类用":701,"二类_1":"城镇住宅用地","ORIG_FID":21,"一类_1":"居住用地","Shape_Leng":596.93440938699996,"Shape_Area":15683.3776951,"Area":1568337.76951}},{"type":"Feature","id":80,"geometry":{"type":"Polygon","coordinates":[[[108.10825117042555,34.335392666892787],[108.10848632813286,34.334179274839784],[108.10895789224075,34.334198074849745],[108.10900302047396,34.333520645224191],[108.10852918839248,34.333499718994005],[108.10855930809748,34.332958835760927],[108.10931523565911,34.332996502414218],[108.10950931513982,34.332999311112715],[108.11000169648341,34.333001851007879],[108.11064071557348,34.332989586713559],[108.11063872068321,34.333157820316629],[108.11062447676748,34.333163926299285],[108.11061027314233,34.333170097150557],[108.11059610980776,34.333176332870451],[108.11058198785038,34.33318263345803],[108.11056790944244,34.333188998009845],[108.11055387241166,34.333195427429366],[108.11053988001457,34.333201919009234],[108.11052592682124,34.333208475458768],[108.1105120063186,34.333215102192781],[108.11049815760144,34.33322177934339],[108.11048434048587,34.333228524976526],[108.11047056691955,34.333235334574013],[108.11045683690129,34.333242207234385],[108.11044315586214,34.333249141149771],[108.11042951837217,34.333256139029565],[108.11041592877342,34.333263197263918],[108.1104023859815,34.333270317656783],[108.11038888999764,34.333277501109656],[108.11037544407827,34.333284744915204],[108.11036204387787,34.333292049978802],[108.11034869265644,34.333299416297542],[108.11033539150068,34.333306843870453],[108.11032214040704,34.333314329993129],[108.11030893720798,34.333321879174932],[108.11029578407219,34.333329487807994],[108.11028268317303,34.333337155890383],[108.11026963233709,34.333344883424068],[108.11025663482562,34.333352671307615],[108.1102436884605,34.333360515937059],[108.11023079324762,34.333368421819848],[108.11021794918342,34.333376386251544],[108.11020516061232,34.333384407425271],[108.11019242427892,34.333392488949919],[108.1101797423519,34.333400627217628],[108.11016711374572,34.33340882313086],[108.11015453954825,34.333417077590155],[108.1101420208438,34.333425388791568],[108.11012955763238,34.333433756735154],[108.11011715100067,34.333442181419898],[108.11010479986196,34.333450662846836],[108.11009250964381,34.333459196503668],[108.11008026514668,34.333467793221864],[108.11006808483135,34.333476443068577],[108.11005596109334,34.333485147853587],[108.11004389610484,34.333493906673489],[108.11003188660813,34.333502721334192],[108.110019939121,34.333511590026895],[108.11000804712565,34.333520514560405],[108.10999621605436,34.333529494028433],[108.10998444807463,34.333538523921582],[108.10997273558547,34.333547608754152],[108.10996108293368,34.333556748522241],[108.10994949446132,34.333565939616044],[108.10993796582393,34.33357518384242],[108.10992649810827,34.333584481200411],[108.10991509457082,34.3335938289827],[108.10990374869499,34.333603229899573],[108.10989246808646,34.333612683042738],[108.10988125056829,34.33362218570975],[108.10987009505732,34.333631740605995],[108.10985900481248,34.333641346827122],[108.10984797657132,34.333651002573099],[108.10983701359393,34.333660707841013],[108.10982611479481,34.333670463533352],[108.10981528017393,34.33368026965011],[108.10980451190235,34.333690124386415],[108.10979380780788,34.333700028645701],[108.10978317114821,34.333709980622118],[108.10977260083905,34.333719982119597],[108.10976209361677,34.333730030436634],[108.10975165600391,34.33374012737039],[108.10974128582471,34.33375027111984],[108.10973100152958,34.333760443638852],[108.10972074559638,34.333770700870843],[108.10971057772062,34.33378098687048],[108.10970047944845,34.3337913169795],[108.10969044752332,34.333801693905286],[108.10968048520293,34.333812115841958],[108.10967059357522,34.333822583690058],[108.10966077155111,34.333833095647627],[108.10965101587406,34.33384365442199],[108.1096413341463,34.3338542564005],[108.1096317209343,34.333864901587987],[108.10962217841148,34.333875589982526],[108.10961270766693,34.333886323386139],[108.10960330869592,34.333897098192928],[108.10959397715641,34.333907918012684],[108.10958472173726,34.333918779231766],[108.10957553917845,34.333929681853071],[108.10956642730771,34.333940626780077],[108.10955738829732,34.333951613109328],[108.10954842105824,34.333962639038894],[108.10953952885525,34.333973708171769],[108.10953070842244,34.333984816003493],[108.10952196411012,34.333995965234628],[108.10951329156919,34.334007154066128],[108.10950469405971,34.33401838249511],[108.10949617266378,34.334029646914644],[108.10948772412831,34.334040952736579],[108.10947934953653,34.334052297255504],[108.10947105323287,34.334063678664606],[108.10946283195729,34.334075096966799],[108.10945468679883,34.334086553964099],[108.10944659714066,34.334098073113438],[108.10943862156626,34.334109578638071],[108.10943070475112,34.334121145410371],[108.10942286404968,34.334132748173403],[108.10941510163303,34.334144385122265],[108.10940741424575,34.334156059865791],[108.10939980622766,34.334167766991257],[108.10939227541006,34.334179510106516],[108.10938482179181,34.334191288310123],[108.1093774475428,34.334203098895678],[108.10937015266427,34.33421494276471],[108.10936293498163,34.33422681901768],[108.10935579449843,34.334238730359033],[108.10934873447128,34.334250674081439],[108.10934175489672,34.334262647480465],[108.10933485360486,34.334274653262518],[108.10932803168244,34.334286691426641],[108.10932129347395,34.334298760165993],[108.10931463028348,34.334310857685381],[108.10930804863708,34.334322988486427],[108.10930154961332,34.334335146257779],[108.10929512995915,34.33434733641127],[108.10928878966871,34.334359554439487],[108.10928253308887,34.334371800338594],[108.10927635696073,34.334384075012956],[108.10927026128196,34.334396376659647],[108.10926424714164,34.334408707080662],[108.10925831671319,34.334421066274075],[108.10925246564635,34.334433451539333],[108.10924669937113,34.334445860167165],[108.10924101354779,34.334458297570343],[108.10923541143293,34.334470761041523],[108.10922988760245,34.334483257797402],[108.10922445506411,34.334495762584908],[108.10921910298359,34.334508300655209],[108.10921383134807,34.334520862092035],[108.1092086434189,34.334533447793937],[108.10920353919607,34.334546057760974],[108.10919851976517,34.334558691090649],[108.10919358403723,34.334571345981033],[108.10918873201454,34.334584024235063],[108.10918396477923,34.33459672224587],[108.10917928124812,34.334609442718886],[108.10917468033337,34.334622184753577],[108.10917016420956,34.334634949249526],[108.10916573504669,34.334647733500354],[108.10916139066902,34.334660535705041],[108.109157128909,34.334673360372946],[108.10915295302097,34.334686202993758],[108.10914886300262,34.334699061764525],[108.10914485777545,34.334711942996577],[108.10914093841802,34.334724840378634],[108.10913710493158,34.334737754812139],[108.10913335623059,34.334750687199566],[108.10912969340178,34.33476363753995],[108.10912611644289,34.334776604030345],[108.10912262643947,34.334789585768306],[108.10911922230605,34.334802583656291],[108.10911599594486,34.334815236118366],[108.10911104142598,34.334833542408589],[108.10910608515989,34.334852179543788],[108.10910121475925,34.334870830124466],[108.10909642587959,34.334889495957427],[108.10909172395334,34.334908176136416],[108.10908710246262,34.334926872470156],[108.1090825679231,34.334945581346958],[108.10907811707705,34.334964304572686],[108.1090737499233,34.33498304124587],[108.10906946754866,34.335001791365563],[108.10906526777976,34.335020554933678],[108.1090611527889,34.33503933104685],[108.10905712150107,34.335058128720824],[108.10905318040281,34.335076921806881],[108.10904931974407,34.33509573375224],[108.10904554277805,34.335114559145104],[108.10904185167588,34.335133396180595],[108.1090382464353,34.335152243055767],[108.10903472488644,34.335171102476991],[108.10903128920044,34.335189972639391],[108.10902793611605,34.335208852644385],[108.1090246710669,34.335227742487128],[108.10902148970736,34.335246643073013],[108.10901839203514,34.335265552599068],[108.10901538022489,34.33528447196484],[108.10901245427786,34.335303402071801],[108.10900961310386,34.335322340216521],[108.10900685670414,34.335341287300473],[108.10900418724866,34.33536024061727],[108.10900160148087,34.335379202874272],[108.10899910048749,34.335398174070505],[108.10899668644089,34.335417153302586],[108.10899435825203,34.335436138768507],[108.10899211374759,34.335455130470201],[108.10898995401782,34.335474131111184],[108.10898788123151,34.335493137083546],[108.10898589321768,34.335512150192223],[108.10898399214743,34.335531168632322],[108.10898322767372,34.335539177171121],[108.10825117042555,34.335392666892787]]]},"properties":{"FID":80,"OBJECTID":81,"Landuse_ty":"城镇住宅用地","一类用":7,"二类用":701,"二类_1":"城镇住宅用地","ORIG_FID":21,"一类_1":"居住用地","Shape_Leng":958.69023198599996,"Shape_Area":24754.2231077,"Area":2475422.3107699999}},{"type":"Feature","id":81,"geometry":{"type":"Polygon","coordinates":[[[108.11202629532738,34.333163973495161],[108.11184628234581,34.333160985559573],[108.11132012308185,34.333163850312665],[108.11083721146231,34.33325731043481],[108.11052404295407,34.333431711050899],[108.11023388971159,34.33361801674797],[108.10996100002548,34.333813845730283],[108.1097399738466,34.334095494648594],[108.10954192984907,34.334362811581919],[108.10932682188096,34.334775638915858],[108.1092610964216,34.335088155534017],[108.10922996340501,34.335469811009595],[108.10922492013216,34.335805315290841],[108.10906535127786,34.33576852202664],[108.10906559048688,34.33576274512162],[108.10906645392896,34.335743885364394],[108.10906739578961,34.335725160759452],[108.10906842240941,34.335706432473039],[108.10906954231407,34.335687570684236],[108.10907073634394,34.335668885519659],[108.1090720161647,34.335650154303082],[108.10907338287814,34.335631388752716],[108.10907482901722,34.335612697053016],[108.1090763706318,34.335593885371175],[108.10907798627329,34.335575174589252],[108.10907968347287,34.335556506104183],[108.10908147724381,34.33553772484786],[108.10908334825382,34.335519007527836],[108.10908530511611,34.335500291934203],[108.10908734458911,34.335481592493537],[108.1090894688264,34.335462893878763],[108.10909167892277,34.335444202399252],[108.10909397804613,34.335425446835167],[108.10909634260493,34.335406871508937],[108.10909881342403,34.335388113087227],[108.10910134534444,34.335369544823536],[108.10910397817429,34.335350857474303],[108.10910669147019,34.335332208816943],[108.10910948628376,34.335313571806104],[108.10911236371335,34.335294955455595],[108.10911531945406,34.335276392222589],[108.1091183707322,34.335257757687287],[108.10912150893336,34.33523911315811],[108.10912472435993,34.335220522648861],[108.10912803101657,34.335201891491501],[108.10913141488919,34.335183307142231],[108.10913486951347,34.335164812877871],[108.10913841969587,34.335146263537844],[108.10914205138953,34.335127721336846],[108.1091457667854,34.33510919979517],[108.10914956695028,34.335090683586643],[108.10915344754775,34.335072180828469],[108.10915742048726,34.335053657253738],[108.10916146199067,34.335035212948064],[108.10916558717965,34.335016776680924],[108.10916982199511,34.33499824025143],[108.10917410699366,34.334979855225882],[108.10917848756606,34.334961427745277],[108.10918294425539,34.334943038058817],[108.10918750194031,34.334924596897658],[108.10919212601307,34.33490623320445],[108.10919683809919,34.334887863122184],[108.10920161656837,34.334869566901972],[108.10920651441354,34.334851147072087],[108.1092115532648,34.334832523381401],[108.10921485097761,34.334819594999907],[108.10921811452461,34.334807137222072],[108.10922151691355,34.334794481895862],[108.10922495648209,34.334782005931181],[108.10922851220829,34.334769437911625],[108.10923216245256,34.334756850876552],[108.1092358487698,34.334744427878782],[108.10923964042657,34.334731950698021],[108.10924349954928,34.334719543772472],[108.10924745534814,34.334707106110159],[108.10925148725747,34.334694700833147],[108.10925561152644,34.334682288261696],[108.10925979675385,34.334669955867554],[108.10926408733337,34.334657579206642],[108.10926844969161,34.334645246654105],[108.10927287516992,34.33463298526209],[108.10927741791195,34.334620647139339],[108.10928202161347,34.334608390095312],[108.10928672524504,34.33459609780413],[108.10929150824225,34.334583834289326],[108.10929631536308,34.33457173842833],[108.10930127441796,34.334559485573727],[108.10930626516829,34.334547373321719],[108.10931137970341,34.334535185234536],[108.10931658009852,34.334523006085305],[108.10932179268096,34.334511008122703],[108.1093271409691,34.334498909072792],[108.10933253935643,34.334486896520112],[108.10933809080274,34.334474756721612],[108.10934362298737,34.334462848620788],[108.10934927246788,34.334450889030506],[108.10935502406309,34.334438903205779],[108.10936079324986,34.334427076025797],[108.10936671440865,34.334415121600898],[108.10937268458564,34.334403258181545],[108.10937873303872,34.334391421736399],[108.10938481423516,34.334379696143927],[108.10939104526044,34.334367866746895],[108.10939735131217,34.334356072440293],[108.10940373455554,34.334344306911781],[108.10941013970324,34.334332673881129],[108.10941660577946,34.334321098490484],[108.1094232596358,34.334309355256146],[108.1094299278024,34.334297754442694],[108.10943667424719,34.334286182406323],[108.1094434978835,34.334274639147978],[108.10945039112075,34.33426313729516],[108.10945737022899,34.334251653394823],[108.10946437556024,34.334240280352844],[108.10947158388151,34.334228736748969],[108.10947873600503,34.334217433890473],[108.10948602605693,34.334206068705974],[108.1094933726903,34.334194761165257],[108.10950082905744,34.334183437299288],[108.10950827693516,34.334172272101185],[108.10951589853781,34.33416099496354],[108.10952349971372,34.33414988912515],[108.10953128546151,34.334138656012307],[108.10953911803735,34.334127501285927],[108.10954686943903,34.334116600849448],[108.10955494209649,34.334105388212436],[108.10956285330114,34.334094535410451],[108.10957105214872,34.334083428132786],[108.10957912967177,34.334072619353492],[108.10958741890576,34.334061661639737],[108.10959563236642,34.334050932969539],[108.1096041530174,34.33403993988972],[108.10961248940335,34.334029312975744],[108.10962104510693,34.3340185371204],[108.10962967040986,34.334007801768777],[108.10963834578553,34.333997133081368],[108.10964698443057,34.333986633003228],[108.10965591944074,34.333975900978366],[108.10966473851562,34.333965433190698],[108.10967367384391,34.333954949071625],[108.10968276991568,34.333944398999755],[108.10969176631754,34.333934086106119],[108.10970088114617,34.333923756879045],[108.1097101588951,34.333913364401617],[108.10971947260133,34.333903047615692],[108.10972878537707,34.333892852529871],[108.10973819379402,34.333882668175427],[108.10974769351473,34.333872501768028],[108.10975735507827,34.333862279322979],[108.10976689198633,34.333852300388891],[108.10977659291055,34.333842265415171],[108.10978637211691,34.333832262823826],[108.10979612975618,34.333822390064348],[108.10980609157463,34.333812426972848],[108.10981608717815,34.333802540476171],[108.1098260047804,34.333792840655271],[108.10983611136562,34.333783064038144],[108.10984631142904,34.333773306267425],[108.10985649209177,34.333763672917691],[108.10986676840723,34.333754059313904],[108.10987713168774,34.333744469971172],[108.10988754503265,34.333734940981913],[108.10989811915205,34.333725370379319],[108.10990855447066,34.333716028876687],[108.1099191635912,34.333706635832712],[108.10992982820252,34.333697297728349],[108.10994046038118,34.333688090366984],[108.10995134126243,34.333678769194726],[108.10996219079769,34.333669578764464],[108.10997300355237,34.333660518179599],[108.10998407370424,34.333651344677392],[108.1099951027323,34.333642303728894],[108.11000609172326,34.333633395333159],[108.11001725018561,34.333624448020473],[108.1100284511102,34.333615564673778],[108.11003970752445,34.333606735365102],[108.11005105091068,34.333597935726097],[108.1100623531662,34.3335892632319],[108.11007383575517,34.333580548204921],[108.11008538360697,34.333571881798207],[108.11009691638166,34.333563321778762],[108.11010855675785,34.333554777888139],[108.11012009845581,34.333546397253308],[108.11013183786714,34.333537968661048],[108.11014369899517,34.333529547170023],[108.1101555689275,34.333521212212133],[108.11016732389432,34.333513050441013],[108.11017921143417,34.333504887647976],[108.11019136183694,34.333496637173539],[108.11020336252609,34.33348857974967],[108.11021544584871,34.333480558309496],[108.11022757705894,34.333472594519861],[108.11023974747387,34.333464696501871],[108.11025207761018,34.333456783013666],[108.11026429819826,34.333449030086591],[108.11027682292213,34.333441173214005],[108.11028914036987,34.333433533783889],[108.11030158063041,34.33342590866561],[108.11031417410274,34.333418276196191],[108.11032667322065,34.33341078894901],[108.1103393646441,34.333403273581354],[108.11035191501738,34.33339592781801],[108.11036457734596,34.333388603588027],[108.11037743306908,34.333381253039455],[108.11039033451246,34.333373964650541],[108.11040301671372,34.333366883798696],[108.11041600958943,34.33335971341873],[108.1104289689149,34.333352649442446],[108.110441922917,34.333345671110365],[108.11045491503263,34.333338754944741],[108.11046816354123,34.333331789866456],[108.11048119496606,34.333325020604072],[108.1104942873108,34.333318302669802],[108.11050759804152,34.333311556591099],[108.11052080679504,34.333304943120801],[108.11053412316896,34.333298360202292],[108.11054750698064,34.333291826802942],[108.11056094845337,34.333285345636014],[108.11057444976294,34.333278918502458],[108.11058780673829,34.333272642045181],[108.1106014027431,34.333266334720186],[108.11061483160042,34.333260183500975],[108.11062864936747,34.333253938174849],[108.11064216205565,34.333247908576944],[108.11065590292061,34.333241858938742],[108.11066964063004,34.333235890435184],[108.11068331544929,34.333230028361754],[108.11069728035572,34.333224122753471],[108.11071102923177,34.333218386817428],[108.11072491940391,34.333212672387639],[108.11073891720135,34.333206992115265],[108.11075271091033,34.333201472489577],[108.11076684902075,34.333195893954525],[108.1107808351754,34.333190454383455],[108.11079491700897,34.333185054389425],[108.11080890553609,34.333179768966353],[108.11082309509995,34.333174484261242],[108.11083727716191,34.333169280694626],[108.11085157337062,34.333164112180796],[108.11086568177029,34.333159088072406],[108.1108799673186,34.333154079127176],[108.11089439417138,34.333149097998238],[108.11090869294991,34.333144235979184],[108.1109229157927,34.333139475894662],[108.11093750478834,34.333134670402686],[108.11095186034622,34.333130018372351],[108.11096643867823,34.333125369744394],[108.11098074337703,34.333120883629391],[108.11099545225676,34.333116347564868],[108.11100992660279,34.333111957751235],[108.11102437932045,34.333107649088809],[108.11103913303239,34.333103327531028],[108.11105371412347,34.333099130532474],[108.11106841263116,34.333094975795326],[108.11108314708125,34.333090884127515],[108.11109781645227,34.333086886271076],[108.11111251959476,34.333082953288908],[108.11112733906728,34.333079062569034],[108.11114213908267,34.333075251195424],[108.1111570630373,34.333071483880111],[108.11117169051769,34.33306786287217],[108.11118668636229,34.333064225301349],[108.1112014596025,34.333060715039736],[108.11121651430287,34.33305721173258],[108.11123138115866,34.333053824885326],[108.11124641215176,34.333050474847894],[108.11126140739007,34.333047205974466],[108.1112764092414,34.333044008310246],[108.11129143617585,34.333040879133982],[108.11130641540331,34.333037832034066],[108.11132156203179,34.333034824445342],[108.11133673265442,34.333031883542567],[108.11135175562244,34.333029045541075],[108.11136496650528,34.333026594118344],[108.11136679824033,34.333026276032477],[108.1113821310263,34.333023524287746],[108.11138865262886,34.333022175148194],[108.11139718904052,34.333020894491085],[108.1114124090284,34.333018308717783],[108.11142760846965,34.333015799587244],[108.11144275368177,34.33301337073604],[108.11145801632546,34.33301099496348],[108.11147327797819,34.333008692209937],[108.11148856579881,34.333006456140311],[108.11150376679582,34.333004304887119],[108.11151908088138,34.333002209420897],[108.11153440809825,34.333000183354905],[108.11154964740261,34.332998240303382],[108.11156498458676,34.33299635665859],[108.11158047723792,34.332994526959105],[108.11159564837143,34.332992804826965],[108.11161113686435,34.332991118462978],[108.11162652983694,34.33298951421893],[108.11164175014294,34.332987998475566],[108.11165726934311,34.332986524827405],[108.11167265825034,34.33298513423243],[108.11168800704766,34.332983817593579],[108.11170349610701,34.332982561224149],[108.11171890811278,34.33298138154899],[108.11173442017807,34.332980265785778],[108.11174980737927,34.332979229464954],[108.11176537505001,34.332978253376744],[108.11178061791976,34.332977366829709],[108.11179619121097,34.332976532265079],[108.1118117548186,34.332975770727316],[108.11182699361815,34.332975093321984],[108.11184260196359,34.332974470567613],[108.11185798003788,34.332973928253473],[108.11187361682575,34.332973447903264],[108.11188902985913,34.332973045282941],[108.11190444950462,34.332972712068724],[108.1119200583243,34.332972447192276],[108.11193553574948,34.332972253650979],[108.11195090568972,34.332972133226015],[108.11196653761219,34.332972081072185],[108.11198195772555,34.332972100327098],[108.11199758875176,34.332972191505711],[108.11201300687749,34.332972350488177],[108.11202862287954,34.332972584110664],[108.11203902491603,34.332972786442348],[108.11203868923711,34.332979406329201],[108.112037433379,34.333002558428305],[108.11203609275628,34.333025708801898],[108.11203468219901,34.333048568962276],[108.11203316993226,34.333071760059376],[108.11203157923146,34.33309480699107],[108.11202990268866,34.333117859410073],[108.11202814353754,34.333140897480817],[108.11202629532738,34.333163973495161]]]},"properties":{"FID":81,"OBJECTID":82,"Landuse_ty":"公园绿地","一类用":14,"二类用":1401,"二类_1":"公园绿地","ORIG_FID":21,"一类_1":"绿地与开敞空间用地","Shape_Leng":950.80849882899997,"Shape_Area":5986.21674626,"Area":598621.67462599999}},{"type":"Feature","id":82,"geometry":{"type":"Polygon","coordinates":[[[108.10517356060362,34.336186825104519],[108.10456183049114,34.33606352331995],[108.10446870867516,34.336275497773087],[108.10263744186841,34.335881887476646],[108.10336465144421,34.334593382490837],[108.10513602888635,34.335124707694526],[108.10549843439043,34.335233407646037],[108.10517356060362,34.336186825104519]]]},"properties":{"FID":82,"OBJECTID":83,"Landuse_ty":"城镇住宅用地","一类用":7,"二类用":701,"二类_1":"城镇住宅用地","ORIG_FID":21,"一类_1":"居住用地","Shape_Leng":733.55289899599995,"Shape_Area":30778.7742703,"Area":3077877.4270299999}},{"type":"Feature","id":83,"geometry":{"type":"Polygon","coordinates":[[[108.10751994059542,34.336518616655631],[108.10691820416322,34.336423110545141],[108.10682134434566,34.336698727391209],[108.1056825014622,34.336520280242517],[108.1061007840911,34.335319094985238],[108.1077310608554,34.335691249047599],[108.10751994059542,34.336518616655631]]]},"properties":{"FID":83,"OBJECTID":84,"Landuse_ty":"城镇住宅用地","一类用":7,"二类用":701,"二类_1":"城镇住宅用地","ORIG_FID":21,"一类_1":"居住用地","Shape_Leng":582.97104601399997,"Shape_Area":19335.695196799999,"Area":1933569.5196799999}},{"type":"Feature","id":84,"geometry":{"type":"Polygon","coordinates":[[[108.11373626461928,34.335049229506417],[108.11411238626623,34.336828508922679],[108.11325902314158,34.336661218242291],[108.1132535455508,34.336660075723088],[108.11325075729518,34.336659494142104],[108.11123689260231,34.336264315197717],[108.11123725806566,34.33626373611483],[108.1112504840344,34.336242692543799],[108.11126363170931,34.336221616589107],[108.11127670217715,34.336200508249767],[108.11128969543559,34.336179365722856],[108.11130261148706,34.336158190811339],[108.11131544815935,34.336136984418729],[108.11132820979341,34.336115742033677],[108.11134089096763,34.336094472675939],[108.11135349493145,34.336073168229269],[108.11136601951628,34.3360518323016],[108.11137846689796,34.336030466693913],[108.11139083598269,34.336009065998347],[108.11140312460776,34.335987638330224],[108.11141533819973,34.33596617827574],[108.11142747023588,34.335944684037905],[108.11143952398599,34.335923162825615],[108.11145149727426,34.335901612837887],[108.11146339444169,34.335880029563398],[108.11147521005945,34.335858416613057],[108.11148694521553,34.335836774887341],[108.11149860316657,34.335815101678911],[108.11151018065959,34.335793402399602],[108.11152167660435,34.335771674345992],[108.11153309642737,34.335749912104276],[108.11154443470699,34.335728124694228],[108.11155569035536,34.335706311215382],[108.11156686879657,34.335684464450964],[108.11157796786682,34.335662591614813],[108.11158898321925,34.335640692710939],[108.11159992136709,34.335618762324494],[108.11161077688394,34.335596805869372],[108.11162155411792,34.335574824243089],[108.11163224871623,34.335552812942232],[108.11164286177046,34.335530775571776],[108.11165339436614,34.335508711229238],[108.11166384542022,34.335486622620067],[108.11167421818811,34.335464506135402],[108.11168450832302,34.335442361779251],[108.11169471582976,34.335420193157525],[108.11170484287943,34.335397998465325],[108.11171488838536,34.335375777703632],[108.11172485126451,34.335353533577901],[108.11173473368676,34.335331263381761],[108.11174453564497,34.335308961706318],[108.11175425281988,34.335286649289628],[108.11176388952848,34.335264303590705],[108.11177344361177,34.335241935429337],[108.11178291615411,34.335219543001585],[108.11179230606766,34.335197125406985],[108.11180161227412,34.335174688956904],[108.11181083802174,34.335152224633596],[108.11181998114316,34.335129736946421],[108.11182904164077,34.335107227698408],[108.11183801733887,34.335084695088568],[108.11184691258792,34.335062141817424],[108.11185572412067,34.335039562479047],[108.11186445303227,34.335016963382849],[108.11187310040474,34.334994340921931],[108.11188166189602,34.334971698706191],[108.11189014076515,34.334949035831194],[108.11189853700978,34.334926350494001],[108.11190685171429,34.33490364089068],[108.11191508054029,34.334880913335553],[108.11192322783228,34.33485816602176],[108.11193129032659,34.33483539624779],[108.11193927020032,34.334812606716156],[108.11194716419217,34.334789796528355],[108.11195497556476,34.334766967484413],[108.1119627032314,34.334744119585295],[108.11197034827532,34.334721250125604],[108.11304733381927,34.334921279246934],[108.11373626461928,34.335049229506417]]]},"properties":{"FID":84,"OBJECTID":85,"Landuse_ty":"公园绿地","一类用":14,"二类用":1401,"二类_1":"公园绿地","ORIG_FID":21,"一类_1":"绿地与开敞空间用地","Shape_Leng":823.15431786700003,"Shape_Area":39563.592709500001,"Area":3956359.2709499998}},{"type":"Feature","id":85,"geometry":{"type":"MultiPolygon","coordinates":[[[[108.11080431286308,34.336466352499542],[108.11079032553224,34.336486186922912],[108.11077614384648,34.336506155841136],[108.11076185241193,34.336526138379163],[108.11074772241969,34.336545760176982],[108.1107333720382,34.336565552552351],[108.11071887177093,34.33658541357407],[108.1107044797982,34.336604991431052],[108.11068986091546,34.336624739871311],[108.11067521798749,34.33664438916859],[108.11066055101318,34.336663938421374],[108.11064576234986,34.336683512122299],[108.11063089106069,34.336703065161984],[108.11061602067976,34.336722487484195],[108.11060103295071,34.336741929743141],[108.11058606131702,34.336761220536829],[108.11057080092321,34.336780754087798],[108.11055571176995,34.336799939510485],[108.11054033384924,34.336819362281489],[108.11052498830242,34.336838616444304],[108.11050963065024,34.33685776063539],[108.11049414696636,34.336876932884124],[108.1104786490084,34.336895998768952],[108.11046294690004,34.336915189240322],[108.11044733576203,34.336934144341029],[108.11043140003117,34.336953365669331],[108.11041562362998,34.336972271333451],[108.11039982970161,34.336991076045422],[108.11038379689411,34.337010041434269],[108.11036771834667,34.337028938349619],[108.11035162010086,34.337047736117668],[108.11033533831183,34.337066627802926],[108.11031923539423,34.337085188481304],[108.11030294567908,34.337103847587201],[108.11028643660295,34.337122634898755],[108.11027004238942,34.33714117419732],[108.11025353841505,34.337159719001356],[108.11023684546331,34.337178357727261],[108.11022025218361,34.337196766483473],[108.11020340155964,34.337215344045916],[108.11019647157897,34.337223784539169],[108.11013873388528,34.337301792057367],[108.10987976616617,34.337651673134999],[108.10987676950832,34.337572955799708],[108.10991096564601,34.337336792977467],[108.1100113594016,34.337150659674371],[108.1101261364813,34.33696928308548],[108.11022948283026,34.336842775405344],[108.1102263296372,34.336630498372841],[108.11019175412891,34.336575670758421],[108.11011404223332,34.336516111292894],[108.10993281001863,34.336449488799687],[108.10986096554349,34.33647817530413],[108.10973445780256,34.336483059375944],[108.10959922119784,34.33640924010529],[108.10947248113878,34.336235235991602],[108.10944073839337,34.33614701296159],[108.10944663753484,34.335940646016404],[108.11092939387842,34.336282520097619],[108.11092741998702,34.336285525620994],[108.11091402552805,34.336305774203282],[108.11090062327635,34.336325886667446],[108.11088706898532,34.336346082204038],[108.11087343206555,34.336366254375378],[108.11085976892254,34.336386323800021],[108.11084603617131,34.336406354522403],[108.11083214377923,34.336426472831342],[108.11081828807211,34.336446395484046],[108.11080431286308,34.336466352499542]]],[[[108.1106586113776,34.337558606030079],[108.11091725991722,34.33868773106267],[108.1109193689767,34.338694074675679],[108.11092297893448,34.33870048003272],[108.11092787589116,34.338706267610853],[108.11093391181734,34.33871126265678],[108.1103608438393,34.339176385659187],[108.11029644307426,34.339228655647638],[108.11021200646098,34.338869592553849],[108.11011070169999,34.33835985300842],[108.10999808544952,34.337905317569565],[108.11034348702087,34.337438659880561],[108.1106586113776,34.337558606030079]]]]},"properties":{"FID":85,"OBJECTID":86,"Landuse_ty":"公园绿地","一类用":14,"二类用":1401,"二类_1":"公园绿地","ORIG_FID":21,"一类_1":"绿地与开敞空间用地","Shape_Leng":1021.73618772,"Shape_Area":18793.913510999999,"Area":1879391.3511000001}},{"type":"Feature","id":86,"geometry":{"type":"Polygon","coordinates":[[[108.11548351506897,34.335998877759266],[108.1145157934946,34.337768657349955],[108.11451176716008,34.337776705029469],[108.11422163498634,34.336875133533134],[108.11422071854324,34.336871688025923],[108.1137547366227,34.334666876078181],[108.11375251372336,34.33466000615055],[108.11374890155129,34.334653600874823],[108.11374400463748,34.334647813405581],[108.11373797101031,34.334642818492583],[108.11373098344343,34.334638769217754],[108.11372325292334,34.334635787986436],[108.11371714798167,34.334634315226417],[108.11219560596756,34.334354918991323],[108.11208589658435,34.334335298650814],[108.11208740180746,34.334329682846608],[108.1120935303825,34.33430647851322],[108.11209957199881,34.33428325983536],[108.11210552882864,34.334260025909536],[108.11211140087207,34.334236776735771],[108.11211718704364,34.334213513216575],[108.11212288842775,34.334190233547979],[108.11212850285585,34.334166941337912],[108.11213403032922,34.33414363748787],[108.11213947627303,34.334120315682519],[108.11214483526102,34.33409698133574],[108.11215010729208,34.334073633546041],[108.1121552945373,34.334050270508513],[108.11216039374261,34.33402689673354],[108.11216541681019,34.334003473446529],[108.11217033889483,34.333980112453929],[108.11217518158178,34.333956701952303],[108.11217993731221,34.333933278007841],[108.11218460826198,34.333909842421505],[108.1121891933433,34.333886394292847],[108.11219369255861,34.333862935424804],[108.11219810373576,34.333839466720889],[108.11220243012897,34.333815983670696],[108.11220667065997,34.333792492585594],[108.11221082315306,34.333768991664648],[108.1122148908636,34.333745477298947],[108.11221887162544,34.33372195489936],[108.11222276543388,34.333698420859982],[108.11222657446719,34.333674878784748],[108.11223029546171,34.33365132597222],[108.11223392950787,34.33362776512584],[108.11223747768636,34.333604191737216],[108.11224093783474,34.333580613921711],[108.11224431429382,34.333557027167885],[108.1122476016278,34.3335334296778],[108.11225080201373,34.3335098241539],[108.11225391653963,34.33348621149667],[108.11225694411881,34.333462591707146],[108.11225988583809,34.3334389647843],[108.11226274277819,34.333415326219757],[108.11226550842864,34.333391683231341],[108.1122681882254,34.333368037617042],[108.11227078215651,34.33334438036205],[108.11227328914138,34.333320715974779],[108.112936392915,34.333465288030474],[108.11325167824452,34.333575071357117],[108.11319371754273,34.333888416820244],[108.11390546484587,34.333983164236891],[108.1142294400929,34.33400689234729],[108.11428234068553,34.333721637684484],[108.11474236921438,34.333716437764025],[108.11504139293534,34.333716157214269],[108.11519094935068,34.333749408399875],[108.11534061143676,34.333858985937319],[108.11548458847595,34.334016271443751],[108.11553659104278,34.334197495884894],[108.11550813225374,34.334412188894667],[108.11542795919895,34.334655551779434],[108.115324613547,34.334774907921464],[108.11519828476958,34.334908596613531],[108.11511801151298,34.335080404293514],[108.11515274279789,34.335247334086276],[108.11520473998353,34.335423787998089],[108.11532582132656,34.335657420896787],[108.11548351506897,34.335998877759266]]]},"properties":{"FID":86,"OBJECTID":87,"Landuse_ty":"公园绿地","一类用":14,"二类用":1401,"二类_1":"公园绿地","ORIG_FID":21,"一类_1":"绿地与开敞空间用地","Shape_Leng":1460.0054662800001,"Shape_Area":61626.3228189,"Area":6162632.2818900002}},{"type":"Feature","id":87,"geometry":{"type":"Polygon","coordinates":[[[108.10733673672604,34.337241829247063],[108.10717453249168,34.337934445770998],[108.10670373775741,34.337900923381234],[108.1053475200524,34.337637795169016],[108.10566172151789,34.336599591558659],[108.10678966330281,34.33677633108293],[108.10665679247641,34.337127515186268],[108.10733673672604,34.337241829247063]]]},"properties":{"FID":87,"OBJECTID":88,"Landuse_ty":"城镇住宅用地","一类用":7,"二类用":701,"二类_1":"城镇住宅用地","ORIG_FID":21,"一类_1":"居住用地","Shape_Leng":578.94880539400003,"Shape_Area":17899.481012299999,"Area":1789948.1012299999}},{"type":"Feature","id":88,"geometry":{"type":"Polygon","coordinates":[[[108.10493381921296,34.336868056556668],[108.10492988029665,34.336879808034361],[108.10471988068799,34.33750625574239],[108.10403735843728,34.337942469226057],[108.10157729296398,34.337124918868639],[108.10230303221266,34.33628778070765],[108.10313658040029,34.336465623452014],[108.10368104215699,34.336584196146923],[108.10440672798397,34.336749865874467],[108.10459985991248,34.336793172276792],[108.10493381921296,34.336868056556668]]]},"properties":{"FID":88,"OBJECTID":89,"Landuse_ty":"城镇住宅用地","一类用":7,"二类用":701,"二类_1":"城镇住宅用地","ORIG_FID":21,"一类_1":"居住用地","Shape_Leng":761.50625238800001,"Shape_Area":32470.2083518,"Area":3247020.8351799999}},{"type":"Feature","id":89,"geometry":{"type":"Polygon","coordinates":[[[108.10974690493475,34.337831175277998],[108.10960400940225,34.338024232808117],[108.10959636761139,34.338010221619491],[108.10958703819516,34.337992943170839],[108.10957778045785,34.337975625893598],[108.10956861291055,34.33795829771713],[108.1095594810938,34.337940864936179],[108.10955047433087,34.337923488835891],[108.10954154468868,34.337906080212598],[108.10953268454003,34.337888623747943],[108.10952390260583,34.337871140168218],[108.10951518035857,34.337853588923338],[108.10950654504428,34.337836029486724],[108.10949803151971,34.337818524029387],[108.10948955480167,34.337800905853385],[108.10948118353686,34.337783314626883],[108.10947287958598,34.337765671053674],[108.10946465710948,34.337748000362595],[108.10945649650492,34.337730271019318],[108.10944847404946,34.337712640714884],[108.10944046550144,34.337694838214567],[108.10943258856433,34.337677121236752],[108.10942474188852,34.33765927261512],[108.10941700284252,34.337641453645602],[108.10940936708161,34.337623666135116],[108.10940175284934,34.337605717239761],[108.10939425715748,34.337587831341622],[108.10938687019949,34.337569988616963],[108.10937951457065,34.337551999823859],[108.10937228185593,34.337534094758219],[108.10936508918182,34.337516057138643],[108.10935802269479,34.337498113159896],[108.10935101042865,34.337480077181205],[108.10934406328708,34.337461977138759],[108.10933723797255,34.337443960824807],[108.10933045269735,34.337425811055496],[108.10932376962099,34.337407693647805],[108.1093171745655,34.337389569850757],[108.10931065663064,34.337371414432617],[108.10930422453136,34.337353243612277],[108.10929786735926,34.337335025847636],[108.10929158295366,34.337316771056955],[108.10928543347745,34.337298647761699],[108.10927931529493,34.337280351353783],[108.10927327422107,34.33726201431007],[108.10926737027208,34.337243825887988],[108.10926150416168,34.337225483278559],[108.10925572825563,34.337207142391264],[108.10925004474021,34.33718881314045],[108.10924443942696,34.337170448661809],[108.1092389199534,34.337152072387006],[108.10923348087528,34.3371336762076],[108.10922812545741,34.337115263726609],[108.10922285695997,34.337096834941136],[108.10921766886014,34.33707838805406],[108.10921256442158,34.337059925766894],[108.10920755236971,34.33704147241189],[108.10920261087389,34.337022954087047],[108.10919775524189,34.337004442897246],[108.10919299525779,34.336985941538181],[108.10918830584242,34.336967385125597],[108.10918370336111,34.336948823226386],[108.1091791921794,34.336930270260346],[108.10917475920149,34.336911683869552],[108.10917041862501,34.336893118130227],[108.10916614858668,34.336874473898966],[108.10916197204808,34.336855859332999],[108.10915787916544,34.336837225761172],[108.10915387431487,34.336818595716586],[108.1091499454768,34.336799918727046],[108.10914610793439,34.336781247966307],[108.10914234422394,34.336762524853683],[108.10913868166901,34.336743869261809],[108.10913509729521,34.336725163117158],[108.1091315878154,34.336706385688572],[108.10912817296473,34.336687671279172],[108.1091248537878,34.336668987434734],[108.1091216062422,34.336650230506329],[108.10911844890272,34.33663147800479],[108.10911537086812,34.336612703796916],[108.10911238194113,34.336593925002092],[108.10910947449473,34.336575126301945],[108.10910665726706,34.336556341944991],[108.10910393246188,34.336537595367766],[108.10910128254784,34.33651877570373],[108.10909871188936,34.33649989647121],[108.10909623476442,34.336481073948541],[108.10909384238575,34.336462236025092],[108.10909153585172,34.33644339171471],[108.10908931518442,34.336424558145474],[108.10908717705475,34.336405682133005],[108.10908512696633,34.336386817761287],[108.10908315723499,34.336367905539355],[108.10908128323706,34.336349070759461],[108.1090794928913,34.336330215170882],[108.10907778287792,34.336311292801042],[108.10907616093699,34.33629240641195],[108.10907462923261,34.336273548789777],[108.10907316795854,34.336254530641135],[108.10907180907795,34.336235698106329],[108.10907052829882,34.33621675461972],[108.10906933556269,34.336197824576814],[108.10906823317482,34.336179009842979],[108.10906720769769,34.336160003926544],[108.10906627364609,34.336141106106354],[108.10906542431991,34.336122177560284],[108.10906466084315,34.336103247134723],[108.10906398212903,34.336084314830643],[108.10906339147965,34.33606541309841],[108.10906288324902,34.336046377873494],[108.10906246542683,34.336027504834625],[108.10906213120332,34.336008570420525],[108.10906188281838,34.335989626013607],[108.10906172038045,34.335970755451541],[108.10906164358964,34.335951727053917],[108.10906165278541,34.335932803151479],[108.10906174787438,34.335913911625809],[108.1090619308164,34.335894887504104],[108.10906219867559,34.335875981400747],[108.10906255021116,34.335857074321304],[108.10906266550107,34.335852111564307],[108.10923621179552,34.33589212777963],[108.10927127850186,34.33628788911755],[108.10943309809012,34.336905504395865],[108.10962933420173,34.337453918851267],[108.10974690493475,34.337831175277998]]]},"properties":{"FID":89,"OBJECTID":90,"Landuse_ty":"公园绿地","一类用":14,"二类用":1401,"二类_1":"公园绿地","ORIG_FID":21,"一类_1":"绿地与开敞空间用地","Shape_Leng":510.60048817099999,"Shape_Area":5127.18427049,"Area":512718.42704899999}},{"type":"Feature","id":90,"geometry":{"type":"Polygon","coordinates":[[[108.1089802369542,34.336317214941083],[108.10898197228919,34.336336406832615],[108.1089837945575,34.336355594139285],[108.10898570375686,34.336374775058118],[108.10898769988849,34.336393950490624],[108.10898978403803,34.336413119534306],[108.10899195403205,34.336432282191119],[108.10899421204176,34.336451436656162],[108.10899655481053,34.336470585636768],[108.10899898668066,34.336489725523158],[108.10900150330878,34.33650885902361],[108.10900410903953,34.336527984331312],[108.1090067995226,34.336547098745669],[108.10900957802519,34.336566207672654],[108.10901244345598,34.336585307507342],[108.10901539472596,34.336604396447683],[108.10901843075193,34.336623477199112],[108.10902155587976,34.336642548856268],[108.10902476793486,34.336661610519592],[108.10902806474262,34.336680661289549],[108.10903144847777,34.336699702065644],[108.10903491913918,34.336718731946434],[108.10903847564019,34.336737750932826],[108.10904211798082,34.336756759024873],[108.10904584724558,34.336775754418582],[108.1090496623501,34.336794738917916],[108.10905356329444,34.336813712522826],[108.10905755335168,34.336832685146724],[108.10906162595364,34.336851619834704],[108.10906578549633,34.336870554445049],[108.10907002978882,34.336889475457504],[108.10907435991909,34.336908383772538],[108.10907877697274,34.336927278487714],[108.10908328094867,34.336946158701537],[108.10908786858904,34.336965026219865],[108.10909254206391,34.336983878336326],[108.10909730137215,34.337002714149406],[108.10910214651848,34.337021537265024],[108.10910707641156,34.337040344078225],[108.10911209105261,34.337059135490463],[108.10911719152841,34.337077911500785],[108.10912237783668,34.337096670306209],[108.10912764889309,34.33711541371062],[108.1091330046965,34.33713414081258],[108.10913844524583,34.337152850710581],[108.1091439705411,34.33717154340458],[108.10914958166912,34.337190218893639],[108.10915527754202,34.337208876277209],[108.10916105707312,34.337227515556251],[108.10916692026365,34.337246137632249],[108.10917286928481,34.337264740700277],[108.10917890196197,34.337283323860781],[108.1091850182999,34.337301890719687],[108.10919122155416,34.337320437668126],[108.10919750628996,34.337338963809458],[108.1092038757687,34.337357470042271],[108.10921032890374,34.337375956367488],[108.10921686787094,34.337394424586144],[108.10922348831751,34.33741287019469],[108.10923019350724,34.337431295894618],[108.10923698235231,34.337449700785449],[108.10924385376364,34.337468083065161],[108.10925080991714,34.33748644453474],[108.10925784755025,34.337504783394159],[108.10926496883771,34.337523100542924],[108.10927217377956,34.33754139598102],[108.10927946237467,34.337559668806954],[108.10928683244843,34.337577918121163],[108.10929428617439,34.337596143921701],[108.109301822467,34.337614347111028],[108.10930943915284,34.337632527691014],[108.10931714057426,34.337650682051873],[108.10932492347573,34.337668813802431],[108.10933278894171,34.337686921138719],[108.10934072934045,34.337704985136469],[108.10934876647714,34.33772305986502],[108.10935687854786,34.337741092156456],[108.10936507100742,34.337759098232553],[108.10937334711731,34.337777078991863],[108.10938170361615,34.337795033535805],[108.10939014050514,34.337812962765838],[108.1093986599567,34.337830865778521],[108.10940725979378,34.337848739871333],[108.10941594002118,34.337866588650186],[108.10942470281007,34.337884410310174],[108.10943354815934,34.337902203949774],[108.10944247172201,34.337919969572866],[108.10762953561471,34.337815368517809],[108.1080389477024,34.336154041669189],[108.1089802369542,34.336317214941083]]]},"properties":{"FID":90,"OBJECTID":91,"Landuse_ty":"城镇住宅用地","一类用":7,"二类用":701,"二类_1":"城镇住宅用地","ORIG_FID":21,"一类_1":"居住用地","Shape_Leng":627.42163946999995,"Shape_Area":22000.7239414,"Area":2200072.39414}},{"type":"Feature","id":91,"geometry":{"type":"Polygon","coordinates":[[[108.10333594400633,34.338463307826743],[108.10288225045706,34.338775382295822],[108.10080372519447,34.338017206757364],[108.10151847010988,34.337192770750981],[108.10398928829925,34.33801389563407],[108.10333594400633,34.338463307826743]]]},"properties":{"FID":91,"OBJECTID":92,"Landuse_ty":"城镇住宅用地","一类用":7,"二类用":701,"二类_1":"城镇住宅用地","ORIG_FID":21,"一类_1":"居住用地","Shape_Leng":698.84079392399997,"Shape_Area":25753.255937000002,"Area":2575325.5937000001}},{"type":"Feature","id":92,"geometry":{"type":"Polygon","coordinates":[[[108.10493917010088,34.3381820119914],[108.10491268838069,34.338856923857165],[108.10482875828352,34.339191077323825],[108.10330887567595,34.338906992688742],[108.10334406529688,34.33888147362299],[108.10338685666233,34.338850525721476],[108.10342969913386,34.338819626441683],[108.10347259379938,34.338788776684105],[108.10351553848426,34.338757975549058],[108.10355853536207,34.338727223034667],[108.10360158225927,34.33869651914268],[108.10364468026268,34.338665863872173],[108.10368782828773,34.338635259026923],[108.10373102741903,34.338604702803025],[108.10377428742851,34.338574187980299],[108.10381848131742,34.338543103515924],[108.10386273717113,34.338512061352539],[108.10390704739451,34.338481071412751],[108.10395141198654,34.338450132795089],[108.10399582660015,34.338419245503147],[108.10404029123653,34.338388410438355],[108.10408481024048,34.338357625794046],[108.104129380354,34.338326893375836],[108.1041740037506,34.338296213181842],[108.10421867825792,34.338265586115341],[108.10426340387265,34.338235009471845],[108.10430818277055,34.338204485052387],[108.10435301060463,34.33817401286062],[108.10439790366503,34.338143583867826],[108.10444187057614,34.338113867818336],[108.10448589727901,34.338084193170069],[108.10452997291729,34.338054568947022],[108.10457409749213,34.338024996050613],[108.10461827426046,34.337995471773574],[108.1046624967029,34.337965997022906],[108.10470676808313,34.337936574500198],[108.10475108839779,34.337907201500961],[108.10479545764802,34.337877878926655],[108.10483987474825,34.337848607679582],[108.10488434078299,34.337819385955839],[108.10492885575341,34.337790214656856],[108.1049552173054,34.337772988200904],[108.10493917010088,34.3381820119914]]]},"properties":{"FID":92,"OBJECTID":93,"Landuse_ty":"公园绿地","一类用":14,"二类用":1401,"二类_1":"公园绿地","ORIG_FID":21,"一类_1":"绿地与开敞空间用地","Shape_Leng":498.45899537399998,"Shape_Area":11742.416165099999,"Area":1174241.6165100001}},{"type":"Feature","id":93,"geometry":{"type":"Polygon","coordinates":[[[108.10660971256119,34.339035892200712],[108.10650420258234,34.339504214937321],[108.1049241877917,34.339208913421402],[108.10500930489503,34.338870026999722],[108.1050095989101,34.338868755659568],[108.1050103080034,34.338863072116155],[108.10502710708818,34.338434922799557],[108.10562615671277,34.338544664042743],[108.10670176271057,34.338710692959225],[108.10660971256119,34.339035892200712]]]},"properties":{"FID":93,"OBJECTID":94,"Landuse_ty":"城镇住宅用地","一类用":7,"二类用":701,"二类_1":"城镇住宅用地","ORIG_FID":21,"一类_1":"居住用地","Shape_Leng":482.755505046,"Shape_Area":13157.030650299999,"Area":1315703.0650299999}},{"type":"Feature","id":94,"geometry":{"type":"Polygon","coordinates":[[[108.11318580990169,34.337367544044618],[108.11317401569563,34.338404963851893],[108.11289501030316,34.340027829000512],[108.11141619670872,34.338922423954259],[108.11141485110097,34.338921455185307],[108.11141366220997,34.338920654850646],[108.11100992639818,34.338657645806563],[108.11083339218125,34.337886989988135],[108.11074998912856,34.337522894185113],[108.1107478801114,34.337516550567891],[108.11074427021789,34.337510145204334],[108.11114949370914,34.337052920090279],[108.11151076156915,34.337158670712213],[108.11160741787644,34.337009709369539],[108.11318580990169,34.337367544044618]]]},"properties":{"FID":94,"OBJECTID":95,"Landuse_ty":"耕地","一类用":1,"二类用":103,"二类_1":"旱地","ORIG_FID":21,"一类_1":"耕地","Shape_Leng":924.82235856600005,"Shape_Area":49449.338461699997,"Area":4944933.8461699998}},{"type":"Feature","id":95,"geometry":{"type":"Polygon","coordinates":[[[108.10381540571849,34.332450505621814],[108.10380912501986,34.333167985855908],[108.10316923366099,34.334301812539337],[108.10232246659035,34.335802148213091],[108.10049342642428,34.337911917310684],[108.09861359541982,34.340080133343783],[108.09841416598147,34.34005586096081],[108.1004950168481,34.337587053780872],[108.10188700051309,34.336052301871682],[108.1031005265542,34.334303398416822],[108.10349313822286,34.333304023669335],[108.10360606329358,34.332378039705375],[108.10360630736214,34.332450168862358],[108.10364391074027,34.332450081150562],[108.10368129034114,34.332450057621877],[108.10371833097571,34.332450097472616],[108.10375542601972,34.332450198566804],[108.10379240595462,34.332450363752528],[108.10381540571849,34.332450505621814]]]},"properties":{"FID":95,"OBJECTID":96,"Landuse_ty":"防护绿地","一类用":14,"二类用":1402,"二类_1":"防护绿地","ORIG_FID":21,"一类_1":"绿地与开敞空间用地","Shape_Leng":2023.4476815600001,"Shape_Area":17214.811122800002,"Area":1721481.11228}},{"type":"Feature","id":96,"geometry":{"type":"Polygon","coordinates":[[[108.10932684965621,34.338398685301023],[108.10924421938078,34.33851032091161],[108.10877562334237,34.339143391005841],[108.10864937411651,34.339313974907931],[108.10820308122138,34.33994577168987],[108.10724826632386,34.339557435279914],[108.10753627544358,34.338292462787741],[108.10932684965621,34.338398685301023]]]},"properties":{"FID":96,"OBJECTID":97,"Landuse_ty":"城镇住宅用地","一类用":7,"二类用":701,"二类_1":"城镇住宅用地","ORIG_FID":21,"一类_1":"居住用地","Shape_Leng":606.20828216899997,"Shape_Area":21382.363734499999,"Area":2138236.3734499998}},{"type":"Feature","id":97,"geometry":{"type":"Polygon","coordinates":[[[108.11305773021893,34.339656030858521],[108.11327129988126,34.33841376159792],[108.1132717871709,34.338408417168786],[108.11327759580438,34.337897481285935],[108.11447854874501,34.337988045916084],[108.11401775603993,34.339795603991327],[108.11363957234374,34.339748759439111],[108.11305773021893,34.339656030858521]]]},"properties":{"FID":97,"OBJECTID":98,"Landuse_ty":"耕地","一类用":1,"二类用":103,"二类_1":"旱地","ORIG_FID":21,"一类_1":"耕地","Shape_Leng":602.08267200800003,"Shape_Area":19580.7087698,"Area":1958070.8769799999}},{"type":"Feature","id":98,"geometry":{"type":"Polygon","coordinates":[[[108.10156978491766,34.339313113333432],[108.10132904528525,34.339421815019804],[108.10034633460947,34.339995065492417],[108.09997142925063,34.340245386115463],[108.0989768596979,34.340124345449603],[108.10074534713392,34.3380845422463],[108.10303043864529,34.338918064889718],[108.10299733185076,34.338942375931957],[108.10297081583552,34.338961890953648],[108.10296382947178,34.338964922198265],[108.10294750723031,34.338971933216548],[108.10293114905573,34.338978889272532],[108.10291487877747,34.33898573977919],[108.10289823475557,34.33899267713992],[108.10288199906346,34.338999376164345],[108.10286538853873,34.339006160240707],[108.10284888655124,34.339012832440005],[108.10283243661689,34.339019415346776],[108.10281585407384,34.339025981234535],[108.10279910633678,34.339032544554279],[108.10278269416528,34.339038909264275],[108.1027658180771,34.339045384342086],[108.10274917436372,34.339051703266364],[108.10273228180954,34.339058047638645],[108.10272459693972,34.339061325559882],[108.10271917959845,34.339064151739535],[108.10263478190333,34.339111865772416],[108.10213245056583,34.339015272025954],[108.10156978491766,34.339313113333432]]]},"properties":{"FID":98,"OBJECTID":99,"Landuse_ty":"城镇住宅用地","一类用":7,"二类用":701,"二类_1":"城镇住宅用地","ORIG_FID":21,"一类_1":"居住用地","Shape_Leng":932.34126907699999,"Shape_Area":35414.199822800001,"Area":3541419.9822800001}},{"type":"Feature","id":99,"geometry":{"type":"Polygon","coordinates":[[[108.10689143501978,34.33965975164471],[108.10573339365112,34.341304484378014],[108.10447240139821,34.341007539116752],[108.1046594985151,34.340262702276597],[108.10466903025909,34.34022475441423],[108.10474116693361,34.339937572034842],[108.10490423366518,34.339288350976652],[108.10689143501978,34.33965975164471]]]},"properties":{"FID":99,"OBJECTID":100,"Landuse_ty":"乔木林地","一类用":3,"二类用":301,"二类_1":"乔木林地","ORIG_FID":21,"一类_1":"林地","Shape_Leng":714.14009659299995,"Shape_Area":30593.807803399999,"Area":3059380.7803400001}},{"type":"Feature","id":100,"geometry":{"type":"Polygon","coordinates":[[[108.10606617864856,34.340992719719345],[108.1069915321175,34.339678458293349],[108.10699583458801,34.33967926226061],[108.10805691102642,34.340152695922406],[108.10719998780584,34.341365801657339],[108.10719835186191,34.34136555247801],[108.10717668140477,34.34136232431559],[108.10715504800231,34.341359176348654],[108.10713329838674,34.341356085272849],[108.10711158582231,34.34135307168809],[108.10708985704805,34.3413501293306],[108.10706811532542,34.341347259099024],[108.10704636065323,34.341344460091854],[108.10702459194576,34.341341733211529],[108.10700280811388,34.341339076656006],[108.10698101242137,34.34133649312691],[108.10695920703947,34.341333980819343],[108.1069373908813,34.341331539734256],[108.10691555960079,34.34132917077693],[108.10689371754509,34.341326873943544],[108.10687186797334,34.341324648329774],[108.10685000653835,34.341322493939423],[108.10682813106757,34.341320411675859],[108.10680625025648,34.341318402432933],[108.10678436193029,34.341316465311124],[108.10676245956586,34.341314598513094],[108.10674054860058,34.341312804738557],[108.1067186344672,34.341311083081301],[108.10669670847017,34.341309432647421],[108.10667477387095,34.341307854335568],[108.10665283175629,34.341306348144727],[108.10663088321405,34.341304914975503],[108.106608929331,34.341303554826894],[108.10658697010363,34.341302264994489],[108.10656500227495,34.341301048185542],[108.10654303018978,34.341299902593313],[108.10652105058996,34.34129883002359],[108.10649906782264,34.341297830472605],[108.10647708188543,34.341296902137387],[108.10645509169267,34.341296045920366],[108.10643309507181,34.341295262724891],[108.10641109528095,34.341294550745182],[108.1063890934102,34.341293912684712],[108.10636709162968,34.341293345837187],[108.10634508124615,34.341292851111611],[108.10632307095501,34.341292429401911],[108.10630106184188,34.341292079805683],[108.10627904629912,34.341291802329515],[108.1062570330222,34.341291597867325],[108.10623501657479,34.341291464620909],[108.10621300130742,34.341291405290896],[108.10619103177403,34.341291416232743],[108.10633795012863,34.341072765348322],[108.10606617864856,34.340992719719345]]]},"properties":{"FID":100,"OBJECTID":101,"Landuse_ty":"城镇住宅用地","一类用":7,"二类用":701,"二类_1":"城镇住宅用地","ORIG_FID":21,"一类_1":"居住用地","Shape_Leng":583.70648810499995,"Shape_Area":19037.8007942,"Area":1903780.0794200001}},{"type":"Feature","id":101,"geometry":{"type":"MultiPolygon","coordinates":[[[[108.10992796336144,34.338795310744203],[108.11002928421024,34.339316976980768],[108.11009789787501,34.339564376270573],[108.11023127608297,34.339862402975236],[108.1104186211103,34.34019914002392],[108.1106923642416,34.340637168375473],[108.11084379976693,34.340997788555221],[108.11101325604545,34.341394169241461],[108.11103133052534,34.341471671153649],[108.11100993308902,34.341599893687814],[108.11088458895119,34.34194883869479],[108.11067658154343,34.342303820692564],[108.11050080507002,34.342569330168224],[108.11037879756623,34.342724476787005],[108.11024555009632,34.342943815186075],[108.1102336770755,34.342937506499652],[108.11021745040095,34.342928802892317],[108.11020108658485,34.342919941647203],[108.11018481076046,34.342911046965931],[108.11016847718511,34.342902035142025],[108.11015248609984,34.342893130283954],[108.11013613164508,34.342883937276952],[108.11012009357914,34.342874837737156],[108.11011935834296,34.342874417407145],[108.11051769464207,34.342243330643043],[108.11098928746392,34.34149616463101],[108.11099193594376,34.341491181551049],[108.11099413205282,34.34148434904332],[108.11099486722711,34.341477304209],[108.11099411349174,34.341470260724357],[108.11099189938525,34.341463432214347],[108.11099068758517,34.341460940719472],[108.11000486372122,34.339611858839575],[108.10971342829886,34.338289902209219],[108.10975113755919,34.33823895457855],[108.10981352806286,34.338154663365472],[108.10992796336144,34.338795310744203]]],[[[108.1104507682211,34.339411708242551],[108.11058050651815,34.339673959891478],[108.11076782399338,34.339989826262183],[108.11104862763338,34.340329458953256],[108.11120011528324,34.340728837816975],[108.11127989186956,34.341259465994341],[108.11134493647222,34.341521775526168],[108.1113469304093,34.343030394656942],[108.11122492488647,34.343185541202949],[108.11106743159958,34.343287592891535],[108.11104929363331,34.343281801106698],[108.11103124799089,34.343275965062929],[108.11101288693958,34.34326995171088],[108.11099495092239,34.343264002877348],[108.11097674298701,34.34325789021824],[108.11095883396135,34.343251801625492],[108.11094062365457,34.343245534810045],[108.11092276445444,34.343239314550772],[108.11090486057638,34.343233002378369],[108.11088686852872,34.343226583908532],[108.11086903839592,34.343220147259842],[108.11100842122119,34.343180070977169],[108.11115570208119,34.343111363567878],[108.11125623537939,34.343027791590607],[108.11126689668681,34.342935356745848],[108.11125947902863,34.342762437948394],[108.11125920733636,34.34255671770282],[108.11125828202609,34.341856074536366],[108.11126145584659,34.341537054877691],[108.11122167023103,34.34134925856543],[108.11118564013751,34.341283698670424],[108.11108429793963,34.34075308999963],[108.11093285397786,34.340386507718691],[108.11073122355043,34.340121339412754],[108.11060518090673,34.339936602926159],[108.11032766697606,34.339361430054325],[108.11029644307426,34.339228655647638],[108.1103608438393,34.339176385659187],[108.1104507682211,34.339411708242551]]],[[[108.11019679515412,34.344218835006309],[108.11018084611118,34.344639451971815],[108.11045174327887,34.345637998013004],[108.11041677106947,34.346380413450468],[108.11028358526761,34.34663955113534],[108.11015334290863,34.346643497866701],[108.11033984901316,34.346353380711406],[108.11036766754427,34.34563780518836],[108.1100788150343,34.344651200782351],[108.11008348525831,34.344192184612616],[108.11019679515412,34.344218835006309]]],[[[108.11003836326087,34.343003217089084],[108.11005512775901,34.343012640519298],[108.1100719410875,34.343022002602673],[108.11008880216302,34.343031306044566],[108.11010571315448,34.343040547237102],[108.11012266645649,34.343049727990071],[108.11013967185394,34.343058850999064],[108.10996572804969,34.343381199055884],[108.10996385026364,34.344696025605806],[108.1102742601348,34.345676648475809],[108.11023918489305,34.346341545713678],[108.11005269682904,34.34664654793238],[108.10990753240222,34.346650945933312],[108.11017830407549,34.346329617144676],[108.11018181894921,34.346324810931328],[108.11018449892616,34.34631949381297],[108.11018627158509,34.346313809474452],[108.11018708902333,34.346307911524065],[108.11021602162377,34.345673625065793],[108.11021591827911,34.345669063382175],[108.11021520752824,34.345664556224442],[108.1102139020678,34.345660184107039],[108.10984069320304,34.344651990679395],[108.10983254629289,34.344147701969611],[108.109819645879,34.343349246488245],[108.11003813921212,34.343003091083212],[108.11003836326087,34.343003217089084]]]]},"properties":{"FID":101,"OBJECTID":102,"Landuse_ty":"防护绿地","一类用":14,"二类用":1402,"二类_1":"防护绿地","ORIG_FID":21,"一类_1":"绿地与开敞空间用地","Shape_Leng":3576.5251322399999,"Shape_Area":16465.5321774,"Area":1646553.21774}},{"type":"Feature","id":102,"geometry":{"type":"Polygon","coordinates":[[[108.1103608438393,34.339176385659187],[108.11093391181734,34.33871126265678],[108.11093509961408,34.338712062997125],[108.11135195530152,34.33898361901376],[108.11287871583268,34.340124863166892],[108.11262543343805,34.341772076864757],[108.11196879449082,34.343489581529418],[108.11172014874056,34.34344919878022],[108.11170202267783,34.34344588705325],[108.1116828377006,34.34344231035282],[108.11166375481443,34.343438679467482],[108.11164499905455,34.343435041970508],[108.11162585619104,34.343431256079356],[108.11160690891515,34.343427438455116],[108.11158816374898,34.343423589993442],[108.11156911844536,34.343419608383321],[108.11155026438215,34.343415595044185],[108.11153144718668,34.343411516762004],[108.11151261033001,34.343407362770492],[108.11149368641028,34.34340311870735],[108.11147497438779,34.343398848305426],[108.11145617747354,34.343394486026952],[108.11143720869462,34.343390011216982],[108.11141863446436,34.343385559483529],[108.11139989380119,34.343380993410719],[108.11138116609013,34.343376357909257],[108.11136270790765,34.343371718553868],[108.11134390607889,34.343366918143246],[108.11132529115307,34.343362093219859],[108.11130652392336,34.343357153944083],[108.11128824149358,34.343352271919535],[108.1112695306078,34.343347200069296],[108.11125121972381,34.343342165714922],[108.11123260432427,34.34333697387541],[108.11121416387161,34.343331756632708],[108.11119568309587,34.343326453783241],[108.11117728485645,34.343321102176105],[108.11115910831738,34.343315740448645],[108.11114042176636,34.34331015471286],[108.11112227330852,34.343304655929444],[108.11110390403978,34.343299014008366],[108.11108571516401,34.343293355694207],[108.11106743159958,34.343287592891535],[108.11122492488647,34.343185541202949],[108.1113469304093,34.343030394656942],[108.11134493647222,34.341521775526168],[108.11127989186956,34.341259465994341],[108.11120011528324,34.340728837816975],[108.11104862763338,34.340329458953256],[108.11076782399338,34.339989826262183],[108.11058050651815,34.339673959891478],[108.1104507682211,34.339411708242551],[108.1103608438393,34.339176385659187]]]},"properties":{"FID":102,"OBJECTID":103,"Landuse_ty":"耕地","一类用":1,"二类用":103,"二类_1":"旱地","ORIG_FID":21,"一类_1":"耕地","Shape_Leng":1267.23762936,"Shape_Area":61829.390750300001,"Area":6182939.0750299999}},{"type":"Feature","id":103,"geometry":{"type":"Polygon","coordinates":[[[108.11304091308899,34.342927209583003],[108.11291689603021,34.343643556278302],[108.11206540889707,34.343505272647953],[108.11272000669554,34.341793108818628],[108.11272156030014,34.341787846349135],[108.11272190014392,34.341785979070487],[108.11296912902418,34.340178121292581],[108.11347265701998,34.340252402865623],[108.11328695218366,34.341056531356656],[108.11351043911266,34.341095453139843],[108.11367889337349,34.341124790596915],[108.1136429542095,34.341265757800237],[108.11321677928971,34.341928415229802],[108.11321443592537,34.341932609597791],[108.11321267224345,34.341937078770563],[108.11321151968734,34.341941743070478],[108.11310739315903,34.342543206872406],[108.11288314230943,34.342507905415566],[108.11280816722648,34.342886620540021],[108.11287719283615,34.342898658395939],[108.11304091308899,34.342927209583003]]]},"properties":{"FID":103,"OBJECTID":104,"Landuse_ty":"农村宅基地","一类用":7,"二类用":703,"二类_1":"农村宅基地","ORIG_FID":21,"一类_1":"居住用地","Shape_Leng":968.43055014100003,"Shape_Area":21593.951008200002,"Area":2159395.1008199998}},{"type":"Feature","id":104,"geometry":{"type":"Polygon","coordinates":[[[108.09572684748643,34.343763078005971],[108.09570077909446,34.34378623577549],[108.09531968915103,34.343726062653118],[108.09532415092191,34.343428631093516],[108.09540743216422,34.343285862799931],[108.09574799254312,34.342905148823384],[108.09664029012399,34.341870083764903],[108.09829015726362,34.340186548165775],[108.09849926504744,34.340211999313468],[108.09841670814278,34.340307216986233],[108.09780306459341,34.340912116298703],[108.09778993829565,34.34092705079437],[108.09566379701582,34.343730173674125],[108.09572684748643,34.343763078005971]]]},"properties":{"FID":104,"OBJECTID":105,"Landuse_ty":"防护绿地","一类用":14,"二类用":1402,"二类_1":"防护绿地","ORIG_FID":21,"一类_1":"绿地与开敞空间用地","Shape_Leng":1020.63799405,"Shape_Area":14633.829063699999,"Area":1463382.90637}},{"type":"Feature","id":105,"geometry":{"type":"Polygon","coordinates":[[[108.11420472467549,34.342054777750327],[108.1141698054163,34.342553405517542],[108.1140524611221,34.343827966167126],[108.11301301182557,34.343659165073483],[108.11324688136823,34.342308271184628],[108.11362321800577,34.342364863633527],[108.11372578944389,34.341953962945404],[108.11380545300381,34.341970732185928],[108.11420472467549,34.342054777750327]]]},"properties":{"FID":105,"OBJECTID":106,"Landuse_ty":"农村宅基地","一类用":7,"二类用":703,"二类_1":"农村宅基地","ORIG_FID":21,"一类_1":"居住用地","Shape_Leng":573.25411583699997,"Shape_Area":16203.439882299999,"Area":1620343.98823}},{"type":"Feature","id":106,"geometry":{"type":"Polygon","coordinates":[[[108.11619180279172,34.335961816747883],[108.11594961550141,34.336373529176349],[108.11541423700837,34.337729821819103],[108.11505731778527,34.339050423237261],[108.11502162582872,34.340656558944268],[108.11498593400295,34.343226377426625],[108.11448624752994,34.344939589118468],[108.11423640450116,34.345474967042023],[108.11422739425457,34.345479572995252],[108.11449511463101,34.342571550548477],[108.11482522821632,34.337857467243801],[108.11573426281504,34.336195004354771],[108.11582683590967,34.336176916050988],[108.11599341240139,34.336038418882673],[108.11615433055024,34.335966710380156],[108.11619180279172,34.335961816747883]]]},"properties":{"FID":106,"OBJECTID":107,"Landuse_ty":"耕地","一类用":1,"二类用":103,"二类_1":"旱地","ORIG_FID":21,"一类_1":"耕地","Shape_Leng":2183.3082289499998,"Shape_Area":38011.692478800003,"Area":3801169.2478800002}},{"type":"Feature","id":107,"geometry":{"type":"Polygon","coordinates":[[[108.09911088806004,34.34265577019324],[108.09915028051302,34.342669506610264],[108.09918970550568,34.342683177180142],[108.09922916195113,34.342696781903733],[108.09926865310973,34.342710320778352],[108.09930817680778,34.342723793805732],[108.09934773521668,34.34273719918113],[108.09938732399019,34.342750537809501],[108.09942694530291,34.342763810590554],[108.09946659915477,34.342777017524256],[108.09950628554461,34.342790157709068],[108.09954600447237,34.342803231144991],[108.09958575376434,34.342816237833752],[108.09962553559511,34.342829178675032],[108.09966534996252,34.342842051865823],[108.09970519360705,34.342854858310261],[108.09974506870121,34.342867597105048],[108.09978497524814,34.342880270954595],[108.09982491324347,34.342892876252954],[108.09986488051668,34.342905415706305],[108.09990487923812,34.342917886608419],[108.09994490941095,34.342930291663684],[108.09998496777246,34.342942629071793],[108.10002505649621,34.342954898830918],[108.10006517449635,34.342967101843428],[108.10010532938162,34.342979239004535],[108.10014550267071,34.342991305821947],[108.10018571067111,34.34300330678964],[108.10022594685861,34.343015239208533],[108.10026621123639,34.34302710578303],[108.10030650706155,34.34303890380599],[108.10034682998891,34.343050635083898],[108.10038718218986,34.343062297812004],[108.10042756149176,34.343073892893507],[108.10046797006817,34.343085420326638],[108.10050840574533,34.343096880113123],[108.10054887069684,34.343108272251158],[108.10058936166105,34.343119595841927],[108.1006298808126,34.343130851785077],[108.1006704281514,34.3431420400806],[108.10071100150373,34.34315316073026],[108.10075160304098,34.343164211929249],[108.1007593589124,34.343166308700532],[108.10079223059155,34.343175195482331],[108.10080380675684,34.343178304172682],[108.10083288415542,34.34318611138945],[108.10087356807865,34.34319695874553],[108.10091427366659,34.343207737557712],[108.10095500635438,34.343218448722965],[108.10099576722762,34.343229091338891],[108.10103655302578,34.343239665408149],[108.10107736374985,34.343250171832217],[108.1011181993965,34.343260607906586],[108.10115906214358,34.343270977235392],[108.10119994981308,34.343281276214491],[108.10124086132238,34.343291508450633],[108.10128179992861,34.343301671236702],[108.10132276019867,34.343311765478617],[108.10136374756658,34.343321791171888],[108.1014047598575,34.343331747416798],[108.10144579272514,34.343341635118392],[108.10148685160352,34.343351454272138],[108.10152793540576,34.343361204878953],[108.10156904086907,34.343370885138505],[108.10161017125712,34.343380497752555],[108.1016513254808,34.34339004091899],[108.10169250245322,34.343399514638698],[108.10173370108853,34.343408919814038],[108.10177492464604,34.343418255540797],[108.10181616877942,34.343427522724056],[108.10185743674799,34.343436720459586],[108.1018987274648,34.343445848748274],[108.10194003875614,34.343454907591919],[108.10198137496918,34.343463896986854],[108.10202273067085,34.343472817839093],[108.10206410803355,34.3434816692453],[108.10210550596821,34.343490449403426],[108.10214692665382,34.343499162819015],[108.10218836899803,34.343507804985556],[108.10222983191608,34.343516377706905],[108.10227131649471,34.343524880982102],[108.10231281838651,34.343533314814799],[108.10235434411237,34.343541679199511],[108.10239589041167,34.343549974138945],[108.10243745510961,34.343558198733398],[108.10247903929398,34.343566353883446],[108.10252064405154,34.343574439588153],[108.10256226937996,34.343582454044544],[108.10260391310993,34.343590400860322],[108.10264557849739,34.343598276426825],[108.1026872590224,34.343606081651004],[108.10272895903438,34.343613818332116],[108.1027706817915,34.343621484664467],[108.10281241859906,34.343629080655326],[108.10285417706474,34.343636606298304],[108.1028959517554,34.343644062499422],[108.10293774593143,34.343651449255887],[108.10297955632893,34.343658763866046],[108.10302138621273,34.34366600993301],[108.10306323340684,34.343673185655639],[108.10310509682323,34.343680290133349],[108.10314697863765,34.343687325167288],[108.10318887776211,34.343694289856828],[108.10323079202283,34.343701184203802],[108.10327272468017,34.343708008205439],[108.10331467356151,34.343714762765046],[108.10335663975026,34.343721445177238],[108.10339861998915,34.343728058149203],[108.10344061753744,34.343734600776699],[108.10348263022138,34.343741073061501],[108.10352466021344,34.343747474100333],[108.10356670425412,34.343753804797373],[108.10360876234331,34.343760065152637],[108.10365083882824,34.343766255162407],[108.10368557892672,34.343771306490765],[108.10349500254355,34.34456544992134],[108.10349341748801,34.344570393174656],[108.10349145277821,34.34457682238795],[108.10348957612173,34.344583267753414],[108.10348778860654,34.344589730171613],[108.1034860902371,34.344596213248479],[108.10348448318155,34.344602712474796],[108.10348296634864,34.344609224245531],[108.10348153865267,34.344615749463109],[108.10348020335306,34.344622287223295],[108.10347895719265,34.344628840233291],[108.10347780342201,34.34463540037703],[108.1034767398741,34.344641973065215],[108.10347576872375,34.344648559197502],[108.10347488887417,34.344655150661481],[108.10347409924297,34.344661751064002],[108.1034734009159,34.344668359502691],[108.10347279605892,34.344674969665327],[108.10347228250501,34.344681586962629],[108.10347185916956,34.344688213198481],[108.10347153038778,34.344694838452952],[108.10347129073102,34.344701467237996],[108.10347114454666,34.344708099549969],[108.10347108969206,34.344714760632115],[108.10347112932256,34.344721364841163],[108.10347126027952,34.34472799511596],[108.10347148252977,34.344734624412112],[108.10347179498314,34.344741250026104],[108.10347220199257,34.344747876461639],[108.10347269920075,34.344754495609124],[108.10347328769676,34.344761109270571],[108.10347396856857,34.344767718346539],[108.10347474289972,34.344774320131677],[108.10347560634062,34.344780912826685],[108.10347656215187,34.344787496428815],[108.10347761033678,34.34479407364249],[108.10347870604373,34.344800407416415],[108.10347983242376,34.344804997796672],[108.10348156243245,34.344809396363807],[108.10380370418778,34.345493146823024],[108.10379829812055,34.346153692730923],[108.10367159657108,34.345689118779099],[108.10317191049317,34.345082356274887],[108.10224392107823,34.344118674582361],[108.10149438980589,34.343583296113955],[108.09999533028126,34.343547604012812],[108.09888888051542,34.342940840920789],[108.09909539677133,34.342650336888809],[108.09911088806004,34.34265577019324]]]},"properties":{"FID":107,"OBJECTID":108,"Landuse_ty":"耕地","一类用":1,"二类用":103,"二类_1":"旱地","ORIG_FID":21,"一类_1":"耕地","Shape_Leng":1372.69226695,"Shape_Area":31465.4811992,"Area":3146548.11992}},{"type":"Feature","id":108,"geometry":{"type":"Polygon","coordinates":[[[108.11395738050533,34.344860653101463],[108.11388424819469,34.345654960922147],[108.1126302677837,34.34629588120599],[108.11102413235876,34.34661710931568],[108.11088204808412,34.346621415530905],[108.1108733132608,34.346374756067455],[108.11163723494681,34.344539828149045],[108.11395738050533,34.344860653101463]]]},"properties":{"FID":108,"OBJECTID":109,"Landuse_ty":"耕地","一类用":1,"二类用":103,"二类_1":"旱地","ORIG_FID":21,"一类_1":"耕地","Shape_Leng":848.12290305500005,"Shape_Area":42567.4902028,"Area":4256749.0202799998}},{"type":"Feature","id":109,"geometry":{"type":"Polygon","coordinates":[[[108.11078429191181,34.346624377940138],[108.11028358526761,34.34663955113534],[108.11041677106947,34.346380413450468],[108.11045174327887,34.345637998013004],[108.11018084611118,34.344639451971815],[108.11019679515412,34.344218835006309],[108.11072092977226,34.344342108318983],[108.11153623714017,34.344533858643459],[108.11077793418315,34.34635528840569],[108.11077635744356,34.34635995477575],[108.11077546532644,34.346364798869509],[108.11077527622837,34.346369720795884],[108.11078429191181,34.346624377940138]]]},"properties":{"FID":109,"OBJECTID":110,"Landuse_ty":"耕地","一类用":1,"二类用":103,"二类_1":"旱地","ORIG_FID":21,"一类_1":"耕地","Shape_Leng":691.73232027400002,"Shape_Area":18269.710603700001,"Area":1826971.0603700001}},{"type":"Feature","id":110,"geometry":{"type":"Polygon","coordinates":[[[108.10984629767594,34.346652801141659],[108.10873984889007,34.34700972002468],[108.10809739529857,34.347402330683551],[108.10734786402094,34.347081103337047],[108.10624141455204,34.346617108668759],[108.10563465241232,34.346581416723438],[108.10463527875169,34.34679556768058],[108.10389161429302,34.346476854480919],[108.1039583104008,34.346382449899444],[108.10565260273624,34.343984202478829],[108.10570480605247,34.343910307270832],[108.10660433060445,34.342636973619392],[108.10664058145784,34.342585657740365],[108.10829410485223,34.343088875821209],[108.10862488478192,34.343330328246552],[108.10973460344879,34.344140348972005],[108.10974298026679,34.344658885374088],[108.10974372784202,34.344665429448469],[108.10974512962113,34.344670249306795],[108.11011796113199,34.345677426493971],[108.11008988575918,34.34629291991277],[108.10980620994123,34.346629561797457],[108.10984629767594,34.346652801141659]]]},"properties":{"FID":110,"OBJECTID":111,"Landuse_ty":"耕地","一类用":1,"二类用":103,"二类_1":"旱地","ORIG_FID":21,"一类_1":"耕地","Shape_Leng":1735.27695135,"Shape_Area":185980.92108900001,"Area":18598092.108899999}},{"type":"Feature","id":111,"geometry":{"type":"Polygon","coordinates":[[[108.11327759580438,34.337897481285935],[108.11329063260531,34.33675065288606],[108.11413366795844,34.336916055351693],[108.11447854874501,34.337988045916084],[108.11327759580438,34.337897481285935]]]},"properties":{"FID":111,"OBJECTID":112,"Landuse_ty":"仓储用地","一类用":11,"二类用":1101,"二类_1":"物流仓储用地","ORIG_FID":21,"一类_1":"仓储用地","Shape_Leng":440.97767002199998,"Shape_Area":11356.5326831,"Area":1135653.26831}},{"type":"Feature","id":112,"geometry":{"type":"Polygon","coordinates":[[[108.10775941128369,34.321856720431832],[108.10711836927121,34.321860384768456],[108.10585459545749,34.321857293449391],[108.10538900561222,34.32133021178732],[108.10539724058161,34.321332034712448],[108.10540573154333,34.321332644020025],[108.10540845432321,34.321332578572893],[108.10797595023995,34.321211537296023],[108.10796865515353,34.321235225696675],[108.10795968471116,34.321264072960197],[108.10795063166292,34.321292902266087],[108.10794147978802,34.321321774027993],[108.10793227885581,34.321350523230578],[108.10792298125716,34.321379304970925],[108.10791361188538,34.321408043502451],[108.10790415450005,34.321436783913668],[108.10789461667913,34.321465504562234],[108.10788499733719,34.321494206350593],[108.10787530621145,34.321522856816728],[108.10786552599913,34.321551519981206],[108.1078556534486,34.321580202157243],[108.10784571236098,34.321608823091829],[108.10783570815741,34.321637373765348],[108.10782559646033,34.321665987636408],[108.10781539890819,34.321694592567233],[108.10780515232341,34.321723094771137],[108.10779478847979,34.3217516709989],[108.10778437018915,34.321780158928206],[108.10777384439301,34.321808701040119],[108.10776453881218,34.321833869628179],[108.10776333159829,34.321837219700974],[108.10776251768723,34.32183969949628],[108.10776033580662,34.321848095227111],[108.10775941128369,34.321856720431832]]]},"properties":{"FID":112,"OBJECTID":113,"Landuse_ty":"耕地","一类用":1,"二类用":103,"二类_1":"旱地","ORIG_FID":21,"一类_1":"耕地","Shape_Leng":560.62183017300003,"Shape_Area":13518.7655966,"Area":1351876.55966}},{"type":"Feature","id":113,"geometry":{"type":"Polygon","coordinates":[[[108.10981296670414,34.323484038822848],[108.10982123496487,34.323524528732946],[108.10953944281319,34.323524402465473],[108.10885988933966,34.32352409786612],[108.10885176734722,34.32348545129355],[108.10882657124505,34.323052993471222],[108.10880293105971,34.322647250586996],[108.10886889217838,34.322639439216267],[108.10893486532767,34.322631698115003],[108.10900085050541,34.322624025480224],[108.10906684662753,34.322616423115818],[108.10913285477957,34.322608890119362],[108.10919887496287,34.322601427392293],[108.10926490608868,34.322594033132596],[108.10933089275241,34.322586714601599],[108.10939700117324,34.322579453621202],[108.10946306513229,34.322572268369463],[108.10952914112222,34.322565152485538],[108.10959519220515,34.322558109608401],[108.10966132376382,34.322551129727415],[108.10972743150235,34.322544222852187],[108.10981296670414,34.323484038822848]]]},"properties":{"FID":113,"OBJECTID":114,"Landuse_ty":"仓储用地","一类用":11,"二类用":1101,"二类_1":"物流仓储用地","ORIG_FID":21,"一类_1":"仓储用地","Shape_Leng":380.87164323799999,"Shape_Area":8992.35431814,"Area":899235.43181400001}},{"type":"Feature","id":114,"geometry":{"type":"Polygon","coordinates":[[[108.11458240198958,34.329035808896407],[108.11465266415516,34.327838532291146],[108.11467625549136,34.327840717933199],[108.11471000792237,34.327843777506381],[108.11474376570054,34.327846772158509],[108.11477752665378,34.32784970279311],[108.11481130056285,34.327852570302483],[108.11484508307746,34.32785537198626],[108.11487886985354,34.327858109651459],[108.11491266415209,34.32786078419651],[108.11494646705721,34.327863393817431],[108.11498027748341,34.327865939416711],[108.1150140943428,34.327868420093871],[108.1150479176365,34.3278708367504],[108.11508174736444,34.327873189386295],[108.11511558461318,34.327875478000514],[108.11514942829476,34.327877701692621],[108.11518327514928,34.327879860465643],[108.11520473882119,34.327881188894267],[108.11514480605001,34.329071826587949],[108.11458240198958,34.329035808896407]]]},"properties":{"FID":114,"OBJECTID":115,"Landuse_ty":"城镇住宅用地","一类用":7,"二类用":701,"二类_1":"城镇住宅用地","ORIG_FID":21,"一类_1":"居住用地","Shape_Leng":368.10003138600001,"Shape_Area":6809.9282480700003,"Area":680992.824807}},{"type":"Feature","id":115,"geometry":{"type":"Polygon","coordinates":[[[108.11205929753616,34.324359271463358],[108.11266674789159,34.324386172424752],[108.11266690402292,34.324389173317705],[108.11266852577346,34.32442212643479],[108.11267007731956,34.324455395135288],[108.11267153731019,34.324488451169827],[108.11267291592804,34.324521596525869],[108.11267420972894,34.324554693279644],[108.1126754221436,34.324587869438595],[108.11267654857983,34.324620941104449],[108.11267759249847,34.324654058821672],[108.11267855169856,34.324687201858147],[108.11267942721719,34.324720333252152],[108.11268022124187,34.324753463819469],[108.11268092831307,34.324786573732503],[108.11268155504419,34.324819733300821],[108.11268209475297,34.324852820830387],[108.11268255309874,34.324886005794795],[108.11268292651201,34.324919056516201],[108.11268321758152,34.324952284003842],[108.11268342364961,34.324985325864027],[108.11268354644024,34.32501865897963],[108.11268358734561,34.325051699188457],[108.11268354155813,34.32508491436456],[108.11268341407435,34.32511797816651],[108.11268320091541,34.325151165550267],[108.11268290721769,34.325184254746318],[108.1126825256196,34.325217428762443],[108.11268206351508,34.32525052893088],[108.11268151456164,34.325283687775425],[108.11268088622552,34.325316800717182],[108.11268017311946,34.325349902017493],[108.11267937316899,34.32538306559983],[108.11267849166477,34.325416185084364],[108.11206700625495,34.325396909922716],[108.11205929753616,34.324359271463358]]]},"properties":{"FID":115,"OBJECTID":116,"Landuse_ty":"公园绿地","一类用":14,"二类用":1401,"二类_1":"公园绿地","ORIG_FID":21,"一类_1":"绿地与开敞空间用地","Shape_Leng":341.68968686099998,"Shape_Area":6501.0358006099996,"Area":650103.58006099996}},{"type":"Feature","id":116,"geometry":{"type":"Polygon","coordinates":[[[108.10703869556295,34.331359971084431],[108.1072859867209,34.33137076358458],[108.10777119914201,34.331384891062413],[108.10779485299948,34.332502412046701],[108.10779758134839,34.332631305309206],[108.10777214278146,34.332629282237377],[108.10772852208028,34.332625744440598],[108.10768481217463,34.332622128277805],[108.10764412783735,34.332618700554029],[108.1076033923453,34.332615207053514],[108.10756271872721,34.33261165849472],[108.10751980295359,34.33260784865837],[108.10747690013775,34.332603971184476],[108.1074339613757,34.332600023411509],[108.10739103774618,34.332596008900552],[108.10734823684673,34.332591940178055],[108.10730531631319,34.332587790412063],[108.10726251090087,34.332583584638314],[108.10721966084824,34.332579307671615],[108.10717682266859,34.33257496396989],[108.10713399310195,34.332570553535973],[108.10709114606351,34.332566072786776],[108.10704836415485,34.332561532467857],[108.10700556477343,34.332556920932184],[108.10701010216188,34.332392992422612],[108.10671165136097,34.332357187274987],[108.10675042293737,34.33134739011755],[108.10703869556295,34.331359971084431]]]},"properties":{"FID":116,"OBJECTID":117,"Landuse_ty":"教育用地","一类用":8,"二类用":804,"二类_1":"教育用地","ORIG_FID":21,"一类_1":"公共管理与公共服务用地","Shape_Leng":463.68109794999998,"Shape_Area":12581.6075882,"Area":1258160.7588200001}},{"type":"Feature","id":117,"geometry":{"type":"Polygon","coordinates":[[[108.10576475446929,34.337866877743892],[108.10667025061694,34.338042556286638],[108.10667504205031,34.338043368854322],[108.10668261340369,34.338044187113226],[108.10686394572784,34.338057098667313],[108.10670176271057,34.338710692959225],[108.10562615671277,34.338544664042743],[108.10502710708818,34.338434922799557],[108.1050369269331,34.338184650647676],[108.10505479576722,34.337729130497159],[108.10576475446929,34.337866877743892]]]},"properties":{"FID":117,"OBJECTID":118,"Landuse_ty":"教育用地","一类用":8,"二类用":804,"二类_1":"教育用地","ORIG_FID":21,"一类_1":"公共管理与公共服务用地","Shape_Leng":480.04148524200002,"Shape_Area":12281.7409625,"Area":1228174.0962499999}},{"type":"Feature","id":118,"geometry":{"type":"Polygon","coordinates":[[[108.10384482694296,34.336225217347696],[108.10368104215699,34.336584196146923],[108.10313658040029,34.336465623452014],[108.10230303221266,34.33628778070765],[108.10259091668249,34.335955700088832],[108.10331266221638,34.336110834999062],[108.10349997873118,34.336151096534799],[108.10384482694296,34.336225217347696]]]},"properties":{"FID":118,"OBJECTID":119,"Landuse_ty":"机关团体用地","一类用":8,"二类用":801,"二类_1":"机关团体用地","ORIG_FID":21,"一类_1":"公共管理与公共服务用地","Shape_Leng":338.14307951400002,"Shape_Area":5283.4591431400004,"Area":528345.91431400005}},{"type":"Feature","id":119,"geometry":{"type":"Polygon","coordinates":[[[108.11363957234374,34.339748759439111],[108.11401775603993,34.339795603991327],[108.11390601414561,34.340233924915204],[108.11352335871706,34.340177476189318],[108.11358175765588,34.339962041192777],[108.11302098837005,34.339869743633749],[108.11305773021893,34.339656030858521],[108.11363957234374,34.339748759439111]]]},"properties":{"FID":119,"OBJECTID":120,"Landuse_ty":"机关团体用地","一类用":8,"二类用":801,"二类_1":"机关团体用地","ORIG_FID":21,"一类_1":"公共管理与公共服务用地","Shape_Leng":276.20906292900003,"Shape_Area":3033.06747129,"Area":303306.74712900002}},{"type":"Feature","id":120,"geometry":{"type":"Polygon","coordinates":[[[108.11522868626631,34.332818155962073],[108.11521968009421,34.333063161897797],[108.1146411758035,34.333053239538913],[108.1146528622064,34.332884021399749],[108.11489266690062,34.332893814811527],[108.11489203272866,34.332806466343705],[108.11495985357251,34.332808680738928],[108.11498371500795,34.332809484995032],[108.11502764952084,34.332810964534033],[108.11509466420642,34.332813292297011],[108.11516167681832,34.332815690340823],[108.11522868626631,34.332818155962073]]]},"properties":{"FID":120,"OBJECTID":121,"Landuse_ty":"机关团体用地","一类用":8,"二类用":801,"二类_1":"机关团体用地","ORIG_FID":21,"一类_1":"公共管理与公共服务用地","Shape_Leng":162.03059874600001,"Shape_Area":1258.4159470899999,"Area":125841.594709}},{"type":"Feature","id":121,"geometry":{"type":"Polygon","coordinates":[[[108.10519960005954,34.330623599860758],[108.10521318320545,34.330835073176736],[108.10483761823856,34.330815664529318],[108.10463482809256,34.330805183349923],[108.10463427835796,34.330612712891998],[108.10519960005954,34.330623599860758]]]},"properties":{"FID":121,"OBJECTID":122,"Landuse_ty":"机关团体用地","一类用":8,"二类用":801,"二类_1":"机关团体用地","ORIG_FID":21,"一类_1":"公共管理与公共服务用地","Shape_Leng":150.20663658800001,"Shape_Area":1177.5334206099999,"Area":117753.342061}},{"type":"Feature","id":122,"geometry":{"type":"Polygon","coordinates":[[[108.1083113368917,34.325826091721723],[108.10810261474072,34.325836013050157],[108.10810149583519,34.325809970201284],[108.10810012228998,34.325776007149607],[108.10809883354639,34.325742080082193],[108.1080976261977,34.325708074513699],[108.10809650799564,34.325674104024181],[108.10809547454517,34.325640130755204],[108.10809452476305,34.325606157412174],[108.10809365746202,34.325572105567154],[108.10809288054408,34.325538205992743],[108.10809218610817,34.325504228817842],[108.10828788039284,34.325501143252012],[108.10829739550164,34.325632957763979],[108.1083113368917,34.325826091721723]]]},"properties":{"FID":122,"OBJECTID":123,"Landuse_ty":"机关团体用地","一类用":8,"二类用":801,"二类_1":"机关团体用地","ORIG_FID":21,"一类_1":"公共管理与公共服务用地","Shape_Leng":110.18158333300001,"Shape_Area":681.25353082599997,"Area":68125.353082600006}},{"type":"Feature","id":123,"geometry":{"type":"Polygon","coordinates":[[[108.11114949370914,34.337052920090279],[108.11074427021789,34.337510145204334],[108.1107393722568,34.337504357618549],[108.11073333751554,34.337499362560877],[108.11072634985527,34.337495313116669],[108.11072233859643,34.337493596718041],[108.1103950346166,34.33736901547897],[108.11041551390274,34.337341344084066],[108.11042889520081,34.33732659190111],[108.11044603212973,34.337307581338848],[108.1104630972681,34.337288526666335],[108.11048009279176,34.337269429684582],[108.11049701761519,34.337250291296108],[108.11051387390599,34.337231106991545],[108.11053065949658,34.337211881280311],[108.11054737330026,34.337192614163392],[108.11056401640028,34.337173302935419],[108.11058058880253,34.337153952103804],[108.11059709050232,34.337134558062651],[108.11061352041649,34.337115123517435],[108.11062987745593,34.337095646666185],[108.11064616379657,34.337076129309935],[108.11066237943722,34.337056570547226],[108.11067852329114,34.337036970379053],[108.11069459427404,34.33701733060942],[108.11071059238353,34.336997649435368],[108.11072651979313,34.336977926854985],[108.11074237324624,34.33695816557568],[108.11075815382959,34.336938365596474],[108.11114949370914,34.337052920090279]]]},"properties":{"FID":123,"OBJECTID":124,"Landuse_ty":"机关团体用地","一类用":8,"二类用":801,"二类_1":"机关团体用地","ORIG_FID":21,"一类_1":"公共管理与公共服务用地","Shape_Leng":195.356894694,"Shape_Area":2155.7169510799999,"Area":215571.69510800001}},{"type":"Feature","id":124,"geometry":{"type":"Polygon","coordinates":[[[108.10806174833499,34.328656314690974],[108.10794496428386,34.328656757542383],[108.10787258315317,34.328262312807034],[108.10799042222131,34.328260524083149],[108.10814488530883,34.328258180050469],[108.10820792670472,34.328655759217298],[108.10806174833499,34.328656314690974]]]},"properties":{"FID":124,"OBJECTID":125,"Landuse_ty":"社会福利用地","一类用":8,"二类用":807,"二类_1":"社会福利用地","ORIG_FID":21,"一类_1":"公共管理与公共服务用地","Shape_Leng":138.00573807800001,"Shape_Area":1083.7286083900001,"Area":108372.860839}},{"type":"Feature","id":125,"geometry":{"type":"Polygon","coordinates":[[[108.1057268288077,34.331223257890436],[108.10572910352427,34.331360380348137],[108.10572280163481,34.332066993446738],[108.10570837256567,34.332286894450327],[108.10529960634268,34.332251023275973],[108.10530172838737,34.332046452684168],[108.10530921171592,34.331325026335257],[108.1053105733592,34.33119374955637],[108.10559776941787,34.331214109222607],[108.1057268288077,34.331223257890436]]]},"properties":{"FID":125,"OBJECTID":126,"Landuse_ty":"社会福利用地","一类用":8,"二类用":807,"二类_1":"社会福利用地","ORIG_FID":21,"一类_1":"公共管理与公共服务用地","Shape_Leng":311.58493166099998,"Shape_Area":4540.6709550899996,"Area":454067.09550900001}},{"type":"Feature","id":126,"geometry":{"type":"Polygon","coordinates":[[[108.10214419213911,34.33938921811805],[108.10203524741233,34.33945080887149],[108.10193874624071,34.339505363928993],[108.10091745650243,34.340082723074268],[108.10034633460947,34.339995065492417],[108.10132904528525,34.339421815019804],[108.10156978491766,34.339313113333432],[108.10194466616117,34.339362782599558],[108.10214419213911,34.33938921811805]]]},"properties":{"FID":126,"OBJECTID":127,"Landuse_ty":"社会福利用地","一类用":8,"二类用":807,"二类_1":"社会福利用地","ORIG_FID":21,"一类_1":"公共管理与公共服务用地","Shape_Leng":379.33564790299999,"Shape_Area":5203.72027789,"Area":520372.02778900001}},{"type":"Feature","id":127,"geometry":{"type":"Polygon","coordinates":[[[108.10686394572784,34.338057098667313],[108.10728333005868,34.338086960406066],[108.10704177307041,34.339107439010036],[108.10660971256119,34.339035892200712],[108.10670176271057,34.338710692959225],[108.10686394572784,34.338057098667313]]]},"properties":{"FID":127,"OBJECTID":128,"Landuse_ty":"体育用地","一类用":8,"二类用":805,"二类_1":"体育用地","ORIG_FID":21,"一类_1":"公共管理与公共服务用地","Shape_Leng":305.71268498400002,"Shape_Area":4434.3172932699999,"Area":443431.72932699998}},{"type":"Feature","id":128,"geometry":{"type":"Polygon","coordinates":[[[108.11199728288214,34.328932184219482],[108.11221713374732,34.328942524896966],[108.11219618043995,34.329160691073895],[108.11198606308659,34.329147880413075],[108.11160869335201,34.329124872014233],[108.111624648442,34.328911535223838],[108.11199728288214,34.328932184219482]]]},"properties":{"FID":128,"OBJECTID":129,"Landuse_ty":"体育用地","一类用":8,"二类用":805,"二类_1":"体育用地","ORIG_FID":21,"一类_1":"公共管理与公共服务用地","Shape_Leng":156.832419843,"Shape_Area":1302.2258139800001,"Area":130222.58139799999}},{"type":"Feature","id":129,"geometry":{"type":"Polygon","coordinates":[[[108.10816182544933,34.33077194640201],[108.10827965823,34.330773533452664],[108.10828402735855,34.330965272106212],[108.10788441677805,34.330964699879615],[108.10787107177765,34.33096407338607],[108.10777230139222,34.330959435681365],[108.10779570665287,34.330698344989742],[108.1081596169191,34.330697935777287],[108.10816182544933,34.33077194640201]]]},"properties":{"FID":129,"OBJECTID":130,"Landuse_ty":"体育用地","一类用":8,"二类用":805,"二类_1":"体育用地","ORIG_FID":21,"一类_1":"公共管理与公共服务用地","Shape_Leng":149.97007260300001,"Shape_Area":1261.1703599800001,"Area":126117.03599800001}},{"type":"Feature","id":130,"geometry":{"type":"Polygon","coordinates":[[[108.11001505887833,34.328304552492966],[108.11053693457986,34.32830400323472],[108.11053690611857,34.32905951754362],[108.1100207800569,34.329028042794768],[108.11001661286488,34.328501110307151],[108.11001505887833,34.328304552492966]]]},"properties":{"FID":130,"OBJECTID":131,"Landuse_ty":"医疗卫生用地","一类用":8,"二类用":806,"二类_1":"医疗卫生用地","ORIG_FID":21,"一类_1":"公共管理与公共服务用地","Shape_Leng":259.71842638800001,"Shape_Area":3917.5898045499998,"Area":391758.98045500001}},{"type":"Feature","id":131,"geometry":{"type":"Polygon","coordinates":[[[108.10813000463571,34.33447973555193],[108.10809955047895,34.334641309719494],[108.1079361657191,34.335508150662726],[108.10732290182263,34.335366737923337],[108.10695079199577,34.335280931449724],[108.10698156060465,34.335154558352649],[108.10714296537348,34.334491624651932],[108.10718630552824,34.334319138723728],[108.10795322319535,34.334444656219219],[108.10813000463571,34.33447973555193]]]},"properties":{"FID":131,"OBJECTID":132,"Landuse_ty":"医疗卫生用地","一类用":8,"二类用":806,"二类_1":"医疗卫生用地","ORIG_FID":21,"一类_1":"公共管理与公共服务用地","Shape_Leng":407.108268888,"Shape_Area":10251.9247693,"Area":1025192.47693}},{"type":"Feature","id":132,"geometry":{"type":"Polygon","coordinates":[[[108.1090193552983,34.331928497678796],[108.10946639502532,34.331930718595608],[108.10967984082299,34.33193177796732],[108.10966982406869,34.332240908654938],[108.10885786790358,34.332234651139885],[108.10885426488707,34.332158405209277],[108.10885832446145,34.331927697979282],[108.1090193552983,34.331928497678796]]]},"properties":{"FID":132,"OBJECTID":133,"Landuse_ty":"医疗卫生用地","一类用":8,"二类用":806,"二类_1":"医疗卫生用地","ORIG_FID":21,"一类_1":"公共管理与公共服务用地","Shape_Leng":218.685888691,"Shape_Area":2574.33794266,"Area":257433.79426600001}},{"type":"Feature","id":133,"geometry":{"type":"Polygon","coordinates":[[[108.10526581928386,34.332621582077905],[108.10528521980505,34.332509356159427],[108.10531781022955,34.332511782870192],[108.10535610309,34.332514704087316],[108.10539430257413,34.332517685772117],[108.10543251409899,34.332520735045762],[108.10547074310146,34.332523854608006],[108.1055089439332,34.332527038187784],[108.10554714485471,34.332530291169668],[108.1055854154193,34.332533618001072],[108.10562352413704,34.332536997246081],[108.10566170032578,34.332540451243972],[108.10569979074566,34.332543965703273],[108.10573802797117,34.332547560255847],[108.10577617725349,34.332551214370227],[108.10581431793052,34.332554936091292],[108.10585244782901,34.332558725420924],[108.10589056912241,34.332562582357248],[108.10592867963517,34.332566505099201],[108.10596479373997,34.332570287122671],[108.1060045431457,34.332576072687139],[108.10604648580089,34.332582112360264],[108.10608841968461,34.332588085316942],[108.10613036762051,34.332593994241854],[108.10617232960846,34.332599839135007],[108.10621430347503,34.332605619998276],[108.10625629030676,34.332611336830681],[108.1062982890181,34.332616990534632],[108.10634030069328,34.332622579306232],[108.10638232533451,34.332628104948427],[108.10638721838212,34.332628740749705],[108.10637633639448,34.332755335369008],[108.10625224320682,34.332740390159849],[108.10526581928386,34.332621582077905]]]},"properties":{"FID":133,"OBJECTID":134,"Landuse_ty":"商业用地","一类用":9,"二类用":901,"二类_1":"商业用地","ORIG_FID":21,"一类_1":"商业服务业用地","Shape_Leng":232.23492449299999,"Shape_Area":1449.45369637,"Area":144945.369637}},{"type":"Feature","id":134,"geometry":{"type":"Polygon","coordinates":[[[108.10657981046744,34.33355534784431],[108.10638921362539,34.333524042856432],[108.10652882302224,34.332998493799373],[108.10652955700085,34.332995422714177],[108.10653063986946,34.332988103543684],[108.1065478658705,34.332787705397287],[108.10655964289718,34.332650691560211],[108.10659540252711,34.332655111053654],[108.10663842442591,34.332660359886404],[108.1066814571124,34.332665541984987],[108.10672450167429,34.332670658249917],[108.10676756136814,34.332675705973905],[108.10681062750264,34.332680686967464],[108.10685370768334,34.332685600322499],[108.10689679865236,34.332690447844783],[108.1069399004062,34.332695226829856],[108.10698301077365,34.332699939082573],[108.10702613410248,34.332704585500615],[108.10706926712915,34.332709163382376],[108.10711241202917,34.33271367452889],[108.10715556336903,34.332718118944932],[108.10719872766761,34.33272249572326],[108.10724190166474,34.332726804866759],[108.10728508318924,34.332731048180264],[108.10732827658543,34.332735223857014],[108.10737147967875,34.332739330997391],[108.10741468921245,34.332743372308713],[108.10745791061639,34.332747345081735],[108.10750113954721,34.332751252024728],[108.10754437491467,34.332755090434212],[108.10758538551094,34.332758668451788],[108.10762640255362,34.332762186050715],[108.10766742930268,34.332765643228058],[108.10771143597766,34.332769283475869],[108.10775545452115,34.332772854283334],[108.10779948058517,34.332776354752788],[108.10784351417075,34.332779785785675],[108.10788755528013,34.332783149184969],[108.10793160499522,34.332786441343771],[108.1079756622304,34.332789663164526],[108.10801972807455,34.332792816449221],[108.10806380035076,34.332795898495299],[108.10810787688781,34.33279891110768],[108.1081519642069,34.332801855182062],[108.10819605578433,34.332804728019731],[108.10824015379566,34.332807531421771],[108.10828313995295,34.332810196061381],[108.10827779279791,34.332955999228105],[108.10824577883618,34.333828965545337],[108.10807721819927,34.333801282086185],[108.10808663176711,34.333456906907152],[108.1081007950748,34.332938781344623],[108.10673923614341,34.332806323818573],[108.10671624080285,34.333029444357464],[108.10657981046744,34.33355534784431]]]},"properties":{"FID":134,"OBJECTID":135,"Landuse_ty":"商业用地","一类用":9,"二类用":901,"二类_1":"商业用地","ORIG_FID":21,"一类_1":"商业服务业用地","Shape_Leng":711.13170204899995,"Shape_Area":5366.8138855200004,"Area":536681.38855200005}},{"type":"Feature","id":135,"geometry":{"type":"Polygon","coordinates":[[[108.10852918839248,34.333499718994005],[108.10835597586548,34.333492069157657],[108.10836471512606,34.33325380614027],[108.10837586904019,34.332949694950742],[108.10838077301348,34.332815998169906],[108.10841459640214,34.33281793526335],[108.10845772024132,34.332820337388611],[108.10850084617157,34.332822673688661],[108.10854397853832,34.332824943258167],[108.10858711734153,34.332827146097124],[108.10863026040768,34.332829282207456],[108.10867340882105,34.332831349785224],[108.10871655932613,34.332833352439266],[108.10875971626491,34.332835286559742],[108.10880287638072,34.332837154854047],[108.10884604184567,34.332838956418719],[108.1088892104851,34.332840690354253],[108.1089323823001,34.332842357562072],[108.10897697548322,34.33284401086906],[108.10902157292266,34.332845592938959],[108.10906617787835,34.332847103768849],[108.10911078274221,34.332848542464056],[108.1091553929499,34.332849910822674],[108.10920000524008,34.332851207946121],[108.10924462395822,34.332852432929066],[108.10928923932401,34.332853585780171],[108.10933386112104,34.332854669195221],[108.10937848608447,34.332855679571139],[108.10942311095643,34.332856618713841],[108.10946773791019,34.332857486621357],[108.10951236803353,34.332858284194209],[108.10955699697605,34.33285900873183],[108.10959924811696,34.332859629907958],[108.10964150134971,34.332860187963909],[108.10968375341183,34.332860681099653],[108.10972600647892,34.332861111116195],[108.1097682616364,34.332861477111088],[108.10981051670963,34.332861778184792],[108.10985277278873,34.332862017040767],[108.10989652298134,34.332862195043553],[108.10994027308705,34.332862306321147],[108.10998402527562,34.33286234816714],[108.1100277599878,34.332862321500592],[108.11007153047099,34.332862226273647],[108.11011527913202,34.332862063439585],[108.11015903096215,34.332861831172941],[108.11020278052902,34.3328615303801],[108.11024653109261,34.332861161058119],[108.11029027939274,34.332860723209933],[108.11033402651599,34.332860216834575],[108.11037777354893,34.332859641931059],[108.11042151831928,34.332858999402838],[108.11046526191124,34.332858287445958],[108.11050900215253,34.332857506963869],[108.11055274230428,34.332856658855114],[108.11059648019062,34.332855741318689],[108.11064021472598,34.332854755257067],[108.1106839480848,34.332853701569768],[108.11072767917788,34.332852578454805],[108.11077140800754,34.332851387715152],[108.11081513348577,34.332850128450296],[108.11085885561128,34.3328487997588],[108.11090257547185,34.332847402541127],[108.11094629089517,34.332845937700725],[108.11099000405333,34.332844404334175],[108.11103371277287,34.332842802443444],[108.11107741705364,34.332841132028534],[108.11112112015563,34.332839393086473],[108.11116554142305,34.332837554313912],[108.1112099593368,34.332835646114198],[108.11125437280776,34.332833666685353],[108.11129878292368,34.332831616927891],[108.11134318642438,34.332829496844766],[108.11138758548074,34.332827304631046],[108.11143197900836,34.332825042090683],[108.11147636700831,34.332822710125171],[108.11152075273696,34.332820306027116],[108.1115651285898,34.332817831606405],[108.11160950000131,34.332815287759566],[108.1116538680545,34.33281267178117],[108.11169822623154,34.332809985480139],[108.11174257779238,34.332807228853532],[108.11178692491025,34.332804401899331],[108.11180998888138,34.332802894299867],[108.11178761808405,34.332835433871658],[108.11176056141912,34.332841704934062],[108.11173846859714,34.332848696252547],[108.11142229293556,34.332934017500797],[108.11140874591496,34.332936190677692],[108.11139302064623,34.332938786826475],[108.11137730959875,34.332941455078824],[108.11136328046751,34.332943916261833],[108.1113615780081,34.332944202678242],[108.11134599209656,34.332946998823161],[108.11133959547985,34.332948356861628],[108.11133029764049,34.332949889720375],[108.11131466303438,34.332952843664863],[108.11129904916945,34.332955869707071],[108.1112834582166,34.332958966042021],[108.11126788583033,34.332962133575165],[108.11125233201052,34.332965372306511],[108.11123680327849,34.332968683131625],[108.11122129636937,34.332972062447553],[108.11120581020117,34.332975513861221],[108.11119034803158,34.332979035566701],[108.1111749131218,34.332982628462538],[108.11115950003476,34.332986289849224],[108.11114410768852,34.332990023333664],[108.11112874477297,34.332993826203563],[108.11111340368247,34.332997699367304],[108.11109809093706,34.333001642818957],[108.11108280327431,34.333005654758566],[108.11106754395783,34.3330097378876],[108.1110523097251,34.333013890406065],[108.11103710600952,34.333018112309055],[108.11102193063533,34.333022401795589],[108.1110067803472,34.333026762474539],[108.11099166274713,34.333031190733124],[108.11097653438543,34.333035700132939],[108.11096151366581,34.333040256310376],[108.110946485441,34.333044890921698],[108.11093148664646,34.333049594918585],[108.110916520541,34.333054367396642],[108.11090158603673,34.333059207455356],[108.11088668313481,34.333064115996237],[108.1108718129219,34.333069093018324],[108.11085697756896,34.333074136716682],[108.11084217707597,34.333079247091341],[108.11082740492631,34.333084426852636],[108.11081267089781,34.333089674188763],[108.11079797390136,34.333094987297777],[108.11078330959253,34.333100367986567],[108.11076868340358,34.333105815348773],[108.11075408990102,34.333111329389318],[108.11073953560496,34.333116910102291],[108.11072501942631,34.33312255568574],[108.11071054028311,34.333128269746588],[108.11069609708389,34.333134048679923],[108.11068169634878,34.333139892479835],[108.11066733047323,34.333145802956174],[108.11065300489075,34.333151780104089],[108.11063872068321,34.333157820316629],[108.11064071557348,34.332989586713559],[108.11000169648341,34.333001851007879],[108.10950931513982,34.332999311112715],[108.10931523565911,34.332996502414218],[108.10855930809748,34.332958835760927],[108.10852918839248,34.333499718994005]]]},"properties":{"FID":135,"OBJECTID":136,"Landuse_ty":"商业用地","一类用":9,"二类用":901,"二类_1":"商业用地","ORIG_FID":21,"一类_1":"商业服务业用地","Shape_Leng":793.29186627499996,"Shape_Area":5902.9706021000002,"Area":590297.06021000003}},{"type":"Feature","id":136,"geometry":{"type":"Polygon","coordinates":[[[108.10639196887566,34.332346881131947],[108.10639175719245,34.332374600078232],[108.10639162918338,34.332402318951694],[108.10639158922369,34.332430060285567],[108.10639163614258,34.332457757371238],[108.10639175967826,34.33248330706062],[108.10636767375117,34.33248014124581],[108.1063259773357,34.332474594579317],[108.106284293884,34.332468982980679],[108.10624262122617,34.332463309156232],[108.10620096370677,34.332457571299258],[108.10615931589363,34.332451770315956],[108.10611773212875,34.33244591246963],[108.10607606351221,34.332439978056726],[108.10603445568404,34.332433986783641],[108.10599277495791,34.332427918933547],[108.10598864601087,34.332427402352216],[108.10595027246191,34.332423384299283],[108.10591179575457,34.332419424018383],[108.10587330935454,34.332415530443413],[108.10583481217728,34.332411705378284],[108.10579630639492,34.332407947919592],[108.10575779200738,34.332404258067385],[108.10571926684122,34.332400635823475],[108.10568073415637,34.332397081185071],[108.10564219069269,34.332393594154972],[108.10560363862348,34.33239017473128],[108.10556508012311,34.332386823813628],[108.10552650975585,34.33238353960369],[108.10548793295725,34.332380323899777],[108.10544934646605,34.332377175803181],[108.10541075463,34.33237409621163],[108.1053721552734,34.332371083324048],[108.10533354405058,34.332368138045631],[108.10529841930921,34.33236552240399],[108.10529960634268,34.332251023275973],[108.10570837256567,34.332286894450327],[108.10624023106104,34.332333566363879],[108.10627286002827,34.332336429104352],[108.10639196887566,34.332346881131947]]]},"properties":{"FID":136,"OBJECTID":137,"Landuse_ty":"商业用地","一类用":9,"二类用":901,"二类_1":"商业用地","ORIG_FID":21,"一类_1":"商业服务业用地","Shape_Leng":230.421247311,"Shape_Area":1319.5718514800001,"Area":131957.18514799999}},{"type":"Feature","id":137,"geometry":{"type":"Polygon","coordinates":[[[108.10701010216188,34.332392992422612],[108.10700556477343,34.332556920932184],[108.10696277617994,34.332552243563953],[108.10691999620111,34.332547500365067],[108.10687723026817,34.332542689527848],[108.10683447295007,34.332537812859982],[108.10679177097877,34.332532873926688],[108.10674899502226,34.332527859318517],[108.10670627332489,34.332522781544384],[108.10666356133062,34.332517638840194],[108.10662086229726,34.332512429400182],[108.10657817405159,34.332507153226217],[108.10656580457642,34.332505604427446],[108.10656563802284,34.332484748791451],[108.10656550450911,34.332457365497042],[108.10656545806428,34.332430088501603],[108.10656549718669,34.332402589667048],[108.1065656224656,34.332375335058948],[108.10656583340391,34.332347931631709],[108.10656613034236,34.332320648928068],[108.10656651302213,34.332293282311866],[108.10656697944076,34.332265967007153],[108.10656753384912,34.332238627285726],[108.10656817301786,34.332211287490409],[108.1065688980883,34.332183990891359],[108.10656971107984,34.332156615786751],[108.10657060676189,34.332129322644882],[108.10657159036371,34.332101950095968],[108.10657265452018,34.332074689260594],[108.10657381298063,34.332047241736255],[108.10657505098982,34.332019969931522],[108.10657637908723,34.331992615111929],[108.10657778877204,34.331965329635295],[108.10657928856543,34.331937977370444],[108.10658086886851,34.331910701661322],[108.10658253498913,34.331883403340349],[108.10658429128193,34.331856088714069],[108.10658613017772,34.331828787537965],[108.10658805492388,34.331801489892911],[108.10659007087159,34.331774130867572],[108.106594977711,34.331708384226843],[108.10659980295266,34.331642566439179],[108.10660454342113,34.33157674421701],[108.10660920128879,34.331510916656974],[108.10661377438593,34.331445086465408],[108.10661826053945,34.331379253644229],[108.10662076999603,34.331341730879387],[108.10675042293737,34.33134739011755],[108.10671165136097,34.332357187274987],[108.10701010216188,34.332392992422612]]]},"properties":{"FID":137,"OBJECTID":138,"Landuse_ty":"商业用地","一类用":9,"二类用":901,"二类_1":"商业用地","ORIG_FID":21,"一类_1":"商业服务业用地","Shape_Leng":340.063619996,"Shape_Area":2216.6152746500002,"Area":221661.52746499999}},{"type":"Feature","id":138,"geometry":{"type":"Polygon","coordinates":[[[108.10815833283691,34.331046226285054],[108.10828506178444,34.331046407274108],[108.1082665856443,34.331883299918736],[108.10824936312628,34.332663457487023],[108.10820950685964,34.332660923489051],[108.10816574464936,34.332658072000704],[108.10812199104521,34.332655150173544],[108.10807824170294,34.33265215981438],[108.10803450205603,34.332649100918417],[108.10799076884224,34.332645971685558],[108.107947042064,34.332642773918799],[108.10790332280691,34.332639506715701],[108.10785961976455,34.332636170068625],[108.10781590576886,34.332632763099994],[108.10779758134839,34.332631305309206],[108.10779485299948,34.332502412046701],[108.10812070867242,34.332528876250095],[108.10815833283691,34.331046226285054]]]},"properties":{"FID":138,"OBJECTID":139,"Landuse_ty":"商业用地","一类用":9,"二类用":901,"二类_1":"商业用地","ORIG_FID":21,"一类_1":"商业服务业用地","Shape_Leng":441.73158836599998,"Shape_Area":2551.5071701799998,"Area":255150.717018}},{"type":"Feature","id":139,"geometry":{"type":"Polygon","coordinates":[[[108.10967984082299,34.33193177796732],[108.1098323303635,34.331932534665874],[108.10980672528228,34.332717508453428],[108.10976991570453,34.332717246669816],[108.10972797902083,34.332716883094484],[108.1096860748558,34.332716456371955],[108.10964410758265,34.332715967489349],[108.10960217173931,34.332715413657546],[108.10956018147799,34.332714794953382],[108.10951594056679,34.332714077281665],[108.10947164739954,34.332713285719173],[108.10942731067449,34.33271242386401],[108.10938306296813,34.3327114924992],[108.10933877604977,34.332710489936332],[108.10929448903771,34.332709414337522],[108.10925020519797,34.332708270207263],[108.10920592561384,34.332707054840128],[108.10916164811086,34.332705767336577],[108.10911733248196,34.332704407732464],[108.10907310261598,34.332702981326285],[108.10902883462313,34.332701481918036],[108.10898451220326,34.332699909522219],[108.10894028097891,34.332698269418081],[108.10889745808122,34.332696616326366],[108.1088546144497,34.332694894725478],[108.10881177290712,34.332693106398096],[108.10876894649492,34.332691252234142],[108.10872610587398,34.332689333161113],[108.10868327820677,34.332687345548997],[108.10864050588097,34.332685294769078],[108.10859767478694,34.332683174612249],[108.1085548207876,34.33268098684961],[108.10851201452205,34.332678735024459],[108.10846914622736,34.332676412923725],[108.10842641043482,34.332674032094346],[108.10842303168792,34.332673838562847],[108.1084395482326,34.331925615691077],[108.10857996147563,34.331926314326573],[108.1085771589949,34.332540398096633],[108.10965899238727,34.332575212130401],[108.10966982406869,34.332240908654938],[108.10967984082299,34.33193177796732]]]},"properties":{"FID":139,"OBJECTID":140,"Landuse_ty":"商业用地","一类用":9,"二类用":901,"二类_1":"商业用地","ORIG_FID":21,"一类_1":"商业服务业用地","Shape_Leng":563.66854901399995,"Shape_Area":3946.5014237700002,"Area":394650.14237700001}},{"type":"Feature","id":140,"geometry":{"type":"Polygon","coordinates":[[[108.1109484002984,34.331938067947789],[108.11107607550312,34.33193870043813],[108.11106865759821,34.332697076889424],[108.11102587376658,34.332698712210345],[108.11098249219751,34.332700302082493],[108.11093904207917,34.332701826193208],[108.1108957200928,34.332703278053934],[108.11085232847068,34.332704664154221],[108.11080893675819,34.33270598262807],[108.11076559385258,34.332707230726825],[108.11072213675992,34.332708414908296],[108.11067873608229,34.332709529609268],[108.11063529727966,34.332710575816691],[108.11059192141359,34.332711553439253],[108.11054851285847,34.332712464366317],[108.11050510095249,34.332713306768404],[108.11046172155628,34.332714080613172],[108.11041827252416,34.332714787795716],[108.11037485600079,34.332715425519467],[108.11033137853637,34.332715997474544],[108.11028801834101,34.332716498993008],[108.1102445982891,34.332716932938887],[108.1102011781483,34.332717299258313],[108.11015778725795,34.332717597023439],[108.11011433325248,34.332717828120281],[108.1100709095832,34.33271798976034],[108.11002743366585,34.332718084722309],[108.10998406306715,34.332718111061645],[108.10994064021941,34.332718069821404],[108.10990454590036,34.332717977816159],[108.10993015117838,34.33193302023566],[108.11005703744081,34.331933649989253],[108.11005837632185,34.332598586249603],[108.11094567162542,34.332600885787819],[108.1109484002984,34.331938067947789]]]},"properties":{"FID":140,"OBJECTID":141,"Landuse_ty":"商业用地","一类用":9,"二类用":901,"二类_1":"商业用地","ORIG_FID":21,"一类_1":"商业服务业用地","Shape_Leng":530.76097804699998,"Shape_Area":3118.5254330600001,"Area":311852.54330600001}},{"type":"Feature","id":141,"geometry":{"type":"Polygon","coordinates":[[[108.11204636304856,34.332541031304878],[108.11204672426543,34.332564246832838],[108.11204699723966,34.332587295667324],[108.11204718557396,34.332610435628816],[108.11204729168979,34.332633853321809],[108.11204729648604,34.332641547463702],[108.11203737714864,34.332642291246856],[108.11199338056802,34.332645518229015],[108.11194946864575,34.332648670295008],[108.11190543818927,34.332651760251323],[108.11186144457977,34.332654777138146],[108.11181742262006,34.332657723719471],[108.11177349835933,34.332660595372843],[108.11172942187765,34.332663404947084],[108.1116853170485,34.332666146018717],[108.11164137511358,34.332668807595574],[108.11159734180742,34.33267140343176],[108.11155323125463,34.332673931711362],[108.11150923796177,34.33267638504531],[108.11146520762969,34.332678770786046],[108.11142115329392,34.332681085315748],[108.1113770771303,34.332683330435358],[108.11133302586629,34.332685506102372],[108.11128895494562,34.332687610554359],[108.11124487958436,34.332689645580437],[108.11120082368721,34.332691609355926],[108.11116650165214,34.332693083789948],[108.11117387350818,34.331939184133631],[108.11128614175612,34.331939740242774],[108.11129424816978,34.332570755685083],[108.11193460482068,34.332545448000523],[108.11204636304856,34.332541031304878]]]},"properties":{"FID":141,"OBJECTID":142,"Landuse_ty":"商业用地","一类用":9,"二类用":901,"二类_1":"商业用地","ORIG_FID":21,"一类_1":"商业服务业用地","Shape_Leng":325.66597149500001,"Shape_Area":1772.1111523,"Area":177211.11523}},{"type":"Feature","id":142,"geometry":{"type":"Polygon","coordinates":[[[108.10637633639448,34.332755335369008],[108.10635766207034,34.332972594261605],[108.106218482111,34.333496523693277],[108.10607840007077,34.333474392044494],[108.10622303899459,34.332945915467846],[108.10625224320682,34.332740390159849],[108.10637633639448,34.332755335369008]]]},"properties":{"FID":142,"OBJECTID":143,"Landuse_ty":"商业用地","一类用":9,"二类用":901,"二类_1":"商业用地","ORIG_FID":21,"一类_1":"商业服务业用地","Shape_Leng":191.407767791,"Shape_Area":1057.3610039499999,"Area":105736.100395}},{"type":"Feature","id":143,"geometry":{"type":"MultiPolygon","coordinates":[[[[108.1046565904952,34.334553825249834],[108.10461378619627,34.334687773293602],[108.10349264792401,34.334366589643068],[108.1035651720869,34.334238083435338],[108.1046565904952,34.334553825249834]]],[[[108.10581408308892,34.335018802687522],[108.10566530486089,34.334984492763844],[108.1056291383792,34.334976152809666],[108.1055846115807,34.334965884572959],[108.10470648288243,34.334714328338023],[108.10474022654169,34.334608731492196],[108.10474855636433,34.33458266884773],[108.10567175223487,34.334823230201685],[108.10592523928696,34.333913562393157],[108.10602300531018,34.333548230796495],[108.10605533763928,34.333553339441437],[108.10619742624337,34.333575788500596],[108.10581408308892,34.335018802687522]]]]},"properties":{"FID":143,"OBJECTID":144,"Landuse_ty":"商业用地","一类用":9,"二类用":901,"二类_1":"商业用地","ORIG_FID":21,"一类_1":"商业服务业用地","Shape_Leng":783.51836542399997,"Shape_Area":5879.8544856799999,"Area":587985.44856799999}},{"type":"Feature","id":144,"geometry":{"type":"Polygon","coordinates":[[[108.10345094612914,34.334440478754075],[108.10463117654672,34.334778589905632],[108.10555409762435,34.335042978525692],[108.10555696312801,34.335043717974841],[108.10564221547364,34.335063377885341],[108.10579031878699,34.335097532463273],[108.10532459040049,34.336459449256857],[108.10513862785265,34.336419481433182],[108.10509730902604,34.336410601253505],[108.10517356060362,34.336186825104519],[108.10549843439043,34.335233407646037],[108.10513602888635,34.335124707694526],[108.10336465144421,34.334593382490837],[108.10345094612914,34.334440478754075]]]},"properties":{"FID":144,"OBJECTID":145,"Landuse_ty":"商业用地","一类用":9,"二类用":901,"二类_1":"商业用地","ORIG_FID":21,"一类_1":"商业服务业用地","Shape_Leng":769.17738852800005,"Shape_Area":7578.8390533600004,"Area":757883.90533600003}},{"type":"Feature","id":145,"geometry":{"type":"Polygon","coordinates":[[[108.1056825014622,34.336520280242517],[108.10549459675465,34.336490835823405],[108.10595784309854,34.335136164844975],[108.10614912354316,34.335180275443058],[108.10776628969559,34.335553187739521],[108.10791865375313,34.335588321308173],[108.10760444148742,34.336821425673413],[108.1074488907875,34.3367970536966],[108.10751994059542,34.336518616655631],[108.1077310608554,34.335691249047599],[108.1061007840911,34.335319094985238],[108.1056825014622,34.336520280242517]]]},"properties":{"FID":145,"OBJECTID":146,"Landuse_ty":"商业用地","一类用":9,"二类用":901,"二类_1":"商业用地","ORIG_FID":21,"一类_1":"商业服务业用地","Shape_Leng":935.12083671100004,"Shape_Area":7277.7236032600003,"Area":727772.36032600002}},{"type":"Feature","id":146,"geometry":{"type":"Polygon","coordinates":[[[108.10657151644187,34.333636687635483],[108.10620596954293,34.334994824784275],[108.10698156060465,34.335154558352649],[108.10695079199577,34.335280931449724],[108.106176989986,34.33510249220366],[108.10598184966304,34.335057491620994],[108.10636816331893,34.333603286953689],[108.10657151644187,34.333636687635483]]]},"properties":{"FID":146,"OBJECTID":147,"Landuse_ty":"商业用地","一类用":9,"二类用":901,"二类_1":"商业用地","ORIG_FID":21,"一类_1":"商业服务业用地","Shape_Leng":519.00749501400003,"Shape_Area":4102.6319657599997,"Area":410263.19657600002}},{"type":"Feature","id":147,"geometry":{"type":"Polygon","coordinates":[[[108.10566172151789,34.336599591558659],[108.1053475200524,34.337637795169016],[108.10511761954375,34.337593189134566],[108.10546779713032,34.336569203934872],[108.10566172151789,34.336599591558659]]]},"properties":{"FID":147,"OBJECTID":148,"Landuse_ty":"商业用地","一类用":9,"二类用":901,"二类_1":"商业用地","ORIG_FID":21,"一类_1":"商业服务业用地","Shape_Leng":276.69771394999998,"Shape_Area":2357.4935026399999,"Area":235749.35026400001}},{"type":"Feature","id":148,"geometry":{"type":"MultiPolygon","coordinates":[[[[108.10738059181723,34.337249201873256],[108.10749071871851,34.337267716327545],[108.10731821509164,34.337944676142108],[108.10718072644642,34.337934886582673],[108.10717453249168,34.337934445770998],[108.10733673672604,34.337241829247063],[108.10738059181723,34.337249201873256]]],[[[108.10762953561471,34.337815368517809],[108.10944247172201,34.337919969572866],[108.10945147458605,34.337937708079942],[108.1094605589215,34.337955416764615],[108.10946972364398,34.337973097430762],[108.1094789687547,34.337990750979877],[108.10948829642489,34.338008375607032],[108.1094977001317,34.33802596951508],[108.10950718422338,34.338043533601592],[108.10951674978904,34.33806106966852],[108.10952639464936,34.338078573210424],[108.10953611663676,34.33809604873661],[108.10953993562993,34.338102846092376],[108.10759285011814,34.337964229857015],[108.10741638371199,34.337951665789753],[108.10768859387487,34.33688253071238],[108.107690177831,34.336877032087521],[108.10769057382288,34.336875659684999],[108.10801307205099,34.335610093573948],[108.10816439492659,34.335644987059176],[108.10896539316279,34.335829682764654],[108.10896520622804,34.335836391754533],[108.10896476056061,34.335855635170049],[108.10896440291756,34.33587487850717],[108.10896413112785,34.335894123570789],[108.1089639473638,34.335913369457508],[108.10896384836532,34.335932616170211],[108.10896383847118,34.335951857394669],[108.10896391661574,34.335971109358518],[108.10896408277686,34.335990354933607],[108.10896433370146,34.336009599531742],[108.10896467373881,34.33602884495199],[108.10896509962529,34.336048088492824],[108.10896561353444,34.336067330152297],[108.10896621437958,34.336086569931403],[108.10896690324748,34.336105807829142],[108.10896768122377,34.336125042943067],[108.10896854287606,34.336144276179525],[108.10896949472358,34.336163506631202],[108.10897053242068,34.336182735203437],[108.10897165704827,34.3362019573879],[108.10897286861228,34.336221177691932],[108.10897416819832,34.336240395213139],[108.10897555471621,34.336259607248003],[108.10897702925392,34.336278814697074],[108.10897858963804,34.336298017562235],[108.1089802369542,34.336317214941083],[108.1080389477024,34.336154041669189],[108.10762953561471,34.337815368517809]]]]},"properties":{"FID":148,"OBJECTID":149,"Landuse_ty":"商业用地","一类用":9,"二类用":901,"二类_1":"商业用地","ORIG_FID":21,"一类_1":"商业服务业用地","Shape_Leng":1255.42580494,"Shape_Area":12762.24079,"Area":1276224.0789999999}},{"type":"Feature","id":149,"geometry":{"type":"Polygon","coordinates":[[[108.10634777423645,34.330973797609865],[108.10646960923178,34.330979519827125],[108.10646578904618,34.331042724248285],[108.10646173402698,34.331108423273463],[108.1064575931518,34.331174119667999],[108.10645336859154,34.331239811627029],[108.10644906034825,34.331305500953519],[108.10644466624616,34.331371185846379],[108.10644018954503,34.331436866302774],[108.10643562698583,34.331502543226975],[108.10643098074169,34.331568216617129],[108.10642625189794,34.331633885570781],[108.10642143610771,34.331699550091699],[108.10641653128057,34.331765275989881],[108.10641449819617,34.33179287752597],[108.1064125477851,34.331820548404181],[108.10641068213998,34.331848224617474],[108.10640890343193,34.331875904360992],[108.10640721275001,34.331903589436763],[108.10640560682972,34.331931276241697],[108.10640409001901,34.331958965673522],[108.10640265906017,34.331986659538018],[108.1064013150377,34.332014356031273],[108.10640005903839,34.332042055152357],[108.10639888889121,34.332069758706126],[108.10639780676507,34.332097463084743],[108.10639681048784,34.33212516919162],[108.1063959000596,34.332152877026736],[108.10639507765492,34.332180587489688],[108.10639434218722,34.332208300581442],[108.10639369365431,34.332236014499003],[108.10639313205741,34.332263730143879],[108.10639265739432,34.332291445713068],[108.10639227075525,34.332319163910128],[108.10639196887566,34.332346881131947],[108.10627286002827,34.332336429104352],[108.10624023106104,34.332333566363879],[108.10630735347627,34.330971899026281],[108.10634777423645,34.330973797609865]]]},"properties":{"FID":149,"OBJECTID":150,"Landuse_ty":"商业用地","一类用":9,"二类用":901,"二类_1":"商业用地","ORIG_FID":21,"一类_1":"商业服务业用地","Shape_Leng":332.03514754999998,"Shape_Area":2124.6173076700002,"Area":212461.730767}},{"type":"Feature","id":150,"geometry":{"type":"Polygon","coordinates":[[[108.10680655035556,34.329922271142095],[108.10683141723671,34.329923156343014],[108.1067892873383,34.330913271025629],[108.10676071190164,34.330911929293904],[108.10664797613336,34.330906634858067],[108.10664935675356,34.330883033758106],[108.10665299376373,34.330819456275698],[108.10665655252465,34.330755875254745],[108.10666003086548,34.330692292500117],[108.10666343095514,34.330628704403985],[108.106666751714,34.330565116376206],[108.10666999530984,34.330501523907493],[108.10667315957183,34.330437928802688],[108.10667624450011,34.330374331061805],[108.10667925118155,34.330310730683905],[108.10668217852965,34.330247127669935],[108.10668502763353,34.330183523821908],[108.10668779740216,34.330119915534894],[108.10669048892579,34.330056305512343],[108.10669310220459,34.329992693754278],[108.10669563288987,34.329929078461532],[108.10669604743011,34.329918336038993],[108.10680655035556,34.329922271142095]]]},"properties":{"FID":150,"OBJECTID":151,"Landuse_ty":"商业用地","一类用":9,"二类用":901,"二类_1":"商业用地","ORIG_FID":21,"一类_1":"商业服务业用地","Shape_Leng":245.11528088700001,"Shape_Area":1383.56362233,"Area":138356.36223299999}},{"type":"Feature","id":151,"geometry":{"type":"Polygon","coordinates":[[[108.10636172525824,34.329906430707389],[108.10641165460828,34.329908208326742],[108.10652233463921,34.329912149842812],[108.10652186220486,34.329924390578491],[108.10651933445935,34.32998785621924],[108.10651672738258,34.3300513201253],[108.10651404418759,34.330114745333134],[108.10651128066662,34.330178241827205],[108.10650843667935,34.330241698725324],[108.10650551662002,34.330305153885938],[108.10650251722512,34.330368604607386],[108.10649943849904,34.330432054495631],[108.10649628261146,34.330495500844322],[108.10649304630454,34.330558945459238],[108.10648973392242,34.330622386533641],[108.1064863411206,34.330685825874262],[108.10648287006765,34.330749259873279],[108.10647931859577,34.330812693039988],[108.10647569102638,34.330876105538039],[108.10647438487607,34.330898481457311],[108.10636563524841,34.330893373508424],[108.10631478631774,34.330890985464706],[108.10632609055266,34.330653881367972],[108.1063526983389,34.330095775941132],[108.10636172525824,34.329906430707389]]]},"properties":{"FID":151,"OBJECTID":152,"Landuse_ty":"商业用地","一类用":9,"二类用":901,"二类_1":"商业用地","ORIG_FID":21,"一类_1":"商业服务业用地","Shape_Leng":248.30745161900001,"Shape_Area":1629.7660632100001,"Area":162976.606321}},{"type":"Feature","id":152,"geometry":{"type":"Polygon","coordinates":[[[108.10638109506313,34.328887322470592],[108.10641984850568,34.328889678630425],[108.10655180866112,34.328897701569574],[108.10655064171266,34.328957089534626],[108.10654928799572,34.329021741416689],[108.10654785169254,34.329086393369892],[108.10654633605826,34.329151041785487],[108.10654473675069,34.329215690273216],[108.10654305594069,34.329280337028152],[108.10654129579446,34.329344976639547],[108.1065394541602,34.329409626237428],[108.10653752775617,34.329474268696494],[108.10653552093441,34.329538908520377],[108.10653343261042,34.329603547512946],[108.10653126386832,34.329668183870311],[108.10652901362246,34.32973281849489],[108.10652668187377,34.329797452288169],[108.10652542688285,34.329831050718965],[108.10640229451649,34.329826665678297],[108.10635276729188,34.329824902129573],[108.10637473234142,34.329097889921897],[108.1063748408382,34.329094313647445],[108.10638109506313,34.328887322470592]]]},"properties":{"FID":152,"OBJECTID":153,"Landuse_ty":"商业用地","一类用":9,"二类用":901,"二类_1":"商业用地","ORIG_FID":21,"一类_1":"商业服务业用地","Shape_Leng":239.25770965699999,"Shape_Area":1655.3539657399999,"Area":165535.39657400001}},{"type":"Feature","id":153,"geometry":{"type":"Polygon","coordinates":[[[108.1068504628736,34.328915963214854],[108.10683789294094,34.32921106719423],[108.10688158069114,34.32921405985676],[108.10685303191111,34.329842716262014],[108.10681104959589,34.32984122126733],[108.10669914276676,34.329837236908318],[108.10670046387493,34.329801843567246],[108.10670280073307,34.329737059218857],[108.10670505826054,34.329672273135905],[108.10670723102541,34.32960748622461],[108.10670932337217,34.329542696678196],[108.10671133530332,34.32947790629968],[108.10671326464227,34.329413112386476],[108.10671511139272,34.329348317643046],[108.10671687664028,34.329283521166957],[108.10671856147296,34.329218723858766],[108.10672016154325,34.329153924820744],[108.10672168228453,34.329089124048203],[108.10672312043705,34.329024321543962],[108.10672447708995,34.328959519110036],[108.10672548478283,34.328908330263836],[108.1068504628736,34.328915963214854]]]},"properties":{"FID":153,"OBJECTID":154,"Landuse_ty":"商业用地","一类用":9,"二类用":901,"二类_1":"商业用地","ORIG_FID":21,"一类_1":"商业服务业用地","Shape_Leng":235.35446760799999,"Shape_Area":1385.45766396,"Area":138545.76639599999}},{"type":"Feature","id":154,"geometry":{"type":"MultiPolygon","coordinates":[[[[108.10646927439602,34.324116165075864],[108.10646707728198,34.32412299752265],[108.10646634296309,34.324130042349267],[108.10646640486763,34.324130878871671],[108.10646691285392,34.324150247694057],[108.10651148202672,34.32584966734543],[108.10651351750936,34.325927292255002],[108.10655897113794,34.327660348541869],[108.10654089652802,34.327688019045581],[108.10653778333261,34.327689712935019],[108.10653102911181,34.327693312119699],[108.10652429542679,34.327696824743832],[108.10651736943832,34.327700360071915],[108.10651061818858,34.327703732079307],[108.10650367246217,34.327707126792511],[108.10649668211437,34.32771046655369],[108.10648980135727,34.327713681814593],[108.10648274566324,34.327716904439065],[108.10647570725324,34.327720046816161],[108.10646861553577,34.327723139657664],[108.10646147376845,34.327726181157779],[108.10645439707247,34.327729123437827],[108.10644705528895,34.327732103810121],[108.106440001222,34.327734896423578],[108.10643259408897,34.327737756954654],[108.10642540517111,34.327740463142135],[108.10641802826665,34.327743168591063],[108.10641067299622,34.327745796493254],[108.10640331112026,34.32774835678957],[108.1063958752992,34.327750873878514],[108.10638847197382,34.32775330980536],[108.10638100121851,34.327755698913236],[108.10637345868793,34.327758042107384],[108.10628785219777,34.324114132954286],[108.10646074032459,34.324110040606996],[108.10647286937359,34.324109753307859],[108.10646927439602,34.324116165075864]]],[[[108.10658935306398,34.328818723387407],[108.10643564452305,34.32880934463153],[108.10638218239174,34.328806082644043],[108.10637857993967,34.327908726763809],[108.10638783061121,34.327906350533624],[108.10639705728214,34.327903899500562],[108.10640625669141,34.327901372765957],[108.1064154244971,34.32789877393953],[108.10642455961028,34.327896101219281],[108.10643357296446,34.327893383530011],[108.10644272959259,34.327890539508026],[108.10645176771928,34.327887648711275],[108.10646077532775,34.327884684920299],[108.10646974698602,34.327881649041309],[108.10647867943537,34.327878541978656],[108.10648757702222,34.327875363728538],[108.10649643757107,34.327872112489899],[108.10650525674112,34.327868792773955],[108.10651404104749,34.327865400969088],[108.10652278288725,34.327861939786366],[108.10653148117491,34.32785841012825],[108.1065401424256,34.32785480838313],[108.10654876446721,34.327851135454402],[108.10655733752699,34.327847396759466],[108.10656380144643,34.327844510898643],[108.10658935306398,34.328818723387407]]]]},"properties":{"FID":154,"OBJECTID":155,"Landuse_ty":"商业用地","一类用":9,"二类用":901,"二类_1":"商业用地","ORIG_FID":21,"一类_1":"商业服务业用地","Shape_Leng":1081.42460983,"Shape_Area":8616.8437739399997,"Area":861684.37739399995}},{"type":"Feature","id":155,"geometry":{"type":"Polygon","coordinates":[[[108.10820792670472,34.328655759217298],[108.10823533618944,34.328828615864978],[108.10823740310767,34.328919267999147],[108.10810770962368,34.328911356659411],[108.10806647187347,34.328908840959194],[108.107602296048,34.328880523946225],[108.10684380797019,34.328834248748294],[108.10668732933085,34.328824701443466],[108.10666031007909,34.327795018433406],[108.10666910736258,34.327788570752517],[108.10667691447708,34.3277809540768],[108.10668357740077,34.327772318670995],[108.10678327485223,34.327619695537024],[108.10683898676317,34.328737524802747],[108.1080888778925,34.328806857227264],[108.10808287609218,34.328773555457524],[108.10806174833499,34.328656314690974],[108.10820792670472,34.328655759217298]]]},"properties":{"FID":155,"OBJECTID":156,"Landuse_ty":"商业用地","一类用":9,"二类用":901,"二类_1":"商业用地","ORIG_FID":21,"一类_1":"商业服务业用地","Shape_Leng":578.98991377799996,"Shape_Area":3287.2557593500001,"Area":328725.57593499997}},{"type":"Feature","id":156,"geometry":{"type":"Polygon","coordinates":[[[108.10856882810802,34.331661133475897],[108.1085673503501,34.331845116417007],[108.10844133900508,34.331844489753863],[108.108458951958,34.331046656353287],[108.10857376346074,34.331046820553276],[108.10856882810802,34.331661133475897]]]},"properties":{"FID":156,"OBJECTID":157,"Landuse_ty":"商业用地","一类用":9,"二类用":901,"二类_1":"商业用地","ORIG_FID":21,"一类_1":"商业服务业用地","Shape_Leng":199.23489942699999,"Shape_Area":981.010156424,"Area":98101.015642400002}},{"type":"Feature","id":157,"geometry":{"type":"Polygon","coordinates":[[[108.10856234925571,34.329984775740485],[108.10991873204939,34.33003304546228],[108.10986477198499,34.330968112853689],[108.10910093722687,34.33096643745661],[108.1085528526018,34.33096565703304],[108.10845792931796,34.330965521176623],[108.10843971440487,34.330166322092445],[108.10843547397637,34.329980259938729],[108.10856234925571,34.329984775740485]]]},"properties":{"FID":157,"OBJECTID":158,"Landuse_ty":"商业用地","一类用":9,"二类用":901,"二类_1":"商业用地","ORIG_FID":21,"一类_1":"商业服务业用地","Shape_Leng":479.24663841099999,"Shape_Area":14166.3299616,"Area":1416632.9961600001}},{"type":"Feature","id":158,"geometry":{"type":"Polygon","coordinates":[[[108.1081378893237,34.329969668327287],[108.10826143927551,34.329974065677014],[108.10826588311599,34.3301690487244],[108.10827965823,34.330773533452664],[108.10816182544933,34.33077194640201],[108.1081596169191,34.330697935777287],[108.1081378893237,34.329969668327287]]]},"properties":{"FID":158,"OBJECTID":159,"Landuse_ty":"商业用地","一类用":9,"二类用":901,"二类_1":"商业用地","ORIG_FID":21,"一类_1":"商业服务业用地","Shape_Leng":199.947679806,"Shape_Area":986.075586348,"Area":98607.558634800007}},{"type":"Feature","id":159,"geometry":{"type":"Polygon","coordinates":[[[108.10856206981431,34.329721426910424],[108.10856199905669,34.329903555215239],[108.10843362208395,34.329898985752209],[108.10842903044379,34.329697522078213],[108.10841339230087,34.329011355602503],[108.10856234266997,34.329020441308529],[108.10856206981431,34.329721426910424]]]},"properties":{"FID":159,"OBJECTID":160,"Landuse_ty":"商业用地","一类用":9,"二类用":901,"二类_1":"商业用地","ORIG_FID":21,"一类_1":"商业服务业用地","Shape_Leng":222.01296569100001,"Shape_Area":1252.5797411999999,"Area":125257.97412}},{"type":"Feature","id":160,"geometry":{"type":"Polygon","coordinates":[[[108.10811457337856,34.32899312766402],[108.10823925937871,34.329000733312249],[108.10825520012136,34.329700248693385],[108.10825958754991,34.32989279058598],[108.10813779164495,34.329888454789099],[108.10811457337856,34.32899312766402]]]},"properties":{"FID":160,"OBJECTID":161,"Landuse_ty":"商业用地","一类用":9,"二类用":901,"二类_1":"商业用地","ORIG_FID":21,"一类_1":"商业服务业用地","Shape_Leng":221.036721185,"Shape_Area":1123.02029275,"Area":112302.02927499999}},{"type":"Feature","id":161,"geometry":{"type":"Polygon","coordinates":[[[108.1141042163886,34.331600718385168],[108.11337304253264,34.331542731747469],[108.11328299513772,34.332454192421466],[108.11279735839091,34.332440882290086],[108.11248509976427,34.332443312335151],[108.11245885265063,34.332149749079655],[108.11257295130393,34.331078986716356],[108.11341229300106,34.331145430372281],[108.11413009805815,34.331202248301807],[108.1141042163886,34.331600718385168]]]},"properties":{"FID":161,"OBJECTID":162,"Landuse_ty":"城镇住宅用地","一类用":7,"二类用":701,"二类_1":"城镇住宅用地","ORIG_FID":21,"一类_1":"居住用地","Shape_Leng":582.59757442,"Shape_Area":14460.639453100001,"Area":1446063.9453100001}},{"type":"Feature","id":162,"geometry":{"type":"Polygon","coordinates":[[[108.11251924276554,34.331074735105879],[108.11257295130393,34.331078986716356],[108.11245885265063,34.332149749079655],[108.11248509976427,34.332443312335151],[108.11243307332008,34.332443717099693],[108.11244874050603,34.332629793780065],[108.11238067235017,34.332630206941431],[108.11231260320052,34.332630690381428],[108.11230808264995,34.332630726980689],[108.11230798690599,34.332609438578238],[108.11230779215484,34.332585614398489],[108.11230751047061,34.332561791199851],[108.11230714076545,34.332537968081851],[108.11230668412736,34.332514145944948],[108.11230613946732,34.332490322987205],[108.11230550570231,34.332466501914055],[108.1123047839215,34.332442684527443],[108.11230397412258,34.332418869024416],[108.11230307739227,34.332395055403985],[108.11230209373186,34.332371244567604],[108.11230102205116,34.332347433811847],[108.11229986126953,34.33232362764511],[108.11229861355925,34.332299825163901],[108.11229727891674,34.332276023663795],[108.11229585626144,34.332252227653171],[108.11229434668009,34.332228437131043],[108.11229274799462,34.332204648493466],[108.11229106129295,34.332180862640939],[108.11228928875211,34.332157082275891],[108.11228742711099,34.332133306499813],[108.11228615901327,34.332117849954685],[108.11230669850228,34.331912524052136],[108.11237607174901,34.331219004512306],[108.11239151384019,34.331064623282614],[108.11251924276554,34.331074735105879]]]},"properties":{"FID":162,"OBJECTID":163,"Landuse_ty":"商业用地","一类用":9,"二类用":901,"二类_1":"商业用地","ORIG_FID":21,"一类_1":"商业服务业用地","Shape_Leng":381.26474080000003,"Shape_Area":2750.7497934200001,"Area":275074.97934199998}},{"type":"Feature","id":163,"geometry":{"type":"Polygon","coordinates":[[[108.11204636304856,34.332541031304878],[108.11193460482068,34.332545448000523],[108.11192184457985,34.331942885819174],[108.11204190433645,34.331943479188297],[108.11202543619068,34.332108094912314],[108.11202498966408,34.332117160621507],[108.1120252915803,34.332124383017273],[108.11202720142694,34.332147691785792],[108.11202900109143,34.332170677924488],[108.11203072817376,34.332193832706587],[108.11203236388042,34.3322169154536],[108.11203393036187,34.332240239860965],[108.11203539657397,34.332263341693952],[108.11203678244711,34.332286499492206],[108.11203807804775,34.33230959787516],[108.1120392855743,34.332332655771893],[108.11204041609483,34.332355824621253],[108.11204145523797,34.332378920534097],[108.11204240850536,34.332401994889835],[108.11204329163895,34.33242544522755],[108.11204407540707,34.332448535964858],[108.11204477547258,34.332471605143084],[108.11204539095247,34.332494806014971],[108.11204591939646,34.332517930340437],[108.11204636304856,34.332541031304878]]]},"properties":{"FID":163,"OBJECTID":164,"Landuse_ty":"商业用地","一类用":9,"二类用":901,"二类_1":"商业用地","ORIG_FID":21,"一类_1":"商业服务业用地","Shape_Leng":154.592429643,"Shape_Area":663.88057879899998,"Area":66388.057879900007}},{"type":"Feature","id":164,"geometry":{"type":"Polygon","coordinates":[[[108.11201272608223,34.331053931689787],[108.1121308629066,34.331054188676234],[108.11211616565041,34.331201112133563],[108.11205001611644,34.331862383478025],[108.11194477878701,34.331861863110269],[108.11201272608223,34.331053931689787]]]},"properties":{"FID":164,"OBJECTID":165,"Landuse_ty":"商业用地","一类用":9,"二类用":901,"二类_1":"商业用地","ORIG_FID":21,"一类_1":"商业服务业用地","Shape_Leng":200.35666143399999,"Shape_Area":921.58249603599995,"Area":92158.249603599994}},{"type":"Feature","id":165,"geometry":{"type":"Polygon","coordinates":[[[108.11255706199807,34.330694025258204],[108.11252432982029,34.330993634920503],[108.1123996026931,34.33098376104283],[108.11251326534227,34.329847456676099],[108.11264890627612,34.329853346669871],[108.11255706199807,34.330694025258204]]]},"properties":{"FID":165,"OBJECTID":166,"Landuse_ty":"商业用地","一类用":9,"二类用":901,"二类_1":"商业用地","ORIG_FID":21,"一类_1":"商业服务业用地","Shape_Leng":277.52052622500003,"Shape_Area":1522.3252438300001,"Area":152232.52438300001}},{"type":"Feature","id":166,"geometry":{"type":"Polygon","coordinates":[[[108.11219480209566,34.329241958252673],[108.11231143073813,34.329249068615539],[108.1121389766636,34.330973072212551],[108.11202124419158,34.330972815765421],[108.11219480209566,34.329241958252673]]]},"properties":{"FID":166,"OBJECTID":167,"Landuse_ty":"商业用地","一类用":9,"二类用":901,"二类_1":"商业用地","ORIG_FID":21,"一类_1":"商业服务业用地","Shape_Leng":406.15942800800002,"Shape_Area":2072.88369779,"Area":207288.369779}},{"type":"Feature","id":167,"geometry":{"type":"Polygon","coordinates":[[[108.10764752269797,34.328964634867823],[108.10763106716803,34.329265392829541],[108.10688158069114,34.32921405985676],[108.10683789294094,34.32921106719423],[108.1068504628736,34.328915963214854],[108.10759512323484,34.328961438284175],[108.10764752269797,34.328964634867823]]]},"properties":{"FID":167,"OBJECTID":168,"Landuse_ty":"公园绿地","一类用":14,"二类用":1401,"二类_1":"公园绿地","ORIG_FID":21,"一类_1":"绿地与开敞空间用地","Shape_Leng":212.94425395299999,"Shape_Area":2425.8928027699999,"Area":242589.28027700001}},{"type":"Feature","id":168,"geometry":{"type":"Polygon","coordinates":[[[108.09821226116246,34.341611959715372],[108.09804435908147,34.341706870526416],[108.09803736955138,34.341711264530026],[108.09802977000314,34.341717249233241],[108.09767508215224,34.342032355814112],[108.0966379825454,34.342953680373064],[108.09761046658302,34.341671537489646],[108.09821226116246,34.341611959715372]]]},"properties":{"FID":168,"OBJECTID":169,"Landuse_ty":"公园绿地","一类用":14,"二类用":1401,"二类_1":"公园绿地","ORIG_FID":21,"一类_1":"绿地与开敞空间用地","Shape_Leng":431.91361082399999,"Shape_Area":3236.5799325600001,"Area":323657.99325599999}},{"type":"Feature","id":169,"geometry":{"type":"Polygon","coordinates":[[[108.11819732897256,34.328630076958227],[108.1182399313652,34.328685807833288],[108.11826425810195,34.329008202150831],[108.11525225747607,34.328881432536221],[108.11530232961503,34.327886933248557],[108.11532121980204,34.327887991831993],[108.11535634200148,34.327889889729313],[108.11539146954179,34.327891719098886],[108.11542660133502,34.327893479040206],[108.11546173955554,34.327895170452756],[108.11549688094097,34.327896791536588],[108.11553202875355,34.327898344091615],[108.11556717973205,34.32789982721944],[108.11560233604968,34.327901240917981],[108.11563749335984,34.32790258519136],[108.11566740519197,34.327903669373164],[108.11568782117943,34.327906439275402],[108.11571323013605,34.327909958095987],[108.11573849247037,34.327913527532857],[108.11576382011422,34.327917177134715],[108.11578912394747,34.327920894365015],[108.11581441375101,34.32792468011602],[108.11583968517965,34.327928535293303],[108.11586498713882,34.327932465259515],[108.11589018703485,34.327936451208998],[108.11591553267181,34.327940532572455],[108.11594059256471,34.327944639442698],[108.11596582428129,34.327948844406684],[108.11599099523521,34.327953111625277],[108.11601615542098,34.327957448263042],[108.11604140265814,34.327961871355456],[108.11606642392547,34.327966327110182],[108.11609152680998,34.327970868423243],[108.11611672000841,34.327975497990792],[108.11614172853619,34.327980165590532],[108.11616684259444,34.327984924134789],[108.1161916654634,34.32798969917684],[108.11621679059735,34.327994605543417],[108.11624178540305,34.327999558004159],[108.11626676074698,34.328004578990907],[108.11629181771114,34.328009687338827],[108.1163165476127,34.328014801401167],[108.11634156348164,34.328020047704733],[108.11636645662765,34.328025339193921],[108.1163913455311,34.328030703702126],[108.11641618018881,34.328036127754672],[108.11644100734172,34.328041623026415],[108.11646581503457,34.328047187725744],[108.11649063913343,34.328052827227495],[108.11651538181371,34.328058520890572],[108.11654010285959,34.328064283081915],[108.11656489901044,34.328070135344987],[108.11658944417242,34.328076000462737],[108.11661416227041,34.328081980800604],[108.11663893590814,34.328088046721412],[108.11666345094822,34.32809412370132],[108.11668804979033,34.328100293449161],[108.11671275309159,34.328106564058501],[108.11673717170136,34.328112834934217],[108.11676169476915,34.328119205770008],[108.11678631033848,34.328125673872755],[108.11681069665285,34.328132155711437],[108.11683498632523,34.328138683613069],[108.11685953047116,34.328145355504191],[108.11688384861831,34.328152038423887],[108.11690829188231,34.328158830298648],[108.11693263198352,34.328165667341146],[108.11695693305778,34.328172567519808],[108.11698122989085,34.32817954071777],[108.11700543225673,34.328186560878237],[108.11702983257616,34.328193713362637],[108.11705380469604,34.328200813063965],[108.11707801934118,34.328208059470377],[108.11710229171057,34.328215398669457],[108.11712635546735,34.328222748881011],[108.11715053782575,34.328230210758164],[108.11717449308891,34.328237676453746],[108.11719851912227,34.328245239437003],[108.1172224332915,34.328252841286321],[108.11724660086553,34.328260598844793],[108.1172703260949,34.328268290112398],[108.11729430038395,34.328276137994735],[108.11731825630146,34.328284055304103],[108.11734194598023,34.328291958440161],[108.11736593473137,34.328300037975531],[108.1173897018168,34.328308118620143],[108.11741337008164,34.328316240823057],[108.11743708737855,34.328324455827023],[108.11746076347497,34.328332733068187],[108.11748441250211,34.328341076138926],[108.117508027939,34.328349484144042],[108.11753160978444,34.328357956182046],[108.11755504062251,34.32836644909456],[108.11757867052789,34.328375092358961],[108.1176021505126,34.328383756496869],[108.11762560560408,34.328392488265337],[108.11764887815848,34.328401228317972],[108.1176723508722,34.32841012232732],[108.11769577042294,34.328419071373666],[108.11771907701853,34.328428055681897],[108.11774229457615,34.328437083342429],[108.11776552964062,34.328446193918055],[108.11778878330119,34.328455389210703],[108.11781188703873,34.328464603574282],[108.11783500937368,34.328473903556393],[108.11785804049374,34.328483244188604],[108.11788110651959,34.328492676734058],[108.11790425855307,34.3285022227791],[108.11792713345122,34.328511733027312],[108.11795018351481,34.328521395453045],[108.11797295970041,34.328531020275975],[108.11799569903418,34.328540708233909],[108.11801866789915,34.328550572656923],[108.11804130743141,34.328560373387816],[108.11806417106318,34.328570351490434],[108.1180867738602,34.328580294682489],[108.11810948115449,34.328590363075577],[108.11813218530425,34.328600509896432],[108.11815470037968,34.328610652388058],[108.11817722644307,34.328620877801292],[108.11819732897256,34.328630076958227]]]},"properties":{"FID":169,"OBJECTID":170,"Landuse_ty":"公园绿地","一类用":14,"二类用":1401,"二类_1":"公园绿地","ORIG_FID":21,"一类_1":"绿地与开敞空间用地","Shape_Leng":712.35411795799996,"Shape_Area":23601.820261100002,"Area":2360182.02611}},{"type":"Feature","id":170,"geometry":{"type":"Polygon","coordinates":[[[108.10489979379054,34.326648421677262],[108.10379158132102,34.326662703328168],[108.10379042571569,34.326638434591125],[108.10378934381474,34.326614015243884],[108.10378834457181,34.326589657127322],[108.10378742576142,34.32656531787363],[108.10378658397831,34.326540879391437],[108.10378582824265,34.32651660761055],[108.10378515064625,34.326492257334323],[108.10378495043052,34.326484086464887],[108.10378707729518,34.326483514023927],[108.10379751273875,34.326480626745699],[108.1038079176646,34.326477664669376],[108.10381828990393,34.326474631402746],[108.10382859686977,34.326471535988276],[108.10383894718234,34.3264683458805],[108.10384922244528,34.326465096337621],[108.10385946936469,34.326461772896344],[108.10386967925108,34.326458378268477],[108.10387985210552,34.326454913355519],[108.1038899911867,34.326451377253228],[108.10390009649458,34.326447769961618],[108.10391016585484,34.32644409058107],[108.10392019383667,34.326440340919149],[108.10393018044338,34.3264365236803],[108.10394013327672,34.326432635252189],[108.10395004364499,34.326428676543642],[108.10395991481015,34.326424649354877],[108.1039697445979,34.326420552786296],[108.10397953083613,34.326416387741197],[108.10398927569801,34.326412154217778],[108.10399897700924,34.326407851316382],[108.10400862717134,34.326403485353872],[108.10401824247333,34.326399048203079],[108.10402791847601,34.326394491102747],[108.10403732939481,34.326389972990611],[108.1040468031886,34.326385335828618],[108.10405623234612,34.32638063019111],[108.10406560709464,34.326375861495336],[108.10407493721021,34.326371027028536],[108.10408421834421,34.326366124991416],[108.1040934428993,34.326361162602367],[108.1041026217348,34.326356134443238],[108.10411175050318,34.32635103961627],[108.10412082595022,34.326345882631635],[108.10412984807365,34.32634066168638],[108.10413881470251,34.326335378585355],[108.10414773018094,34.32633003152187],[108.10415658907928,34.326324623205053],[108.10416539356962,34.32631915273155],[108.10417413930888,34.326313622809536],[108.10418283389657,34.326308028023632],[108.10419146973432,34.326302374690734],[108.10420004247675,34.326296663716001],[108.104208562981,34.326290887878365],[108.10421705513332,34.326285031832285],[108.1042254190512,34.326279164175467],[108.10423376004566,34.326273212699704],[108.10424203685822,34.326267203583079],[108.10425025600736,34.326261135918621],[108.10425841314782,34.32625501061149],[108.10426650176554,34.326248832174677],[108.10427453163213,34.326242594289489],[108.10428249840452,34.326236299664082],[108.10429039665529,34.326229952810479],[108.10429823072639,34.326223550119103],[108.10430600604856,34.326217089782368],[108.10431370958709,34.326210575417321],[108.10432134786494,34.326204009722829],[108.10432891870553,34.326197389996359],[108.10433641885243,34.326190718945128],[108.10434385590848,34.326183993858209],[108.1043512255273,34.326177214739339],[108.10435852119711,34.32617038790444],[108.10436574834419,34.326163507940031],[108.10437290371659,34.326156581159218],[108.10437996886112,34.32614962290301],[108.10438700998212,34.326142570011179],[108.10439394893494,34.326135495570426],[108.10440082045501,34.326128370703742],[108.10440762128145,34.326121194512389],[108.10441434816116,34.326113972408095],[108.10442099674998,34.326106706197521],[108.10442757356306,34.326099392269207],[108.10443407859924,34.32609202972165],[108.10444050534795,34.326084625772303],[108.10444685814772,34.326077174107077],[108.10445313374437,34.326069679236213],[108.10445932996917,34.326062144767462],[108.10446545550266,34.326054560777131],[108.10447150166434,34.326046937188984],[108.10447746736537,34.326039272200937],[108.10448335695105,34.326031564907829],[108.10448916716273,34.326023816213961],[108.104494899087,34.326016026118381],[108.10450054947192,34.32600820093429],[108.10450612265385,34.326000332544638],[108.10451155897505,34.325992505739698],[108.10451702655838,34.325984478778679],[108.10452235511457,34.325976498813155],[108.1045276053823,34.325968476544524],[108.10453277194318,34.325960423696685],[108.10453785695924,34.325952331252971],[108.10454286151932,34.325944201015453],[108.10454778128263,34.325936037495246],[108.10455261625033,34.325927841593838],[108.1045573664269,34.325919616917155],[108.10456203614643,34.325911353545244],[108.10456662106931,34.325903056890667],[108.10457112119775,34.32589472875641],[108.10457553653514,34.32588637184692],[108.10457986816138,34.325877980752409],[108.10458411173795,34.325869561786959],[108.10458826835259,34.325861115851133],[108.10459234126175,34.325852640237713],[108.10459632829,34.325844133145573],[108.10460022835413,34.32583559728014],[108.10460405771396,34.325827001075616],[108.10460776435055,34.325818455458823],[108.1046114013605,34.325809842290155],[108.10461495141315,34.325801205757102],[108.10461841450515,34.325792543155217],[108.10462178954997,34.325783854485437],[108.10462507438336,34.32577514696149],[108.10462827008635,34.325766416075027],[108.10463137666009,34.325757662727554],[108.10463439519346,34.32574888872108],[108.10463732350878,34.325740090451589],[108.10464016378823,34.325731275129058],[108.10464291168324,34.325722440954237],[108.10464557153571,34.325713584317505],[108.10464805679099,34.325705005486604],[108.10464915748834,34.325700611620391],[108.10465017611016,34.325693999275153],[108.10473764178296,34.324800497290191],[108.1047378321265,34.324798027965677],[108.10473802670228,34.324794592247812],[108.10473823845709,34.324791865080847],[108.10473852069848,34.324789024266764],[108.1047388454968,34.324786328555007],[108.10473924621797,34.324783521895938],[108.10473969699125,34.324780771086004],[108.10474020752754,34.324778021126434],[108.10474077891115,34.324775270213344],[108.10474140142449,34.324772567936598],[108.10474210314949,34.324769778148251],[108.10474283220697,34.324767123558978],[108.10474363076295,34.324764434653908],[108.10474451506126,34.324761667246477],[108.10474540825041,34.324759059393919],[108.10474639694429,34.324756359508413],[108.10474742049269,34.324753727204303],[108.10474851140224,34.324751089433668],[108.10474965340673,34.324748472353434],[108.10475084868382,34.324745879567672],[108.1047521069892,34.324743292136873],[108.10475340013673,34.324740762371185],[108.10475479533194,34.324738159498054],[108.10475617116245,34.324735712598041],[108.1047576924209,34.324733125843743],[108.10475917261216,34.324730718519675],[108.10476076571464,34.324728236275917],[108.10476239039728,34.324725809897068],[108.10476408570416,34.324723380753326],[108.10476580282541,34.324721018300643],[108.10476760141876,34.324718638650076],[108.10476943050345,34.324716313062368],[108.10477130092174,34.324714022597085],[108.10477321593002,34.324711764547047],[108.10477521350818,34.324709498312977],[108.10477722963199,34.324707291560877],[108.10477932290397,34.324705085644233],[108.10478144774153,34.32470292387319],[108.10478361065744,34.324700800833327],[108.10478580839757,34.324698721034785],[108.10478805289746,34.324696670945151],[108.10479039408487,34.324694606349006],[108.10479268326205,34.324692658990124],[108.10479510495023,34.324690670049584],[108.10479750827065,34.324688764962616],[108.10479997789136,34.324686875144081],[108.10480250513089,34.324685009616246],[108.10480500856758,34.324683226143655],[108.1048076380193,34.32468142002611],[108.104810251263,34.324679686942503],[108.10481287001348,34.324678013351992],[108.10481562021411,34.324676318914825],[108.10481828254409,34.324674739041136],[108.10482110456071,34.324673126577324],[108.10482388647472,34.324671595281224],[108.10482668149257,34.324670116259888],[108.10482954824919,34.324668657009695],[108.10483246828842,34.324667230167208],[108.10483536776553,34.32466587005198],[108.10483829880377,34.32466455047642],[108.10484128312464,34.324663263308544],[108.10484435548297,34.324661995897863],[108.10484731930441,34.324660825940185],[108.10485038311121,34.324659672123516],[108.10485342852121,34.324658578721895],[108.10485659021074,34.324657497841407],[108.10485967811042,34.324656495453027],[108.10486282798647,34.324655526366357],[108.10486602788993,34.32465459329611],[108.10486916811897,34.324653730592537],[108.10487235077272,34.324652906616322],[108.10487563885707,34.324652108692746],[108.10487885096722,34.324651380248341],[108.10488206965847,34.324650701379774],[108.10488532100086,34.324650065754334],[108.10488864844967,34.324649467024422],[108.10489191512522,34.324648928745837],[108.10489525139108,34.32464843007282],[108.10489854534991,34.324647987327879],[108.10490180134575,34.324647598704352],[108.1049052116761,34.32464724240193],[108.10490853298103,34.324646945673535],[108.10491182066593,34.324646700358379],[108.10491524639568,34.324646494590141],[108.10491849834575,34.324646347567054],[108.10492194484723,34.324646243648402],[108.10492523603305,34.324646192148727],[108.10492859790595,34.324646188366998],[108.10493198809272,34.324646235043957],[108.10493532401003,34.324646329545928],[108.10493867302802,34.324646473618145],[108.10494197538151,34.32464666460735],[108.10494537233691,34.32464691140737],[108.10494869111255,34.32464720154546],[108.10495201647053,34.324647542160868],[108.10495537449212,34.32464793593568],[108.10495862607394,34.324648365860945],[108.10496193749056,34.324648854331237],[108.1049652804876,34.32464939866631],[108.10496852464644,34.324649975539394],[108.10497177212793,34.324650602892575],[108.10497507401696,34.324651293302864],[108.10497831075622,34.3246520198282],[108.1049814790849,34.324652781569959],[108.1049847094328,34.324653610869674],[108.10498787897502,34.324654474477796],[108.10499106488786,34.324655395766683],[108.1049942323873,34.324656363948392],[108.1049973064691,34.324657354747202],[108.10500046757947,34.324658427506257],[108.10500356136134,34.324659531874865],[108.10500658781021,34.324660664247077],[108.10500960889141,34.324661848909834],[108.10501258872873,34.324663070568697],[108.10501560994823,34.324664366113602],[108.10501856926875,34.324665690558959],[108.10502149930453,34.324667057399047],[108.10502436309054,34.324668449537398],[108.10502722151115,34.324669895769276],[108.10503006043407,34.324671390697887],[108.10503287768394,34.32467293252212],[108.10503564716598,34.32467450774211],[108.10503839606265,34.32467613075832],[108.10504102868316,34.324677743957864],[108.10504374837495,34.324679473373969],[108.10504636483851,34.324681200174105],[108.10504894549112,34.324682963965714],[108.1050514816379,34.324684762953268],[108.10505404070406,34.324686643054584],[108.10505647042923,34.324688492616367],[108.10505888174895,34.324690395381381],[108.10506131164286,34.324692380165367],[108.10506362306604,34.324694338006431],[108.10506596503602,34.324696394082899],[108.10506819831447,34.324698423208091],[108.10507045670684,34.324700550573311],[108.10507259335189,34.324702637476207],[108.10507472791376,34.32470479649951],[108.10507680491401,34.324706977207747],[108.10507881999507,34.32470917058982],[108.10508081885958,34.324711429794043],[108.10508276777189,34.324713713381115],[108.10508465259072,34.324716008742442],[108.10508648419423,34.324718325784993],[108.10508830503095,34.324720722167221],[108.10509000734743,34.324723051941419],[108.10509172066915,34.324725493490014],[108.10509333396497,34.32472788644435],[108.10509492997564,34.324730359645471],[108.10509645317207,34.324732822091256],[108.10509793730678,34.324735328743216],[108.10509937585245,34.324737873296549],[108.10510071870837,34.324740361138559],[108.10510204102276,34.324742931934608],[108.10510331665476,34.324745535224103],[108.10510450748978,34.324748103428519],[108.1051056658039,34.324750732961661],[108.10510676327637,34.324753367955914],[108.10510779773064,34.324756005708679],[108.10510878442379,34.324758682266186],[108.10510970699866,34.324761350765364],[108.10511058072245,34.324764055365797],[108.10511138487031,34.324766732079958],[108.10511214563597,34.324769473738101],[108.10511282372154,34.324772135235243],[108.10511347044694,34.324774917557981],[108.10511418539129,34.324778382244766],[108.1052820356082,34.326140405668006],[108.10498422176022,34.326158814481019],[108.10484882583231,34.326170856185882],[108.10489979379054,34.326648421677262]]]},"properties":{"FID":170,"OBJECTID":171,"Landuse_ty":"公园绿地","一类用":14,"二类用":1401,"二类_1":"公园绿地","ORIG_FID":21,"一类_1":"绿地与开敞空间用地","Shape_Leng":641.90738276900004,"Shape_Area":12557.663246399999,"Area":1255766.32464}},{"type":"Feature","id":171,"geometry":{"type":"Polygon","coordinates":[[[108.11114808917021,34.329463285444426],[108.11111665120474,34.330236170819781],[108.111005604062,34.330233669850536],[108.11064132918632,34.330225466974504],[108.11066187331976,34.3294490739762],[108.11102806171168,34.32945977757538],[108.11114808917021,34.329463285444426]]]},"properties":{"FID":171,"OBJECTID":172,"Landuse_ty":"公园绿地","一类用":14,"二类用":1401,"二类_1":"公园绿地","ORIG_FID":21,"一类_1":"绿地与开敞空间用地","Shape_Leng":260.45931920300001,"Shape_Area":3805.1184133000002,"Area":380511.84133000002}},{"type":"Feature","id":172,"geometry":{"type":"Polygon","coordinates":[[[108.10852918839248,34.333499718994005],[108.10900302047396,34.333520645224191],[108.10895789224075,34.334198074849745],[108.10848632813286,34.334179274839784],[108.10828710795889,34.3341713315261],[108.10834112999167,34.333884692847541],[108.10834172833532,34.333879288837721],[108.10834181906928,34.333878016766981],[108.10835597586548,34.333492069157657],[108.10852918839248,34.333499718994005]]]},"properties":{"FID":172,"OBJECTID":173,"Landuse_ty":"公园绿地","一类用":14,"二类用":1401,"二类_1":"公园绿地","ORIG_FID":21,"一类_1":"绿地与开敞空间用地","Shape_Leng":272.444107137,"Shape_Area":4491.3093255200001,"Area":449130.93255199998}},{"type":"Feature","id":173,"geometry":{"type":"Polygon","coordinates":[[[108.10520655900173,34.331813586156336],[108.10520103872612,34.332358559215805],[108.10518025310532,34.332357120275645],[108.10514221613485,34.332354553967527],[108.10510417490093,34.332352052557916],[108.10506612614452,34.332349616951127],[108.10502806877774,34.332347246246556],[108.10499000823614,34.332344942242557],[108.10495194234404,34.332342703137989],[108.10491386893135,34.332340531639176],[108.10487579234133,34.332338425037939],[108.1048377082283,34.332336384239468],[108.10479961767885,34.332334409242833],[108.1047597971146,34.332332414980229],[108.10471996903617,34.332330493731135],[108.10468013452792,34.332328643691646],[108.10464029576534,34.332326866662854],[108.10460045274607,34.332325160841812],[108.10456060547116,34.332323527129972],[108.10452075393937,34.332321964625876],[108.10448089815284,34.33232047513247],[108.10444103919815,34.3323190586488],[108.10440117598517,34.332317712471372],[108.10436131068937,34.3323164384013],[108.10432143896504,34.332315237343742],[108.1042815662433,34.332314107491115],[108.10424169035396,34.332313051549718],[108.10420181346699,34.332312066813252],[108.10416193232221,34.332311153284472],[108.10414264218949,34.332310746895786],[108.10414723557142,34.331785768628592],[108.10520655900173,34.331813586156336]]]},"properties":{"FID":173,"OBJECTID":174,"Landuse_ty":"公园绿地","一类用":14,"二类用":1401,"二类_1":"公园绿地","ORIG_FID":21,"一类_1":"绿地与开敞空间用地","Shape_Leng":313.779343192,"Shape_Area":5738.49174864,"Area":573849.17486399994}},{"type":"Feature","id":174,"geometry":{"type":"Polygon","coordinates":[[[108.11326432024693,34.333579473318487],[108.11339936327884,34.333607347454311],[108.11360944295392,34.333650708715844],[108.1138023519254,34.33367151428039],[108.11391771717194,34.333683956538941],[108.11396027079071,34.333688546053068],[108.11428234068553,34.333721637684484],[108.1142294400929,34.33400689234729],[108.11390546484587,34.333983164236891],[108.11319371754273,34.333888416820244],[108.11325167824452,34.333575071357117],[108.11326432024693,34.333579473318487]]]},"properties":{"FID":174,"OBJECTID":175,"Landuse_ty":"供水用地","一类用":13,"二类用":1301,"二类_1":"供水用地","ORIG_FID":21,"一类_1":"公用设施用地","Shape_Leng":259.85246154200001,"Shape_Area":3165.7275410399998,"Area":316572.75410399999}},{"type":"Feature","id":175,"geometry":{"type":"Polygon","coordinates":[[[108.11748873736654,34.333485171042227],[108.11747955914117,34.333699531412634],[108.11743380760937,34.333880847893134],[108.11736495514637,34.333990632306879],[108.11723278814476,34.334057543355733],[108.11710055355958,34.334076751535136],[108.11691655821076,34.334091238361935],[108.11689002878668,34.334081208564399],[108.11751191795103,34.332943779381381],[108.11748873736654,34.333485171042227]]]},"properties":{"FID":175,"OBJECTID":176,"Landuse_ty":"排水用地","一类用":13,"二类用":1302,"二类_1":"排水用地","ORIG_FID":21,"一类_1":"公用设施用地","Shape_Leng":303.001661109,"Shape_Area":3031.7817892100002,"Area":303178.17892099998}},{"type":"Feature","id":176,"geometry":{"type":"Polygon","coordinates":[[[108.10602300531018,34.333548230796495],[108.10592523928696,34.333913562393157],[108.10538955176318,34.333819513260735],[108.10549146421231,34.333464249865024],[108.10602300531018,34.333548230796495]]]},"properties":{"FID":176,"OBJECTID":177,"Landuse_ty":"文物古迹用地","一类用":15,"二类用":1504,"二类_1":"文物古迹用地","ORIG_FID":21,"一类_1":"特殊用地","Shape_Leng":182.201403898,"Shape_Area":2053.2848404400002,"Area":205328.48404400001}},{"type":"Feature","id":177,"geometry":{"type":"Polygon","coordinates":[[[108.11042824089502,34.331050478385052],[108.11108474648201,34.331051910260584],[108.11107912255972,34.331627065320767],[108.11095987860816,34.331626735303708],[108.1104232118302,34.331625248852227],[108.11042713133669,34.331177312485543],[108.11042824089502,34.331050478385052]]]},"properties":{"FID":177,"OBJECTID":178,"Landuse_ty":"文物古迹用地","一类用":15,"二类用":1504,"二类_1":"文物古迹用地","ORIG_FID":21,"一类_1":"特殊用地","Shape_Leng":248.33853310500001,"Shape_Area":3851.5778850699999,"Area":385157.78850700002}},{"type":"Feature","id":178,"geometry":{"type":"Polygon","coordinates":[[[108.11372578944389,34.341953962945404],[108.11362321800577,34.342364863633527],[108.11324688136823,34.342308271184628],[108.11330711809677,34.341960321595657],[108.11336064200711,34.341877098775804],[108.11372578944389,34.341953962945404]]]},"properties":{"FID":178,"OBJECTID":179,"Landuse_ty":"文物古迹用地","一类用":15,"二类用":1504,"二类_1":"文物古迹用地","ORIG_FID":21,"一类_1":"特殊用地","Shape_Leng":165.859930056,"Shape_Area":1736.3827990100001,"Area":173638.279901}},{"type":"Feature","id":179,"geometry":{"type":"Polygon","coordinates":[[[108.10657378245894,34.324497239215418],[108.10696975121185,34.324511144652185],[108.10697024605797,34.324901120323069],[108.1065844883005,34.324905290653092],[108.10657378245894,34.324497239215418]]]},"properties":{"FID":179,"OBJECTID":180,"Landuse_ty":"文物古迹用地","一类用":15,"二类用":1504,"二类_1":"文物古迹用地","ORIG_FID":21,"一类_1":"特殊用地","Shape_Leng":160.51403281899999,"Shape_Area":1591.9069606999999,"Area":159190.69607000001}},{"type":"Feature","id":180,"geometry":{"type":"Polygon","coordinates":[[[108.11255706199807,34.330694025258204],[108.11327246380954,34.330751222744524],[108.1132271561174,34.331049272937413],[108.11252432982029,34.330993634920503],[108.11255706199807,34.330694025258204]]]},"properties":{"FID":180,"OBJECTID":181,"Landuse_ty":"文物古迹用地","一类用":15,"二类用":1504,"二类_1":"文物古迹用地","ORIG_FID":21,"一类_1":"特殊用地","Shape_Leng":197.80714154500001,"Shape_Area":2185.6395014599998,"Area":218563.95014599999}},{"type":"Feature","id":181,"geometry":{"type":"Polygon","coordinates":[[[108.09888888051542,34.342940840920789],[108.09785381479468,34.342976532747663],[108.09685444128969,34.343618988398546],[108.09599783509236,34.343833138929753],[108.09597378688738,34.343829341816289],[108.09614652811496,34.343601605973582],[108.09753110495457,34.342371610227943],[108.09781231866586,34.342490380418212],[108.09800133713084,34.342570211321132],[108.09888888051542,34.342940840920789]]]},"properties":{"FID":181,"OBJECTID":182,"Landuse_ty":"耕地","一类用":1,"二类用":103,"二类_1":"旱地","ORIG_FID":21,"一类_1":"耕地","Shape_Leng":652.73210395700005,"Shape_Area":12834.7362858,"Area":1283473.62858}},{"type":"Feature","id":182,"geometry":{"type":"Polygon","coordinates":[[[108.09909539677133,34.342650336888809],[108.09888888051542,34.342940840920789],[108.09800133713084,34.342570211321132],[108.09819332388204,34.342313305973803],[108.09821447969175,34.342321707030209],[108.09825305849256,34.342336948960373],[108.09829167418195,34.342352125040655],[108.09833032567518,34.342367237074839],[108.09836901623152,34.342382284158788],[108.09840774258944,34.342397265393629],[108.09844650366523,34.342412183484626],[108.09848530271502,34.342427034823224],[108.09852413756721,34.342441821214067],[108.09856300930963,34.342456543557738],[108.09860191467965,34.342471200053879],[108.09864085693762,34.342485790699833],[108.09867983499774,34.342500316397896],[108.0987188488599,34.342514777148061],[108.09875789634938,34.342529172050568],[108.09879698072652,34.342543501102732],[108.09883609981765,34.342557764306285],[108.09887525144904,34.342571961662948],[108.0989144388832,34.342586094973029],[108.09895366103005,34.342600161532921],[108.09899291571695,34.342614162245816],[108.09903220729107,34.342628097108189],[108.09907153140618,34.34264196702501],[108.09909539677133,34.342650336888809]]]},"properties":{"FID":182,"OBJECTID":183,"Landuse_ty":"文物古迹用地","一类用":15,"二类用":1504,"二类_1":"文物古迹用地","ORIG_FID":21,"一类_1":"特殊用地","Shape_Leng":253.41133649700001,"Shape_Area":3187.0155291999999,"Area":318701.55291999999}},{"type":"Feature","id":183,"geometry":{"type":"Polygon","coordinates":[[[108.10435925084552,34.322157792563736],[108.10431482974545,34.322751607694734],[108.10431357458648,34.322754090547129],[108.10430163669673,34.322777879137469],[108.10376109711041,34.322657020264792],[108.10402309026226,34.322058177956109],[108.10435925084552,34.322157792563736]]]},"properties":{"FID":183,"OBJECTID":184,"Landuse_ty":"文物古迹用地","一类用":15,"二类用":1504,"二类_1":"文物古迹用地","ORIG_FID":21,"一类_1":"特殊用地","Shape_Leng":224.19962507100001,"Shape_Area":2941.3625743900002,"Area":294136.25743900001}},{"type":"Feature","id":184,"geometry":{"type":"Polygon","coordinates":[[[108.10428992157823,34.320932510284152],[108.10429245095534,34.320945630124278],[108.10430537069469,34.321012206299471],[108.10431837301765,34.321078771584389],[108.10433145792445,34.321145325979039],[108.10434478828175,34.321212655438231],[108.10435016746371,34.321230751496799],[108.10435817928149,34.321247845756368],[108.1043686453731,34.321263557658256],[108.10438133273854,34.321277537418354],[108.10439396031744,34.321289704795895],[108.10440620377582,34.321301406432596],[108.10441850042984,34.321313069258906],[108.10442218047503,34.32131653412825],[108.10437259447741,34.321979414601408],[108.10435925084552,34.322157792563736],[108.10402309026226,34.322058177956109],[108.10409170326632,34.321901347199116],[108.10409989983992,34.321882611014232],[108.10428992157823,34.320932510284152]]]},"properties":{"FID":184,"OBJECTID":185,"Landuse_ty":"乔木林地","一类用":3,"二类用":301,"二类_1":"乔木林地","ORIG_FID":21,"一类_1":"林地","Shape_Leng":299.15970776099999,"Shape_Area":2465.3403384899998,"Area":246534.033849}},{"type":"Feature","id":185,"geometry":{"type":"Polygon","coordinates":[[[108.10856206981431,34.329721426910424],[108.10887498667431,34.329730698516293],[108.10887707283774,34.329914769399679],[108.10856199905669,34.329903555215239],[108.10856206981431,34.329721426910424]]]},"properties":{"FID":185,"OBJECTID":186,"Landuse_ty":"文化用地","一类用":8,"二类用":803,"二类_1":"文化用地","ORIG_FID":21,"一类_1":"公共管理与公共服务用地","Shape_Leng":98.459526252200007,"Shape_Area":586.79679766599997,"Area":58679.679766599998}},{"type":"Feature","id":186,"geometry":{"type":"Polygon","coordinates":[[[108.10482051870278,34.333358240230993],[108.10502815797334,34.333391047535891],[108.10498870078118,34.333514527563871],[108.10478034357749,34.333476133424035],[108.10482051870278,34.333358240230993]]]},"properties":{"FID":186,"OBJECTID":187,"Landuse_ty":"文化用地","一类用":8,"二类用":803,"二类_1":"文化用地","ORIG_FID":21,"一类_1":"公共管理与公共服务用地","Shape_Leng":66.852573480999993,"Shape_Area":270.71457075299998,"Area":27071.457075300001}},{"type":"Feature","id":187,"geometry":{"type":"Polygon","coordinates":[[[108.11281772983709,34.332628802626751],[108.11278909465815,34.332628796550736],[108.11272104015588,34.332628853803449],[108.11265295206148,34.332628982266272],[108.11258488362216,34.332629181890248],[108.11251681201627,34.332629451794851],[108.11244874050603,34.332629793780065],[108.11243307332008,34.332443717099693],[108.11248509976427,34.332443312335151],[108.11279735839091,34.332440882290086],[108.11281772983709,34.332628802626751]]]},"properties":{"FID":187,"OBJECTID":188,"Landuse_ty":"文化用地","一类用":8,"二类用":803,"二类_1":"文化用地","ORIG_FID":21,"一类_1":"公共管理与公共服务用地","Shape_Leng":109.101452847,"Shape_Area":699.569141995,"Area":69956.914199499995}},{"type":"Feature","id":188,"geometry":{"type":"Polygon","coordinates":[[[108.10775941128369,34.321856720431832],[108.10775967791908,34.321864552336962],[108.10776098710021,34.321872278647675],[108.10776132787713,34.321873667533652],[108.10776424450518,34.321883287400496],[108.10776729746259,34.321896706899523],[108.10777321394899,34.321919854489721],[108.10777900856483,34.321942860653905],[108.10778473262535,34.321965919165862],[108.10779037192935,34.32198897054019],[108.10779594506326,34.322012104908865],[108.10780143453863,34.322035241153792],[108.10780683160419,34.322058333307034],[108.10781214829258,34.322081444461865],[108.10781741082495,34.322104687280607],[108.10782255034994,34.322127749910649],[108.10782762371718,34.322150905451444],[108.10783263198901,34.322174134970858],[108.10783754785983,34.322197327610517],[108.10784237459387,34.322220486973485],[108.10784713736032,34.322243752767541],[108.10785180879944,34.322266971764613],[108.10785641845439,34.322290305304193],[108.10786091928983,34.322313508224269],[108.10786532770884,34.322336662545389],[108.10786967544043,34.322359939521434],[108.10787395591564,34.322383300394407],[108.10787813193451,34.322406544166313],[108.10788225165241,34.322429942141234],[108.10788477815647,34.322444589919996],[108.10788256688521,34.322444480985361],[108.10786305653403,34.322443447039952],[108.10784302016739,34.322442315292939],[108.10782377695286,34.322441159405805],[108.10780376539925,34.322439887900622],[108.10778427643186,34.322438580774417],[108.10776477216464,34.322437204244359],[108.10774504504469,34.322435741364849],[108.10772532327063,34.322434209964733],[108.10770561553375,34.322432609134893],[108.10768591205515,34.322430938883912],[108.10766647037597,34.322429221522491],[108.10764700470368,34.322427433863396],[108.10762729987388,34.322425554460061],[108.10760763624869,34.322423608307588],[108.10758823225574,34.322421619554177],[108.10756834024757,34.322419509526071],[108.10754892955775,34.322417380140934],[108.1075293025271,34.322415158089882],[108.10750991122359,34.322412892557551],[108.10749030901091,34.322410533452988],[108.10747069040804,34.322408101339533],[108.10745136730637,34.32240563651029],[108.10743180938364,34.322403071819338],[108.10741251544881,34.322400471735875],[108.10739293887453,34.322397763719238],[108.10737338394749,34.3223949889707],[108.10735388652736,34.322392150163338],[108.10733464658057,34.322389279575312],[108.10731513377006,34.322386298340909],[108.10729563065037,34.322383246779196],[108.10727648716383,34.322380182278629],[108.10725726208196,34.322377034910055],[108.10723756416229,34.322373738306233],[108.10721842476137,34.322370465550371],[108.10719900814058,34.322367074038347],[108.10717960229746,34.322363612198124],[108.10716075715645,34.322360182317624],[108.10714119789655,34.322356550225201],[108.10712209392179,34.322352933056649],[108.10710276705954,34.322349200690176],[108.10708345097633,34.322345398897028],[108.10706439673019,34.322341578842263],[108.10704542390829,34.32233770462436],[108.10702616842063,34.322333700836928],[108.10700699544387,34.322329642885386],[108.10698802453149,34.322325556808352],[108.10696883072525,34.322321350124277],[108.10694996071349,34.322317144055916],[108.10693087650263,34.322312819175885],[108.10691175307397,34.322308412292131],[108.10689288823207,34.322303994361882],[108.10687380918559,34.322299453112443],[108.10685474961217,34.322294843330312],[108.10683595189094,34.322290227006405],[108.10681693996075,34.322285483757291],[108.10679825944466,34.322280751935502],[108.10677952775674,34.322275936317546],[108.10676036230204,34.322270934467774],[108.10674168043302,34.322265987184018],[108.10672302890734,34.322260974964166],[108.10670424034082,34.322255853781392],[108.10668563754882,34.322250710798301],[108.10666683141046,34.322245438175891],[108.10664813278792,34.322240122185768],[108.10662952429186,34.322234759237183],[108.10661110701,34.322229379892612],[108.10659233420269,34.322223821459509],[108.10657397326192,34.322218312246719],[108.10655524809896,34.322212620346924],[108.10653695002215,34.322206983964755],[108.10651836489548,34.322201186463943],[108.10650004381253,34.322195396844073],[108.10648152154559,34.322189468567935],[108.10646302962371,34.322183476257287],[108.1064447952274,34.322177492734866],[108.10642636290582,34.322171369651798],[108.10640818594013,34.322165258063364],[108.10639004258037,34.322159083339216],[108.10637171324868,34.32215276994544],[108.10635341426,34.322146390714295],[108.10633536410907,34.322140023885133],[108.10631703884646,34.322133484207299],[108.106299146132,34.322127023481855],[108.10628109570635,34.322120432175566],[108.10626306040537,34.322113769636289],[108.10624507936639,34.32210705295828],[108.10622702322458,34.322100229967724],[108.10620920505734,34.322093421191873],[108.10619121177973,34.322086470130877],[108.10617346843553,34.322079538683191],[108.10615575435148,34.32207254410374],[108.10613777709604,34.32206536674866],[108.10612013565874,34.322058246794896],[108.10610232345418,34.322050981847688],[108.10608475792901,34.322043741024274],[108.1060672325319,34.322036438862717],[108.10604953636319,34.322028988101742],[108.10603208361648,34.322021563270496],[108.10601446987833,34.32201399073282],[108.10599698758917,34.32200639734473],[108.10597954325401,34.321998741718936],[108.10587498736336,34.321880378137223],[108.10585459545749,34.321857293449391],[108.10711836927121,34.321860384768456],[108.10775941128369,34.321856720431832]]]},"properties":{"FID":188,"OBJECTID":189,"Landuse_ty":"科研用地","一类用":8,"二类用":802,"二类_1":"科研用地","ORIG_FID":21,"一类_1":"公共管理与公共服务用地","Shape_Leng":444.598306353,"Shape_Area":7983.0274730199999,"Area":798302.74730199995}},{"type":"Feature","id":189,"geometry":{"type":"Polygon","coordinates":[[[108.10902449072843,34.339220668172992],[108.10946648792127,34.338623525998017],[108.10963681521866,34.33839340854896],[108.10990968981116,34.339631173789812],[108.10991186003653,34.339637792315948],[108.10991306960483,34.33964028382433],[108.11089169355158,34.341475864273335],[108.11043103987211,34.342205698103264],[108.1100386704022,34.342827329911977],[108.11002396516314,34.34281851493089],[108.1100081090635,34.342808923004583],[108.10999234313056,34.342799298541927],[108.1099764204578,34.342789488513063],[108.10996088054196,34.342779827784092],[108.1099452578508,34.342770028299498],[108.10992945339864,34.34276002434008],[108.10991386202767,34.342750067965767],[108.10989850657967,34.342740173579834],[108.10988292476806,34.342730041404309],[108.10986754733953,34.342719954117406],[108.10985233187071,34.342709882909901],[108.10983676385322,34.342699485680882],[108.10982159493075,34.342689265683504],[108.10980648898472,34.342678997849305],[108.10979128502144,34.342668570539111],[108.10977613206919,34.342658087289493],[108.10976114869486,34.34264762822594],[108.10974618696181,34.342637093416769],[108.10973127623861,34.342626501766816],[108.10971634255174,34.342615799253494],[108.10970161108338,34.342605148843028],[108.10968678159577,34.342594337153606],[108.10967220762844,34.342583614480027],[108.10965741270687,34.342572634179234],[108.10964274494467,34.342561652861278],[108.10962841321684,34.342550829901214],[108.10961377458554,34.342539679075351],[108.10959939692482,34.342528629881407],[108.10983467980108,34.342213016341368],[108.10992110629951,34.342071731808495],[108.11008431628422,34.341804928196233],[108.1102305080891,34.341454175792116],[108.11022255405342,34.341231726428845],[108.11022155345414,34.341203740868927],[108.11009158746532,34.340767371757273],[108.10984094653544,34.340402665807559],[108.10964977353368,34.340097645400682],[108.10959890560106,34.340016484665121],[108.10939108497081,34.339408451402612],[108.10902449072843,34.339220668172992]]]},"properties":{"FID":189,"OBJECTID":190,"Landuse_ty":"广场用地","一类用":14,"二类用":1403,"二类_1":"广场用地","ORIG_FID":21,"一类_1":"绿地与开敞空间用地","Shape_Leng":1107.83402701,"Shape_Area":22438.7676465,"Area":2243876.7646499998}},{"type":"Feature","id":190,"geometry":{"type":"Polygon","coordinates":[[[108.10964977353368,34.340097645400682],[108.10984094653544,34.340402665807559],[108.11009158746532,34.340767371757273],[108.11022155345414,34.341203740868927],[108.11022255405342,34.341231726428845],[108.1102305080891,34.341454175792116],[108.11008431628422,34.341804928196233],[108.10992110629951,34.342071731808495],[108.10943406951253,34.341952437053358],[108.10938118646146,34.34108666735608],[108.10921624543012,34.340285396583596],[108.10964977353368,34.340097645400682]]]},"properties":{"FID":190,"OBJECTID":191,"Landuse_ty":"商业用地","一类用":9,"二类用":901,"二类_1":"商业用地","ORIG_FID":21,"一类_1":"商业服务业用地","Shape_Leng":514.77310523599999,"Shape_Area":13377.110781400001,"Area":1337711.0781400001}},{"type":"Feature","id":191,"geometry":{"type":"Polygon","coordinates":[[[108.10992110629951,34.342071731808495],[108.10983467980108,34.342213016341368],[108.10959939692482,34.342528629881407],[108.10958505504344,34.342517512141235],[108.10957063035733,34.342506232207008],[108.10955654389292,34.34249512144671],[108.10954225712543,34.342483753942091],[108.10952825853826,34.342472518695608],[108.10951421739587,34.342461150066477],[108.10950010650119,34.342449627344962],[108.10948617064267,34.342438147736324],[108.1094723032006,34.342426624793859],[108.1094585009122,34.342415056717549],[108.10944474092642,34.342403421892286],[108.10943093511703,34.342391647376978],[108.1094174305608,34.342380029448435],[108.1094037833474,34.342368188980217],[108.10939035796115,34.342356436657354],[108.10937679861584,34.342344464491454],[108.10936341975798,34.342332548956065],[108.10935000377114,34.342320493722902],[108.10933681179888,34.342308537451053],[108.1093235500537,34.342296410860271],[108.1093105221218,34.342284396744326],[108.10929734824471,34.342272138456067],[108.10928443974026,34.342260025067858],[108.10927130041352,34.342247585548371],[108.10925857444609,34.342235430526372],[108.10924565900183,34.342222985395424],[108.10923291970677,34.342210604111031],[108.10922033696909,34.342198264153744],[108.10920763548243,34.342185699832449],[108.10919500567722,34.342173095780723],[108.1091826695513,34.342160675367801],[108.10917003619413,34.342147840537649],[108.10915781187505,34.342135310943348],[108.10914547315089,34.342122554276749],[108.10913318760677,34.342109738063748],[108.10912116093229,34.342097081180817],[108.10910888053421,34.34208403688622],[108.10909691886744,34.342071219479408],[108.10908497555506,34.342058305596645],[108.10907317902307,34.342045436655965],[108.10906116467204,34.342032210921907],[108.10904959531122,34.342019358904672],[108.10903783315823,34.342006173510271],[108.10902610785871,34.341992909653101],[108.10901462185645,34.341979797931906],[108.1090032053594,34.341966644679623],[108.10899168531071,34.341953252626119],[108.10898037626259,34.341939982083566],[108.1089690812112,34.341926606955738],[108.10895790682048,34.341913248847597],[108.10894666369903,34.34189968526205],[108.10893816726751,34.341891004495835],[108.10892849653268,34.34188365453403],[108.10891785796092,34.341877792295421],[108.10889813486006,34.341868682349428],[108.10887877073496,34.341859825397016],[108.10885936431141,34.34185103248425],[108.10883991232784,34.3418423027125],[108.10882042239646,34.341833639680928],[108.10880089233898,34.341825039785512],[108.10878131454892,34.341816503934481],[108.1087617020702,34.341808033919172],[108.10874204729285,34.341799627943395],[108.1087223534784,34.341791286905675],[108.10870261954001,34.341783010806999],[108.10868284656678,34.341774801449326],[108.10866303129362,34.341766655229605],[108.10864317807234,34.341758575749886],[108.10862329125011,34.341750563006293],[108.10860335995426,34.341742613402531],[108.10858339179813,34.34173473143921],[108.10856338677823,34.341726914411908],[108.10854334381003,34.341719164124498],[108.10852326724068,34.341711480573139],[108.10850314946026,34.341703861961577],[108.10848299699182,34.341696310086974],[108.10846280983648,34.341688825850802],[108.10844258364355,34.34168140655246],[108.10842232493957,34.341674056693542],[108.10840203045946,34.34166677267099],[108.10838170129114,34.341659555385327],[108.10836133743457,34.341652404836523],[108.10834093997768,34.341645321925071],[108.10832050674566,34.341638305751424],[108.10830004208914,34.341631359016127],[108.10827954491779,34.341624479015714],[108.10825901305687,34.341617664850588],[108.10823844759886,34.34161092102719],[108.10821785288631,34.341604243935741],[108.10819722348751,34.341597635383962],[108.10817656374844,34.341591094466544],[108.10815587258341,34.341584622085897],[108.10813515107918,34.34157821824104],[108.10811440032251,34.341571882931014],[108.10809365293112,34.341565626944778],[108.10807280670446,34.341559417919228],[108.10805196275504,34.341553287316913],[108.1080310906421,34.341547227051358],[108.10801019145126,34.341541236220102],[108.10798926300653,34.341535313022113],[108.10796830639818,34.341529460160849],[108.10794732162263,34.341523674931857],[108.10792630868336,34.341517960039525],[108.10790526975272,34.341512314580505],[108.10788420265709,34.341506738556674],[108.10786311065682,34.341501231965154],[108.10784198831787,34.341495794810697],[108.10782084433686,34.341490428888591],[108.10779967436311,34.341485131498217],[108.10777847731094,34.341479903542023],[108.10775725752977,34.341474746819109],[108.10773600958328,34.341469659531271],[108.10771473999333,34.341464642574266],[108.10769344875989,34.341459695948053],[108.10767213044893,34.341454819657436],[108.10765078940872,34.341450014600035],[108.10762942672373,34.341445278971925],[108.10760803804786,34.341440613678394],[108.10758663098977,34.34143601961425],[108.1075652022879,34.341431495880826],[108.10754374868179,34.341427042481001],[108.10752227560768,34.341422661212931],[108.10750078197641,34.341418350274623],[108.10747926778909,34.341414110567548],[108.10746950595112,34.341412220618054],[108.10830910140632,34.340223639596012],[108.10873184089407,34.339625170380664],[108.10903677819108,34.339773589445642],[108.10909850127248,34.339949614374831],[108.10921624543012,34.340285396583596],[108.10938118646146,34.34108666735608],[108.10943406951253,34.341952437053358],[108.10992110629951,34.342071731808495]]]},"properties":{"FID":191,"OBJECTID":192,"Landuse_ty":"公园绿地","一类用":14,"二类用":1401,"二类_1":"公园绿地","ORIG_FID":21,"一类_1":"绿地与开敞空间用地","Shape_Leng":852.48141856100005,"Shape_Area":29107.152885799998,"Area":2910715.2885799999}},{"type":"Feature","id":192,"geometry":{"type":"Polygon","coordinates":[[[108.10855780188957,34.328804667435598],[108.10856734329207,34.328939394520496],[108.10841153586126,34.328929890292493],[108.10840907367199,34.328821847115002],[108.10840834723662,34.328813804732988],[108.10840138083654,34.328769874455013],[108.10828886330825,34.32806028201054],[108.10845260114624,34.328056865639439],[108.10949224248691,34.328035171301146],[108.10991506110749,34.328026346559035],[108.10991618403845,34.328168348860189],[108.10847120824886,34.328180802990524],[108.10855149003051,34.328715536262919],[108.10855780188957,34.328804667435598]]]},"properties":{"FID":192,"OBJECTID":193,"Landuse_ty":"商业用地","一类用":9,"二类用":901,"二类_1":"商业用地","ORIG_FID":21,"一类_1":"商业服务业用地","Shape_Leng":494.65839100099998,"Shape_Area":3401.5613561700002,"Area":340156.13561699999}},{"type":"Feature","id":193,"geometry":{"type":"Polygon","coordinates":[[[108.10814488530883,34.328258180050469],[108.10799042222131,34.328260524083149],[108.10785417745674,34.327504482476314],[108.10779076643088,34.326669705052623],[108.10779957030771,34.326669009472354],[108.10780851660223,34.326668370559524],[108.1078172663215,34.326667810248054],[108.10782625407393,34.326667302012375],[108.10783501156642,34.326666872407777],[108.10784393646973,34.326666500350044],[108.10785284298834,34.326666196820504],[108.10786168982899,34.326665960052587],[108.10787054544666,34.326665789084551],[108.10787949242096,34.326665682040662],[108.10788832104306,34.326665643613062],[108.10789715626669,34.326665669184258],[108.10790609915072,34.326665762271169],[108.10791507797927,34.326665922936947],[108.1079238754234,34.326666145062738],[108.10793274575778,34.326666435636334],[108.10794152380934,34.326666787591428],[108.10795051819342,34.326667215981232],[108.10795937574045,34.326667703087381],[108.1079681486121,34.326668252469844],[108.10797707261773,34.326668876541483],[108.10798626617765,34.326669559872641],[108.10801810529837,34.327455985182638],[108.1080187977575,34.327462990893899],[108.10814488530883,34.328258180050469]]]},"properties":{"FID":193,"OBJECTID":194,"Landuse_ty":"商业用地","一类用":9,"二类用":901,"二类_1":"商业用地","ORIG_FID":21,"一类_1":"商业服务业用地","Shape_Leng":386.85576368599999,"Shape_Area":2802.8975439400001,"Area":280289.75439399999}},{"type":"Feature","id":194,"geometry":{"type":"Polygon","coordinates":[[[108.11235842704353,34.327471390709661],[108.11239286803313,34.327479246176821],[108.11242733175784,34.327487034002218],[108.11246182038724,34.327494751479399],[108.11248636344399,34.327500191922759],[108.11231951733016,34.329168209965147],[108.11219618043995,34.329160691073895],[108.11221713374732,34.328942524896966],[108.11222594375646,34.328850799118683],[108.11235842704353,34.327471390709661]]]},"properties":{"FID":194,"OBJECTID":195,"Landuse_ty":"商业用地","一类用":9,"二类用":901,"二类_1":"商业用地","ORIG_FID":21,"一类_1":"商业服务业用地","Shape_Leng":397.23270845399998,"Shape_Area":2183.3890207999998,"Area":218338.90208}},{"type":"Feature","id":195,"geometry":{"type":"Polygon","coordinates":[[[108.10414137951355,34.332455003090473],[108.10415738781884,34.332455340152158],[108.10419675501802,34.332456242400347],[108.10423632769407,34.332457220185475],[108.10427584503623,34.332458267419014],[108.10431531791252,34.332459384993264],[108.10435480717933,34.332460574659365],[108.10439429544986,34.332461836432131],[108.1044337838098,34.332463169409145],[108.10447330377406,34.332464574465007],[108.1045127379769,34.332466048093927],[108.10455221139324,34.332467595598168],[108.10459166968364,34.332469212516706],[108.10463114654084,34.332470903328158],[108.10467060718562,34.332472663554839],[108.1047100364068,34.332474495012747],[108.10474951136094,34.33247639943886],[108.1047889581517,34.332478375093423],[108.10482668361701,34.332480330573183],[108.10486433309271,34.332482347407144],[108.10490211958496,34.332484438935154],[108.10493980400302,34.332486588233799],[108.10497753415109,34.332488807797233],[108.10501523503828,34.332491089576379],[108.10505292840276,34.332493437158533],[108.10509061641685,34.332495849640374],[108.10512829799507,34.332498327924299],[108.10516600682571,34.332500872882868],[108.10518785317352,34.332502384835749],[108.10516676272948,34.332624186828291],[108.10485410213076,34.332604735024994],[108.10414045776548,34.332560333909541],[108.10414137951355,34.332455003090473]]]},"properties":{"FID":195,"OBJECTID":196,"Landuse_ty":"商业用地","一类用":9,"二类用":901,"二类_1":"商业用地","ORIG_FID":21,"一类_1":"商业服务业用地","Shape_Leng":216.50055045600001,"Shape_Area":1252.5761982700001,"Area":125257.619827}},{"type":"Feature","id":196,"geometry":{"type":"Polygon","coordinates":[[[108.10506164072429,34.336486747525797],[108.10529789132666,34.336537523362324],[108.10493320982795,34.33760391806824],[108.10491070955314,34.337618539537473],[108.10486591104979,34.33764773000452],[108.10482116148512,34.33767697360058],[108.10477645976789,34.337706266720673],[108.10473180915946,34.33773561026355],[108.10468720314039,34.337765005136347],[108.10464264823116,34.337794451333515],[108.10459814225713,34.337823947955521],[108.10455368413152,34.337853495003301],[108.10450927494215,34.337883093377471],[108.1044649135989,34.337912740374605],[108.10442060336536,34.337942438696366],[108.10437634206798,34.337972188344679],[108.10433212753101,34.338001987518503],[108.1042940013931,34.338027755476674],[108.10403735843728,34.337942469226057],[108.10471988068799,34.33750625574239],[108.10492988029665,34.336879808034361],[108.10493381921296,34.336868056556668],[108.10506164072429,34.336486747525797]]]},"properties":{"FID":196,"OBJECTID":197,"Landuse_ty":"商业用地","一类用":9,"二类用":901,"二类_1":"商业用地","ORIG_FID":21,"一类_1":"商业服务业用地","Shape_Leng":442.82685074300002,"Shape_Area":4299.8894124300004,"Area":429988.94124299998}},{"type":"Feature","id":197,"geometry":{"type":"Polygon","coordinates":[[[108.10848632813286,34.334179274839784],[108.10825117042555,34.335392666892787],[108.10898322767372,34.335539177171121],[108.10898217584743,34.33555019240579],[108.10898044649232,34.335569222412154],[108.10897880190639,34.335588256850386],[108.10897724209202,34.335607297523474],[108.1089757681325,34.335626341726019],[108.1089743789435,34.33564539126192],[108.10897307778289,34.335664444325324],[108.1089718613906,34.335683500919174],[108.10897072976665,34.335702561043433],[108.10896968400019,34.335721626500096],[108.10896872517331,34.335740693682304],[108.10896847363307,34.335746183927085],[108.10842554886702,34.335620995759733],[108.10821627133875,34.335572739785157],[108.10803103505391,34.335530027089291],[108.10814559616631,34.334922186000227],[108.10828710795889,34.3341713315261],[108.10848632813286,34.334179274839784]]]},"properties":{"FID":197,"OBJECTID":198,"Landuse_ty":"商业用地","一类用":9,"二类用":901,"二类_1":"商业用地","ORIG_FID":21,"一类_1":"商业服务业用地","Shape_Leng":489.06607414899997,"Shape_Area":4273.0682720499999,"Area":427306.82720499998}},{"type":"Feature","id":198,"geometry":{"type":"Polygon","coordinates":[[[108.10795322319535,34.334444656219219],[108.10800028920548,34.334185793972537],[108.10805580312595,34.333880472701445],[108.10823733423071,34.333910286646102],[108.10813000463571,34.33447973555193],[108.10795322319535,34.334444656219219]]]},"properties":{"FID":198,"OBJECTID":199,"Landuse_ty":"商业用地","一类用":9,"二类用":901,"二类_1":"商业用地","ORIG_FID":21,"一类_1":"商业服务业用地","Shape_Leng":160.983222391,"Shape_Area":1071.3541800600001,"Area":107135.41800600001}},{"type":"Feature","id":199,"geometry":{"type":"Polygon","coordinates":[[[108.11179522822869,34.334418115718464],[108.11178872999143,34.334440431513357],[108.11178212750602,34.33446280690076],[108.11177542510121,34.334485228354474],[108.11176865955755,34.334507569633551],[108.11176179625221,34.334529945257678],[108.11175486331877,34.334552264151554],[108.11174781530316,34.334574667889243],[108.11174071930735,34.334596949970233],[108.11173352878343,34.334619246560692],[108.11172628271174,34.334641451250214],[108.11171891506127,34.334663758819062],[108.11171148319077,34.334685990721511],[108.11170397087726,34.334708205568667],[108.11169637485817,34.33473040156052],[108.11168867782138,34.334752635506199],[108.11168093606419,34.334774747792096],[108.11167310303253,34.334796870076985],[108.11166518305403,34.334818987933168],[108.11165715338181,34.334841157273218],[108.11164908982745,34.334863183308009],[108.11164095773209,34.33488515351285],[108.11163265747419,34.334907336619978],[108.11162434499543,34.334929321411707],[108.11161596180924,34.334951255784283],[108.11160752416373,34.334973100057709],[108.11159887069159,34.334995271764924],[108.11159024507431,34.33501714505573],[108.11158153359155,34.335039010310759],[108.11157274057217,34.335060854003835],[108.11156387577151,34.335082657194945],[108.11155484711126,34.33510464083087],[108.11154581383457,34.335126424341425],[108.11153672284878,34.335148125868997],[108.111527474496,34.335169987101324],[108.11151819010983,34.335191722158314],[108.11150877543841,34.33521355198873],[108.11149936807449,34.335235159145782],[108.11148989326145,34.335256714979032],[108.11148029465701,34.335278345747113],[108.11147054517781,34.335300115479853],[108.11146077917226,34.335321718452718],[108.1114509435463,34.335343271906645],[108.11144096787196,34.33536493366492],[108.11143098868679,34.335386409720343],[108.11142098106072,34.335407748775609],[108.1101384505495,34.335061329377844],[108.11045636695277,34.334116514057463],[108.11130399655224,34.334307459215403],[108.11179522822869,34.334418115718464]]]},"properties":{"FID":199,"OBJECTID":200,"Landuse_ty":"广场用地","一类用":14,"二类用":1403,"二类_1":"广场用地","ORIG_FID":21,"一类_1":"绿地与开敞空间用地","Shape_Leng":475.74045091599999,"Shape_Area":14236.521970600001,"Area":1423652.1970599999}},{"type":"Feature","id":200,"geometry":{"type":"Polygon","coordinates":[[[108.11142098106072,34.335407748775609],[108.11141071960375,34.335429440540132],[108.11140052615305,34.335450790580424],[108.11139020673922,34.335472217360284],[108.11137978844785,34.335493658652872],[108.11136932438156,34.335515003527611],[108.11135873651813,34.335536419731],[108.11134819608975,34.335557551923671],[108.11133734759717,34.335579115303496],[108.11132665385919,34.3356001935447],[108.11131579837445,34.335621408055594],[108.11130483967206,34.335642642491862],[108.11129373657081,34.335663983433115],[108.11128269826125,34.335685016909302],[108.11127145808869,34.335706257007068],[108.11126028923653,34.335727195944187],[108.11124894018894,34.335748291000186],[108.11123757140336,34.335769256259702],[108.11122604085594,34.335790346970903],[108.11121443527372,34.335811403492848],[108.11120282295838,34.335832303161979],[108.11119113561413,34.335853173149182],[108.11117931252247,34.335874118081414],[108.1111674198104,34.335895014395653],[108.11115548785389,34.335915822399137],[108.11114342230768,34.335936693626316],[108.111131308835,34.335957485565409],[108.11111918322527,34.335978143193536],[108.11110692944622,34.335998854124099],[108.11109463967327,34.336019469528999],[108.1110821989607,34.336040177020628],[108.11106974827851,34.33606074569186],[108.11105709026802,34.336081498451954],[108.11104455892068,34.336101888700384],[108.11103180939661,34.336122477471143],[108.1110190683428,34.336142901261773],[108.11100618176832,34.336163406316274],[108.1109932689553,34.336183796904997],[108.11098021821191,34.336204256129889],[108.11097698855689,34.336209284814487],[108.10999050492161,34.335981836892849],[108.10997746028715,34.335978829548502],[108.10986112501367,34.335952006731297],[108.1101384505495,34.335061329377844],[108.11142098106072,34.335407748775609]]]},"properties":{"FID":200,"OBJECTID":201,"Landuse_ty":"商业用地","一类用":9,"二类用":901,"二类_1":"商业用地","ORIG_FID":21,"一类_1":"商业服务业用地","Shape_Leng":430.64149813199998,"Shape_Area":11561.3735055,"Area":1156137.3505500001}},{"type":"Feature","id":201,"geometry":{"type":"Polygon","coordinates":[[[108.1101384505495,34.335061329377844],[108.10986112501367,34.335952006731297],[108.10944552804314,34.335856181821299],[108.10943979357543,34.335419535555772],[108.10945377939842,34.335118990813207],[108.1095424228301,34.334742054467384],[108.10961414602231,34.334620346186412],[108.1097949047914,34.334326807929671],[108.10991540024277,34.334123959351871],[108.1102025308108,34.333823169889193],[108.11044955923259,34.333639288495753],[108.11065639705969,34.333503146624729],[108.11084317868811,34.333421882220236],[108.11105298078924,34.333354906774836],[108.11123982890788,34.333323729824947],[108.11148709025534,34.333318735226136],[108.11172861978059,34.333328055476784],[108.11200849123821,34.333348108384435],[108.11200587687254,34.333371163462914],[108.11200318742551,34.333394144688441],[108.11200040244647,34.333417199922685],[108.11199756388135,34.333440001889478],[108.11199460721751,34.333463068999698],[108.11199160558918,34.333485828745658],[108.11198849552478,34.333508765281024],[108.11198526085322,34.333531975980584],[108.11198198769161,34.333554845053655],[108.11197864377699,34.333577626747534],[108.11197516231402,34.333600757440379],[108.11197165102811,34.333623526666209],[108.11196802263008,34.333646486211528],[108.11196434180522,34.333669247478667],[108.11196054710061,34.333692178328249],[108.11195669672816,34.333714925326298],[108.11195271738301,34.333737932970209],[108.11194868669513,34.33376074053195],[108.11194453671401,34.33378373300625],[108.11194035267782,34.333806450559578],[108.11193603096659,34.333829422456297],[108.11193168925664,34.333852066231827],[108.11192724118931,34.333874816479124],[108.111922668402,34.333897757052782],[108.11191806374721,34.333920433521222],[108.11191332896033,34.333943316547611],[108.11190856555402,34.333965926450986],[108.11190370442844,34.333988601350043],[108.11189871963684,34.334011442234441],[108.11189370300151,34.334034037043203],[108.11188854974576,34.334056862755766],[108.11188335060167,34.334079504607743],[108.11187806451521,34.334102143834393],[108.11187267961037,34.334124839042865],[108.11186723262907,34.334147435144757],[108.11186168034615,34.334170115180314],[108.11185606921325,34.334192670864851],[108.11185031709331,34.334215443033365],[108.11184458831181,34.334237788779483],[108.11183865582066,34.334260581846102],[108.11183271748367,34.33428306661105],[108.1118266868025,34.334305573095492],[108.11182059189618,34.334327999406362],[108.11181432568819,34.334350727869548],[108.11180810016637,34.33437300014559],[108.11180169685238,34.33439559711686],[108.11179522822869,34.334418115718464],[108.11130399655224,34.334307459215403],[108.11045636695277,34.334116514057463],[108.1101384505495,34.335061329377844]]]},"properties":{"FID":201,"OBJECTID":202,"Landuse_ty":"公园绿地","一类用":14,"二类用":1401,"二类_1":"公园绿地","ORIG_FID":21,"一类_1":"绿地与开敞空间用地","Shape_Leng":925.60168747299997,"Shape_Area":25776.487649999999,"Area":2577648.7650000001}},{"type":"Feature","id":202,"geometry":{"type":"Polygon","coordinates":[[[108.10421316988759,34.342039533270253],[108.10443684103215,34.341149101896285],[108.10571295273704,34.341449607029517],[108.10572837312097,34.341452017899165],[108.10574398063621,34.341452095368069],[108.10576540495134,34.341450601140487],[108.10578669786311,34.341449186352975],[108.10580778004004,34.341447854680055],[108.10582920027414,34.341446574095713],[108.10585037825646,34.341445376653262],[108.10587159110172,34.341444247689509],[108.10589307789016,34.341443175278435],[108.10591433981232,34.341442183289871],[108.10593547358849,34.341441268034316],[108.105957082356,34.341440401945498],[108.10597826303693,34.34143962456848],[108.10599946336598,34.34143891568332],[108.10602078332492,34.341438272498955],[108.1060422272644,34.341437697716032],[108.10606354305143,34.341437194257324],[108.10608474047062,34.341436764818845],[108.10610630856617,34.341436398159118],[108.10612746921105,34.341436109376083],[108.10614880926099,34.341435887143383],[108.10617012114275,34.34143573524689],[108.10619131573807,34.341435652862387],[108.10621284624277,34.341435641399805],[108.10623409100675,34.341435698693864],[108.10625536411727,34.341435827176589],[108.10627686663142,34.341436026673463],[108.10629807362386,34.341436294935626],[108.10631941438209,34.341436634294922],[108.10634088347331,34.341437045657479],[108.10636188423233,34.341437517822285],[108.10638344697048,34.34143807333291],[108.10640462179708,34.341438687773071],[108.10642593800186,34.341439376909555],[108.10644733580887,34.34144013899131],[108.10646870110126,34.341440971413071],[108.10648986541334,34.341441864405077],[108.10651108741715,34.341442829461677],[108.10653257687905,34.341443878119591],[108.10655378928055,34.34144498380811],[108.10657499633645,34.341446158911602],[108.10659628173683,34.341447408766072],[108.10661757918157,34.341448728921854],[108.10663885824047,34.341450119405401],[108.10666009173796,34.341451575733011],[108.1066812101158,34.341453095260881],[108.10670247966169,34.341454695786616],[108.10672392211616,34.3414563808971],[108.10674512227897,34.341458115796478],[108.10676621601667,34.34145991388862],[108.10678738810049,34.341461787633158],[108.10680863309882,34.341463738837739],[108.10682974232188,34.341465747851856],[108.10685101684973,34.34146784416167],[108.10687207842734,34.341469988432131],[108.10689329444192,34.341472220007731],[108.10691450946119,34.34147452279749],[108.10693557674607,34.341476879801426],[108.10695690172972,34.341479336640944],[108.10697778441168,34.341481811892791],[108.10699896392632,34.341484394157867],[108.10701997940139,34.341487027947046],[108.10704125149208,34.341489764277028],[108.10706201714311,34.34149250555356],[108.10708323289617,34.341495378049061],[108.10710422047401,34.341498290405625],[108.10710619988897,34.341498571739031],[108.10638284821738,34.34252254934313],[108.10566451606718,34.34236263843821],[108.10421316988759,34.342039533270253]]]},"properties":{"FID":202,"OBJECTID":203,"Landuse_ty":"工业用地","一类用":10,"二类用":1001,"二类_1":"工业用地","ORIG_FID":21,"一类_1":"工矿用地","Shape_Leng":689.98127167300004,"Shape_Area":24156.502300700002,"Area":2415650.23007}},{"type":"Feature","id":203,"geometry":{"type":"Polygon","coordinates":[[[108.11293587427019,34.343793612666595],[108.11403912724833,34.343972775208009],[108.11398654652017,34.344543881074706],[108.11397337952923,34.344686886075088],[108.11395738050533,34.344860653101463],[108.11163723494681,34.344539828149045],[108.11171829055267,34.344345129201862],[108.11177736837516,34.34420321929418],[108.11201045684706,34.343643322403793],[108.11293587427019,34.343793612666595]]]},"properties":{"FID":203,"OBJECTID":204,"Landuse_ty":"工业用地","一类用":10,"二类用":1001,"二类_1":"工业用地","ORIG_FID":21,"一类_1":"工矿用地","Shape_Leng":610.615348853,"Shape_Area":20555.679619400002,"Area":2055567.9619400001}},{"type":"Feature","id":204,"geometry":{"type":"Polygon","coordinates":[[[108.1111003284268,34.343451487290665],[108.11111941066524,34.343457115042874],[108.11113851889837,34.34346267335453],[108.11115765421651,34.343468164929085],[108.11117682313817,34.343473587957654],[108.11119601588072,34.343478941547602],[108.11121523896745,34.343484227495949],[108.11123448804864,34.343489444003708],[108.11125376312543,34.34349459197233],[108.11127306745826,34.34349967139881],[108.11129239343693,34.343504680487143],[108.11131175084758,34.343509622834311],[108.11133112881598,34.34351449394277],[108.11135053278096,34.343519297413529],[108.11136996600057,34.34352403144063],[108.11138941869217,34.343528695131468],[108.11140889629102,34.343533289382584],[108.11142839662344,34.343537814195933],[108.11144792186421,34.343542270471026],[108.1114674720109,34.343546656404861],[108.11148704054133,34.343550971101919],[108.11150663506682,34.34355521725967],[108.11152625015079,34.343559393080113],[108.11154588688123,34.343563499463741],[108.11156554525571,34.343567534607551],[108.11158521984245,34.343571500319449],[108.11160491933481,34.343575395690046],[108.11162463612376,34.343579219824754],[108.11164437564697,34.343582975423075],[108.11166413572596,34.343586658881065],[108.11168372612489,34.343590238820411],[108.11168572307696,34.343590583167256],[108.1119135281336,34.34362758104681],[108.11168141518927,34.344185134819895],[108.11161643709985,34.344341215917041],[108.11153623714017,34.344533858643459],[108.11072092977226,34.344342108318983],[108.11082205521873,34.344167739111619],[108.11092041809508,34.343914562229259],[108.1111003284268,34.343451487290665]]]},"properties":{"FID":204,"OBJECTID":205,"Landuse_ty":"仓储用地","一类用":11,"二类用":1101,"二类_1":"物流仓储用地","ORIG_FID":21,"一类_1":"仓储用地","Shape_Leng":366.69928729399999,"Shape_Area":7969.9760137699996,"Area":796997.60137699998}},{"type":"Feature","id":205,"geometry":{"type":"Polygon","coordinates":[[[108.09821226116246,34.341611959715372],[108.09761046658302,34.341671537489646],[108.09805990306643,34.34107897507031],[108.09867029156231,34.340477284579087],[108.09867777992787,34.340469295933083],[108.09886252983513,34.340256211756618],[108.10030090928788,34.340431263415603],[108.09885300275654,34.341249761094517],[108.09821226116246,34.341611959715372]]]},"properties":{"FID":205,"OBJECTID":206,"Landuse_ty":"工业用地","一类用":10,"二类用":1001,"二类_1":"工业用地","ORIG_FID":21,"一类_1":"工矿用地","Shape_Leng":617.23381297599997,"Shape_Area":14940.536420599999,"Area":1494053.64206}},{"type":"Feature","id":206,"geometry":{"type":"Polygon","coordinates":[[[108.10566451606718,34.34236263843821],[108.10638284821738,34.34252254934313],[108.10580149169394,34.343345497836168],[108.10542755417329,34.343874819754475],[108.10542366695813,34.343880323933142],[108.10541856382685,34.343879944296397],[108.10537669849586,34.343876756641443],[108.10533484069012,34.343873500453213],[108.10529299040748,34.34387017392875],[108.10525114221502,34.343866777974213],[108.10520929611172,34.343863311688111],[108.10516748796861,34.343859779547053],[108.10512567104549,34.343856176182342],[108.10508386273278,34.343852502480487],[108.10504206412082,34.343848761145026],[108.10500025672805,34.343844947684396],[108.10495849273006,34.343841068364249],[108.10491671995257,34.343837117820442],[108.10487495796305,34.343833099642133],[108.10483320675712,34.343829010223395],[108.10479146416569,34.343824853172038],[108.10474973235917,34.343820625781774],[108.10470801133991,34.343816329855564],[108.10466630110687,34.343811964491941],[108.1046245983997,34.343807529693684],[108.10458290974053,34.343803026356738],[108.10454122969425,34.34379845358427],[108.10449956260938,34.343793812274058],[108.10445790522331,34.343789100625926],[108.10441626079884,34.343784320440058],[108.10437460977099,34.343779469930212],[108.10433300540097,34.343774554459849],[108.10429141834018,34.34376957044811],[108.10424979750009,34.343764511628152],[108.10420821244767,34.343759386054053],[108.10416664035857,34.343754192843768],[108.10412507905589,34.34374892929474],[108.10408353071672,34.343743598109569],[108.10404199642578,34.34373819748437],[108.1040004740095,34.34373272742102],[108.10395896564386,34.343727189720632],[108.10391747024102,34.343721583482669],[108.10387598888566,34.343715906903284],[108.10383454658154,34.343710165370126],[108.10380110896271,34.343705476276284],[108.10393837461331,34.343133467104906],[108.10407692655031,34.342581909420083],[108.10408653884495,34.342543641522944],[108.10421316988759,34.342039533270253],[108.10566451606718,34.34236263843821]]]},"properties":{"FID":206,"OBJECTID":207,"Landuse_ty":"仓储用地","一类用":11,"二类用":1101,"二类_1":"物流仓储用地","ORIG_FID":21,"一类_1":"仓储用地","Shape_Leng":720.50989534200005,"Shape_Area":31743.996101000001,"Area":3174399.6101000002}},{"type":"Feature","id":207,"geometry":{"type":"Polygon","coordinates":[[[108.10585459545749,34.321857293449391],[108.10587498736336,34.321880378137223],[108.10597954325401,34.321998741718936],[108.10596214883282,34.321991030155509],[108.10594478258223,34.321983252756915],[108.10592756082823,34.321975461708668],[108.10591037703057,34.321967610225748],[108.10589293656379,34.321959561537469],[108.10587583954778,34.321951591880335],[108.10585847824908,34.321943418713992],[108.10584146040449,34.321935327283356],[108.10582428916931,34.321927083632183],[108.10580754728277,34.32191896761833],[108.10579034975888,34.32191054999879],[108.1057735033072,34.321902224024939],[108.10575639799814,34.321893688226652],[108.10573963289241,34.321885241379107],[108.10572279593237,34.321876678299915],[108.10570611869753,34.321868115080541],[108.10568930002341,34.321859398728769],[108.10567260084646,34.321850661537461],[108.10565605487433,34.321841923310188],[108.10563943704358,34.321833065245379],[108.10562280497722,34.321824116140746],[108.10560627719079,34.321815141702395],[108.10558991457016,34.321806173429778],[108.10557359208167,34.321797146523949],[108.10555703137204,34.32178790256377],[108.10554080762708,34.321778764685973],[108.10552451419129,34.321769502461358],[108.10550838157845,34.321760249110859],[108.10549200856494,34.321750773298881],[108.1054760268881,34.321741439582041],[108.10545986896061,34.32173191850633],[108.10544381314003,34.321722372099032],[108.10542792358184,34.321712839970239],[108.10541195998019,34.321703178089464],[108.10539617025459,34.321693536791088],[108.10538014337611,34.32168366311199],[108.1053644534809,34.321673910841135],[108.10534868627717,34.321664024313719],[108.10533297333993,34.321654086353021],[108.10531743862933,34.321644172577109],[108.10530166349646,34.32163401830983],[108.10528626232953,34.321624017872686],[108.10527059681073,34.321613756230626],[108.10525526285231,34.321603624115212],[108.1052400114329,34.321593458572032],[108.10522462615121,34.321583115549721],[108.10520920161279,34.321572656267819],[108.10519407927995,34.32156231211426],[108.10517888180421,34.321551827391943],[108.10516374076927,34.321541292136182],[108.10514865182228,34.321530700941835],[108.10513374437815,34.321520147452105],[108.10511875852492,34.321509447987523],[108.10510395961398,34.321498791631875],[108.1050890888155,34.321487991098742],[108.10507427010835,34.321477137331584],[108.10505951110392,34.321466234831263],[108.10504480744932,34.321455278192694],[108.10503015371188,34.321444267420503],[108.10501568909635,34.321433305164497],[108.10500101337981,34.321422088869404],[108.10498667143492,34.321411033651955],[108.10497224889589,34.32139982254526],[108.10495788170674,34.321388557300388],[108.10494369821114,34.321377344182466],[108.10492945042859,34.321365982373173],[108.10491525364975,34.321354566429505],[108.10490111983663,34.321343104454577],[108.10488717298105,34.321331698209868],[108.10487315531044,34.321320136067534],[108.10485906791254,34.321308418928112],[108.1048454252501,34.321296973654356],[108.10483158016402,34.321285261713193],[108.10481780239428,34.321273507343129],[108.10480395597722,34.321261592566152],[108.10479054234889,34.321249954172742],[108.10477694477616,34.321238055406461],[108.10476340799268,34.32122610790654],[108.10474992547482,34.321214108072652],[108.10473651136316,34.321202068513479],[108.10472303294716,34.321189865839273],[108.10470989379,34.321177869313239],[108.10469825782587,34.32116715972068],[108.10468647708821,34.32115623479617],[108.10467489096619,34.321145408867388],[108.10466347770777,34.32113466482474],[108.1046587935752,34.32113022180949],[108.10465313963797,34.321101647811552],[108.10464010806554,34.321035368357933],[108.10462715907666,34.320969078013825],[108.10461429158462,34.320902776780223],[108.10460149573332,34.320836402463158],[108.10458880543648,34.320770141640807],[108.10457618569346,34.320703807735995],[108.10456364853304,34.320637462940844],[108.10455119395618,34.320571108156855],[108.10453882196046,34.320504741581097],[108.10452653146137,34.320438365017466],[108.10451432463179,34.320371978464166],[108.10450220805211,34.32030563149717],[108.10449015654551,34.320239173590224],[108.10447819637497,34.320172755268743],[108.10446631770012,34.320106326959518],[108.10445452269381,34.320039888660716],[108.10444280918281,34.319973440374234],[108.10443118371398,34.319907004631595],[108.10441963207863,34.319840513833661],[108.10440816631201,34.319774035581467],[108.10439678421409,34.319707548241318],[108.10438548361053,34.319641050913582],[108.10437426667418,34.319574543596453],[108.10436312904875,34.319508018180301],[108.104352078372,34.319441500801673],[108.10434110917879,34.319374965322204],[108.10433022147899,34.31930841985529],[108.10431941744768,34.319241866202042],[108.10430869490939,34.319175302561383],[108.10429804946661,34.319108687468805],[108.10428749646856,34.319042132695259],[108.10427702495068,34.31897555801806],[108.10427401537167,34.318956265221097],[108.10431405212482,34.318706030606776],[108.10455831131758,34.318064850169549],[108.10530401176165,34.318482361025616],[108.10529885682865,34.318484510087544],[108.1052918811363,34.318488571860264],[108.10528586056925,34.318493577566613],[108.10528098072754,34.318499373794985],[108.1052773858973,34.318505785533631],[108.10527528065728,34.318512195991829],[108.10489697473702,34.320198216717202],[108.10489627180232,34.320203474885666],[108.10489639687746,34.320208778357078],[108.1048973469063,34.320213997542645],[108.10489909867513,34.320219004913092],[108.10535965485947,34.321305762665467],[108.10536336280776,34.321312397098296],[108.1053682594564,34.321318184916862],[108.10537429163283,34.321323180255838],[108.10538127769405,34.321327230019158],[108.10538900561222,34.32133021178732],[108.10585459545749,34.321857293449391]]]},"properties":{"FID":207,"OBJECTID":208,"Landuse_ty":"工业用地","一类用":10,"二类用":1001,"二类_1":"工业用地","ORIG_FID":21,"一类_1":"工矿用地","Shape_Leng":1005.77174323,"Shape_Area":22857.957349600001,"Area":2285795.73496}},{"type":"Feature","id":208,"geometry":{"type":"Polygon","coordinates":[[[108.10964977353368,34.340097645400682],[108.10921624543012,34.340285396583596],[108.10909850127248,34.339949614374831],[108.10903677819108,34.339773589445642],[108.10873184089407,34.339625170380664],[108.10887302608943,34.339425293028633],[108.10899789510275,34.339256597828665],[108.10902449072843,34.339220668172992],[108.10939108497081,34.339408451402612],[108.10959890560106,34.340016484665121],[108.10964977353368,34.340097645400682]]]},"properties":{"FID":208,"OBJECTID":209,"Landuse_ty":"文化用地","一类用":8,"二类用":803,"二类_1":"文化用地","ORIG_FID":21,"一类_1":"公共管理与公共服务用地","Shape_Leng":308.893710011,"Shape_Area":4841.8470982299996,"Area":484184.70982300001}},{"type":"Feature","id":209,"geometry":{"type":"Polygon","coordinates":[[[108.11347265701998,34.340252402865623],[108.11388576610005,34.340313344353142],[108.11367889337349,34.341124790596915],[108.11351043911266,34.341095453139843],[108.11328695218366,34.341056531356656],[108.11347265701998,34.340252402865623]]]},"properties":{"FID":209,"OBJECTID":210,"Landuse_ty":"文化用地","一类用":8,"二类用":803,"二类_1":"文化用地","ORIG_FID":21,"一类_1":"公共管理与公共服务用地","Shape_Leng":258.285271309,"Shape_Area":3448.2974044500002,"Area":344829.740445}},{"type":"Feature","id":210,"geometry":{"type":"Polygon","coordinates":[[[108.10808663176711,34.333456906907152],[108.10807721819927,34.333801282086185],[108.10779906186812,34.333755598579579],[108.10749966299056,34.333706426326827],[108.1075312767468,34.333409727282749],[108.10808663176711,34.333456906907152]]]},"properties":{"FID":210,"OBJECTID":211,"Landuse_ty":"体育用地","一类用":8,"二类用":805,"二类_1":"体育用地","ORIG_FID":21,"一类_1":"公共管理与公共服务用地","Shape_Leng":176.80332532099999,"Shape_Area":1868.3154426799999,"Area":186831.544268}},{"type":"Feature","id":211,"geometry":{"type":"Polygon","coordinates":[[[108.10811096249176,34.32448504619812],[108.10811291063533,34.324451085615877],[108.1081149402948,34.324417143892617],[108.1081170547032,34.324383200291344],[108.10811925605789,34.324349273741269],[108.10812154107244,34.324315343511195],[108.10812390868789,34.324281431237615],[108.10812636537274,34.324247497249566],[108.108128906828,34.324213578511667],[108.10813109904181,34.324185239360069],[108.10877847973725,34.324213929118287],[108.10877684827557,34.324513314858862],[108.10836176806338,34.324495693726263],[108.10811096249176,34.32448504619812]]]},"properties":{"FID":211,"OBJECTID":212,"Landuse_ty":"体育用地","一类用":8,"二类用":805,"二类_1":"体育用地","ORIG_FID":21,"一类_1":"公共管理与公共服务用地","Shape_Leng":187.547894732,"Shape_Area":2013.20876395,"Area":201320.876395}},{"type":"Feature","id":212,"geometry":{"type":"Polygon","coordinates":[[[108.10534393663487,34.326642694653415],[108.10515363705392,34.326645148862418],[108.10503882055895,34.326646629364483],[108.10489979379054,34.326648421677262],[108.10484882583231,34.326170856185882],[108.10498422176022,34.326158814481019],[108.1052820356082,34.326140405668006],[108.10534393663487,34.326642694653415]]]},"properties":{"FID":212,"OBJECTID":213,"Landuse_ty":"体育用地","一类用":8,"二类用":805,"二类_1":"体育用地","ORIG_FID":21,"一类_1":"公共管理与公共服务用地","Shape_Leng":190.08652272500001,"Shape_Area":2210.0635189999998,"Area":221006.35190000001}},{"type":"Feature","id":213,"geometry":{"type":"Polygon","coordinates":[[[108.10896331591516,34.326624118857737],[108.10898523938219,34.326624212936828],[108.10900753347562,34.32662437970221],[108.10902954622618,34.326624614325176],[108.10905156232762,34.326624919256872],[108.10907359590585,34.326625294484671],[108.10909558176238,34.326625738263708],[108.10911783828152,34.326626257522165],[108.10913966675717,34.326626837557384],[108.10916184304796,34.32662749570769],[108.10918386730091,34.326628220699206],[108.10920591663724,34.326629015980046],[108.10922798127754,34.326629881558929],[108.10924990474388,34.326630812166506],[108.10927205758698,34.326631821895965],[108.1092941518428,34.326632900186382],[108.10931613100217,34.326634042580828],[108.10933796246348,34.326635246404003],[108.10936012436999,34.326636540076471],[108.10938212988455,34.326637894283934],[108.10940427676248,34.32663932859311],[108.10942610315497,34.32664081096322],[108.10941886574042,34.32694084886451],[108.10866057954067,34.326935560695873],[108.108649675243,34.32684016376416],[108.10863249601171,34.326631091832844],[108.10865456155835,34.32663013561784],[108.10867653483962,34.326629254303811],[108.10869861251808,34.326628437799918],[108.10872054360108,34.326627696245247],[108.10874281486863,34.326627014783931],[108.1087648265375,34.326626411076624],[108.10878680461325,34.326625878612319],[108.10880886101029,34.326625412784203],[108.10883082731323,34.326625020052255],[108.10885314467166,34.326624691009627],[108.10887506008429,34.326624438044803],[108.10889717334717,34.326624253412803],[108.10891918673325,34.326624139181277],[108.10894120564083,34.326624093453574],[108.10896331591516,34.326624118857737]]]},"properties":{"FID":213,"OBJECTID":214,"Landuse_ty":"体育用地","一类用":8,"二类用":805,"二类_1":"体育用地","ORIG_FID":21,"一类_1":"公共管理与公共服务用地","Shape_Leng":210.053247027,"Shape_Area":2457.96130257,"Area":245796.13025700001}},{"type":"Feature","id":214,"geometry":{"type":"Polygon","coordinates":[[[108.10456837718233,34.336380731853247],[108.10440672798397,34.336749865874467],[108.10368104215699,34.336584196146923],[108.10384482694296,34.336225217347696],[108.1039142612488,34.336240141063662],[108.10456837718233,34.336380731853247]]]},"properties":{"FID":214,"OBJECTID":215,"Landuse_ty":"消防用地","一类用":13,"二类用":1310,"二类_1":"消防用地","ORIG_FID":21,"一类_1":"公用设施用地","Shape_Leng":224.181772086,"Shape_Area":2959.5031002800001,"Area":295950.31002799998}},{"type":"Feature","id":215,"geometry":{"type":"Polygon","coordinates":[[[108.10746000548187,34.326589322944749],[108.10745031490436,34.326592547035872],[108.10744065593181,34.326595845020094],[108.10743103399265,34.326599213286713],[108.10742145451988,34.326602651830974],[108.10741190990839,34.326606161561031],[108.10740240450343,34.326609741571602],[108.10739293504631,34.326613392767051],[108.10738350588345,34.326617115143534],[108.10737412135778,34.326620905992876],[108.10736477495081,34.326624766222224],[108.10735546557937,34.326628698537],[108.10734620953447,34.326632696612549],[108.10733699269367,34.326636763165745],[108.10732781506042,34.326640900900991],[108.10731868640838,34.32664510530234],[108.10730960565094,34.326649376370774],[108.10730068137967,34.326653659922165],[108.10729157804495,34.326658122123348],[108.10728263771256,34.326662594097364],[108.10727374201605,34.326667133642836],[108.10726490073255,34.326671738948221],[108.10725610951219,34.326676407312917],[108.10724736510086,34.326681143247178],[108.10723867727116,34.326685941333572],[108.107230035165,34.326690807891978],[108.10722145072589,34.32669573570012],[108.10721291852421,34.326700727467184],[108.1072044363879,34.326705784096582],[108.10719601517842,34.326710901972874],[108.10718764729066,34.326716082004211],[108.10717933489897,34.32672132509019],[108.10717108668817,34.326726624912844],[108.10716317625243,34.326731800034786],[108.10715532455889,34.326737027390799],[108.10714751858315,34.326742318711588],[108.1071397485515,34.326747678513108],[108.10713208828894,34.326753056247746],[108.10712445528793,34.326758510584078],[108.10711687994248,34.32676401715549],[108.10710936225603,34.32676957866645],[108.10710190439833,34.326775192410636],[108.10709450419733,34.326780859291382],[108.10708716274193,34.326786581110774],[108.10707987785662,34.32679235606772],[108.10707265931512,34.326798179646296],[108.107065497346,34.326804058165415],[108.10705840063294,34.326809984405656],[108.10705136266317,34.326815963781591],[108.10704438994946,34.32682199087867],[108.10703747815114,34.32682807020808],[108.10703062943796,34.326834199063534],[108.10702384815062,34.326840372933802],[108.1070173774018,34.326846365334319],[108.10701548574536,34.326848178065845],[108.10700965128984,34.326854665725385],[108.10700121850222,34.326865235765077],[108.10699272295361,34.326876014101501],[108.10698430242793,34.326886831135518],[108.10697595583973,34.326897687769602],[108.10696768101811,34.326908585808624],[108.10695948338812,34.326919518937451],[108.10695135969453,34.326930490764902],[108.10694331211059,34.326941501289113],[108.10693533737415,34.326952548709912],[108.10692743766079,34.326963634828452],[108.10691961513801,34.326974755135424],[108.10691190776852,34.32698585550871],[108.10690419624609,34.326997110038647],[108.10689659987355,34.327008341930501],[108.10688908286376,34.327019607107452],[108.10688164304464,34.32703090647292],[108.10687427716098,34.327042243635645],[108.10686699172673,34.327053614082573],[108.1068597823932,34.327065016014522],[108.1068526502527,34.327076453937984],[108.1068455963885,34.32708792514758],[108.10683862188718,34.327099429642367],[108.10683172565875,34.327110964718884],[108.10682490770779,34.327122533983037],[108.10681816694429,34.327134134731352],[108.10681150771359,34.327145766058578],[108.10680492892796,34.327157427064193],[108.1067984251589,34.32716912135885],[108.1067920040082,34.327180845330048],[108.10678566330148,34.32719259807817],[108.10677940195677,34.32720438321013],[108.10677322214043,34.327216195315138],[108.10676712167927,34.327228034395127],[108.1067611016645,34.327239904055055],[108.10675516317934,34.327251801589554],[108.10674930513834,34.32726372790107],[108.1067435297102,34.327275679381799],[108.10673783363967,34.327287659640497],[108.10673222235641,34.327299665967999],[108.10672669042626,34.327311697467607],[108.10672124328229,34.327323754134547],[108.10671585273539,34.327335885574968],[108.10671058923168,34.327347946588795],[108.10670538884021,34.327360078764507],[108.10670026997293,34.327372234307482],[108.10669523371878,34.327384415019758],[108.10669027790456,34.327396620903237],[108.10668541121636,34.327408846541481],[108.10668062279264,34.327421095549859],[108.10667591915541,34.327433369725711],[108.1066713002967,34.327445662758628],[108.10666676622114,34.327457978254564],[108.10666231475318,34.32747031441248],[108.10665794697613,34.327482668526962],[108.10665366181249,34.327495047810821],[108.10665252727833,34.327498398707874],[108.10663465576242,34.326817306330781],[108.10662934709565,34.326614976782757],[108.1069356425421,34.326605518202776],[108.10746000548187,34.326589322944749]]]},"properties":{"FID":215,"OBJECTID":216,"Landuse_ty":"供电用地","一类用":13,"二类用":1303,"二类_1":"供电用地","ORIG_FID":21,"一类_1":"公用设施用地","Shape_Leng":304.78910553499998,"Shape_Area":2485.7004812599998,"Area":248570.04812600001}},{"type":"Feature","id":216,"geometry":{"type":"Polygon","coordinates":[[[108.10882304060236,34.322371683555104],[108.10875666903482,34.322379543044356],[108.10869031058405,34.322387472801701],[108.10862396416219,34.322395471926647],[108.10855762976907,34.322403540419181],[108.10849130849223,34.322411679179872],[108.10842499924495,34.322419888209708],[108.10835870202594,34.322428166607196],[108.10829241792273,34.322436515272905],[108.108226146934,34.322444933305363],[108.1081722650184,34.32245183488341],[108.10816605864396,34.322451840364792],[108.10814751876134,34.32245179633771],[108.10812925043994,34.322451692570169],[108.10811098312999,34.322451530202606],[108.10809271900231,34.322451307430129],[108.10807444719376,34.322451026065295],[108.1080614017458,34.322450782456308],[108.10805839417944,34.32243298622469],[108.10805430332651,34.322409258287429],[108.10805012664892,34.322385538538995],[108.10804586740865,34.322361828779492],[108.10804152452158,34.322338130812824],[108.10803709907316,34.322314443736502],[108.1080325910623,34.322290766649083],[108.10802800157792,34.322267101352551],[108.10802332844237,34.322243444242879],[108.10801857166496,34.322219802531926],[108.10801373341079,34.322196169907357],[108.10800881042256,34.322172548175054],[108.10800380705001,34.322148940035575],[108.10799872003356,34.322125345491827],[108.10799355045638,34.322101761838361],[108.1079882994062,34.322078189975691],[108.10798296471233,34.32205463170871],[108.10797754854678,34.322031086133983],[108.10797204982536,34.32200755505545],[108.10796646854352,34.321984034867135],[108.10796080579253,34.321960529174042],[108.1079550593993,34.321937037978039],[108.1079492315347,34.321913559474247],[108.10794332220114,34.321890095465626],[108.10793732922671,34.32186664685554],[108.10793605494158,34.321861734894391],[108.1079400375441,34.321851029875923],[108.1079506629071,34.321822219020198],[108.10796120566029,34.321793388403627],[108.10797166688683,34.321764535320789],[108.10798204768028,34.321735665179652],[108.10799234803493,34.32170677347284],[108.10800256577777,34.321677860202286],[108.10801270308889,34.32164893077497],[108.10802275887261,34.321619977980035],[108.10803273313707,34.321591008127861],[108.10804262262039,34.321562019418373],[108.10805243492733,34.321533010943419],[108.10806216245214,34.321503982709707],[108.10807180845572,34.321474935615896],[108.1080813729381,34.321445869661957],[108.10809085698939,34.321416787551442],[108.10810025625891,34.321387685682225],[108.10810957726709,34.32135856495011],[108.10811881132285,34.321329426264235],[108.10812796603439,34.321300271420903],[108.10813703922406,34.321271096816062],[108.10814602872468,34.321241906959109],[108.10815493670474,34.321212698242178],[108.10816376316548,34.321183471566826],[108.10817245833348,34.321154388342492],[108.10818107089587,34.321125287160726],[108.10818960411579,34.321096170723081],[108.1081980558191,34.32106703813001],[108.10875898485375,34.32107429497696],[108.10882304060236,34.322371683555104]]]},"properties":{"FID":216,"OBJECTID":217,"Landuse_ty":"城镇住宅用地","一类用":7,"二类用":701,"二类_1":"城镇住宅用地","ORIG_FID":21,"一类_1":"居住用地","Shape_Leng":424.19994550400003,"Shape_Area":10307.6616278,"Area":1030766.16278}},{"type":"Feature","id":217,"geometry":{"type":"Polygon","coordinates":[[[108.10724826632386,34.339557435279914],[108.10820308122138,34.33994577168987],[108.10810639242312,34.340082647767112],[108.10721884773112,34.33968664232895],[108.10703627603949,34.339605181092502],[108.10702978820804,34.339602772598198],[108.10702428744236,34.339601436904388],[108.10714954574036,34.339072595369764],[108.10738134124806,34.33809393850013],[108.10757828206555,34.338107960355572],[108.10944373715986,34.338240765837256],[108.10932684965621,34.338398685301023],[108.10753627544358,34.338292462787741],[108.10724826632386,34.339557435279914]]]},"properties":{"FID":217,"OBJECTID":218,"Landuse_ty":"商业用地","一类用":9,"二类用":901,"二类_1":"商业用地","ORIG_FID":21,"一类_1":"商业服务业用地","Shape_Leng":917.87565210699995,"Shape_Area":8058.0241954200001,"Area":805802.41954200005}},{"type":"Feature","id":218,"geometry":{"type":"Polygon","coordinates":[[[108.10381831237139,34.343790174681615],[108.10385997320128,34.343795944882146],[108.10390164808219,34.343801647445567],[108.10394333483814,34.343807280570729],[108.10398503564267,34.343812844255801],[108.1040267504968,34.343818339402219],[108.10406847831251,34.343823765109441],[108.10411022017649,34.343829121376501],[108.10415197500296,34.343834409105817],[108.10419373952909,34.343839626497171],[108.10423551919226,34.343844776250386],[108.10427731181539,34.343849855662832],[108.10431911305216,34.343854865639706],[108.10436092942456,34.343859807076903],[108.10440275658183,34.343864677273693],[108.10444459344039,34.343869478935417],[108.10448644543429,34.343874212057422],[108.10452830821384,34.343878874840478],[108.10457017960758,34.343883469089342],[108.10461206287472,34.343887993899784],[108.10465395910204,34.343892449270832],[108.1046958650289,34.343896835205271],[108.10473777956727,34.343901150802544],[108.10477970597979,34.343905397862841],[108.10482164209044,34.343909574584991],[108.10486358790136,34.343913682771976],[108.1049055434091,34.343917719719364],[108.10494750970375,34.343921688130621],[108.10498948461039,34.343925587106135],[108.1050314692158,34.343929416644976],[108.10507346351872,34.343933175845642],[108.10511546534765,34.343936866512941],[108.10515747796073,34.34394048684112],[108.10519949701165,34.343944037735376],[108.1052415257608,34.343947519192909],[108.10528356420585,34.343950929410752],[108.10532560800272,34.343954271097061],[108.10536766040956,34.343957542446049],[108.10536904190043,34.343957647631832],[108.10493098111162,34.344577727367579],[108.10389703733004,34.346041244033223],[108.10390158316972,34.345485752799561],[108.10390120752719,34.345480643799633],[108.10390008095267,34.345475646418571],[108.1038982281884,34.345470870410594],[108.1035747225549,34.344784223995262],[108.10357450582576,34.34478297562881],[108.10357360550158,34.344777329519701],[108.1035727910732,34.344771712185285],[108.10357204283787,34.344766010055743],[108.10357137612435,34.344760315069074],[108.10357079533097,34.344754668689639],[108.10357028399886,34.34474894382268],[108.10356985862565,34.344743299114718],[108.10356951145604,34.344737614675459],[108.10356924254212,34.344731932874474],[108.10356905075159,34.344726216751972],[108.10356893941253,34.344720521295486],[108.10356890631138,34.34471481405356],[108.10356895256265,34.344709117562246],[108.10356907815193,34.344703420102363],[108.10356928414721,34.344697706347809],[108.10356956734446,34.344692022276796],[108.10356992988521,34.344686341744563],[108.10357037388327,34.344680616069432],[108.10357088757516,34.344675001217382],[108.10357148918992,34.344669296142946],[108.10357217338314,34.344663573870527],[108.10357291969996,34.344657993077924],[108.10357375611218,34.3446523211596],[108.10357468159278,34.34464660679636],[108.10357566051005,34.344641040230634],[108.10357674468845,34.344635341959751],[108.10357787472336,34.344629814029801],[108.10357911975323,34.344624115622835],[108.10358040629333,34.344618588461934],[108.10358180029922,34.344612954835455],[108.10358325202144,34.344607414012572],[108.10358478849891,34.344601858694276],[108.10358638483973,34.344596374542235],[108.10358810165505,34.344590756869202],[108.10358992814744,34.344585063379022],[108.10359063041972,34.344582554867422],[108.10378200500288,34.343785082349839],[108.10381831237139,34.343790174681615]]]},"properties":{"FID":218,"OBJECTID":219,"Landuse_ty":"工业用地","一类用":10,"二类用":1001,"二类_1":"工业用地","ORIG_FID":21,"一类_1":"工矿用地","Shape_Leng":673.061695353,"Shape_Area":20201.588527200001,"Area":2020158.8527200001}},{"type":"Feature","id":219,"geometry":{"type":"Polygon","coordinates":[[[108.10837868552028,34.327977249043414],[108.10827603720793,34.327979390712862],[108.10819172387978,34.327447661789925],[108.10816044771265,34.326668495668002],[108.10817134260346,34.326667255521755],[108.10819318027916,34.326664840992265],[108.10821511147913,34.326662486775589],[108.10823712425305,34.326660194685189],[108.10825870796408,34.326658017458385],[108.10828080892198,34.326655858701614],[108.10830270571292,34.326653790269674],[108.10832474492209,34.326651779402717],[108.10837177942848,34.327336142456566],[108.10842924252213,34.327860455105061],[108.10991242979887,34.327830895813861],[108.10991413815927,34.327945205857475],[108.10948978350443,34.327954063521275],[108.10837868552028,34.327977249043414]]]},"properties":{"FID":219,"OBJECTID":220,"Landuse_ty":"商业用地","一类用":9,"二类用":901,"二类_1":"商业用地","ORIG_FID":21,"一类_1":"商业服务业用地","Shape_Leng":595.66086473400003,"Shape_Area":4127.3706441800005,"Area":412737.06441799999}},{"type":"Feature","id":220,"geometry":{"type":"Polygon","coordinates":[[[108.11137720170471,34.328901304223727],[108.11136960409262,34.329110293647481],[108.1112603882674,34.329103634507312],[108.1112818720413,34.328506010671056],[108.11129289651953,34.327966614011622],[108.11129396620821,34.327914286493765],[108.11130865468955,34.327195565356412],[108.11133675244596,34.327203891149694],[108.11137041900599,34.327213792171307],[108.11140411373647,34.327223625546807],[108.11143783446407,34.327233391278185],[108.11137720170471,34.328901304223727]]]},"properties":{"FID":220,"OBJECTID":221,"Landuse_ty":"商业用地","一类用":9,"二类用":901,"二类_1":"商业用地","ORIG_FID":21,"一类_1":"商业服务业用地","Shape_Leng":442.69116491,"Shape_Area":2253.95271654,"Area":225395.27165400001}},{"type":"Feature","id":221,"geometry":{"type":"Polygon","coordinates":[[[108.1111019057418,34.327132699798447],[108.11113536532261,34.327143070745002],[108.11116885416213,34.327153374946143],[108.11120237443237,34.327163611498349],[108.11121144149105,34.327166360900037],[108.11119688489151,34.327878597547347],[108.11119591521465,34.327926060574882],[108.11106655212429,34.327927962899025],[108.11107596151334,34.32771629440694],[108.1111019057418,34.327132699798447]]]},"properties":{"FID":221,"OBJECTID":222,"Landuse_ty":"商业用地","一类用":9,"二类用":901,"二类_1":"商业用地","ORIG_FID":21,"一类_1":"商业服务业用地","Shape_Leng":195.218519259,"Shape_Area":952.12200562700002,"Area":95212.200562700004}},{"type":"Feature","id":222,"geometry":{"type":"Polygon","coordinates":[[[108.11119188219578,34.328123325710941],[108.11118410004414,34.328504100888729],[108.11116276020076,34.329097681430284],[108.11102765211602,34.329089442747012],[108.11107367849577,34.328009005112122],[108.11119425544707,34.328007231556711],[108.11119188219578,34.328123325710941]]]},"properties":{"FID":222,"OBJECTID":223,"Landuse_ty":"商业用地","一类用":9,"二类用":901,"二类_1":"商业用地","ORIG_FID":21,"一类_1":"商业服务业用地","Shape_Leng":264.49065663200003,"Shape_Area":1441.2195544900001,"Area":144121.955449}},{"type":"Feature","id":223,"geometry":{"type":"Polygon","coordinates":[[[108.11138115698904,34.32919234957447],[108.11129688789805,34.330971238744894],[108.11118461809053,34.330970993656834],[108.11124588236868,34.329464773341115],[108.11125727026105,34.329184795981341],[108.11138115698904,34.32919234957447]]]},"properties":{"FID":223,"OBJECTID":224,"Landuse_ty":"商业用地","一类用":9,"二类用":901,"二类_1":"商业用地","ORIG_FID":21,"一类_1":"商业服务业用地","Shape_Leng":417.49819511800001,"Shape_Area":2151.7679123500002,"Area":215176.79123500001}},{"type":"Feature","id":224,"geometry":{"type":"Polygon","coordinates":[[[108.1111497174102,34.329423250946085],[108.11114808917021,34.329463285444426],[108.11102806171168,34.32945977757538],[108.11103643135431,34.32917132994011],[108.11115965840133,34.329178843788796],[108.1111497174102,34.329423250946085]]]},"properties":{"FID":224,"OBJECTID":225,"Landuse_ty":"商业用地","一类用":9,"二类用":901,"二类_1":"商业用地","ORIG_FID":21,"一类_1":"商业服务业用地","Shape_Leng":86.000363211800007,"Shape_Area":356.21605052000001,"Area":35621.605051999999}},{"type":"Feature","id":225,"geometry":{"type":"Polygon","coordinates":[[[108.1111081193384,34.330445938107694],[108.11108677049239,34.330970780458252],[108.11098422089833,34.330970557019157],[108.111005604062,34.330233669850536],[108.11111665120474,34.330236170819781],[108.1111081193384,34.330445938107694]]]},"properties":{"FID":225,"OBJECTID":226,"Landuse_ty":"商业用地","一类用":9,"二类用":901,"二类_1":"商业用地","ORIG_FID":21,"一类_1":"商业服务业用地","Shape_Leng":182.96115798700001,"Shape_Area":802.48917071300002,"Area":80248.917071300006}},{"type":"Feature","id":226,"geometry":{"type":"Polygon","coordinates":[[[108.11130419311183,34.331052388919041],[108.11128368956389,34.331858592881261],[108.11117466624951,34.33185805275501],[108.11117996328498,34.331316484520883],[108.11118254853459,34.331052123502062],[108.11130419311183,34.331052388919041]]]},"properties":{"FID":226,"OBJECTID":227,"Landuse_ty":"商业用地","一类用":9,"二类用":901,"二类_1":"商业用地","ORIG_FID":21,"一类_1":"商业服务业用地","Shape_Leng":200.08174093299999,"Shape_Area":949.07654891699997,"Area":94907.654891700004}},{"type":"Feature","id":227,"geometry":{"type":"Polygon","coordinates":[[[108.11107810657154,34.331730987266887],[108.1110768683386,34.331857569059956],[108.11095301076267,34.331856955648533],[108.11095987860816,34.331626735303708],[108.11107912255972,34.331627065320767],[108.11107810657154,34.331730987266887]]]},"properties":{"FID":227,"OBJECTID":228,"Landuse_ty":"商业用地","一类用":9,"二类用":901,"二类_1":"商业用地","ORIG_FID":21,"一类_1":"商业服务业用地","Shape_Leng":73.487600158299998,"Shape_Area":285.856427349,"Area":28585.642734900001}},{"type":"Feature","id":228,"geometry":{"type":"Polygon","coordinates":[[[108.10398928829925,34.33801389563407],[108.10420753478131,34.338086421749914],[108.1041978794896,34.338092984634564],[108.10415291167411,34.338123637185205],[108.10410799714249,34.338154342861266],[108.10406313589138,34.338185098958412],[108.10401832466493,34.338215909085356],[108.10397356889357,34.338246770533097],[108.10392886205673,34.338277683307254],[108.10388420850252,34.338308648305642],[108.10383960823091,34.338339665528331],[108.10379507209501,34.338370723246932],[108.10375056101266,34.338401854849423],[108.10370611732624,34.338433026945154],[108.10366172800799,34.33846425036301],[108.10361829536815,34.338494886091041],[108.10357491600878,34.338525571339922],[108.10353158558173,34.338556305211888],[108.10348830734947,34.338587089507243],[108.10344507913402,34.338617920621914],[108.10340190202658,34.338648802160975],[108.10335877602597,34.338679733222989],[108.10331570113109,34.338710712906554],[108.10327267842983,34.338741742112255],[108.10322970683424,34.338772819939592],[108.10318678525759,34.338803946389568],[108.10314391696123,34.338835122360912],[108.10311128126116,34.338858921897732],[108.10288225045706,34.338775382295822],[108.10333594400633,34.338463307826743],[108.10398928829925,34.33801389563407]]]},"properties":{"FID":228,"OBJECTID":229,"Landuse_ty":"商业用地","一类用":9,"二类用":901,"二类_1":"商业用地","ORIG_FID":21,"一类_1":"商业服务业用地","Shape_Leng":309.35397868500002,"Shape_Area":2577.7177021299999,"Area":257771.77021300001}},{"type":"Feature","id":229,"geometry":{"type":"Polygon","coordinates":[[[108.1036619005081,34.343381146989103],[108.10377275895998,34.343408024469575],[108.1037046797308,34.343691713956865],[108.10366782541061,34.343686355216228],[108.10362594245454,34.343680193895736],[108.10358407789411,34.343673962229907],[108.10354222846894,34.343667660221492],[108.10350039309341,34.343661288772921],[108.10345857502701,34.343654846979959],[108.103416773183,34.343648334843536],[108.10337498430101,34.343641752366445],[108.10333321381637,34.343635100445574],[108.10329146064014,34.343628377278911],[108.10324972151415,34.343621584672171],[108.10320800078472,34.343614721720215],[108.10316629519257,34.343607789327308],[108.10312461234554,34.343600787487055],[108.10308293702712,34.343593715310796],[108.10304128554087,34.343586573686316],[108.1029996491901,34.343579360817991],[108.10295803015183,34.343572079408432],[108.10291643277128,34.343564727651042],[108.10308352942766,34.342878806732585],[108.10315323946622,34.342592647924526],[108.10320290801489,34.342388758828825],[108.10322454189121,34.342299951988764],[108.10322732857563,34.342288511656527],[108.10326679194033,34.342126512104493],[108.10340916872346,34.341542046015611],[108.10341948802808,34.341499682141226],[108.10350103646614,34.341164914258009],[108.10355545039617,34.340941538164117],[108.10434251036021,34.341126887802268],[108.1039980662562,34.342498110810247],[108.10397579933375,34.342586755152986],[108.10384252450204,34.34311730375866],[108.10380723955664,34.343264338059754],[108.1037048675353,34.343246586318337],[108.1036619005081,34.343381146989103]]]},"properties":{"FID":229,"OBJECTID":230,"Landuse_ty":"公园绿地","一类用":14,"二类用":1401,"二类_1":"公园绿地","ORIG_FID":21,"一类_1":"绿地与开敞空间用地","Shape_Leng":755.98265659499998,"Shape_Area":21663.646075600001,"Area":2166364.6075599999}},{"type":"Feature","id":230,"geometry":{"type":"Polygon","coordinates":[[[108.11319304084323,34.336731505531006],[108.11318813765158,34.337162825473861],[108.11318580990169,34.337367544044618],[108.11160741787644,34.337009709369539],[108.11169944076826,34.336867889199631],[108.11173787401491,34.336808657478592],[108.11190362147401,34.336478509947398],[108.11319304084323,34.336731505531006]]]},"properties":{"FID":230,"OBJECTID":231,"Landuse_ty":"商业用地","一类用":9,"二类用":901,"二类_1":"商业用地","ORIG_FID":21,"一类_1":"商业服务业用地","Shape_Leng":408.04996185499999,"Shape_Area":8965.4455951799991,"Area":896544.55951799999}},{"type":"Feature","id":231,"geometry":{"type":"Polygon","coordinates":[[[108.10972438610325,34.343507837339729],[108.10973460344879,34.344140348972005],[108.10862488478192,34.343330328246552],[108.10829410485223,34.343088875821209],[108.10664058145784,34.342585657740365],[108.10708094307671,34.341962281096428],[108.10727119686021,34.342024769254387],[108.10752498063597,34.342108123800294],[108.10771278856303,34.341807562033011],[108.10866568149622,34.342092339703647],[108.10904291942225,34.342514179279149],[108.10950115264319,34.34284810952682],[108.10969925060711,34.342992469231945],[108.10954128465433,34.343229473672046],[108.10954820944639,34.34342220934132],[108.10963123537003,34.343462562807865],[108.10972438610325,34.343507837339729]]]},"properties":{"FID":231,"OBJECTID":232,"Landuse_ty":"城镇住宅用地","一类用":7,"二类用":701,"二类_1":"城镇住宅用地","ORIG_FID":21,"一类_1":"居住用地","Shape_Leng":872.49423941500004,"Shape_Area":29705.547022700001,"Area":2970554.7022699998}},{"type":"Feature","id":232,"geometry":{"type":"Polygon","coordinates":[[[108.10728132739493,34.341678613544218],[108.1073773348197,34.34154270243112],[108.10739767798968,34.341546499654747],[108.1074184169416,34.341550442567595],[108.1074395049353,34.34155452490014],[108.10746021798509,34.341558606656633],[108.10748101374843,34.341562778485041],[108.10750199658318,34.341567060126295],[108.10752256968274,34.341571330404506],[108.10754338203617,34.341575723070441],[108.10756429884741,34.34158021209948],[108.10758485048791,34.341584694233958],[108.10760556964007,34.341589288001352],[108.10762623779222,34.341593942209229],[108.10764696800808,34.341598685605618],[108.10766748089337,34.341603449923646],[108.10768811889515,34.341608317798439],[108.10770853847956,34.341613206595937],[108.10772923538065,34.341618236678464],[108.10774988671825,34.341623328999724],[108.10777024788688,34.341628424277317],[108.10779071460421,34.341633618621451],[108.10781122490555,34.341638898564433],[108.10783174617664,34.341644256021617],[108.10785215013159,34.341649656849754],[108.10787244764069,34.341655102842289],[108.10789288658043,34.34166066139187],[108.10791314297428,34.34166624624185],[108.10793344295132,34.341671915789199],[108.10795363213312,34.341677628701937],[108.10797396383724,34.341683457776625],[108.10799416735053,34.341689324823164],[108.10801449273018,34.341695302640957],[108.10803454423259,34.341701275288123],[108.10805455451697,34.34170730836756],[108.10807486389004,34.341713509756552],[108.10809497657175,34.341719723936535],[108.10811483711797,34.341725937434376],[108.10813474668761,34.341732240132224],[108.10815489337794,34.341738694967589],[108.10817479445019,34.341745146410666],[108.10819475107147,34.341751690653936],[108.10821452948393,34.341758253081032],[108.10823444716959,34.341764939786103],[108.10825437147767,34.341771703107909],[108.10827407299625,34.341778467524946],[108.10829387247244,34.341785342734262],[108.10831358071751,34.341792262193586],[108.10833331407346,34.341799268169645],[108.10835289965925,34.34180629861325],[108.10837245490025,34.341813393085658],[108.10839220161382,34.341820637031191],[108.10841179837909,34.34182790184034],[108.1084312495467,34.341835190213757],[108.10845073017498,34.341842566903068],[108.10847017937651,34.341850011228125],[108.10848965368933,34.341857542069938],[108.10850890737468,34.341865064990849],[108.10852840908045,34.341872763477561],[108.10854762383026,34.341880427959282],[108.10856689413936,34.341888192453034],[108.10858614932742,34.341896027272618],[108.10860531654745,34.341903908142683],[108.1086245251927,34.341911884529914],[108.10864366652503,34.341919911456742],[108.10866264159084,34.34192794664142],[108.10868182445915,34.341936152018505],[108.10870070839565,34.341944307175055],[108.10871977621234,34.341952622628902],[108.1087384776759,34.341960857271886],[108.10875750112156,34.341969312488686],[108.10877629414225,34.341977747173168],[108.1087952112391,34.341986318769528],[108.10881440248521,34.341995100164233],[108.10882647109132,34.342009135403764],[108.10883817866407,34.342023001484684],[108.10884995899939,34.342036823327213],[108.10886181210194,34.34205060453727],[108.10887373796942,34.342064343311861],[108.10888573442706,34.342078038751445],[108.10889780364735,34.342091689952547],[108.10890994128191,34.342105296017579],[108.10892215168376,34.342118861450004],[108.10893443484949,34.34213238354539],[108.108946786426,34.342145857800183],[108.10895920859164,34.342159287818355],[108.10897170026189,34.342172675403802],[108.10898426251896,34.342186016949611],[108.10899689536515,34.342199314258721],[108.10900959771136,34.342212565529131],[108.10902236738048,34.342225768058292],[108.10903520546519,34.34223892635265],[108.10904811413791,34.34225203950875],[108.10906109013473,34.342265104825024],[108.10907413780639,34.342278125002018],[108.10908723539347,34.342291082029512],[108.1091004307726,34.342304020037346],[108.10911367715629,34.342316896697618],[108.1091269919521,34.342329726418463],[108.10914037516005,34.342342509199881],[108.10915382460189,34.342355241437886],[108.1091673381063,34.342367924937307],[108.10918092002171,34.342380560595764],[108.10919456817335,34.342393147513654],[108.10920827929846,34.342405683890952],[108.10922205774774,34.342418172428161],[108.1092359035201,34.342430612223801],[108.10924981335157,34.342443000576324],[108.10926378506971,34.342455338389094],[108.10927782302292,34.342467626559731],[108.10929192394846,34.342479863288133],[108.10930609002111,34.342492049473833],[108.10932031797927,34.342504184218242],[108.10933460999772,34.342516268420873],[108.10934896825127,34.342528302981222],[108.10936338838683,34.342540283395792],[108.10937786497034,34.342552209669392],[108.10939240779011,34.342564087202142],[108.10940701575466,34.342575912389059],[108.10942168342876,34.342587684333516],[108.10943640972326,34.342599401233507],[108.10945120007923,34.342611068493035],[108.10946605122805,34.342622679804606],[108.10948096099959,34.342634237874613],[108.10949593265546,34.342645743601558],[108.10951096401853,34.342657194282971],[108.10952605508994,34.342668590820281],[108.10954120478172,34.342679932312961],[108.10955641200825,34.34269121966345],[108.10957168437949,34.342702454667887],[108.10958701210716,34.342713631926095],[108.10960239301875,34.342724752341525],[108.10961783907624,34.342735821312274],[108.10963333940212,34.342746831636255],[108.10964889834949,34.342757787816943],[108.10966452026794,34.342768691653369],[108.10968018666641,34.342779531442844],[108.10969591494677,34.342790317086049],[108.10971170076061,34.342801047685349],[108.1097275430176,34.342811720537277],[108.10974343737043,34.342822335645721],[108.10975939143032,34.342832895708234],[108.10977539975735,34.342843396222321],[108.10979146018138,34.34285383989431],[108.10980757922327,34.342864226718362],[108.10982374818498,34.342874553997802],[108.10983997250059,34.342884821727729],[108.10985625108795,34.342895033515006],[108.10987258285549,34.342905185754709],[108.10988896671765,34.342915279349235],[108.10990540267197,34.342925312495609],[108.10992189398365,34.342935288796809],[108.10993843303906,34.342945203752237],[108.10995502745058,34.342955060960982],[108.10995722885625,34.342956356214067],[108.10986033835258,34.343109857986661],[108.10969925060711,34.342992469231945],[108.10950115264319,34.34284810952682],[108.10904291942225,34.342514179279149],[108.10866568149622,34.342092339703647],[108.10771278856303,34.341807562033011],[108.10728132739493,34.341678613544218]]]},"properties":{"FID":232,"OBJECTID":233,"Landuse_ty":"商业用地","一类用":9,"二类用":901,"二类_1":"商业用地","ORIG_FID":21,"一类_1":"商业服务业用地","Shape_Leng":622.89523624100002,"Shape_Area":5396.6001962399996,"Area":539660.01962399995}},{"type":"Feature","id":233,"geometry":{"type":"Polygon","coordinates":[[[108.1111003284268,34.343451487290665],[108.11092041809508,34.343914562229259],[108.11082205521873,34.344167739111619],[108.11072092977226,34.344342108318983],[108.11019679515412,34.344218835006309],[108.11008348525831,34.344192184612616],[108.11009155627184,34.343398974955569],[108.11027738161695,34.34312961854765],[108.11029480039858,34.34313818675232],[108.11031226039897,34.343146690912278],[108.11032981708237,34.343155158923423],[108.11034731710959,34.343163516101029],[108.11036491055575,34.343171834428247],[108.11038254522057,34.343180088710675],[108.11040022328004,34.34318828074931],[108.11041794473408,34.343196410544103],[108.11043570849475,34.343204477194554],[108.11045351238593,34.34321247889963],[108.11047135858364,34.34322041746033],[108.11048924599986,34.343228291976118],[108.1105071735489,34.343236103349462],[108.1105251423152,34.343243849776385],[108.11054315012744,34.343251533061782],[108.11056119915688,34.343259151400751],[108.110579285055,34.343266703895686],[108.11059741108582,34.343274193248071],[108.1106155761601,34.34328161765594],[108.11063377810417,34.343288977121198],[108.11065202017846,34.343296271640916],[108.11067030020929,34.343303501217015],[108.11068861602064,34.343310664048502],[108.11070696978965,34.34331776283782],[108.11072535934026,34.343324795783978],[108.11074378467248,34.343331762886947],[108.11076224687308,34.34333866414574],[108.11078074485519,34.343345499561295],[108.11079927861761,34.343352268232138],[108.11081784707584,34.343358971962203],[108.11083645022629,34.34336560804703],[108.1108550869845,34.343372178290551],[108.11087375843601,34.343378681790256],[108.11089246132039,34.343385118549122],[108.11091120107285,34.343391489463684],[108.11092997225572,34.343397791834384],[108.1109487748713,34.343404027464189],[108.1109676100064,34.34341019635211],[108.11098647548496,34.343416296697114],[108.11100537457216,34.343422332102172],[108.11102430617636,34.343428298962344],[108.11104326595027,34.343434197281525],[108.11106225715668,34.343440028859725],[108.11108128088118,34.343445792794469],[108.1111003284268,34.343451487290665]]]},"properties":{"FID":233,"OBJECTID":234,"Landuse_ty":"公园绿地","一类用":14,"二类用":1401,"二类_1":"公园绿地","ORIG_FID":21,"一类_1":"绿地与开敞空间用地","Shape_Leng":372.170404319,"Shape_Area":8718.5473907699998,"Area":871854.73907699995}},{"type":"Feature","id":234,"geometry":{"type":"Polygon","coordinates":[[[108.11445579947177,34.338469437219302],[108.11420472467549,34.342054777750327],[108.11380545300381,34.341970732185928],[108.11372578944389,34.341953962945404],[108.11336064200711,34.341877098775804],[108.1137325181239,34.341298870756248],[108.11373534211953,34.3412936088965],[108.11373721493133,34.341288170328568],[108.11399027176019,34.340294614407931],[108.11399191190651,34.34028913458377],[108.11399225127339,34.340287743283348],[108.11445579947177,34.338469437219302]]]},"properties":{"FID":234,"OBJECTID":235,"Landuse_ty":"公园绿地","一类用":14,"二类用":1401,"二类_1":"公园绿地","ORIG_FID":21,"一类_1":"绿地与开敞空间用地","Shape_Leng":872.07425746399997,"Shape_Area":12409.9400955,"Area":1240994.0095500001}},{"type":"Feature","id":235,"geometry":{"type":"Polygon","coordinates":[[[108.10751994059542,34.336518616655631],[108.1074488907875,34.3367970536966],[108.10720222636817,34.33675840613666],[108.10682134434566,34.336698727391209],[108.10691820416322,34.336423110545141],[108.10751994059542,34.336518616655631]]]},"properties":{"FID":235,"OBJECTID":236,"Landuse_ty":"公园绿地","一类用":14,"二类用":1401,"二类_1":"公园绿地","ORIG_FID":21,"一类_1":"绿地与开敞空间用地","Shape_Leng":178.56020314599999,"Shape_Area":1821.11433343,"Area":182111.43334300001}},{"type":"Feature","id":236,"geometry":{"type":"Polygon","coordinates":[[[108.11302098837005,34.339869743633749],[108.11358175765588,34.339962041192777],[108.11352335871706,34.340177476189318],[108.11321142801479,34.340131459539364],[108.11298993661696,34.340098784423454],[108.11298255868746,34.340093269662745],[108.11302098837005,34.339869743633749]]]},"properties":{"FID":236,"OBJECTID":237,"Landuse_ty":"商业用地","一类用":9,"二类用":901,"二类_1":"商业用地","ORIG_FID":21,"一类_1":"商业服务业用地","Shape_Leng":152.913142534,"Shape_Area":1289.5644767399999,"Area":128956.447674}},{"type":"Feature","id":237,"geometry":{"type":"Polygon","coordinates":[[[108.11197034827532,34.334721250125604],[108.11197790744242,34.334698363615743],[108.11198538290378,34.334675458250778],[108.1119927746571,34.334652532227736],[108.1120000837915,34.334629587348651],[108.11200730596263,34.33460662542042],[108.11201444551621,34.334583645537627],[108.11202150027766,34.33456064680081],[108.11202846916393,34.334537631915389],[108.11203535543044,34.334514597272495],[108.1120421547364,34.3344915473835],[108.11204887251422,34.334468481341979],[108.11205550441113,34.334445394644526],[108.11206205043443,34.33442229270004],[108.11206425033136,34.334414425261336],[108.1121747032949,34.334434177457524],[108.11366406341183,34.33470766576508],[108.11373626461928,34.335049229506417],[108.11304733381927,34.334921279246934],[108.11197034827532,34.334721250125604]]]},"properties":{"FID":237,"OBJECTID":238,"Landuse_ty":"商业用地","一类用":9,"二类用":901,"二类_1":"商业用地","ORIG_FID":21,"一类_1":"商业服务业用地","Shape_Leng":390.87686552999998,"Shape_Area":5603.37884029,"Area":560337.88402899995}},{"type":"Feature","id":238,"geometry":{"type":"Polygon","coordinates":[[[108.10091745650243,34.340082723074268],[108.10051310841729,34.34031130606671],[108.10030980295451,34.340286564874447],[108.09997142925063,34.340245386115463],[108.10034633460947,34.339995065492417],[108.10091745650243,34.340082723074268]]]},"properties":{"FID":238,"OBJECTID":239,"Landuse_ty":"供水用地","一类用":13,"二类用":1301,"二类_1":"供水用地","ORIG_FID":21,"一类_1":"公用设施用地","Shape_Leng":193.12899384799999,"Shape_Area":1665.28886076,"Area":166528.886076}},{"type":"Feature","id":239,"geometry":{"type":"Polygon","coordinates":[[[108.10704177307041,34.339107439010036],[108.10701564396301,34.339217822930031],[108.10692905594551,34.33958361579483],[108.10666364356845,34.33953401342692],[108.10650420258234,34.339504214937321],[108.10660971256119,34.339035892200712],[108.10704177307041,34.339107439010036]]]},"properties":{"FID":239,"OBJECTID":240,"Landuse_ty":"商业用地","一类用":9,"二类用":901,"二类_1":"商业用地","ORIG_FID":21,"一类_1":"商业服务业用地","Shape_Leng":187.29423734299999,"Shape_Area":2149.37220118,"Area":214937.220118}},{"type":"Feature","id":240,"geometry":{"type":"Polygon","coordinates":[[[108.10304409500343,34.339095855171763],[108.10302715686943,34.339103129951248],[108.10301018280205,34.339110349768269],[108.10299317496928,34.339117510113596],[108.10297613228772,34.339124613692562],[108.10295905258496,34.339131661408466],[108.10294194129042,34.33913864965082],[108.10292479623396,34.339145581125862],[108.10290761524205,34.339152455835404],[108.10289040266063,34.339159272874298],[108.10287315740082,34.339166030440481],[108.10285587946593,34.339172731238385],[108.10283856668136,34.339179374368356],[108.10282122339309,34.339185958925228],[108.10281087884971,34.339189843978787],[108.1021331798682,34.339572977937145],[108.10205730122863,34.339615874161417],[108.10193898369944,34.339682762528064],[108.10077152078441,34.340342753671806],[108.10076717845784,34.340342225371785],[108.10193520505071,34.339681916478888],[108.10205352149495,34.339615028116782],[108.10213317625436,34.339569996743208],[108.10281087521193,34.339186862784729],[108.10282121975494,34.339182977731177],[108.10283856304261,34.339176393174299],[108.10285587582656,34.339169750044334],[108.10287315376084,34.339163049246416],[108.10289039902004,34.339156291680233],[108.10290761160084,34.339149474641331],[108.10292479259216,34.339142599931805],[108.10294193764803,34.339135668456755],[108.10295904894194,34.339128680214408],[108.1029761286441,34.33912163249849],[108.10299317132507,34.339114528919517],[108.10301017915722,34.33910736857419],[108.10302715322401,34.339100148757169],[108.1030440913574,34.339092873977705],[108.10306083714262,34.339085609274058],[108.10306982347313,34.339081119022168],[108.1030782490744,34.339075648579637],[108.10311266203306,34.33905032134868],[108.10314707503832,34.339025049098296],[108.10318151741305,34.338999815577054],[108.10321599566565,34.338974610863197],[108.10321797289693,34.338973168630098],[108.10422191892988,34.339160821488072],[108.10480880515793,34.339270514862967],[108.1047666429666,34.339438376917634],[108.10476593139444,34.339441209979043],[108.10406538648354,34.33929633810736],[108.10306084078924,34.339088590468137],[108.10304409500343,34.339095855171763]]]},"properties":{"FID":240,"OBJECTID":241,"Landuse_ty":"商业用地","一类用":9,"二类用":901,"二类_1":"商业用地","ORIG_FID":21,"一类_1":"商业服务业用地","Shape_Leng":856.47063261200003,"Shape_Area":2808.3221920300002,"Area":280832.21920300002}},{"type":"Feature","id":241,"geometry":{"type":"Polygon","coordinates":[[[108.10390979287222,34.340474589248714],[108.10379862608301,34.340848868301947],[108.10352258883273,34.340783861841047],[108.10344846151087,34.34076640511627],[108.10325946024103,34.340721894481831],[108.10311634130476,34.340688189736184],[108.10322670227853,34.340453111399313],[108.10329437778172,34.340308955350245],[108.10390979287222,34.340474589248714]]]},"properties":{"FID":241,"OBJECTID":242,"Landuse_ty":"医疗卫生用地","一类用":8,"二类用":806,"二类_1":"医疗卫生用地","ORIG_FID":21,"一类_1":"公共管理与公共服务用地","Shape_Leng":212.69953495499999,"Shape_Area":2736.0128204799998,"Area":273601.28204800002}},{"type":"Feature","id":242,"geometry":{"type":"Polygon","coordinates":[[[108.10506164072429,34.336486747525797],[108.10493381921296,34.336868056556668],[108.10459985991248,34.336793172276792],[108.10440672798397,34.336749865874467],[108.10456837718233,34.336380731853247],[108.10506164072429,34.336486747525797]]]},"properties":{"FID":242,"OBJECTID":243,"Landuse_ty":"公园绿地","一类用":14,"二类用":1401,"二类_1":"公园绿地","ORIG_FID":21,"一类_1":"绿地与开敞空间用地","Shape_Leng":184.59995041799999,"Shape_Area":2119.64151176,"Area":211964.15117600001}},{"type":"Feature","id":243,"geometry":{"type":"Polygon","coordinates":[[[108.10638109506313,34.328887322470592],[108.1063748408382,34.329094313647445],[108.10625361695024,34.329085893566209],[108.1058623489734,34.329058716470556],[108.10585471300956,34.328855252203958],[108.10617516208197,34.328874802903769],[108.10638109506313,34.328887322470592]]]},"properties":{"FID":243,"OBJECTID":244,"Landuse_ty":"体育用地","一类用":8,"二类用":805,"二类_1":"体育用地","ORIG_FID":21,"一类_1":"公共管理与公共服务用地","Shape_Leng":141.44950756200001,"Shape_Area":1087.9377905399999,"Area":108793.779054}},{"type":"Feature","id":244,"geometry":{"type":"Polygon","coordinates":[[[108.10877084468103,34.325615456896024],[108.10876981594649,34.325804298614081],[108.10846945176526,34.32581857585312],[108.1083113368917,34.325826091721723],[108.10829739550164,34.325632957763979],[108.10828788039284,34.325501143252012],[108.10877151669983,34.325492058632157],[108.10877084468103,34.325615456896024]]]},"properties":{"FID":244,"OBJECTID":245,"Landuse_ty":"公园绿地","一类用":14,"二类用":1401,"二类_1":"公园绿地","ORIG_FID":21,"一类_1":"绿地与开敞空间用地","Shape_Leng":157.531537552,"Shape_Area":1533.81796007,"Area":153381.796007}},{"type":"Feature","id":245,"geometry":{"type":"Polygon","coordinates":[[[108.11489150685391,34.331262512560983],[108.11487011626933,34.331661453665788],[108.11447019493197,34.331629740801361],[108.1141042163886,34.331600718385168],[108.11413009805815,34.331202248301807],[108.11489150685391,34.331262512560983]]]},"properties":{"FID":245,"OBJECTID":246,"Landuse_ty":"公园绿地","一类用":14,"二类用":1401,"二类_1":"公园绿地","ORIG_FID":21,"一类_1":"绿地与开敞空间用地","Shape_Leng":229.75290501500001,"Shape_Area":3122.70628218,"Area":312270.628218}},{"type":"Feature","id":246,"geometry":{"type":"Polygon","coordinates":[[[108.11514480605001,34.329071826587949],[108.11513169512403,34.32933227440828],[108.11482238678165,34.329314271027812],[108.114566932339,34.329299402334868],[108.11458240198958,34.329035808896407],[108.11514480605001,34.329071826587949]]]},"properties":{"FID":246,"OBJECTID":247,"Landuse_ty":"体育用地","一类用":8,"二类用":805,"二类_1":"体育用地","ORIG_FID":21,"一类_1":"公共管理与公共服务用地","Shape_Leng":162.20247996099999,"Shape_Area":1512.5059511100001,"Area":151250.595111}},{"type":"Feature","id":247,"geometry":{"type":"Polygon","coordinates":[[[108.10845343432271,34.323083802701369],[108.10813982452437,34.323109695649485],[108.10813806784849,34.323085357155598],[108.10813622642557,34.323061021440829],[108.10813429590831,34.323036687607583],[108.10813227956459,34.323012361963343],[108.1081301773921,34.32298804270512],[108.10812798829978,34.322963726227961],[108.10812571229118,34.322939415236284],[108.10812335154063,34.322915110629658],[108.10812090170081,34.32289081151044],[108.10811836711804,34.322866517874793],[108.10811574453501,34.322842231528519],[108.10811303829689,34.32281795156635],[108.10811024405636,34.322793677090587],[108.10810736181929,34.32276941260865],[108.10810439483846,34.322745152708755],[108.10810146499176,34.322721888013376],[108.10810680983808,34.322721952709912],[108.10812644519498,34.322722127392524],[108.10814608155756,34.32272223896728],[108.10816571783691,34.32272228563216],[108.10818503458736,34.322722268570836],[108.10820973103388,34.322720685384603],[108.10827568275488,34.322712236993027],[108.10834154547059,34.322703870679611],[108.10840742021448,34.322695573734364],[108.10847340584796,34.322687334350384],[108.10853920796053,34.322679187946271],[108.10860511987761,34.322671100005834],[108.1086710449089,34.322663080531029],[108.108736975451,34.322655131331544],[108.10880293105971,34.322647250586996],[108.10882657124505,34.323052993471222],[108.10845343432271,34.323083802701369]]]},"properties":{"FID":247,"OBJECTID":248,"Landuse_ty":"公园绿地","一类用":14,"二类用":1401,"二类_1":"公园绿地","ORIG_FID":21,"一类_1":"绿地与开敞空间用地","Shape_Leng":216.914905277,"Shape_Area":2790.2601849600001,"Area":279026.01849599998}},{"type":"Feature","id":248,"geometry":{"type":"Polygon","coordinates":[[[108.10517356060362,34.336186825104519],[108.10509730902604,34.336410601253505],[108.10487375422387,34.33636255375739],[108.10446870867516,34.336275497773087],[108.10456183049114,34.33606352331995],[108.10517356060362,34.336186825104519]]]},"properties":{"FID":248,"OBJECTID":249,"Landuse_ty":"体育用地","一类用":8,"二类用":805,"二类_1":"体育用地","ORIG_FID":21,"一类_1":"公共管理与公共服务用地","Shape_Leng":168.50472044399999,"Shape_Area":1490.92305227,"Area":149092.305227}},{"type":"Feature","id":249,"geometry":{"type":"Polygon","coordinates":[[[108.10856882810802,34.331661133475897],[108.10895769739687,34.331657811409535],[108.10895066565602,34.331847021580309],[108.10869917651851,34.331845772045547],[108.1085673503501,34.331845116417007],[108.10856882810802,34.331661133475897]]]},"properties":{"FID":249,"OBJECTID":250,"Landuse_ty":"公园绿地","一类用":14,"二类用":1401,"二类_1":"公园绿地","ORIG_FID":21,"一类_1":"绿地与开敞空间用地","Shape_Leng":112.470391625,"Shape_Area":735.39764551200005,"Area":73539.764551200002}},{"type":"Feature","id":250,"geometry":{"type":"Polygon","coordinates":[[[108.10512710859044,34.329498405045193],[108.10514655007054,34.329800078391798],[108.10497237889226,34.329795495028414],[108.10474246096723,34.32978944371817],[108.10471456455637,34.329505158112809],[108.10512710859044,34.329498405045193]]]},"properties":{"FID":250,"OBJECTID":251,"Landuse_ty":"公园绿地","一类用":14,"二类用":1401,"二类_1":"公园绿地","ORIG_FID":21,"一类_1":"绿地与开敞空间用地","Shape_Leng":140.32963396299999,"Shape_Area":1220.7409701500001,"Area":122074.09701500001}},{"type":"Feature","id":251,"geometry":{"type":"Polygon","coordinates":[[[108.10573248780499,34.330943199509541],[108.1057268288077,34.331223257890436],[108.10559776941787,34.331214109222607],[108.1053105733592,34.33119374955637],[108.10531339649859,34.330921542834737],[108.10573248780499,34.330943199509541]]]},"properties":{"FID":251,"OBJECTID":252,"Landuse_ty":"体育用地","一类用":8,"二类用":805,"二类_1":"体育用地","ORIG_FID":21,"一类_1":"公共管理与公共服务用地","Shape_Leng":138.354513432,"Shape_Area":1178.45129116,"Area":117845.129116}},{"type":"Feature","id":252,"geometry":{"type":"Polygon","coordinates":[[[108.10549146421231,34.333464249865024],[108.10538955176318,34.333819513260735],[108.10531248766759,34.333803132929354],[108.10501768301927,34.333740468998855],[108.10512447746767,34.333406265736187],[108.10549146421231,34.333464249865024]]]},"properties":{"FID":252,"OBJECTID":253,"Landuse_ty":"公园绿地","一类用":14,"二类用":1401,"二类_1":"公园绿地","ORIG_FID":21,"一类_1":"绿地与开敞空间用地","Shape_Leng":148.56615745799999,"Shape_Area":1372.99953407,"Area":137299.95340699999}},{"type":"Feature","id":253,"geometry":{"type":"Polygon","coordinates":[[[108.10603690091473,34.341293528556264],[108.10601489733271,34.341294119147953],[108.10599289601581,34.341294782753636],[108.10597090022323,34.341295518469046],[108.10594890451983,34.341296325397373],[108.1059269143429,34.341297206238359],[108.10590492968899,34.341298158287572],[108.1058829472988,34.34129918244934],[108.10586097152057,34.341300279621358],[108.10584918276314,34.341300907327003],[108.10606617864856,34.340992719719345],[108.10633795012863,34.341072765348322],[108.10619103177403,34.341291416232743],[108.10616896995748,34.341291502073553],[108.10614695496157,34.341291658185277],[108.1061249411455,34.341291888213405],[108.10610292850576,34.341292189453526],[108.10608091813141,34.341292563707647],[108.10605890893326,34.341293009173739],[108.10603690091473,34.341293528556264]]]},"properties":{"FID":253,"OBJECTID":254,"Landuse_ty":"文化用地","一类用":8,"二类用":803,"二类_1":"文化用地","ORIG_FID":21,"一类_1":"公共管理与公共服务用地","Shape_Leng":125.371946787,"Shape_Area":885.36717824599998,"Area":88536.717824599997}},{"type":"Feature","id":254,"geometry":{"type":"Polygon","coordinates":[[[108.09819332388204,34.342313305973803],[108.09800133713084,34.342570211321132],[108.09781231866586,34.342490380418212],[108.09753110495457,34.342371610227943],[108.09778458181394,34.342146426491496],[108.09779260743859,34.342149797929103],[108.09783076848659,34.34216574798868],[108.09786896751177,34.342181633099372],[108.09790720451407,34.342197453261136],[108.09794548058341,34.342213211177494],[108.09798379571549,34.342228903242514],[108.09802214773875,34.342244531260825],[108.0980605388267,34.342260095230678],[108.09809896897933,34.34227559515206],[108.0981374338493,34.34229103102836],[108.09817593886956,34.342306401953778],[108.09819332388204,34.342313305973803]]]},"properties":{"FID":254,"OBJECTID":255,"Landuse_ty":"文化用地","一类用":8,"二类用":803,"二类_1":"文化用地","ORIG_FID":21,"一类_1":"公共管理与公共服务用地","Shape_Leng":158.17653419199999,"Shape_Area":1493.5480976900001,"Area":149354.80976900001}},{"type":"Feature","id":255,"geometry":{"type":"Polygon","coordinates":[[[108.11042824089502,34.331050478385052],[108.11042713133669,34.331177312485543],[108.11026632854998,34.331176140315314],[108.10995491381982,34.331173870931018],[108.10995897209538,34.331049452862452],[108.11042824089502,34.331050478385052]]]},"properties":{"FID":255,"OBJECTID":256,"Landuse_ty":"文化用地","一类用":8,"二类用":803,"二类_1":"文化用地","ORIG_FID":21,"一类_1":"公共管理与公共服务用地","Shape_Leng":114.518469213,"Shape_Area":603.74574229899997,"Area":60374.574229899998}},{"type":"Feature","id":256,"geometry":{"type":"Polygon","coordinates":[[[108.11327246380954,34.330751222744524],[108.11356025076982,34.330774342460536],[108.11352215331368,34.331072624065243],[108.11339680323218,34.331062702199574],[108.1132271561174,34.331049272937413],[108.11327246380954,34.330751222744524]]]},"properties":{"FID":256,"OBJECTID":257,"Landuse_ty":"文化用地","一类用":8,"二类用":803,"二类_1":"文化用地","ORIG_FID":21,"一类_1":"公共管理与公共服务用地","Shape_Leng":120.47526898300001,"Shape_Area":896.81405492900001,"Area":89681.405492899998}},{"type":"Feature","id":257,"geometry":{"type":"Polygon","coordinates":[[[108.111624648442,34.328911535223838],[108.11160869335201,34.329124872014233],[108.11151994378037,34.329119461034459],[108.11136960409262,34.329110293647481],[108.11137720170471,34.328901304223727],[108.111624648442,34.328911535223838]]]},"properties":{"FID":257,"OBJECTID":258,"Landuse_ty":"文化用地","一类用":8,"二类用":803,"二类_1":"文化用地","ORIG_FID":21,"一类_1":"公共管理与公共服务用地","Shape_Leng":91.766215013799993,"Shape_Area":525.89136900300002,"Area":52589.1369003}},{"type":"Feature","id":258,"geometry":{"type":"Polygon","coordinates":[[[108.11088123994637,34.327930688325864],[108.11072699150601,34.327932957186199],[108.11072649820932,34.327719565023962],[108.11107596151334,34.32771629440694],[108.11106655212429,34.327927962899025],[108.11088123994637,34.327930688325864]]]},"properties":{"FID":258,"OBJECTID":259,"Landuse_ty":"公园绿地","一类用":14,"二类用":1401,"二类_1":"公园绿地","ORIG_FID":21,"一类_1":"绿地与开敞空间用地","Shape_Leng":110.58412486100001,"Shape_Area":747.27588812700003,"Area":74727.588812700007}},{"type":"Feature","id":259,"geometry":{"type":"Polygon","coordinates":[[[108.10855780188957,34.328804667435598],[108.10888790178329,34.328815810582924],[108.10889085785111,34.328959128312604],[108.1086728301613,34.328945829494067],[108.10856734329207,34.328939394520496],[108.10855780188957,34.328804667435598]]]},"properties":{"FID":259,"OBJECTID":260,"Landuse_ty":"广场用地","一类用":14,"二类用":1403,"二类_1":"广场用地","ORIG_FID":21,"一类_1":"绿地与开敞空间用地","Shape_Leng":91.127093078499996,"Shape_Area":462.82180204899998,"Area":46282.180204900003}},{"type":"Feature","id":260,"geometry":{"type":"Polygon","coordinates":[[[108.10636172525824,34.329906430707389],[108.1063526983389,34.330095775941132],[108.10617023493518,34.330088277075269],[108.10592932960709,34.330078375570082],[108.10593365717615,34.329891186269116],[108.10636172525824,34.329906430707389]]]},"properties":{"FID":260,"OBJECTID":261,"Landuse_ty":"文化用地","一类用":8,"二类用":803,"二类_1":"文化用地","ORIG_FID":21,"一类_1":"公共管理与公共服务用地","Shape_Leng":120.22713609900001,"Shape_Area":819.29783097400002,"Area":81929.783097399995}},{"type":"Feature","id":261,"geometry":{"type":"Polygon","coordinates":[[[108.10632609055266,34.330653881367972],[108.10631478631774,34.330890985464706],[108.10615028339926,34.33088325822844],[108.10609945295491,34.330880870980756],[108.10585625025536,34.330868303840418],[108.10586102844961,34.330636565637704],[108.10632609055266,34.330653881367972]]]},"properties":{"FID":261,"OBJECTID":262,"Landuse_ty":"医疗卫生用地","一类用":8,"二类用":806,"二类_1":"医疗卫生用地","ORIG_FID":21,"一类_1":"公共管理与公共服务用地","Shape_Leng":137.14487417300001,"Shape_Area":1107.9940039000001,"Area":110799.40039}},{"type":"Feature","id":262,"geometry":{"type":"Polygon","coordinates":[[[108.10263478190333,34.339111865772416],[108.10214419213911,34.33938921811805],[108.10194466616117,34.339362782599558],[108.10156978491766,34.339313113333432],[108.10213245056583,34.339015272025954],[108.10263478190333,34.339111865772416]]]},"properties":{"FID":262,"OBJECTID":263,"Landuse_ty":"广场用地","一类用":14,"二类用":1403,"二类_1":"广场用地","ORIG_FID":21,"一类_1":"绿地与开敞空间用地","Shape_Leng":217.02025243899999,"Shape_Area":2044.57841222,"Area":204457.84122199999}},{"type":"Feature","id":263,"geometry":{"type":"Polygon","coordinates":[[[108.10308352942766,34.342878806732585],[108.10291643277128,34.343564727651042],[108.10287484944186,34.343557306453739],[108.1028332845099,34.343549814911398],[108.10279173906339,34.343542253924575],[108.10275021201561,34.343534623494243],[108.10270870553921,34.343526922717089],[108.10266721420237,34.343519153400671],[108.10262574452504,34.343511314638029],[108.10258429433145,34.343503404628066],[108.10254290384837,34.343495435056354],[108.10250144914532,34.343487378982303],[108.10246005197604,34.343479260643925],[108.10241868298986,34.343471074656939],[108.1023773313154,34.343462818326017],[108.10233602304407,34.343454497939732],[108.10229468751402,34.343446098232022],[108.10225336168604,34.343437626383825],[108.10221212274637,34.343429100360304],[108.10217087394179,34.343420498606768],[108.10212964136045,34.343411824707367],[108.10208841196284,34.343403080475952],[108.10204725205709,34.343394275773534],[108.10200608772203,34.343385396238091],[108.10196494287545,34.343376448160065],[108.10192382186364,34.343367430634366],[108.10188272468777,34.343358344562517],[108.10184164808749,34.343349189947226],[108.10180059423543,34.343339965885242],[108.10175956095915,34.343330673279894],[108.10171855369174,34.343321311225168],[108.10167756700136,34.343311881528599],[108.10163660306067,34.34330238328689],[108.10159566295441,34.343292814696213],[108.10155474777275,34.34328317846014],[108.10151385425424,34.343273473679908],[108.10147297587478,34.343263697656504],[108.10143213981475,34.34325385848075],[108.10139131889395,34.34324394806189],[108.10135052180921,34.343233968195676],[108.1013097703046,34.343223925174534],[108.10126900350208,34.343213805526609],[108.10122827901725,34.343203620923532],[108.10118758163254,34.343193369574934],[108.1011469091701,34.343183047876749],[108.10110626054751,34.343172659435787],[108.10106563902316,34.34316220244645],[108.10102504351138,34.343151677811122],[108.1009844718365,34.343141083728675],[108.10094392508756,34.343130422001174],[108.10090338913173,34.343119689034388],[108.10087503804007,34.343112129142966],[108.10166742819112,34.341995387903964],[108.10267488894925,34.342253489376382],[108.10251015981191,34.342765544731918],[108.10308352942766,34.342878806732585]]]},"properties":{"FID":263,"OBJECTID":264,"Landuse_ty":"城镇住宅用地","一类用":7,"二类用":701,"二类_1":"城镇住宅用地","ORIG_FID":21,"一类_1":"居住用地","Shape_Leng":625.91754400299999,"Shape_Area":20574.821550500001,"Area":2057482.1550499999}},{"type":"Feature","id":264,"geometry":{"type":"Polygon","coordinates":[[[108.09997904843222,34.342854259987305],[108.09993920420409,34.342841912485994],[108.09989939034141,34.342829500040317],[108.09985958944458,34.342817013649679],[108.09981981891121,34.342804460511786],[108.09978013418809,34.34279185680812],[108.09974044286524,34.34277917647109],[108.09970078407972,34.342766429385115],[108.09966115348436,34.342753615553761],[108.09962155651333,34.342740734972651],[108.09958198990731,34.342727788545936],[108.09954242104713,34.342714763679439],[108.09950295430941,34.342701696347547],[108.09946344726437,34.342688537986113],[108.09942404343084,34.342675338961484],[108.0993846373435,34.342662061497158],[108.09934526379527,34.342648718185643],[108.09930592387197,34.342635308124613],[108.09926657517215,34.34262181782627],[108.09922734055645,34.342608290462088],[108.09918809716439,34.342594682860657],[108.09914888957226,34.342581009409543],[108.0991097145197,34.342567270111424],[108.09907057091999,34.34255346496721],[108.09903146203467,34.342539594875788],[108.0989923889496,34.342525658934811],[108.09895334840546,34.34251165804843],[108.09891434257382,34.34249759041198],[108.09887537037008,34.34248345782931],[108.09883643288111,34.342469260299566],[108.09879753010701,34.342454997822813],[108.09875870010089,34.3424406829891],[108.09871983087511,34.342426276223634],[108.09868103441855,34.342411818002766],[108.09864227050242,34.342397293935278],[108.09860354456195,34.342382704918293],[108.09856485442357,34.342368050953596],[108.09852619791478,34.342353332944462],[108.09848756524703,34.342338544588436],[108.0984489966512,34.342323702079817],[108.09841041058104,34.342308774833903],[108.098371939686,34.342293813226973],[108.09833346653629,34.342278770476483],[108.09829502919128,34.342263664581502],[108.0982566287357,34.34224849373819],[108.09821826625752,34.342233258847195],[108.09817994175573,34.342217959007115],[108.09814165305784,34.342202595121179],[108.09810343169596,34.342187179784872],[108.09806518850807,34.342171675207517],[108.09802700830701,34.342156117380384],[108.09798887587021,34.342140500005357],[108.09795077705985,34.342124814980458],[108.09791276080942,34.34210908570509],[108.09787469446393,34.342093256393596],[108.0978541145189,34.342084654689209],[108.0981502719922,34.341821545943688],[108.09903559298988,34.341321091942156],[108.10156072221527,34.341968050718357],[108.1007691728546,34.343083604232888],[108.10074159566499,34.343076097762399],[108.10070120934067,34.343065029254753],[108.10066085011657,34.343053893100453],[108.10062051473014,34.343042687499263],[108.10058021405608,34.343031417851122],[108.10053995570115,34.343020083248369],[108.10049968639636,34.343008671114021],[108.10045946702286,34.342997197624769],[108.10041927366218,34.34298565558845],[108.10037910740337,34.342974046807129],[108.10033897259271,34.342962370375808],[108.10029886488408,34.342950627199571],[108.10025878644907,34.342938815473673],[108.10021870793732,34.342926929813302],[108.10017871306044,34.342914992686985],[108.10013872027956,34.342902980722975],[108.10009875786052,34.342890901110039],[108.10005882689127,34.342878754748774],[108.10001892193677,34.342866540742172],[108.09997904843222,34.342854259987305]]]},"properties":{"FID":264,"OBJECTID":265,"Landuse_ty":"城镇住宅用地","一类用":7,"二类用":701,"二类_1":"城镇住宅用地","ORIG_FID":21,"一类_1":"居住用地","Shape_Leng":815.75822186599999,"Shape_Area":35858.675466499997,"Area":3585867.5466499999}},{"type":"Feature","id":265,"geometry":{"type":"Polygon","coordinates":[[[108.10171166034876,34.341755324788615],[108.10133993066223,34.341664569060441],[108.10123385975791,34.341789960785874],[108.10093010242039,34.341712137930656],[108.09915044295839,34.341256169021236],[108.10032281197519,34.34059343085795],[108.10181048320605,34.340797633243142],[108.10233964156636,34.340870262529094],[108.10171166034876,34.341755324788615]]]},"properties":{"FID":265,"OBJECTID":266,"Landuse_ty":"城镇住宅用地","一类用":7,"二类用":701,"二类_1":"城镇住宅用地","ORIG_FID":21,"一类_1":"居住用地","Shape_Leng":685.85126031599998,"Shape_Area":23029.226599900001,"Area":2302922.6599900001}},{"type":"Feature","id":266,"geometry":{"type":"Polygon","coordinates":[[[108.10350103646614,34.341164914258009],[108.10341948802808,34.341499682141226],[108.10340916872346,34.341542046015611],[108.10326679194033,34.342126512104493],[108.10322732857563,34.342288511656527],[108.10322454189121,34.342299951988764],[108.10237600391943,34.342082570150104],[108.10172407597358,34.341915551723375],[108.10244403332659,34.340900855323014],[108.10319553683942,34.341088595846642],[108.10350103646614,34.341164914258009]]]},"properties":{"FID":266,"OBJECTID":267,"Landuse_ty":"城镇住宅用地","一类用":7,"二类用":701,"二类_1":"城镇住宅用地","ORIG_FID":21,"一类_1":"居住用地","Shape_Leng":505.13077707600002,"Shape_Area":15677.9483122,"Area":1567794.8312200001}},{"type":"Feature","id":267,"geometry":{"type":"Polygon","coordinates":[[[108.10476593139444,34.339441209979043],[108.10464541546354,34.339921022485626],[108.10463289899347,34.339970851709694],[108.10458021696924,34.340180580220974],[108.10391307481841,34.340031259007894],[108.10205730122863,34.339615874161417],[108.1021331798682,34.339572977937145],[108.10281087884971,34.339189843978787],[108.10282122339309,34.339185958925228],[108.10283856668136,34.339179374368356],[108.10285587946593,34.339172731238385],[108.10287315740082,34.339166030440481],[108.10289040266063,34.339159272874298],[108.10290761524205,34.339152455835404],[108.10292479623396,34.339145581125862],[108.10294194129042,34.33913864965082],[108.10295905258496,34.339131661408466],[108.10297613228772,34.339124613692562],[108.10299317496928,34.339117510113596],[108.10301018280205,34.339110349768269],[108.10302715686943,34.339103129951248],[108.10304409500343,34.339095855171763],[108.10306084078924,34.339088590468137],[108.10406538648354,34.33929633810736],[108.10476593139444,34.339441209979043]]]},"properties":{"FID":267,"OBJECTID":268,"Landuse_ty":"城镇住宅用地","一类用":7,"二类用":701,"二类_1":"城镇住宅用地","ORIG_FID":21,"一类_1":"居住用地","Shape_Leng":595.44111150799995,"Shape_Area":16600.696247399999,"Area":1660069.6247400001}},{"type":"Feature","id":268,"geometry":{"type":"Polygon","coordinates":[[[108.10282682337417,34.34037284106509],[108.10313808225092,34.339951165911351],[108.10455801073761,34.340268982151869],[108.10447480239176,34.34060023552356],[108.10391061216444,34.340471830022729],[108.10390979287222,34.340474589248714],[108.10329437778172,34.340308955350245],[108.10322670227853,34.340453111399313],[108.10282682337417,34.34037284106509]]]},"properties":{"FID":268,"OBJECTID":269,"Landuse_ty":"城镇住宅用地","一类用":7,"二类用":701,"二类_1":"城镇住宅用地","ORIG_FID":21,"一类_1":"居住用地","Shape_Leng":396.40862491000001,"Shape_Area":5759.66313722,"Area":575966.31372199999}},{"type":"Feature","id":269,"geometry":{"type":"Polygon","coordinates":[[[108.10193898369944,34.339682762528064],[108.10302872036986,34.33992668722037],[108.10256088572578,34.340560490042122],[108.10222715109224,34.34051988246916],[108.10077152078441,34.340342753671806],[108.10193898369944,34.339682762528064]]]},"properties":{"FID":269,"OBJECTID":270,"Landuse_ty":"城镇住宅用地","一类用":7,"二类用":701,"二类_1":"城镇住宅用地","ORIG_FID":21,"一类_1":"居住用地","Shape_Leng":482.70798222399998,"Shape_Area":11431.7636743,"Area":1143176.3674300001}},{"type":"Feature","id":270,"geometry":{"type":"Polygon","coordinates":[[[108.11019129621627,34.324195357658255],[108.10956394736291,34.324167581469631],[108.10959140657717,34.323614574600491],[108.11260495873951,34.323615885915743],[108.11260621482653,34.323627286718093],[108.11260977404197,34.323660356152999],[108.11261325286159,34.323693431070438],[108.11261664257951,34.323726501562135],[108.11261995960493,34.323759650549405],[108.11262317099387,34.323792618435469],[108.1126263229373,34.323825820761506],[108.11262937357107,34.323858827558624],[108.11263236154397,34.323892102153586],[108.11263524268864,34.323925117219417],[108.11263805561902,34.323958309939904],[108.11264077382975,34.323991360312924],[108.1126434161815,34.324024559500167],[108.11264596708033,34.324057621745894],[108.11264843878919,34.3240907796214],[108.11265082461269,34.324123901516359],[108.11265313232057,34.324157110025311],[108.11265534859442,34.324190196016453],[108.11265748345294,34.324223338875683],[108.11265954242896,34.324256613421028],[108.11266150443532,34.324289688827605],[108.11266235903011,34.324304732889914],[108.11019129621627,34.324195357658255]]]},"properties":{"FID":270,"OBJECTID":271,"Landuse_ty":"城镇住宅用地","一类用":7,"二类用":701,"二类_1":"城镇住宅用地","ORIG_FID":21,"一类_1":"居住用地","Shape_Leng":700.90382755600001,"Shape_Area":19382.896391900002,"Area":1938289.63919}},{"type":"Feature","id":271,"geometry":{"type":"Polygon","coordinates":[[[108.10981296670414,34.323484038822848],[108.10972743150235,34.322544222852187],[108.10979354909931,34.322537385346671],[108.10985966460514,34.322530619024505],[108.10992581604344,34.322523919344157],[108.10999196430438,34.322517290848104],[108.11005812351092,34.322510731720719],[108.11012430126914,34.322504241955109],[108.11019047150427,34.322497823377695],[108.11025665920364,34.322491473261522],[108.11032285785048,34.322485193415432],[108.11038906527062,34.32247898293987],[108.110455282552,34.322472842735316],[108.11052150860704,34.32246677190124],[108.11058774452243,34.322460770436656],[108.11065404461993,34.322454833785088],[108.11072024267767,34.322448977421871],[108.11078650600322,34.322443184969146],[108.11085277701787,34.32243746278931],[108.11091913937662,34.322431803594696],[108.11098534646011,34.322426228342799],[108.11105164380032,34.322420715175625],[108.11111794883028,34.322415272281262],[108.11118426372204,34.322409898756284],[108.11125056783494,34.322404597323825],[108.11131691548945,34.322399362525687],[108.11138325345075,34.322394198917586],[108.11144959910146,34.322389104680767],[108.11151588291089,34.322384086188919],[108.11158231456176,34.322379127024391],[108.11164868328395,34.322374242704313],[108.11171505969735,34.322369428656941],[108.11178147204885,34.322364682152049],[108.11184783342303,34.322360009579342],[108.11191423182336,34.322355405449549],[108.11198063682782,34.322350870691935],[108.11204710276043,34.322346402552348],[108.11211346665222,34.322342011096168],[108.11212218546011,34.322341443293695],[108.11213850812553,34.322350814593051],[108.11220241902794,34.322387576240118],[108.11226628984491,34.32242438386595],[108.11233012275082,34.32246123837006],[108.11239391665674,34.322498137950596],[108.11243870960782,34.322524094710325],[108.11244188338911,34.322540359962105],[108.11244820200331,34.322573178966486],[108.11245444682709,34.322606065649325],[108.11246058503055,34.32263884515308],[108.11246665050231,34.322671671600268],[108.1124726170123,34.322704430526599],[108.11247851300439,34.322737267044786],[108.11248432643744,34.322770114456112],[108.11249005951213,34.322802993492715],[108.11249569799126,34.322835820329736],[108.11250126595098,34.322868723857155],[108.11250674696777,34.322901610335826],[108.11251214433727,34.322934506807215],[108.11251744382828,34.322967333953926],[108.1125226870475,34.32300032972924],[108.11252783564768,34.323033256176913],[108.11253289842348,34.32306618991489],[108.11253787863568,34.323099131841694],[108.11254278615466,34.323132150460978],[108.11254759028832,34.323165044770214],[108.11255232063719,34.323198012167033],[108.11255696733552,34.323230987753689],[108.11256153255631,34.323263971528256],[108.11256601086667,34.323296963495665],[108.11257040660192,34.323329955538632],[108.11257470771226,34.323362874648097],[108.11257894493072,34.323395952476993],[108.11258308530641,34.323428924019588],[108.11258715082569,34.323461980370077],[108.11259113599186,34.323495073754906],[108.11259474956525,34.323525733476863],[108.11051809090561,34.323524836726108],[108.10982123496487,34.323524528732946],[108.10981296670414,34.323484038822848]]]},"properties":{"FID":271,"OBJECTID":272,"Landuse_ty":"城镇住宅用地","一类用":7,"二类用":701,"二类_1":"城镇住宅用地","ORIG_FID":21,"一类_1":"居住用地","Shape_Leng":733.46180800599996,"Shape_Area":30594.164007399999,"Area":3059416.40074}},{"type":"Feature","id":272,"geometry":{"type":"Polygon","coordinates":[[[108.1086133465662,34.32412538507495],[108.10813747442737,34.324104276952497],[108.10813790184483,34.32409865492712],[108.10813961122811,34.324075096765526],[108.10814123911184,34.324051534168369],[108.10814278550076,34.324027970741561],[108.10814425038912,34.324004401977732],[108.10814563486358,34.323980827875879],[108.10814693784339,34.323957252944417],[108.10814815932403,34.3239336735774],[108.1081493003956,34.3239100924783],[108.10815035997041,34.323886508746632],[108.10815133696201,34.323862922383341],[108.1081522335447,34.323839334287996],[108.10815304863088,34.323815743560075],[108.10815378330601,34.32379214929712],[108.10815382224436,34.323790316547701],[108.10815445612911,34.323767772601421],[108.1081550431096,34.323743393276956],[108.10815554207673,34.323719013128652],[108.10815595411829,34.323694633057002],[108.10815628031862,34.323670251258108],[108.10815652067664,34.323645866830461],[108.10815667085076,34.323621483383839],[108.10815669157579,34.323613923528519],[108.10948266078086,34.323614525819053],[108.10945544015421,34.324162707714436],[108.10883603411808,34.324135376848105],[108.10883018683172,34.324135038579136],[108.10882753539515,34.324134884978619],[108.1086133465662,34.32412538507495]]]},"properties":{"FID":272,"OBJECTID":273,"Landuse_ty":"城镇住宅用地","一类用":7,"二类用":701,"二类_1":"城镇住宅用地","ORIG_FID":21,"一类_1":"居住用地","Shape_Leng":358.79334900200001,"Shape_Area":7000.8273932299999,"Area":700082.73932299996}},{"type":"Feature","id":273,"geometry":{"type":"Polygon","coordinates":[[[108.10792602944042,34.32271732887785],[108.1079284601889,34.322736099222077],[108.10793147342052,34.322760030945666],[108.10793437228635,34.322783744610945],[108.10793720614753,34.322807604373622],[108.1079399487016,34.322831434467666],[108.10794261199757,34.322855310607054],[108.10794517954776,34.322879084963063],[108.10794767996609,34.322903041477723],[108.10795008574925,34.322926915139185],[108.10795240900863,34.322950830341455],[108.10795464089581,34.322974665392138],[108.10795678587355,34.322998511337083],[108.10795886590381,34.323022548453572],[108.10796083917785,34.323046371111069],[108.10796273871598,34.323070310124749],[108.10796454583425,34.323094199638199],[108.10796627039359,34.323118103648028],[108.10796791021616,34.323142018550257],[108.10796946860891,34.323165981302751],[108.10797094007897,34.323189945033228],[108.10797231791868,34.323213762805885],[108.10797361991008,34.323237744715229],[108.1079748393837,34.32326177357433],[108.10797596517017,34.323285612302989],[108.10797700631404,34.323309535845588],[108.10797797048933,34.323333597382849],[108.10797883986065,34.323357445352102],[108.10797962783961,34.323381370920536],[108.10798033227267,34.323405389415299],[108.10798095072451,34.32342929620188],[108.10798147895157,34.323453171515993],[108.10798193026159,34.323477225391485],[108.10798229123698,34.323501162153711],[108.1079825368417,34.323522401780188],[108.10667967767716,34.323502542598263],[108.10651108627339,34.323499972261466],[108.10556876658775,34.323485601749738],[108.10554550163721,34.322413331879432],[108.10546263314647,34.322060270619446],[108.10548039046434,34.322069736227782],[108.10549819551636,34.322079139590073],[108.10551604830137,34.322088479804776],[108.10553394882049,34.32209775777342],[108.105551895986,34.322106972595357],[108.10556989088556,34.322116125171178],[108.10558793134379,34.322125213699735],[108.10560601844834,34.322134239081578],[108.10562415111154,34.322143200416107],[108.10564232933444,34.322152098604818],[108.10566055203051,34.322160933648604],[108.10567881593443,34.322169701042874],[108.10569713409599,34.322178409791142],[108.10571549020683,34.322187051794145],[108.10573389187499,34.322195628848249],[108.10575233584194,34.322204141857746],[108.10577082319307,34.322212589920184],[108.10578935392834,34.322220973035542],[108.10580792696119,34.322229291204742],[108.10582654229044,34.322237543526285],[108.1058451999172,34.322245730901635],[108.10586389766833,34.32225385333264],[108.10588263880231,34.322261909914999],[108.10590141897295,34.322269900652437],[108.10592024035215,34.322277824641581],[108.10593910185447,34.322285682784837],[108.10595800347987,34.322293475082176],[108.10597694414177,34.322301201534529],[108.10599592492444,34.322308860337984],[108.10601494365699,34.322316453297333],[108.10603400142479,34.322323979510166],[108.10605309714015,34.322331438075928],[108.1060722308053,34.322338830797541],[108.10609140133026,34.322346154971498],[108.10611060980376,34.322353412399806],[108.10612985513927,34.322360603083375],[108.10614913624792,34.322367725220182],[108.10616845421848,34.322374780612229],[108.10618780687443,34.322381766556923],[108.10620719639219,34.322388685756827],[108.10622662059754,34.322395537312339],[108.1062460794893,34.322402320321899],[108.10626557198084,34.322409034786496],[108.10628509915757,34.322415679803683],[108.10630465993631,34.322422258078802],[108.10632425431361,34.322428766907422],[108.106343881204,34.322435207191923],[108.1063635406063,34.322441578030826],[108.10638323252161,34.322447880325612],[108.10640295694877,34.322454113174743],[108.10642271280118,34.322460276579179],[108.10644249899336,34.322466371441337],[108.10646237313183,34.322472413036323],[108.10648216565205,34.322478351929924],[108.10650204394537,34.322484237558236],[108.10652195148948,34.322490052842184],[108.10654188937316,34.322495799583749],[108.10656185542101,34.322501475981881],[108.10658185180492,34.322507081133175],[108.10660187526749,34.322512616843412],[108.10662192689523,34.322518083111646],[108.10664200668577,34.322523478134876],[108.10666211355374,34.32252880281554],[108.10668224749901,34.322534057153611],[108.1067024074339,34.322539240248553],[108.10672259444603,34.322544353000879],[108.10674280744766,34.322549394510048],[108.10676304535335,34.322554365678471],[108.10678330924844,34.322559265603708],[108.10680359587325,34.322564094288595],[108.10682390848739,34.322568851730267],[108.10684424600423,34.322573537929657],[108.10686460516408,34.322578152889598],[108.10688498922657,34.322582696607263],[108.10690539601738,34.322587168183027],[108.10692582445108,34.3225915685193],[108.10694627561298,34.322595896713672],[108.10696674950424,34.322600153667587],[108.10698724395166,34.322604339382934],[108.10700776003947,34.322608452055817],[108.10702829668335,34.322612493490112],[108.10704885279556,34.322616462785284],[108.10706943054801,34.322620359037941],[108.10709002776869,34.322624183151461],[108.10711064337214,34.32262793602824],[108.10713127844258,34.322631615864417],[108.10715193189455,34.322635223562337],[108.10717260372797,34.322638759122043],[108.10719329285513,34.322642221642965],[108.10721400036252,34.32264561112418],[108.1072347240781,34.322648928469029],[108.10725546508841,34.322652173676552],[108.10727622230455,34.322655344944756],[108.10729699572875,34.322658444076581],[108.10731768211892,34.322661455837277],[108.10733858902455,34.322664423228524],[108.10735940672295,34.322667303250526],[108.10738024062921,34.322670111136119],[108.10740108748132,34.322672845085187],[108.10742194945345,34.32267550599731],[108.10744282437248,34.322678093874373],[108.10746371115066,34.322680607815855],[108.10748461196215,34.322683048721309],[108.10750552463495,34.322685417494135],[108.10752644916558,34.322687711429857],[108.10754738446974,34.322689932332402],[108.1075683316339,34.322692080200817],[108.1075892895703,34.32269415413456],[108.10761025719351,34.322696155036056],[108.10763123558887,34.32269808200288],[108.10765222366976,34.322699935035963],[108.10767322035073,34.322701715037759],[108.10769422671714,34.322703421105821],[108.10771524059697,34.322705054143519],[108.10773626307441,34.322706612346927],[108.10775729306516,34.322708097519993],[108.10777833056802,34.322709508761214],[108.10779937558291,34.322710846070585],[108.10782042702327,34.32271210944905],[108.10784148488899,34.322713298896616],[108.10786254809464,34.322714415315737],[108.10788361772443,34.322715456902451],[108.10790469160747,34.322716425461657],[108.10792576974143,34.322717319190382],[108.10792602944042,34.32271732887785]]]},"properties":{"FID":273,"OBJECTID":274,"Landuse_ty":"城镇住宅用地","一类用":7,"二类用":701,"二类_1":"城镇住宅用地","ORIG_FID":21,"一类_1":"居住用地","Shape_Leng":711.43689191700003,"Shape_Area":24630.1497552,"Area":2463014.9755199999}},{"type":"Feature","id":274,"geometry":{"type":"Polygon","coordinates":[[[108.10546263314647,34.322060270619446],[108.10554550163721,34.322413331879432],[108.10556876658775,34.323485601749738],[108.10500674768227,34.323477027700491],[108.10433871621237,34.323466832220426],[108.10434824561985,34.323443321534938],[108.10435796595017,34.323419562778085],[108.10436772554196,34.323395925687151],[108.10437754497626,34.32337235886002],[108.10438756401099,34.323348532234768],[108.10439758655316,34.323324910242277],[108.10440764510031,34.323301412622875],[108.10441778082121,34.323277941981253],[108.10442804139379,34.323254392803221],[108.10443833797127,34.323230967998221],[108.10444871280106,34.32320756385964],[108.10445921140465,34.323184088397369],[108.10446981102116,34.323160587606402],[108.10448052899187,34.323137026314129],[108.10449121794353,34.32311372647569],[108.10450203717241,34.323090342687152],[108.10451288372576,34.323067093195235],[108.10452386055503,34.323043758851696],[108.10453486362331,34.323020559707167],[108.10454599697179,34.322997279316844],[108.10455715764355,34.322974132321662],[108.10456839657145,34.322951009598576],[108.10457979720672,34.322927738893064],[108.10459129453361,34.32290446359643],[108.10460268586159,34.322881583238804],[108.10461432344671,34.322858392559468],[108.10462607723092,34.322835156705516],[108.10463212502091,34.322821093225606],[108.10463627666806,34.322806358197369],[108.10463846049136,34.322791206030956],[108.10472897448368,34.321581150545477],[108.10473358159291,34.32158479310629],[108.10474892327126,34.321596819297156],[108.10476432464756,34.321608792247481],[108.10477978789376,34.321620711053917],[108.10479531083679,34.32163257571829],[108.10481089456205,34.321644385338161],[108.10482653798414,34.321656140815911],[108.10484224218732,34.321667840347651],[108.10485800500078,34.321679485738173],[108.10487382750878,34.321691075183551],[108.1048897086259,34.321702609586168],[108.10490564834991,34.32171408714305],[108.10492164668305,34.321725509657142],[108.10493770253649,34.321736875326401],[108.10495381591136,34.321748185052243],[108.1049699324312,34.321759399216013],[108.10498621630855,34.321770633968306],[108.10500250115774,34.321781773160325],[108.10501884352611,34.321792854605917],[108.1050352423282,34.321803879207451],[108.10505169647629,34.321814846064328],[108.10506820705699,34.321825755175666],[108.10508477189603,34.321836605641764],[108.10510139316762,34.321847398362223],[108.10511806869866,34.321858133338914],[108.10513479957342,34.321868808767903],[108.10515158361994,34.321879425552503],[108.10516842192474,34.32188998369179],[108.10518531340126,34.321900483186653],[108.10520225913379,34.321910922233165],[108.10521925803801,34.321921302635218],[108.10523630902622,34.321931623492226],[108.10525341209731,34.321941883902724],[108.10527056833779,34.321952083865703],[108.10528777557569,34.321962224284533],[108.10530503489525,34.321972303355267],[108.10532234521108,34.321982321980322],[108.10533970543658,34.321992280160586],[108.10535711774483,34.322002177894191],[108.10537457996159,34.322012014281476],[108.10539209208575,34.322021788420983],[108.10540965303295,34.322031502116552],[108.10542726497403,34.322041153563333],[108.10544492465044,34.322050743665613],[108.10546263314647,34.322060270619446]]]},"properties":{"FID":274,"OBJECTID":275,"Landuse_ty":"公园绿地","一类用":14,"二类用":1401,"二类_1":"公园绿地","ORIG_FID":21,"一类_1":"绿地与开敞空间用地","Shape_Leng":572.57647899599999,"Shape_Area":15722.857279600001,"Area":1572285.72796}},{"type":"Feature","id":275,"geometry":{"type":"Polygon","coordinates":[[[108.10637345868793,34.327758042107384],[108.10636592367339,34.32776031407743],[108.10635841355626,34.327762511202359],[108.10635082188659,34.327764664224986],[108.10634325294116,34.327766742404378],[108.10633554704155,34.327768789150319],[108.10632796380555,34.327770737527679],[108.10632031748165,34.327772635476343],[108.10631261241286,34.327774480288056],[108.10630486923822,34.327776266535992],[108.10629712163488,34.32777798788053],[108.10628939784708,34.327779637986801],[108.10628153709608,34.327781249447717],[108.1062739043961,34.327782750729355],[108.10626600110842,34.327784236920117],[108.10625816291984,34.327785645526376],[108.10625038874495,34.3277869774506],[108.10624250476107,34.327788261691019],[108.1062346065725,34.327789483740958],[108.10622674089365,34.327790635446561],[108.10621883493472,34.327791727688734],[108.10621091802874,34.327792755934652],[108.10620304558535,34.327793713825862],[108.10619503073447,34.327794624061475],[108.10618714509116,34.32779545485409],[108.10617917570761,34.327796229826873],[108.10617124100943,34.327796936256412],[108.10616323560822,34.32779758505184],[108.10615529531661,34.327798164376155],[108.1061473658082,34.327798677882392],[108.10613929171123,34.327799137424478],[108.10613131966558,34.327799524758987],[108.10612332689689,34.327799850810152],[108.10611525472552,34.327800113825802],[108.10610739544407,34.327800307242327],[108.10609930029246,34.327800442266309],[108.10609126590752,34.327800510527446],[108.10608329120609,34.327800514731067],[108.10607525557455,34.327800455883207],[108.10606738611523,34.32780033288563],[108.1060592373086,34.327800141616798],[108.10605124055155,34.327799888914925],[108.10604334586304,34.32779957752782],[108.10603523810309,34.327799191501633],[108.10602737368129,34.327798753879726],[108.10601923858934,34.327798235358223],[108.10601134140586,34.327797667950186],[108.10600333686484,34.327797273719206],[108.10600084476539,34.327796892746193],[108.10599562722116,34.327796351865203],[108.1059872635803,34.327795547769441],[108.10597947176193,34.32779495051922],[108.10597699945414,34.327794754332501],[108.1059715891196,34.327793848516919],[108.10596369688602,34.327792896168503],[108.10595572523651,34.327791869966731],[108.10594784588412,34.327790791398598],[108.10594001644159,34.327789653288932],[108.10593201846117,34.327788426077795],[108.10592424645921,34.327787168020272],[108.10591639829676,34.327785832500631],[108.10590854787861,34.327784431174223],[108.10590074954709,34.327782973008873],[108.10589299569472,34.327781457109687],[108.10588517111388,34.327779862842185],[108.10587735296926,34.327778201858912],[108.10586975538592,34.327776522654823],[108.10586199794311,34.327774742622395],[108.10585423171939,34.327772892281445],[108.10584659041186,34.327771005772725],[108.10583896532474,34.327769056145748],[108.10583131406517,34.327767031717869],[108.10582374968114,34.327764963943274],[108.10581609173057,34.327762802494895],[108.10580865544495,34.327760636347094],[108.10580103210629,34.327758346857344],[108.10579351195041,34.327756020317203],[108.10578606888943,34.327753649537343],[108.10577860726244,34.327751203950037],[108.10577124882055,34.327748723115349],[108.10576390225043,34.32774617736321],[108.10575645992826,34.327743528022843],[108.1057490805705,34.327740830849059],[108.10574193377101,34.327738150602208],[108.10573452162113,34.327735298400889],[108.10572739639099,34.32773248741961],[108.10572015148293,34.327729556644051],[108.10571296845609,34.327726580740517],[108.10570592232443,34.327723589393209],[108.1056987151963,34.327720456651697],[108.10569173194368,34.327717348958053],[108.10568470946143,34.327714152051108],[108.10567966025158,34.327711799031547],[108.10563984221517,34.327582642828929],[108.10563101014453,34.32755399412094],[108.10528703960699,34.324762529934645],[108.10528644373363,34.324758708159273],[108.10528555888081,34.324754057268031],[108.10528457071744,34.324749337952881],[108.10528431501777,34.324748185176034],[108.10528323244819,34.324743566908097],[108.1052818981166,34.324738338552642],[108.10528045625323,34.324733141841513],[108.10527890249031,34.324727959650275],[108.10527723792916,34.324722803697263],[108.10527546692168,34.324717678486145],[108.10527358184723,34.324712572304186],[108.10527159359413,34.32470750317168],[108.10526975390405,34.324703064949496],[108.10526923409166,34.324701852901732],[108.10526728577767,34.324697441817364],[108.10526496948536,34.324692458607565],[108.10526255001557,34.324687513348692],[108.10526002519632,34.324682606944066],[108.10525739393313,34.324677733084258],[108.10525466493669,34.324672906185491],[108.10525183276397,34.324668118139108],[108.1052488919776,34.324663365343817],[108.10524585237255,34.324658660411956],[108.10524309602893,34.324654556525751],[108.10524239390722,34.324653533044469],[108.10523947778627,34.324649388728744],[108.10523614389726,34.324644826483819],[108.10523271662703,34.324640315703562],[108.10522918509739,34.324635846481016],[108.10522556019441,34.324631435033488],[108.10522184844092,34.324627084059827],[108.10521804439507,34.32462278635284],[108.10521414479486,34.32461854011234],[108.10521015073023,34.324614348041841],[108.10520600345177,34.324610150693928],[108.10520190749375,34.324606154332493],[108.10519765614534,34.32460214999103],[108.10519332338386,34.324598209724641],[108.10518889942448,34.324594329034291],[108.10518439622857,34.324590515121585],[108.10517981923913,34.324586776095153],[108.1051751553981,34.324583096641028],[108.10517041340938,34.324579485766513],[108.10516559871144,34.324575947974381],[108.10516068302631,34.324572461653297],[108.10515574574944,34.324569087134428],[108.10515071183505,34.324565766787302],[108.10514560521146,34.324562519522523],[108.10514043022719,34.324559347139299],[108.10513518688448,34.324556251440583],[108.10512988388049,34.324553236024848],[108.10512451577777,34.324550297290799],[108.10511907823005,34.324547435242174],[108.1051135929812,34.32454465977662],[108.10510807090036,34.324541973589241],[108.10510242827723,34.324539341594019],[108.10509677926538,34.324536814176057],[108.10509105863304,34.324534361642364],[108.1050852924738,34.324531996591318],[108.10507947317711,34.324529715423509],[108.10507360617697,34.324527519035748],[108.1050677012593,34.324525412828535],[108.10506174211642,34.324523389603982],[108.10505574505711,34.324521457461444],[108.10504982094814,34.324519645153266],[108.10504364152644,34.324517859206779],[108.10503753831587,34.324516193993347],[108.10503138305769,34.324514615366617],[108.10502519640245,34.324513127816275],[108.10501899682754,34.324511735833894],[108.10501275607184,34.324510431330353],[108.10500648500783,34.324509219705234],[108.10500020319503,34.324508101843243],[108.10499389433137,34.32450707505388],[108.10498821917226,34.324506232524975],[108.10498679768176,34.324506034515785],[108.10498120306418,34.324505300095474],[108.10497483261408,34.32450455281765],[108.10496845250164,34.324503899302016],[108.10496205186108,34.324503339557843],[108.10495564047268,34.324502874478291],[108.10494922485475,34.324502503156246],[108.10494280283525,34.324502226495049],[108.10493637767277,34.324502043590456],[108.10493071215197,34.324501960099283],[108.10492917897879,34.324501950595057],[108.10492351357695,34.324501962660662],[108.10491708550708,34.324502062823179],[108.10491065212211,34.324502257645655],[108.10490421994261,34.324502548023929],[108.10489780526606,34.324502933042602],[108.10489140700365,34.324503410899624],[108.10488500885781,34.324503982510436],[108.10487862930144,34.324504648760708],[108.10487225855421,34.324505408757332],[108.10486665491547,34.324506156377517],[108.10486526651262,34.324506352286647],[108.10485957608329,34.324507209060265],[108.10485326870474,34.324508248461377],[108.10484699077573,34.324509377985237],[108.10484072274457,34.324510603057512],[108.10483448416517,34.3245119200555],[108.10482827829496,34.324513327173477],[108.10482210513506,34.324514825312932],[108.10481596468435,34.324516413572375],[108.10480985477186,34.324518093756652],[108.10480369175919,34.324519888474391],[108.10479776674585,34.324521714540069],[108.10479176365111,34.324523663273958],[108.10478582042202,34.324525695794243],[108.10477991967561,34.324527813918777],[108.10477405598567,34.324530023061115],[108.10476825215689,34.324532312383937],[108.10476249189952,34.324534689113065],[108.1047567828174,34.324537151439017],[108.10475112599369,34.324539696656451],[108.10474549862596,34.324542337405639],[108.10473999301949,34.324545030336424],[108.10473450383566,34.324547823317545],[108.10472907451286,34.3245506964792],[108.10472372459722,34.3245536398884],[108.10471842694103,34.324556667090576],[108.10471318588954,34.324559777180589],[108.10470802641717,34.324562956614798],[108.10470293006222,34.324566213522367],[108.10469790008437,34.324569547900509],[108.1046929809919,34.324572926356325],[108.10468807291372,34.324576424699785],[108.10468326703386,34.324579971635735],[108.10467852970426,34.324583596040455],[108.10467388154865,34.324587280768135],[108.10466931713859,34.324591029429349],[108.10466481910674,34.324594856462689],[108.10466041350526,34.324598741111792],[108.10465609381799,34.324602686086664],[108.10465184485302,34.324606707627005],[108.1046477653681,34.324610708288269],[108.10464363289337,34.324614912729821],[108.10463964927384,34.324619112536645],[108.1046357645963,34.32462336364334],[108.10463197343013,34.324627667857499],[108.10462826384087,34.324632039613071],[108.1046246564444,34.324636455453884],[108.10462114147612,34.324640927107588],[108.10461772327223,34.324645446457133],[108.1046143996663,34.324650018913246],[108.10461150689146,34.32465415558503],[108.10461080623132,34.324655179366651],[108.10460805577554,34.324659297887123],[108.10460502898245,34.324664013425242],[108.104602107633,34.324668765834048],[108.10459928629994,34.324673559625587],[108.10459656824302,34.324678394797047],[108.10459394912711,34.324683280367005],[108.10459144412854,34.324688187475026],[108.10458904022518,34.324693129654506],[108.10458700724715,34.324697519809604],[108.10458647195891,34.32469871473161],[108.10458454334031,34.324703143561315],[108.1045824590213,34.324708190941259],[108.10458048447899,34.324713264370423],[108.10457861429504,34.324718375572708],[108.10457685497551,34.324723513724784],[108.10457520867573,34.324728664401093],[108.10457367107395,34.324733847437976],[108.10457224215124,34.324739047510192],[108.10457092626281,34.324744271825907],[108.10456985627752,34.324748891036599],[108.10456960128384,34.324750051462871],[108.10456862705611,34.324754782375663],[108.10456764697861,34.324760053281736],[108.10456677883998,34.324765341220392],[108.1045660258888,34.324770637174041],[108.10456538378884,34.324775949259724],[108.1045648547032,34.324781269362255],[108.10456444080174,34.324786594775347],[108.10456423972852,34.324790053937043],[108.10447743639953,34.325676754450157],[108.10447670607732,34.325679278323534],[108.1044744065551,34.325686933874209],[108.10447200280565,34.325694658927887],[108.10446954677423,34.325702283060046],[108.10446701573956,34.325709884719053],[108.10446440103568,34.325717485547877],[108.10446169617435,34.325725110793563],[108.1044589379522,34.325732641429006],[108.10445609281889,34.325740185660756],[108.10445315210291,34.32574776062436],[108.10445015045005,34.325755265324197],[108.10444708896704,34.325762715986016],[108.1044439643952,34.325770113514061],[108.10444070630699,34.3257776202353],[108.10443738297123,34.325785085543878],[108.10443404422378,34.32579239040156],[108.10443054485984,34.325799856761513],[108.10442706694909,34.325807098633859],[108.10442343707655,34.325814471350668],[108.10441974628935,34.325821791833299],[108.10441600542887,34.325829040239881],[108.1044121754704,34.325836291426739],[108.10440833012925,34.325843405601212],[108.10440426450808,34.325850761560716],[108.10440028108663,34.325857810044383],[108.10439616302841,34.325864940677619],[108.10439192984521,34.325872115581497],[108.10438768779883,34.325879153467376],[108.10438335881864,34.325886186919789],[108.10437895157834,34.325893200606139],[108.1043744574019,34.325900208056012],[108.10436993593709,34.325907116365883],[108.10436532753499,34.325914017537777],[108.10436062134865,34.325920926906186],[108.10435585208657,34.325927793958442],[108.10435099262739,34.325934653875507],[108.10434615687166,34.325941351505278],[108.10434117885708,34.325948118670219],[108.10433612257673,34.325954861561605],[108.10433099562555,34.325961571158103],[108.10432586309442,34.325968162664907],[108.10432061107937,34.325974788529606],[108.10431528187839,34.325981384710872],[108.10430996121315,34.325987854677066],[108.10430448850511,34.325994390580732],[108.10429901890765,34.326000806584311],[108.10429340485454,34.326007273193682],[108.10428778415273,34.32601363613793],[108.10428212424786,34.326019930602605],[108.10427633507398,34.326026254926013],[108.10427051646856,34.326032504451128],[108.10426458595177,34.326038761283115],[108.10425863359735,34.326044933394009],[108.10425267134563,34.326051010857334],[108.10424650385225,34.326057190362633],[108.10424042956338,34.326063174166514],[108.10423418149729,34.32606922212328],[108.10422800602163,34.326075099637691],[108.10422158730451,34.326081104467868],[108.10421523575714,34.326086948776585],[108.10420882656017,34.32609274535546],[108.10420234343468,34.326098510445],[108.10419566698424,34.326104348718772],[108.10418912174933,34.326109975032097],[108.10418244071559,34.326115623096165],[108.10417572157208,34.326121208088516],[108.10416886010897,34.326126813935616],[108.10416213856431,34.326132215928247],[108.10415514226551,34.326137744361759],[108.10414821640974,34.326143123088826],[108.10414113412199,34.326148533500394],[108.10413413531093,34.326153789687034],[108.1041270245716,34.326159039658066],[108.10411983012881,34.326164261753881],[108.10411264100455,34.326169391893487],[108.10410533994866,34.32617451311301],[108.10409802032842,34.326179560426276],[108.1040906072309,34.326184584379995],[108.10408314299895,34.326189556992219],[108.10407569603368,34.326194434032111],[108.1040681555878,34.326199285008002],[108.10406064109702,34.326204036798281],[108.10405292129386,34.326208833836667],[108.10404529150506,34.326213491068273],[108.10403758886655,34.326218110498992],[108.10402979926259,34.326222700254171],[108.10402197372434,34.326227228738553],[108.10401405470328,34.326231729355868],[108.10400625176729,34.326236083833884],[108.10399815554769,34.326240518792403],[108.10399029052266,34.326244750720463],[108.10398220387728,34.326249020698462],[108.10397412582049,34.326253206830721],[108.10396602812182,34.326257326269413],[108.10395778263815,34.326261440424126],[108.1039496793159,34.326265406614446],[108.10394132721608,34.326269417188023],[108.10393303366179,34.326273322237853],[108.103924763903,34.326277138921618],[108.10391634418383,34.326280948520221],[108.10390804708852,34.326284627299195],[108.103899464279,34.326288356803047],[108.1038911116123,34.3262919112234],[108.10388248082756,34.326295508248784],[108.10387397158686,34.32629897986439],[108.10386536233717,34.326302418209337],[108.10385679318102,34.326305767272899],[108.10384812509918,34.326309080360417],[108.10383939176178,34.326312345724084],[108.10383072241207,34.326315512771252],[108.10382195739426,34.326318642036647],[108.10381309779274,34.326321731716334],[108.10380433694131,34.326324715838204],[108.10379556839868,34.326327631453275],[108.10378653908582,34.326330559007999],[108.10378269618678,34.326331774758835],[108.10378263587356,34.326318089400829],[108.10378261167375,34.326293138182621],[108.10378267222316,34.326268182385057],[108.10378281535743,34.32624322922188],[108.10378304324968,34.326218278691194],[108.10378335480324,34.326193322680652],[108.10378375112684,34.326168379218906],[108.10378423832266,34.326143109343313],[108.10378480305954,34.326118158526782],[108.10378545364394,34.326093213046292],[108.10378618995814,34.326068177344773],[108.10378700581435,34.326043320970825],[108.10378792005089,34.326018058846124],[108.10378890640071,34.32599312029253],[108.10378997752328,34.3259681969922],[108.1037911333697,34.325943249279909],[108.10379237290327,34.325918317723286],[108.10379369610722,34.325893388800068],[108.10379511683306,34.325868239832303],[108.10379661486942,34.325843223316873],[108.103798191264,34.325818307700956],[108.10379985347966,34.325793376686988],[108.10380161966205,34.325768165223636],[108.10380344924434,34.325743261112031],[108.10380536358088,34.325718357829963],[108.10380736050506,34.325693460788131],[108.10380944433656,34.325668548347302],[108.10381161077777,34.325643660176368],[108.10381385765766,34.325618798080086],[108.10381621290333,34.325593698801825],[108.10381864003469,34.325568739192327],[108.10382114439469,34.325543846226935],[108.10382373029076,34.32551898835009],[108.10382639985826,34.32549413490959],[108.10382915310046,34.325469288609852],[108.10383203088018,34.325444102345337],[108.10383494719069,34.325419323518219],[108.10383796007928,34.325394441840011],[108.10384104479861,34.325369655657916],[108.10384423795503,34.325344690890091],[108.10384747926702,34.325320008245384],[108.10385085270649,34.32529497300866],[108.10385428828711,34.32527010629633],[108.10385780216323,34.325245290901954],[108.10386139432372,34.325220517810664],[108.10386506477955,34.325195796037292],[108.10386883075839,34.325170997556675],[108.10387272245896,34.325145939342129],[108.10387664824016,34.325121204730813],[108.10388066633986,34.325096438489069],[108.10388477134507,34.325071656848166],[108.10388893844869,34.325047009475306],[108.10389319893274,34.325022310638481],[108.10389759812807,34.324997312391396],[108.10390202705298,34.324972634145261],[108.10390653748235,34.324947966647528],[108.10391115210319,34.324923203503928],[108.10391580938141,34.324898670202003],[108.10392058055572,34.324873980846633],[108.10392548507893,34.32484904978039],[108.10393041281199,34.324824438720604],[108.10393542313675,34.324799839309712],[108.10394052794108,34.32477519925159],[108.10394570453563,34.32475062313754],[108.10395096372281,34.324726059573813],[108.10395637249358,34.32470120290084],[108.10396181309103,34.324676604926132],[108.10396730817438,34.32465213671837],[108.10397291287553,34.324627568352597],[108.1039785871956,34.32460306573563],[108.10398434302907,34.324578581980226],[108.1039902701003,34.3245537428948],[108.1039961781546,34.324529345551767],[108.10400219690509,34.324504841739376],[108.1040082831166,34.324480416298307],[108.10401453194619,34.324455695032327],[108.10402080173075,34.324431227966329],[108.10402710652575,34.324406958294965],[108.10403357178092,34.324382405421218],[108.10404007095981,34.32435804994298],[108.10404665273356,34.324333709719369],[108.10405331601662,34.324309385652732],[108.1040600618966,34.324285078643662],[108.10406697474671,34.324260481214701],[108.10407387391476,34.324236246193067],[108.1040808837991,34.324211921830042],[108.10408799359401,34.324187556814849],[108.10409514810684,34.324163331491043],[108.10410238521732,34.324139124126177],[108.10410970491756,34.324114928409863],[108.10411722084662,34.324090379144842],[108.10412470356862,34.324066219348175],[108.10413226672041,34.324042082019645],[108.10413991355279,34.324017959944619],[108.10414766569788,34.323993772872704],[108.10415547338283,34.323969690324986],[108.10416336257386,34.323945622131113],[108.10417145885401,34.323921196773192],[108.1041795110692,34.323897167203185],[108.10418764479478,34.323873155592892],[108.10419588709678,34.323849082588744],[108.10420418275851,34.323825108701705],[108.10421258699876,34.32380107522372],[108.10422104459637,34.323777139059835],[108.10422968766004,34.323752934095495],[108.1042382714603,34.323729135749751],[108.10424703748119,34.323705080325546],[108.1042558178744,34.32368122862357],[108.10426467760649,34.323657396685967],[108.10427361668297,34.323633589020112],[108.10428267192994,34.323609710938925],[108.10429182493029,34.323585806630739],[108.10430103236521,34.323561992423713],[108.1043031964653,34.323556449163995],[108.10557072342823,34.323575790743703],[108.10614740870633,34.323584586583813],[108.10615866606388,34.324111361155502],[108.10623111091729,34.324112915600125],[108.10628785219777,34.324114132954286],[108.10637345868793,34.327758042107384]]]},"properties":{"FID":275,"OBJECTID":276,"Landuse_ty":"城镇住宅用地","一类用":7,"二类用":701,"二类_1":"城镇住宅用地","ORIG_FID":21,"一类_1":"居住用地","Shape_Leng":1651.0777491900001,"Shape_Area":60216.298681599998,"Area":6021629.8681600001}},{"type":"Feature","id":276,"geometry":{"type":"Polygon","coordinates":[[[108.10355545039617,34.340941538164117],[108.10350103646614,34.341164914258009],[108.10319553683942,34.341088595846642],[108.10244403332659,34.340900855323014],[108.10257842438773,34.340711443605414],[108.10269257847493,34.340738328333217],[108.10355545039617,34.340941538164117]]]},"properties":{"FID":276,"OBJECTID":277,"Landuse_ty":"商业用地","一类用":9,"二类用":901,"二类_1":"商业用地","ORIG_FID":21,"一类_1":"商业服务业用地","Shape_Leng":244.687435687,"Shape_Area":2380.58356392,"Area":238058.35639199999}},{"type":"Feature","id":277,"geometry":{"type":"Polygon","coordinates":[[[108.10032281197519,34.34059343085795],[108.10055498070035,34.340462183158976],[108.10246255532272,34.340694305211528],[108.10246433356922,34.340694521881787],[108.10233964156636,34.340870262529094],[108.10181048320605,34.340797633243142],[108.10032281197519,34.34059343085795]]]},"properties":{"FID":277,"OBJECTID":278,"Landuse_ty":"商业用地","一类用":9,"二类用":901,"二类_1":"商业用地","ORIG_FID":21,"一类_1":"商业服务业用地","Shape_Leng":414.14225668,"Shape_Area":3539.29237272,"Area":353929.237272}},{"type":"Feature","id":278,"geometry":{"type":"Polygon","coordinates":[[[108.10322670227853,34.340453111399313],[108.10311634130476,34.340688189736184],[108.10293393581399,34.340645232605098],[108.10290840747408,34.340639220453028],[108.10267139620457,34.340583402312802],[108.10282682337417,34.34037284106509],[108.10322670227853,34.340453111399313]]]},"properties":{"FID":278,"OBJECTID":279,"Landuse_ty":"体育用地","一类用":8,"二类用":805,"二类_1":"体育用地","ORIG_FID":21,"一类_1":"公共管理与公共服务用地","Shape_Leng":135.78867462100001,"Shape_Area":1086.2185818200001,"Area":108621.858182}},{"type":"Feature","id":279,"geometry":{"type":"Polygon","coordinates":[[[108.10986033835258,34.343109857986661],[108.10977310134918,34.343248065527241],[108.10972724850107,34.343320709134368],[108.10972466525673,34.343325531658387],[108.10972284466349,34.343330690663088],[108.10954128465433,34.343229473672046],[108.10969925060711,34.342992469231945],[108.10986033835258,34.343109857986661]]]},"properties":{"FID":279,"OBJECTID":280,"Landuse_ty":"体育用地","一类用":8,"二类用":805,"二类_1":"体育用地","ORIG_FID":21,"一类_1":"公共管理与公共服务用地","Shape_Leng":97.482385891299998,"Shape_Area":563.04047418599998,"Area":56304.047418599999}},{"type":"Feature","id":280,"geometry":{"type":"Polygon","coordinates":[[[108.11310739315903,34.342543206872406],[108.11304091308899,34.342927209583003],[108.11287719283615,34.342898658395939],[108.11280816722648,34.342886620540021],[108.11288314230943,34.342507905415566],[108.11310739315903,34.342543206872406]]]},"properties":{"FID":280,"OBJECTID":281,"Landuse_ty":"医疗卫生用地","一类用":8,"二类用":806,"二类_1":"医疗卫生用地","ORIG_FID":21,"一类_1":"公共管理与公共服务用地","Shape_Leng":128.49272862999999,"Shape_Area":916.81260824499998,"Area":91681.260824500001}},{"type":"Feature","id":281,"geometry":{"type":"Polygon","coordinates":[[[108.10771278856303,34.341807562033011],[108.10752498063597,34.342108123800294],[108.10727119686021,34.342024769254387],[108.10708094307671,34.341962281096428],[108.10728132739493,34.341678613544218],[108.10771278856303,34.341807562033011]]]},"properties":{"FID":281,"OBJECTID":282,"Landuse_ty":"医疗卫生用地","一类用":8,"二类用":806,"二类_1":"医疗卫生用地","ORIG_FID":21,"一类_1":"公共管理与公共服务用地","Shape_Leng":160.166176957,"Shape_Area":1577.3830827500001,"Area":157738.30827499999}},{"type":"Feature","id":282,"geometry":{"type":"Polygon","coordinates":[[[108.10315323946622,34.342592647924526],[108.10308352942766,34.342878806732585],[108.10251015981191,34.342765544731918],[108.10267488894925,34.342253489376382],[108.10320290801489,34.342388758828825],[108.10315323946622,34.342592647924526]]]},"properties":{"FID":282,"OBJECTID":283,"Landuse_ty":"教育用地","一类用":8,"二类用":804,"二类_1":"教育用地","ORIG_FID":21,"一类_1":"公共管理与公共服务用地","Shape_Leng":219.329416205,"Shape_Area":2996.5030486400001,"Area":299650.30486400001}},{"type":"Feature","id":283,"geometry":{"type":"Polygon","coordinates":[[[108.10171166034876,34.341755324788615],[108.10161736899387,34.341888214587534],[108.10139143142675,34.34183033031907],[108.10123385975791,34.341789960785874],[108.10133993066223,34.341664569060441],[108.10171166034876,34.341755324788615]]]},"properties":{"FID":283,"OBJECTID":284,"Landuse_ty":"体育用地","一类用":8,"二类用":805,"二类_1":"体育用地","ORIG_FID":21,"一类_1":"公共管理与公共服务用地","Shape_Leng":106.684708208,"Shape_Area":594.385731362,"Area":59438.573136200001}},{"type":"Feature","id":284,"geometry":{"type":"Polygon","coordinates":[[[108.10972284466349,34.343330690663088],[108.10972194755006,34.343335215010832],[108.10972167191869,34.343339819200487],[108.10972438610325,34.343507837339729],[108.10963123537003,34.343462562807865],[108.10954820944639,34.34342220934132],[108.10954128465433,34.343229473672046],[108.10972284466349,34.343330690663088]]]},"properties":{"FID":284,"OBJECTID":285,"Landuse_ty":"文化用地","一类用":8,"二类用":803,"二类_1":"文化用地","ORIG_FID":21,"一类_1":"公共管理与公共服务用地","Shape_Leng":79.966028976000004,"Shape_Area":332.45140082,"Area":33245.140081999998}},{"type":"Feature","id":285,"geometry":{"type":"Polygon","coordinates":[[[108.10885176734722,34.32348545129355],[108.10885988933966,34.32352409786612],[108.10815640968052,34.323523778174255],[108.10815613088283,34.323499567289225],[108.10815576276508,34.323475183398244],[108.10815530664172,34.323450804092296],[108.10815476467904,34.323426423960569],[108.10815413579517,34.323402046609935],[108.10815341998672,34.323377669335983],[108.10815261834379,34.323353294842164],[108.10815172977991,34.323328923129438],[108.10815075320394,34.323304550592866],[108.10814969079834,34.323280184442353],[108.10814854146972,34.323255819269967],[108.10814730522041,34.323231456878666],[108.10814598313591,34.323207096366026],[108.10814457304784,34.32318274133987],[108.10814307712818,34.323158390896822],[108.10814149645896,34.323134041429952],[108.10813982452437,34.323109695649485],[108.10845343432271,34.323083802701369],[108.10882657124505,34.323052993471222],[108.10885176734722,34.32348545129355]]]},"properties":{"FID":285,"OBJECTID":286,"Landuse_ty":"城镇住宅用地","一类用":7,"二类用":701,"二类_1":"城镇住宅用地","ORIG_FID":21,"一类_1":"居住用地","Shape_Leng":226.60271364600001,"Shape_Area":3126.2769960700002,"Area":312627.69960699999}},{"type":"Feature","id":286,"geometry":{"type":"Polygon","coordinates":[[[108.10646074032459,34.324110040606996],[108.10628785219777,34.324114132954286],[108.10623111091729,34.324112915600125],[108.10615866606388,34.324111361155502],[108.10614740870633,34.323584586583813],[108.10645634058099,34.323589297336575],[108.1064579885243,34.323784320048709],[108.10646074032459,34.324110040606996]]]},"properties":{"FID":286,"OBJECTID":287,"Landuse_ty":"体育用地","一类用":8,"二类用":805,"二类_1":"体育用地","ORIG_FID":21,"一类_1":"公共管理与公共服务用地","Shape_Leng":172.45793498699999,"Shape_Area":1638.5598314599999,"Area":163855.98314600001}},{"type":"Feature","id":287,"geometry":{"type":"Polygon","coordinates":[[[108.1067247284291,34.325103780528963],[108.10658978874369,34.325107311058382],[108.1065844883005,34.324905290653092],[108.10697024605797,34.324901120323069],[108.10696844582931,34.325097404467058],[108.1067247284291,34.325103780528963]]]},"properties":{"FID":287,"OBJECTID":288,"Landuse_ty":"文化用地","一类用":8,"二类用":803,"二类_1":"文化用地","ORIG_FID":21,"一类_1":"公共管理与公共服务用地","Shape_Leng":114.55986038099999,"Shape_Area":777.20197968499997,"Area":77720.197968499997}},{"type":"Feature","id":288,"geometry":{"type":"Polygon","coordinates":[[[108.10695418299666,34.324092560035119],[108.10656922860996,34.324089817942031],[108.10656501340689,34.323590954410044],[108.10798284464823,34.323612562437432],[108.10798282279566,34.323620950756684],[108.10798267419703,34.323644906898771],[108.10798243758653,34.323668863118378],[108.10798211723065,34.323692757209379],[108.10798171014325,34.323716802825928],[108.10798122141188,34.323740730420063],[108.10798064782179,34.323764575152495],[108.10797998323686,34.323788636320984],[108.10797994320816,34.323790469071305],[108.10797926210505,34.32381181408585],[108.1079784594768,34.323834989218014],[108.10797757759214,34.323858214001532],[108.10797661952482,34.323881343294921],[108.10797557890663,34.323904495198079],[108.10797445901798,34.323927685934784],[108.10797325760601,34.323950853304723],[108.10797197794534,34.323974009024262],[108.1079706157855,34.323997227920223],[108.10796918060996,34.324020279204625],[108.10796765763271,34.324043495537715],[108.10796605531188,34.324066693910986],[108.10796438432952,34.324089730979217],[108.107963623515,34.324099745323068],[108.10737925402836,34.324095586680187],[108.10695418299666,34.324092560035119]]]},"properties":{"FID":288,"OBJECTID":289,"Landuse_ty":"商业用地","一类用":9,"二类用":901,"二类_1":"商业用地","ORIG_FID":21,"一类_1":"商业服务业用地","Shape_Leng":368.26289153800002,"Shape_Area":7093.2539350699999,"Area":709325.39350699994}},{"type":"Feature","id":289,"geometry":{"type":"Polygon","coordinates":[[[108.10777446521659,34.324179536312364],[108.10795723074273,34.324180836649219],[108.10795540081115,34.324204484161001],[108.10795283684809,34.324238699503169],[108.10795035981697,34.324272921078844],[108.10794796862783,34.324307146184559],[108.10794566328197,34.324341375721772],[108.10794344377945,34.324375609690534],[108.10794131120466,34.324409846286891],[108.10793926229682,34.324444084612253],[108.10793729814839,34.324478329173054],[108.10793542310232,34.324512577261046],[108.10793363281007,34.3245468270771],[108.10793192836184,34.324581081324695],[108.10793030975421,34.324615337299399],[108.10792877481531,34.324649595904617],[108.10792732680613,34.324683858038945],[108.10792596681105,34.324718121898457],[108.10792469048501,34.324752388388475],[108.1079235010867,34.324786656604665],[108.10792239644307,34.324820926548945],[108.10792137764194,34.324855199121806],[108.10792044685543,34.324889473419887],[108.10791960082278,34.324923748544578],[108.10791884063178,34.32495802539637],[108.10791816519483,34.324992303074794],[108.10791757559861,34.325026581578861],[108.10791707293095,34.325060861809092],[108.10791665719083,34.325095142864015],[108.10791632511855,34.325129424746507],[108.10791608106061,34.325163707452731],[108.10791592175386,34.325197988281126],[108.1079158472042,34.325232271739104],[108.10791586065879,34.325266547907461],[108.10791595888335,34.3253008366217],[108.10791614402579,34.325335118047292],[108.10791641392227,34.325369399398028],[108.10791676966062,34.325403681574386],[108.10791721232525,34.325437962772483],[108.10791774191507,34.325472242090825],[108.10791835408618,34.325506521336202],[108.10791905535706,34.325540799601399],[108.10791984029369,34.325575075989697],[108.10792071215711,34.325609351399706],[108.10792166985736,34.325643623127952],[108.10792271339919,34.32567789478037],[108.10792384169379,34.325712164554922],[108.10792505691445,34.325746432449705],[108.10792635797583,34.325780699367137],[108.10792774487341,34.325814961701326],[108.10792865092786,34.325836049288739],[108.10771951313171,34.325837079907778],[108.10772019287396,34.325736377375847],[108.10772531096396,34.324978953321057],[108.10777446521659,34.324179536312364]]]},"properties":{"FID":289,"OBJECTID":290,"Landuse_ty":"商业用地","一类用":9,"二类用":901,"二类_1":"商业用地","ORIG_FID":21,"一类_1":"商业服务业用地","Shape_Leng":403.76005624300001,"Shape_Area":3222.9008008699998,"Area":322290.08008699998}},{"type":"Feature","id":290,"geometry":{"type":"Polygon","coordinates":[[[108.10772460273515,34.325927203872496],[108.10793284757837,34.325926177637449],[108.10793403832085,34.325949808957809],[108.10793578999674,34.325982969357575],[108.10793762207985,34.326016127883307],[108.1079395345668,34.326049281830549],[108.1079415285466,34.326082433001311],[108.10794360293161,34.326115580495056],[108.10794575554985,34.326148725215184],[108.10794798965775,34.326181864454362],[108.10795030417344,34.326215001819477],[108.10795269909354,34.326248134606097],[108.10795517550477,34.326281262813218],[108.10795773123631,34.32631438824577],[108.10796036737023,34.326347507296788],[108.10796308391126,34.326380623572277],[108.10796588085601,34.326413734367733],[108.10796875711915,34.326446840585589],[108.10797171487395,34.326479942223948],[108.10797475303279,34.326513038382281],[108.10797579510893,34.326524084231863],[108.10797164177761,34.326523825562148],[108.10796122268566,34.326523252389606],[108.10795079825895,34.326522755846923],[108.10794037067299,34.326522337735121],[108.10792993883884,34.32652199625219],[108.1079195027576,34.326521732299632],[108.10790906568909,34.326521545874556],[108.10789862111362,34.326521436982709],[108.10788817772516,34.326521406517912],[108.107877742041,34.326521452671486],[108.10786729885095,34.32652157725974],[108.10785686227969,34.326521779368804],[108.10784643232604,34.326522058097169],[108.10783600138373,34.326522413451535],[108.10782556945621,34.326522848136356],[108.1078151463194,34.326523359438582],[108.10780472871463,34.326523948262555],[108.10779431664301,34.326524615509761],[108.1077839187939,34.326525358468096],[108.10777838838449,34.326469584997803],[108.10772460273515,34.325927203872496]]]},"properties":{"FID":290,"OBJECTID":291,"Landuse_ty":"商业用地","一类用":9,"二类用":901,"二类_1":"商业用地","ORIG_FID":21,"一类_1":"商业服务业用地","Shape_Leng":169.86685118,"Shape_Area":1204.3419387900001,"Area":120434.193879}},{"type":"Feature","id":291,"geometry":{"type":"Polygon","coordinates":[[[108.1069356425421,34.326605518202776],[108.10662934709565,34.326614976782757],[108.10661144511819,34.325932684456518],[108.10772460273515,34.325927203872496],[108.10777838838449,34.326469584997803],[108.1077839187939,34.326525358468096],[108.10777352430468,34.326526179851591],[108.10776313969262,34.326527077851544],[108.10775276712977,34.326528051564559],[108.1077423990145,34.32652910460326],[108.10773205055575,34.326530234249802],[108.1077217108863,34.326531439612282],[108.10771138218165,34.326532722491756],[108.10770107747869,34.326534081073781],[108.10769077830746,34.326535517177611],[108.10768061938134,34.326537010852135],[108.10767023349996,34.326538618312163],[108.10765998569042,34.326540283344819],[108.1076497629679,34.326542023177637],[108.10763955120882,34.326543839625984],[108.10762936019259,34.326545732681282],[108.10761919426331,34.326547700536736],[108.10760904581701,34.326549745002005],[108.10759892571626,34.326551863363107],[108.10758882635595,34.326554056528224],[108.10757874882383,34.326556325397874],[108.10756869637849,34.326558669067708],[108.10755867119201,34.326561086634371],[108.10754867109344,34.326563579902697],[108.10753869933912,34.326566146165433],[108.10752875918998,34.326568786321182],[108.10751884521297,34.326571500374719],[108.10750895414942,34.326574289230393],[108.1074991012083,34.326577150170422],[108.10748927443926,34.326580085008267],[108.10747948253396,34.326583092834802],[108.10746972874985,34.326586171844248],[108.10746000548187,34.326589322944749],[108.1069356425421,34.326605518202776]]]},"properties":{"FID":291,"OBJECTID":292,"Landuse_ty":"城镇住宅用地","一类用":7,"二类用":701,"二类_1":"城镇住宅用地","ORIG_FID":21,"一类_1":"居住用地","Shape_Leng":351.97215156200002,"Shape_Area":7635.8901332699998,"Area":763589.01332699996}},{"type":"Feature","id":292,"geometry":{"type":"Polygon","coordinates":[[[108.1071227523625,34.325840019311457],[108.10660907969391,34.325842546353783],[108.10658978874369,34.325107311058382],[108.1067247284291,34.325103780528963],[108.10696844582931,34.325097404467058],[108.10697024605797,34.324901120323069],[108.10696975121185,34.324511144652185],[108.10657378245894,34.324497239215418],[108.10656522063148,34.324170924250062],[108.10777446521659,34.324179536312364],[108.10772531096396,34.324978953321057],[108.10772019287396,34.325736377375847],[108.10771951313171,34.325837079907778],[108.1071227523625,34.325840019311457]]]},"properties":{"FID":292,"OBJECTID":293,"Landuse_ty":"城镇住宅用地","一类用":7,"二类用":701,"二类_1":"城镇住宅用地","ORIG_FID":21,"一类_1":"居住用地","Shape_Leng":651.63270668600001,"Shape_Area":17149.1530872,"Area":1714915.3087200001}},{"type":"Feature","id":293,"geometry":{"type":"Polygon","coordinates":[[[108.11121520334527,34.326943175651259],[108.11121411711241,34.327013465231325],[108.11119601553267,34.327007895180834],[108.11116294842435,34.326997645594467],[108.11112999862549,34.32698735622747],[108.1110969052455,34.32697694798614],[108.11106392591526,34.32696649996717],[108.11103097910593,34.326955987003068],[108.11099814851961,34.326945434259493],[108.11096517869667,34.326934760834625],[108.11093232509927,34.326924049433266],[108.11089954750628,34.326913287471243],[108.11086671872779,34.326902431792568],[108.1108339170364,34.326891510272318],[108.11080122287426,34.326880548079266],[108.11076856449336,34.326869520938352],[108.11073579622564,34.326858381202733],[108.11070323223915,34.326847234061788],[108.11067063228724,34.326835998599371],[108.11063806594362,34.326824698191139],[108.1106054810264,34.32681331395311],[108.11057301342647,34.32680189534414],[108.11054056638746,34.32679040549084],[108.11050813230435,34.326778845301568],[108.1104757013895,34.32676720847482],[108.11044328995037,34.326755501306238],[108.11041103713981,34.326743775054901],[108.11037874183901,34.32673195598062],[108.11034647688605,34.326720071062233],[108.11031422380043,34.326708114005996],[108.1102820565044,34.326696109986905],[108.11024989781365,34.326684032030002],[108.11021782382714,34.326671908012763],[108.11018568778259,34.326659683978392],[108.11015372450092,34.326647447159381],[108.11012161979805,34.326635078842713],[108.11008963893855,34.32662268065733],[108.11005769494824,34.32661021752368],[108.11002578565746,34.326597692148191],[108.10999391540918,34.326585101822538],[108.109962080946,34.326572448352643],[108.109930232256,34.326559710147855],[108.10989842913419,34.326546911494503],[108.10989013346706,34.326544003543589],[108.10987471345098,34.326540655750115],[108.10985273750367,34.326537796128626],[108.10983137351251,34.326535087403464],[108.10980999982785,34.32653244358999],[108.10978861427523,34.326529863788714],[108.10976721359602,34.326527348904008],[108.10974580539634,34.326524898929037],[108.10972438532859,34.326522512966235],[108.10970295665368,34.326520191914128],[108.10968151611063,34.326517934874175],[108.10966006370165,34.32651574364931],[108.10963860703065,34.326513616429779],[108.10961713957794,34.326511553221394],[108.10959566134694,34.32650955672861],[108.10957417341957,34.326507623344526],[108.10955267905909,34.326505755770654],[108.10953117391672,34.326503952207908],[108.10950855606519,34.326502127099275],[108.10948592309354,34.326500372315621],[108.10946328478464,34.326498690552661],[108.1094406378751,34.326497079108847],[108.10941798345496,34.326495540687631],[108.10939532369507,34.326494073484142],[108.1093726564233,34.326492678401763],[108.10934998055185,34.326491354539996],[108.10932729934279,34.326490103698887],[108.10930461714131,34.326488924973077],[108.10928192416559,34.326487816568331],[108.10925922802645,34.326486782083762],[108.10923652872034,34.326485818814938],[108.10921382624838,34.326484927663344],[108.1091911195239,34.326484108629941],[108.10916840311266,34.326483360818116],[108.10914569005732,34.326482686920635],[108.10912297166037,34.32648208333935],[108.10910025009841,34.326481552776777],[108.10907752754463,34.326481095230953],[108.10905480290883,34.326480707998421],[108.1090320761945,34.326480393783598],[108.1090093463126,34.326480150784533],[108.10898661652523,34.326479980801231],[108.10896388900436,34.326479882930315],[108.10894114201676,34.326479856289637],[108.10891842772271,34.326479903537219],[108.10889570048025,34.326480021107756],[108.10887297007221,34.326480211696975],[108.1088502419304,34.326480474398593],[108.10882751714135,34.32648080921161],[108.1088047924452,34.326481216138944],[108.10878206892846,34.326481695179609],[108.10875934985093,34.326482246330741],[108.10873663195156,34.326482868693738],[108.10871391631922,34.326483564070607],[108.10869120621248,34.326484331556969],[108.10866849945695,34.326485170253278],[108.10864579605487,34.326486081962486],[108.10862309491843,34.326487065784093],[108.10860040256718,34.326488121712309],[108.10857771356689,34.326489248850493],[108.10855502900525,34.326490448099136],[108.10853235214203,34.326491719455376],[108.10850968080281,34.326493062019651],[108.10848701173002,34.326494477597812],[108.10846435470189,34.326495965279712],[108.10844170211097,34.326497524170641],[108.10841905721817,34.326499155169159],[108.10839642002229,34.326500857373816],[108.10837378943899,34.326502632588543],[108.10835116872566,34.326504479007468],[108.10832855897004,34.326506397531141],[108.10830595691111,34.326508387260951],[108.1082833625488,34.326510448196913],[108.10826077588537,34.326512582142016],[108.10823820343806,34.3265147872875],[108.10821564086041,34.326517063637255],[108.10819308706576,34.326519411192194],[108.10817054422841,34.326521830851931],[108.10815018090183,34.326524082710051],[108.10814809338073,34.326501941435325],[108.10814508490542,34.326469167084397],[108.10814215131892,34.326436323252942],[108.10813929926452,34.326403506393717],[108.10813652764396,34.326370707492863],[108.10813383419604,34.326337858039736],[108.10813122009748,34.326305028348919],[108.10812868638507,34.326272179655781],[108.10812623311421,34.326239355231408],[108.10812386022931,34.326206511804699],[108.10812156558019,34.326173667407218],[108.10811935024412,34.326140814826154],[108.10811721422796,34.326107959470399],[108.10811515860777,34.326075093225654],[108.10811318341588,34.326042241333418],[108.10811128861747,34.326009376749262],[108.10810946982676,34.325976468826632],[108.10810773589368,34.325943640159373],[108.10810639793668,34.325917096279966],[108.10869386047341,34.325889148697151],[108.10881855922739,34.325883216186661],[108.10882129506133,34.3258830505874],[108.10882705791434,34.325882702001749],[108.10945827249247,34.325852835881193],[108.11123170288595,34.325875498735897],[108.11121520334527,34.326943175651259]]]},"properties":{"FID":293,"OBJECTID":294,"Landuse_ty":"城镇住宅用地","一类用":7,"二类用":701,"二类_1":"城镇住宅用地","ORIG_FID":21,"一类_1":"居住用地","Shape_Leng":774.85590716199999,"Shape_Area":23751.273676100001,"Area":2375127.3676100001}},{"type":"Feature","id":294,"geometry":{"type":"Polygon","coordinates":[[[108.11248599008304,34.325891512850603],[108.11264706216284,34.325893568027688],[108.11255769719693,34.326787021270611],[108.11250097472369,34.327354121214839],[108.11247289256558,34.32734783663102],[108.11243875715178,34.327340124241324],[108.11240471838423,34.327332360368871],[108.11237070561147,34.327324528851925],[108.11233671774583,34.32731662878998],[108.11230274500662,34.32730865929058],[108.11226880043927,34.327300624849173],[108.11223487860481,34.327292520963347],[108.11220629159678,34.327285709413715],[108.11220101537472,34.327284357516582],[108.11216707379151,34.327276101279502],[108.11215762944742,34.327274027504558],[108.11213325603116,34.32726780164846],[108.11209942948503,34.32725942719307],[108.11206569849914,34.327251001256343],[108.11203186850769,34.327242477139315],[108.11199802972955,34.327233877296393],[108.11196437347431,34.32722525113428],[108.11193059103655,34.32721651780178],[108.11189699546821,34.327207758146223],[108.11186334545903,34.327198910185849],[108.11182972036045,34.327189995483778],[108.11179612234574,34.327181014038032],[108.11176255141261,34.327171964045654],[108.11172900212925,34.327162846413124],[108.11169557558758,34.327153688994194],[108.11166199133818,34.327144413615706],[108.11162861352943,34.327135120911635],[108.11159508670727,34.327125711141512],[108.11156167610498,34.327116259788134],[108.11152829258712,34.327106741691239],[108.11149493615261,34.327097155949374],[108.11146160789052,34.327087504364556],[108.11142830671307,34.327077786036284],[108.11139503805461,34.327068001861115],[108.11136179539314,34.327058150042056],[108.11132858198977,34.327048231477647],[108.11131146107128,34.327043080643662],[108.11131250814546,34.326975290008342],[108.11132948400143,34.325876747689129],[108.11248599008304,34.325891512850603]]]},"properties":{"FID":294,"OBJECTID":295,"Landuse_ty":"城镇住宅用地","一类用":7,"二类用":701,"二类_1":"城镇住宅用地","ORIG_FID":21,"一类_1":"居住用地","Shape_Leng":528.04985206399999,"Shape_Area":17039.271999000001,"Area":1703927.1998999999}}]}